job_id,competencia_id
eyJqb2JfdGl0bGUiOiJDb25zdWx0b3IvYSBmdW5jaW9uYWwgU0FQIFNEL01NIiwiY29tcGFueV9uYW1lIjoiREVTSUMgfCBDb25zdWx0b3JhIFRlY25vbMOzZ2ljYSIsImFkZHJlc3NfY2l0eSI6IlNwYWluIiwiaHRpZG9jaWQiOiI2djZQMG9BQkhuTGhLSlZ3QUFBQUFBPT0iLCJ1dWxlIjoidytDQUlRSUNJRlUzQmhhVzQifQ==,1031
eyJqb2JfdGl0bGUiOiJDb25zdWx0b3IgRGlnaXRhbCAtIE11dHVhQ2l0eSIsImNvbXBhbnlfbmFtZSI6Ik11dHVhIE1hZHJpbGXDsWEiLCJhZGRyZXNzX2NpdHkiOiJDb21tdW5pdHkgb2YgTWFkcmlkLCBTcGFpbiIsImh0aWRvY2lkIjoiN2YxZWN1QUR5bEZvRUZyMUFBQUFBQT09IiwidXVsZSI6IncrQ0FJUUlDSUZVM0JoYVc0In0=,128
eyJqb2JfdGl0bGUiOiJDb25zdWx0b3IgZGUgcHJveWVjdG9zIHRlY25vbMOzZ2ljb3MiLCJjb21wYW55X25hbWUiOiJDbMO6c3RlciBUSUMgQ2F0YWx1bnlhIFN1ZCIsImFkZHJlc3NfY2l0eSI6IlJldXMsIFNwYWluIiwiaHRpZG9jaWQiOiJxb215cEJULTZkVkUyaDM5QUFBQUFBPT0iLCJ1dWxlIjoidytDQUlRSUNJRlUzQmhhVzQifQ==,1081
eyJqb2JfdGl0bGUiOiJFc3BlY2lhbGlzdGEgZW4gU2VndXJpZGFkIEluZm9ybcOhdGljYSBwYXJhIEFzaXN0ZW5jaWEgYSBDSVNPIiwiY29tcGFueV9uYW1lIjoiVGVsZWbDs25pY2EgVGVjaCAtIEdvdmVydGlzIiwiYWRkcmVzc19jaXR5IjoiQmFyY2Vsb25hLCBTcGFpbiIsImh0aWRvY2lkIjoiR0FBMWgwOG1WNVRuVFFNQkFBQUFBQT09IiwidXVsZSI6IncrQ0FJUUlDSUZVM0JoYVc0In0=,579
eyJqb2JfdGl0bGUiOiJBZG1pbmlzdHJhZG9yL2EgZGUgQmFzZXMgZGUgRGF0b3MiLCJjb21wYW55X25hbWUiOiJJbmRyYSIsImFkZHJlc3NfY2l0eSI6IlNwYWluIiwiaHRpZG9jaWQiOiJsc0EzZmhSeXN6ZS1yaG1NQUFBQUFBPT0iLCJ1dWxlIjoidytDQUlRSUNJRlUzQmhhVzQifQ==,806
eyJqb2JfdGl0bGUiOiJBZG1pbmlzdHJhZG9yIGRlIGJhc2UgZGUgZGF0b3MiLCJjb21wYW55X25hbWUiOiJNw6l0cmljYSBDb25zdWx0aW5nIiwiYWRkcmVzc19jaXR5IjoiTWFkcmlkLCBTcGFpbiIsImh0aWRvY2lkIjoiZW1BREFseThmZ3l6TUs4MEFBQUFBQT09IiwidXVsZSI6IncrQ0FJUUlDSUZVM0JoYVc0In0=,202
eyJqb2JfdGl0bGUiOiJUw6ljbmljbyBkZSByZWRlcyB5IGNpYmVyc2VndXJpZGFkIiwiY29tcGFueV9uYW1lIjoiTmV0aWNzIENvbW11bmljYXRpb25zIiwiYWRkcmVzc19jaXR5IjoiVGFycmFnb25hLCBTcGFpbiIsImh0aWRvY2lkIjoiRzc2cVk0encxbmFLY0ZtUUFBQUFBQT09IiwidXVsZSI6IncrQ0FJUUlDSUZVM0JoYVc0In0=,1015
eyJqb2JfdGl0bGUiOiJUw6ljbmljby9hIGRlIHNvcG9ydGUgZGUgY29uZWN0aXZpZGFkIiwiY29tcGFueV9uYW1lIjoiQW9uIENvcnBvcmF0aW9uIiwiYWRkcmVzc19jaXR5IjoiTWFkcmlkLCBTcGFpbiIsImh0aWRvY2lkIjoielhNZ2tQMTZJTGgyOHB3UkFBQUFBQT09IiwidXVsZSI6IncrQ0FJUUlDSUZVM0JoYVc0In0=,579
eyJqb2JfdGl0bGUiOiJUw4lDTklDTyBERSBTT1BPUlRFIElORk9STUFUSUNPIiwiY29tcGFueV9uYW1lIjoiR0lPUyIsImFkZHJlc3NfY2l0eSI6IkJhcmNlbG9uYSwgU3BhaW4iLCJodGlkb2NpZCI6IkF1ZE9EcDFaeEM1cFBBM1VBQUFBQUE9PSIsInV1bGUiOiJ3K0NBSVFJQ0lGVTNCaGFXNCJ9,856
eyJqb2JfdGl0bGUiOiJUw6ljbmljby9hIGRlIFNvcG9ydGUgUmVtb3RvIiwiY29tcGFueV9uYW1lIjoiSm9obnNvbiBDb250cm9scyBJbnRlcm5hdGlvbmFsIiwiYWRkcmVzc19jaXR5IjoiTGFzIFJvemFzIGRlIE1hZHJpZCwgU3BhaW4iLCJodGlkb2NpZCI6IkZZaGFWUEpHaDZfc3hzT21BQUFBQUE9PSIsInV1bGUiOiJ3K0NBSVFJQ0lGVTNCaGFXNCJ9,856
eyJqb2JfdGl0bGUiOiJUw6ljbmljbyBzb3BvcnRlIGluZm9ybcOhdGljbyIsImNvbXBhbnlfbmFtZSI6Ik9GRyIsImFkZHJlc3NfY2l0eSI6Ik1hZHJpZCwgU3BhaW4iLCJodGlkb2NpZCI6IldhLW01NHBoLUJ3clA2QkpBQUFBQUE9PSIsInV1bGUiOiJ3K0NBSVFJQ0lGVTNCaGFXNCJ9,367
eyJqb2JfdGl0bGUiOiJEaXNlw7FhZG9yIGdyYWZpY28geSBtYXJrZXRpbmcgZGlnaXRhbCIsImNvbXBhbnlfbmFtZSI6IlBFUkZVTUhBREEgU0wiLCJhZGRyZXNzX2NpdHkiOiJDw6FjZXJlc+KAjiwgU3BhaW4iLCJodGlkb2NpZCI6IkJibkdtTDRrZElNaTdSMUpBQUFBQUE9PSIsInV1bGUiOiJ3K0NBSVFJQ0lGVTNCaGFXNCJ9,841
eyJqb2JfdGl0bGUiOiJEaXJlY3Rvci9hIEFydGUgZ3LDoWZpY28gZGlnaXRhbCBKdW5pb3IiLCJjb21wYW55X25hbWUiOiJPSCBTdHJhdGVneSIsImFkZHJlc3NfY2l0eSI6Ik1hdGFyw7MsIFNwYWluIiwiaHRpZG9jaWQiOiIxa1U3RURCMmpuLTFURU44QUFBQUFBPT0iLCJ1dWxlIjoidytDQUlRSUNJRlUzQmhhVzQifQ==,276
eyJqb2JfdGl0bGUiOiJESVNFw5FBRE9SIEdSQUZJQ08gVEVYVElMIEZBU0hJT04iLCJjb21wYW55X25hbWUiOiJlcyBkaWdpdGFsIiwiYWRkcmVzc19jaXR5IjoiQmFyY2Vsb25hLCBTcGFpbiIsImh0aWRvY2lkIjoiZDhwOFlaV0xPQWI1ZFdLQkFBQUFBQT09IiwidXVsZSI6IncrQ0FJUUlDSUZVM0JoYVc0In0=,946
eyJqb2JfdGl0bGUiOiJUVGVjaF9USC1BbmFsaXN0YSBGb3JlbnNlIFNyIENpYmVyc2VndXJpZGFkIiwiY29tcGFueV9uYW1lIjoiVGVsZWbDs25pY2EiLCJhZGRyZXNzX2NpdHkiOiJNYWRyaWQsIFNwYWluIiwiaHRpZG9jaWQiOiJkRWVIakxaXzlEd1FMMjZfQUFBQUFBPT0iLCJ1dWxlIjoidytDQUlRSUNJRlUzQmhhVzQifQ==,30
eyJqb2JfdGl0bGUiOiJBbmFsaXN0YSBkZSBDaWJlcnNlZ3VyaWRhZCBlIElTTVMiLCJjb21wYW55X25hbWUiOiJIZWx2ZXRpYSBTZWd1cm9zIEVzcGHDsWEiLCJhZGRyZXNzX2NpdHkiOiJQYW1wbG9uYSwgU3BhaW4iLCJodGlkb2NpZCI6IjhxVHhKQUxTeTlncmxoOXFBQUFBQUE9PSIsInV1bGUiOiJ3K0NBSVFJQ0lGVTNCaGFXNCJ9,806
eyJqb2JfdGl0bGUiOiJBbmFsaXN0YSBkZSBTZWd1cmlkYWQgLyBBbmFsaXN0YSBOT0MvU09DIiwiY29tcGFueV9uYW1lIjoiQ29ydGVsY28gU3lzdGVtcyIsImFkZHJlc3NfY2l0eSI6IlNwYWluIiwiaHRpZG9jaWQiOiJfbTNCTHlTb2xGTXJtTDEtQUFBQUFBPT0iLCJ1dWxlIjoidytDQUlRSUNJRlUzQmhhVzQifQ==,1071
eyJqb2JfdGl0bGUiOiJBbmFsaXN0YSBkZSBTZWd1cmlkYWQgQ2xvdWQgLSAxMDAlIFRlbGV0cmFiYWpvIiwiY29tcGFueV9uYW1lIjoiQXplcnRpdW0gSVQgR2xvYmFsIFNlcnZpY2VzIFNMIiwiYWRkcmVzc19jaXR5IjoiTWFkcmlkLCBTcGFpbiIsImh0aWRvY2lkIjoieGxESHhHaWkxcG52RDVCdUFBQUFBQT09IiwidXVsZSI6IncrQ0FJUUlDSUZVM0JoYVc0In0=,574
eyJqb2JfdGl0bGUiOiJBbmFsaXN0YSBkZSBTZWd1cmlkYWQgKEgvTSkiLCJjb21wYW55X25hbWUiOiJHcnVwbyBPZXNpYSIsImFkZHJlc3NfY2l0eSI6IlRyZXMgQ2FudG9zLCBTcGFpbiIsImh0aWRvY2lkIjoiQ1ozellJTDJTbHlMd0tQcUFBQUFBQT09IiwidXVsZSI6IncrQ0FJUUlDSUZVM0JoYVc0In0=,579
eyJqb2JfdGl0bGUiOiJhbmFsaXN0YS1kZS1jaWJlcnNlZ3VyaWRhZC1zYW50YW5kZXItZGlnaXRhbC1zZXJ2aWNlcyIsImNvbXBhbnlfbmFtZSI6IkJBTkNPIFNBTlRBTkRFUiBTLkEuIiwiYWRkcmVzc19jaXR5IjoiQm9hZGlsbGEgZGVsIE1vbnRlLCBTcGFpbiIsImh0aWRvY2lkIjoiWGhHYl9qa184S04yMkFKM0FBQUFBQT09IiwidXVsZSI6IncrQ0FJUUlDSUZVM0JoYVc0In0=,13
eyJqb2JfdGl0bGUiOiJBbmFsaXN0YSBFRFIgZW5kcG9pbnQgIHwgQ2liZXJzZWd1cmlkYWQgfCBUZWxldHJhYmFqbyIsImNvbXBhbnlfbmFtZSI6IkFMVEVOIFNwYWluIiwiYWRkcmVzc19jaXR5IjoiU3BhaW4iLCJodGlkb2NpZCI6InRiMFpYNEktZFMzWnE5bXBBQUFBQUE9PSIsInV1bGUiOiJ3K0NBSVFJQ0lGVTNCaGFXNCJ9,128
eyJqb2JfdGl0bGUiOiJBbmFsaXN0YSBkZSBDaWJlcnNlZ3VyaWRhZCBJbmR1c3RyaWFsIE4yIiwiY29tcGFueV9uYW1lIjoiVkFTUyIsImFkZHJlc3NfY2l0eSI6Ik1hZHJpZCwgU3BhaW4iLCJodGlkb2NpZCI6IkVIRHdURnpTaHFOeWZBbElBQUFBQUE9PSIsInV1bGUiOiJ3K0NBSVFJQ0lGVTNCaGFXNCJ9,856
eyJqb2JfdGl0bGUiOiJUZWNuaWNvIGRlIFNpc3RlbWFzIiwiY29tcGFueV9uYW1lIjoiQXV0b21hdGljYSBJbnRlbGxpZ2VuY2UiLCJhZGRyZXNzX2NpdHkiOiJNYWRyaWQsIFNwYWluIiwiaHRpZG9jaWQiOiI3alZvT2V4RGNYLWtsZUkwQUFBQUFBPT0iLCJ1dWxlIjoidytDQUlRSUNJRlUzQmhhVzQifQ==,152
eyJqb2JfdGl0bGUiOiJUw6ljbmljbyBkZSBzaXN0ZW1hcyIsImNvbXBhbnlfbmFtZSI6IkFwaXV4IFRlY2giLCJhZGRyZXNzX2NpdHkiOiJNYWRyaWQsIFNwYWluIiwiaHRpZG9jaWQiOiJRVXNQWlEyTGlLczRjLWNTQUFBQUFBPT0iLCJ1dWxlIjoidytDQUlRSUNJRlUzQmhhVzQifQ==,128
eyJqb2JfdGl0bGUiOiJUw6ljbmljbyBkZSBTaXN0ZW1hcyIsImNvbXBhbnlfbmFtZSI6IkJ5c2lkZWNhciIsImFkZHJlc3NfY2l0eSI6Ik1hZHJpZCwgU3BhaW4iLCJodGlkb2NpZCI6ImFlalNlQmJYVlI0V0h2TXVBQUFBQUE9PSIsInV1bGUiOiJ3K0NBSVFJQ0lGVTNCaGFXNCJ9,841
eyJqb2JfdGl0bGUiOiJDb25zdWx0b3IvYSBUcmFuc2Zvcm1hY2nDs24gRGlnaXRhbCIsImNvbXBhbnlfbmFtZSI6IlRoZSBXaGl0ZSBUZWFtIiwiYWRkcmVzc19jaXR5IjoiQmlsYmFvLCBTcGFpbiIsImh0aWRvY2lkIjoiS0ZwV1hFMnhHalVvWUZGRkFBQUFBQT09IiwidXVsZSI6IncrQ0FJUUlDSUZVM0JoYVc0In0=,579
eyJqb2JfdGl0bGUiOiJDb25zdWx0b3Jlcy9hcyBkZSBUcmFuc2Zvcm1hY2nDs24gRGlnaXRhbCIsImNvbXBhbnlfbmFtZSI6IlR1RVRUIiwiYWRkcmVzc19jaXR5IjoiVmFsZW5jaWEsIFNwYWluIiwiaHRpZG9jaWQiOiJNTzdhZ3d2SXphVUNmY19SQUFBQUFBPT0iLCJ1dWxlIjoidytDQUlRSUNJRlUzQmhhVzQifQ==,841
eyJqb2JfdGl0bGUiOiJDb25zdWx0b3IvQSBUcmFuc2Zvcm1hY2nDs24gRGlnaXRhbCIsImNvbXBhbnlfbmFtZSI6IkdydXBvIERpZ2l0YWwiLCJhZGRyZXNzX2NpdHkiOiJNYWRyaWQsIFNwYWluIiwiaHRpZG9jaWQiOiI3bmJBM1lVbkZ1N0pNdWRoQUFBQUFBPT0iLCJ1dWxlIjoidytDQUlRSUNJRlUzQmhhVzQifQ==,128
eyJqb2JfdGl0bGUiOiJDb25zdWx0b3IvQSBFbiBQcm95ZWN0byBEZSBUcmFuc2Zvcm1hY2nDs24gRGlnaXRhbCAtIChPWS0wNjUpIiwiY29tcGFueV9uYW1lIjoiRW1wcmVzYSBsw61kZXIiLCJhZGRyZXNzX2NpdHkiOiJNYWRyaWQsIFNwYWluIiwiaHRpZG9jaWQiOiJzU3dkcXBmNURaWUFjWi14QUFBQUFBPT0iLCJ1dWxlIjoidytDQUlRSUNJRlUzQmhhVzQifQ==,841
eyJqb2JfdGl0bGUiOiJUw6ljbmljbyBqdW5pb3IgZGUgVHJhbnNmb3JtYWNpw7NuIERpZ2l0YWwgKFNlZ3Vyb3MpIiwiY29tcGFueV9uYW1lIjoiTW9yZ2FuIEdvbGQgQ29uc3VsdGluZyIsImFkZHJlc3NfY2l0eSI6Ik1hZHJpZCwgU3BhaW4iLCJodGlkb2NpZCI6Im5QR0p3bm50OUR6Z0Y3VTZBQUFBQUE9PSIsInV1bGUiOiJ3K0NBSVFJQ0lGVTNCaGFXNCJ9,841
eyJqb2JfdGl0bGUiOiJDb25zdWx0b3IvQSBUZWNub2zDs2dpY28gRGUgVHJhbnNmb3JtYWNpw7NuIERpZ2l0YWwiLCJjb21wYW55X25hbWUiOiJaZW1zYW5pYSIsImFkZHJlc3NfY2l0eSI6Ik1hZHJpZCwgU3BhaW4iLCJodGlkb2NpZCI6IlRsNTdwaG1WYmJPTEFiTGZBQUFBQUE9PSIsInV1bGUiOiJ3K0NBSVFJQ0lGVTNCaGFXNCJ9,98
eyJqb2JfdGl0bGUiOiJDb25zdWx0b3IgSnIgRGUgVHJhbnNmb3JtYWNpw7NuIERpZ2l0YWwgODAlIiwiY29tcGFueV9uYW1lIjoiU2VjdG9yZWEiLCJhZGRyZXNzX2NpdHkiOiJNYWRyaWQsIFNwYWluIiwiaHRpZG9jaWQiOiJEbmZVdXNUWjJ2a0NhMmRHQUFBQUFBPT0iLCJ1dWxlIjoidytDQUlRSUNJRlUzQmhhVzQifQ==,128
eyJqb2JfdGl0bGUiOiJDb25zdWx0b3IgRGUgVHJhbnNmb3JtYWNpb24gRGlnaXRhbCIsImNvbXBhbnlfbmFtZSI6Ik5ldGNoZWNrIiwiYWRkcmVzc19jaXR5IjoiTWFkcmlkLCBTcGFpbiIsImh0aWRvY2lkIjoiTHpoN0xHZHg5OFZxWjdRUEFBQUFBQT09IiwidXVsZSI6IncrQ0FJUUlDSUZVM0JoYVc0In0=,856
eyJqb2JfdGl0bGUiOiJDb25zdWx0b3IvQSBFbiBQcm95ZWN0byBEZSBUcmFuc2Zvcm1hY2nDs24gRGlnaXRhbCIsImNvbXBhbnlfbmFtZSI6IlTDvHYgU8O8ZCIsImFkZHJlc3NfY2l0eSI6Ik1hZHJpZCwgU3BhaW4iLCJodGlkb2NpZCI6IjVQcHFaWjNWekhrVEFxbmJBQUFBQUE9PSIsInV1bGUiOiJ3K0NBSVFJQ0lGVTNCaGFXNCJ9,841
eyJqb2JfdGl0bGUiOiJDb25zdWx0b3IvYSBTQVAiLCJjb21wYW55X25hbWUiOiJJRE9NLCBTLkEuVS4iLCJhZGRyZXNzX2NpdHkiOiJCaWxiYW8sIFNwYWluIiwiaHRpZG9jaWQiOiIyTmtvUWhseEtuX1VvczBBQUFBQUFBPT0iLCJ1dWxlIjoidytDQUlRSUNJRlUzQmhhVzQifQ==,1031
eyJqb2JfdGl0bGUiOiJUw6ljbmljbyBkZSB0ZWxlY29tdW5pY2FjaW9uZXMiLCJjb21wYW55X25hbWUiOiJBeWVzYSIsImFkZHJlc3NfY2l0eSI6IkNvbmlsIGRlIGxhIEZyb250ZXJhLCBTcGFpbiIsImh0aWRvY2lkIjoiNy1uVlVoVmdyUXp4UE01UUFBQUFBQT09IiwidXVsZSI6IncrQ0FJUUlDSUZVM0JoYVc0In0=,1130
eyJqb2JfdGl0bGUiOiJDb25zdWx0b3IgZGUgU2VndXJpZGFkIiwiY29tcGFueV9uYW1lIjoiRGV2b3RlYW0gU3BhaW4iLCJhZGRyZXNzX2NpdHkiOiJNYWRyaWQsIFNwYWluIiwiaHRpZG9jaWQiOiJtN1NSS2s4SDIwVkZ4czFtQUFBQUFBPT0iLCJ1dWxlIjoidytDQUlRSUNJRlUzQmhhVzQifQ==,853
eyJqb2JfdGl0bGUiOiJFc3BlY2lhbGlzdGEgZW4gTWFya2V0aW5nIERpZ2l0YWwgeSBSZWRlcyBTb2NpYWxlcyIsImNvbXBhbnlfbmFtZSI6Ikh1a2xhIEdlcm1hbnksIFMuQS4iLCJhZGRyZXNzX2NpdHkiOiJDYXN0ZWxsYmlzYmFsLCBTcGFpbiIsImh0aWRvY2lkIjoianVZMGo3Y05jNVFJd296OUFBQUFBQT09IiwidXVsZSI6IncrQ0FJUUlDSUZVM0JoYVc0In0=,841
eyJqb2JfdGl0bGUiOiJFc3BlY2lhbGlzdGEgZW4gUmVkZXMgZGUgVGVsZWNvbXVuaWNhY2lvbmVzIiwiY29tcGFueV9uYW1lIjoiWmVtc2FuaWEiLCJhZGRyZXNzX2NpdHkiOiJBIENvcnXDsWEsIFNwYWluIiwiaHRpZG9jaWQiOiJTNHBldmtDeDBoY1FtX1M3QUFBQUFBPT0iLCJ1dWxlIjoidytDQUlRSUNJRlUzQmhhVzQifQ==,128
eyJqb2JfdGl0bGUiOiJUw6ljbmljbyBFc3BlY2lhbGlzdGEgRW4gUmVkZXMgWSBTZWd1cmlkYWQgR2VzdGlvbmFkYSIsImNvbXBhbnlfbmFtZSI6IkNvbXVuaXRlbGlhIENvbXVuaWNhY2lvbmVzIiwiYWRkcmVzc19jaXR5IjoiTWFkcmlkLCBTcGFpbiIsImh0aWRvY2lkIjoiOE9ZcU5TS19tZkgyMHprM0FBQUFBQT09IiwidXVsZSI6IncrQ0FJUUlDSUZVM0JoYVc0In0=,500
eyJqb2JfdGl0bGUiOiJFU1BFQ0lBTElTVEEgSU5HRU5JRVLDjUEgU09MVUNJT05FUyBNSUxJVEFSRVMgWSBSRURFUyBERSBFTUVSR0VOQ0lBUyBbVi02MTRdIiwiY29tcGFueV9uYW1lIjoiVGVsZWbDs25pY2EgUy4gQS4iLCJhZGRyZXNzX2NpdHkiOiJDb21tdW5pdHkgb2YgTWFkcmlkLCBTcGFpbiIsImh0aWRvY2lkIjoicTN5WTBKekt0ZUdiemJTZUFBQUFBQT09IiwidXVsZSI6IncrQ0FJUUlDSUZVM0JoYVc0In0=,128
eyJqb2JfdGl0bGUiOiJFc3BlY2lhbGlzdGEgZW4gTGlua2VkaW4iLCJjb21wYW55X25hbWUiOiJQYWJsbyIsImFkZHJlc3NfY2l0eSI6IkFsZmFyYSBkZWwgUGF0cmlhcmNhLCBTcGFpbiIsImh0aWRvY2lkIjoiN3dsVjZfU3NnZkRTdDZyQ0FBQUFBQT09IiwidXVsZSI6IncrQ0FJUUlDSUZVM0JoYVc0In0=,814
eyJqb2JfdGl0bGUiOiJFc3BlY2lhbGlzdGEgZW4gZUNvbW1lcmNlLCBzZW8sYWRzIHkgcmVkIiwiY29tcGFueV9uYW1lIjoiamF2aWVyIiwiYWRkcmVzc19jaXR5IjoiUG9sw6FuLCBTcGFpbiIsImh0aWRvY2lkIjoiTFpRZjF3S1pKUDVQUFJTR0FBQUFBQT09IiwidXVsZSI6IncrQ0FJUUlDSUZVM0JoYVc0In0=,590
eyJqb2JfdGl0bGUiOiJJbmdlbmllcmEvbyBFc3BlY2lhbGlzdGEgZW4gUmVkZXMgZGUgRGlzdHJpYnVjacOzbiAtIENlcnRpZmljYWRvIGRlIGRpc2NhcGFjaWRhZCIsImNvbXBhbnlfbmFtZSI6Ik5hdHVyZ3kiLCJhZGRyZXNzX2NpdHkiOiJWYWxlbmNpYW4gQ29tbXVuaXR5LCBTcGFpbiIsImh0aWRvY2lkIjoicFMxekdpUnN6MmxUZkROS0FBQUFBQT09IiwidXVsZSI6IncrQ0FJUUlDSUZVM0JoYVc0In0=,128
eyJqb2JfdGl0bGUiOiJFc3BlY2lhbGlzdGEgRW4gUmVkZXMgU29jaWFsZXMiLCJjb21wYW55X25hbWUiOiJWaXNpb24iLCJhZGRyZXNzX2NpdHkiOiJCYXJjZWxvbmEsIFNwYWluIiwiaHRpZG9jaWQiOiJsczl4ZmZRRHd3RmU3dmpDQUFBQUFBPT0iLCJ1dWxlIjoidytDQUlRSUNJRlUzQmhhVzQifQ==,841
eyJqb2JfdGl0bGUiOiJFc3BlY2lhbGlzdGEgZW4gTWFya2V0aW5nIERpZ2l0YWwiLCJjb21wYW55X25hbWUiOiJSb2RyaWdvIiwiYWRkcmVzc19jaXR5IjoiQmFyY2Vsb25hLCBTcGFpbiIsImh0aWRvY2lkIjoieTN0ME9JZlR5OE5mQUpid0FBQUFBQT09IiwidXVsZSI6IncrQ0FJUUlDSUZVM0JoYVc0In0=,841
eyJqb2JfdGl0bGUiOiJFc3BlY2lhbGlzdGEgZW4gUmVkZXMgTjMgLSBCYXJjZWxvbmEgSC9NIiwiY29tcGFueV9uYW1lIjoiQXhpYW5zIiwiYWRkcmVzc19jaXR5IjoiRXNwbHVndWVzIGRlIExsb2JyZWdhdCwgU3BhaW4iLCJodGlkb2NpZCI6ImdlT0Rra0dpODZxbC03UkFBQUFBQUE9PSIsInV1bGUiOiJ3K0NBSVFJQ0lGVTNCaGFXNCJ9,500
eyJqb2JfdGl0bGUiOiJDb211bml0ZWxpYSBDb211bmljYWNpb25lczogVMOpY25pY28gZXNwZWNpYWxpc3RhIGVuIHJlZGVzIHkgc2VndXJpZGFkIGdlc3Rpb25hZGEiLCJjb21wYW55X25hbWUiOiJqb2luLmNvbSIsImFkZHJlc3NfY2l0eSI6IlRvbWVsbG9zbywgU3BhaW4iLCJodGlkb2NpZCI6IkRpQnE0VmJ2NG5oWGpra2NBQUFBQUE9PSIsInV1bGUiOiJ3K0NBSVFJQ0lGVTNCaGFXNCJ9,500
eyJqb2JfdGl0bGUiOiJFc3BlY2lhbGlzdGEgZW4gbWFya2V0aW5nIiwiY29tcGFueV9uYW1lIjoiSXJlbmUgU2FyYSBCb2xzb3MiLCJhZGRyZXNzX2NpdHkiOiJGdWVubGFicmFkYSwgU3BhaW4iLCJodGlkb2NpZCI6Imw3U2pFcEwtbWI2bjlRT3JBQUFBQUE9PSIsInV1bGUiOiJ3K0NBSVFJQ0lGVTNCaGFXNCJ9,841
eyJqb2JfdGl0bGUiOiJFeHBlcnRvL2EgZW4gcmVkZXMgc29jaWFsZXMsIG1hbnRlbmltaWVudG8gd2VicyB5IGFzaXN0ZW50ZSBlbiB0aWVuZGEiLCJjb21wYW55X25hbWUiOiJPQ1VMT1MgT1BUSUNBIiwiYWRkcmVzc19jaXR5IjoiVmlnbywgTXVuaWNpcGFsaXR5IG9mIFZpZ28sIFNwYWluIiwiaHRpZG9jaWQiOiIydmJOR0s2TldZM0dCU1FBQUFBQUFBPT0iLCJ1dWxlIjoidytDQUlRSUNJRlUzQmhhVzQifQ==,841
eyJqb2JfdGl0bGUiOiJJbmdlbmllcmEvbyBFc3BlY2lhbGlzdGEgZW4gUmVkZXMgZGUgRGlzdHJpYnVjacOzbiAtIENlcnRpZmljYWRvIGRlIGRpc2NhcGFjaWRhZCAoVmFsZW5jaWEpIiwiY29tcGFueV9uYW1lIjoiTmF0dXJneSIsImFkZHJlc3NfY2l0eSI6IlZhbGVuY2lhLCBTcGFpbiIsImh0aWRvY2lkIjoiTlhpMEFZR1JSV0RWMWZHb0FBQUFBQT09IiwidXVsZSI6IncrQ0FJUUlDSUZVM0JoYVc0In0=,128
eyJqb2JfdGl0bGUiOiJFc3BlY2lhbGlzdGEgQ2l2aWwgM0QgKFJlZGVzIGVudGVycmFkYXMpIiwiY29tcGFueV9uYW1lIjoiU2VuZXIiLCJhZGRyZXNzX2NpdHkiOiJUcmVzIENhbnRvcywgU3BhaW4iLCJodGlkb2NpZCI6ImRQQkVQQTdqUHNIY0NEWDVBQUFBQUE9PSIsInV1bGUiOiJ3K0NBSVFJQ0lGVTNCaGFXNCJ9,128
eyJqb2JfdGl0bGUiOiJFc3BlY2lhbGlzdGEgZW4gU29wb3J0ZSBUw6ljbmljbyB5IFJlZGVzIEluZm9ybcOhdGljYXMiLCJjb21wYW55X25hbWUiOiJHT0kgUmVjdXJzb3MgSHVtYW5vcyIsImFkZHJlc3NfY2l0eSI6IlRvbG9zYSwgU3BhaW4iLCJodGlkb2NpZCI6ImZURWNQZU1yWGw4SHFUVVNBQUFBQUE9PSIsInV1bGUiOiJ3K0NBSVFJQ0lGVTNCaGFXNCJ9,32
eyJqb2JfdGl0bGUiOiJBcnF1aXRlY3RvIGRlIHNpc3RlbWFzIGVuIGxhIG51YmUiLCJjb21wYW55X25hbWUiOiJzZXJlbS4gQ29uc3VsdG9yw61hIGVtcHJlc2FyaWFsIiwiYWRkcmVzc19jaXR5IjoiTWFkcmlkLCBTcGFpbiIsImh0aWRvY2lkIjoiZEQ3ZDlKMW0tTmVKSmJ0aUFBQUFBQT09IiwidXVsZSI6IncrQ0FJUUlDSUZVM0JoYVc0In0=,521
eyJqb2JfdGl0bGUiOiJBcnF1aXRlY3RvIGRlIHNvbHVjaW9uZXMiLCJjb21wYW55X25hbWUiOiJzZXJlbS4gQ29uc3VsdG9yw61hIGVtcHJlc2FyaWFsIiwiYWRkcmVzc19jaXR5IjoiTWFkcmlkLCBTcGFpbiIsImh0aWRvY2lkIjoiWHNSY3ZpSDBwLTc1TzY2T0FBQUFBQT09IiwidXVsZSI6IncrQ0FJUUlDSUZVM0JoYVc0In0=,202
eyJqb2JfdGl0bGUiOiJBcnF1aXRlY3RvIEVtcHJlc2FyaWFsIiwiY29tcGFueV9uYW1lIjoiVXN0IEdsb2JhbCIsImFkZHJlc3NfY2l0eSI6Ik1hZHJpZCwgU3BhaW4iLCJodGlkb2NpZCI6InZYSlM2MUdSSXp0eDFJTEdBQUFBQUE9PSIsInV1bGUiOiJ3K0NBSVFJQ0lGVTNCaGFXNCJ9,574
eyJqb2JfdGl0bGUiOiJBcnF1aXRlY3RvIGRlIHNvbHVjaW9uZXMiLCJjb21wYW55X25hbWUiOiJzZXJlbS4gQ29uc3VsdG9yw61hIGVtcHJlc2FyaWFsIiwiYWRkcmVzc19jaXR5IjoiTWFkcmlkLCBTcGFpbiIsImh0aWRvY2lkIjoiUUtBamg1Q3hwSU5TR1YwcEFBQUFBQT09IiwidXVsZSI6IncrQ0FJUUlDSUZVM0JoYVc0In0=,128
eyJqb2JfdGl0bGUiOiJUw6ljbmljby9hIEhhcmR3YXJlIiwiY29tcGFueV9uYW1lIjoiQXJlbGFuY2UiLCJhZGRyZXNzX2NpdHkiOiJWYWxlbmNpYSwgU3BhaW4iLCJodGlkb2NpZCI6Im5TeFN6SDNqRlN3UnBQdlNBQUFBQUE9PSIsInV1bGUiOiJ3K0NBSVFJQ0lGVTNCaGFXNCJ9,1178
eyJqb2JfdGl0bGUiOiJUw6ljbmljbyBkZSBoYXJkd2FyZSIsImNvbXBhbnlfbmFtZSI6IkNEUywgYSBIZXdsZXR0IFBhY2thcmQgRW50ZXJwcmlzZSBjb21wYW55IiwiYWRkcmVzc19jaXR5IjoiWmFtb3JhLCBTcGFpbiIsImh0aWRvY2lkIjoib1pmZGp3RGpPRWQ2b184TkFBQUFBQT09IiwidXVsZSI6IncrQ0FJUUlDSUZVM0JoYVc0In0=,1143
eyJqb2JfdGl0bGUiOiJUw6ljbmljbyBpbmZvcm3DoXRpY28gaGFyZHdhcmUgeSByZWRlcyIsImNvbXBhbnlfbmFtZSI6IlRlY25vQnJhdm8iLCJhZGRyZXNzX2NpdHkiOiJUYXJyYWdvbmEsIFNwYWluIiwiaHRpZG9jaWQiOiJsakZBRnE0QlR1OVZRUWZzQUFBQUFBPT0iLCJ1dWxlIjoidytDQUlRSUNJRlUzQmhhVzQifQ==,128
eyJqb2JfdGl0bGUiOiJUw4lDTklDTyBJVCBIQVJEV0FSRSAtIFBST0dSQU1BQ0nDk04gKEV4Y2VsLCBSUCwgQ1JNLi4uKSAtSC9NLSIsImNvbXBhbnlfbmFtZSI6IkZpcnN0IEh1bnRpbmcgUlJISCIsImFkZHJlc3NfY2l0eSI6IkJhcmNlbG9uYSwgU3BhaW4iLCJodGlkb2NpZCI6IlpvOC1Vai1ZSWNQZFRIakRBQUFBQUE9PSIsInV1bGUiOiJ3K0NBSVFJQ0lGVTNCaGFXNCJ9,86
eyJqb2JfdGl0bGUiOiJUw6ljbmljby9hIGRlIHNvcG9ydGUgaW50ZXJ2ZW5jaW9uZXMiLCJjb21wYW55X25hbWUiOiJBQ1JFTEVDIiwiYWRkcmVzc19jaXR5IjoiTWFkcmlkLCBTcGFpbiIsImh0aWRvY2lkIjoianVLNk1GR0xlTFZCbENHUEFBQUFBQT09IiwidXVsZSI6IncrQ0FJUUlDSUZVM0JoYVc0In0=,226
eyJqb2JfdGl0bGUiOiJUw6ljbmljbyBkZSBoYXJkd2FyZSIsImNvbXBhbnlfbmFtZSI6IkNEUywgYSBIZXdsZXR0IFBhY2thcmQgRW50ZXJwcmlzZSBjb21wYW55IiwiYWRkcmVzc19jaXR5IjoiVmFsbGFkb2xpZCwgU3BhaW4iLCJodGlkb2NpZCI6InVmWWdQQnVocXJNWU9TeTdBQUFBQUE9PSIsInV1bGUiOiJ3K0NBSVFJQ0lGVTNCaGFXNCJ9,1143
eyJqb2JfdGl0bGUiOiJUw6ljbmljbyBJbmZvcm3DoXRpY28gRGUgSGFyZHdhcmUgWSBTb2Z0d2FyZSIsImNvbXBhbnlfbmFtZSI6IlNvcyBJbmZvcm1hdGljYSBIZWxtw6FudGljYSBTbCIsImFkZHJlc3NfY2l0eSI6IlNhbGFtYW5jYSwgU3BhaW4iLCJodGlkb2NpZCI6IlYxQnIyZjhLdXhzV1dhSWlBQUFBQUE9PSIsInV1bGUiOiJ3K0NBSVFJQ0lGVTNCaGFXNCJ9,616
eyJqb2JfdGl0bGUiOiJUw6ljbmljby9hIGVuIHJvYsOzdGljYSIsImNvbXBhbnlfbmFtZSI6IkxhIEZhYnJpY2EgZGUgU29mdHdhcmUgeSBIYXJkd2FyZSIsImFkZHJlc3NfY2l0eSI6Ik1hZHJpZCwgU3BhaW4iLCJodGlkb2NpZCI6IjNCWTlEUXFCMGNqeGF3SWVBQUFBQUE9PSIsInV1bGUiOiJ3K0NBSVFJQ0lGVTNCaGFXNCJ9,44
eyJqb2JfdGl0bGUiOiJTb3BvcnRlIFTDqWNuaWNvIiwiY29tcGFueV9uYW1lIjoiSW52b2x2ZSBSSCIsImFkZHJlc3NfY2l0eSI6Ik1hZHJpZCwgU3BhaW4iLCJodGlkb2NpZCI6InNTbnRNQVNXM0l3alVGTkhBQUFBQUE9PSIsInV1bGUiOiJ3K0NBSVFJQ0lGVTNCaGFXNCJ9,1130
eyJqb2JfdGl0bGUiOiJUw4lDTklDTy9BIElORk9STcOBVElDTyIsImNvbXBhbnlfbmFtZSI6IlJBUyBFc3Bhw7FhIiwiYWRkcmVzc19jaXR5IjoiR3Jhbm9sbGVycywgU3BhaW4iLCJodGlkb2NpZCI6Inh5OFFhdUYwVDNHN3o3Mk5BQUFBQUE9PSIsInV1bGUiOiJ3K0NBSVFJQ0lGVTNCaGFXNCJ9,1031
eyJqb2JfdGl0bGUiOiJUw6ljbmljby9BIEluZm9ybcOhdGljby9BIFNvcG9ydGUgSGFyZHdhcmUiLCJjb21wYW55X25hbWUiOiJTb3NtYXRpYyIsImFkZHJlc3NfY2l0eSI6IkJhcmNlbG9uYSwgU3BhaW4iLCJodGlkb2NpZCI6Im1seFVWY0NiV3YxT0txcl9BQUFBQUE9PSIsInV1bGUiOiJ3K0NBSVFJQ0lGVTNCaGFXNCJ9,721
eyJqb2JfdGl0bGUiOiJUZWFtIExlYWRlciBUw6ljbmljbyBkZSBQcm9jZXNvcyBIYXJkd2FyZSIsImNvbXBhbnlfbmFtZSI6IkV4Y2VsdGljIiwiYWRkcmVzc19jaXR5IjoiTWFkcmlkLCBTcGFpbiIsImh0aWRvY2lkIjoib2tUUzNYcGxsd0I3OVk0d0FBQUFBQT09IiwidXVsZSI6IncrQ0FJUUlDSUZVM0JoYVc0In0=,133
eyJqb2JfdGl0bGUiOiJURUNOSUNPL0EgSU5GT1JNQVRJQ08iLCJjb21wYW55X25hbWUiOiJJTUFOIFRFTVBPUklORyBFVFQsIFMuTC4iLCJhZGRyZXNzX2NpdHkiOiJNYWRyaWQsIFNwYWluIiwiaHRpZG9jaWQiOiJEanZ1R2NZc01KVEVqejhtQUFBQUFBPT0iLCJ1dWxlIjoidytDQUlRSUNJRlUzQmhhVzQifQ==,856
eyJqb2JfdGl0bGUiOiJ0w6ljbmljbyBlbiByZXBhcmFjacOzbiBkZSBoYXJkd2FyZSB5IHNvZnR3YXJlIGRlIG1vdmlsZXMiLCJjb21wYW55X25hbWUiOiJBc2Vzb3LDrWEiLCJhZGRyZXNzX2NpdHkiOiJCYWRham96LCBTcGFpbiIsImh0aWRvY2lkIjoiRUNlSlQ5dF93R3U5ZmNYekFBQUFBQT09IiwidXVsZSI6IncrQ0FJUUlDSUZVM0JoYVc0In0=,579
eyJqb2JfdGl0bGUiOiJUw4lDTklDTy9BIERFIElORk9STcOBVElDQSIsImNvbXBhbnlfbmFtZSI6IklNQU4gVEVNUE9SSU5HIEVUVCwgUy5MLiIsImFkZHJlc3NfY2l0eSI6IkJhcmNlbG9uYSwgU3BhaW4iLCJodGlkb2NpZCI6IjBzTW95QW5NUmJTQ2NzRlVBQUFBQUE9PSIsInV1bGUiOiJ3K0NBSVFJQ0lGVTNCaGFXNCJ9,98
eyJqb2JfdGl0bGUiOiJUw6ljbmljbyBkZSBoYXJkd2FyZSAoaG9yYXJpbyBkZSB0YXJkZSkiLCJjb21wYW55X25hbWUiOiJDRFMsIGEgSGV3bGV0dCBQYWNrYXJkIEVudGVycHJpc2UgY29tcGFueSIsImFkZHJlc3NfY2l0eSI6IkNhbnRhYnJpYSwgU3BhaW4iLCJodGlkb2NpZCI6IkFFaDQyTGFsMEE1cDRKYlFBQUFBQUE9PSIsInV1bGUiOiJ3K0NBSVFJQ0lGVTNCaGFXNCJ9,1143
eyJqb2JfdGl0bGUiOiJUL2NuaWNvL2EgZW4gcm9iL3RpY2EvIHByZXNlbmNpYWwiLCJjb21wYW55X25hbWUiOiJMYSBGYWJyaWNhIERlIFNvZnR3YXJlIFkgSGFyZHdhcmUiLCJhZGRyZXNzX2NpdHkiOiJNYWRyaWQsIFNwYWluIiwiaHRpZG9jaWQiOiJzNWdCMnJrN2Nkd1VvT0xlQUFBQUFBPT0iLCJ1dWxlIjoidytDQUlRSUNJRlUzQmhhVzQifQ==,44
eyJqb2JfdGl0bGUiOiJDUk8geSBBbmFsaXN0YSBEaWdpdGFsIiwiY29tcGFueV9uYW1lIjoiSW1wcm92aW5nIE1ldHJpY3MiLCJhZGRyZXNzX2NpdHkiOiJCYXJjZWxvbmEsIFNwYWluIiwiaHRpZG9jaWQiOiJEVnFtRUM1MVJWdTg1MWtlQUFBQUFBPT0iLCJ1dWxlIjoidytDQUlRSUNJRlUzQmhhVzQifQ==,579
eyJqb2JfdGl0bGUiOiJBbmFsaXN0YSBkZSBEYXRvcyAoTWVkaW9zIERpZ2l0YWxlcykgLSBTZWN0b3IgTWFya2V0aW5nIHkgUHVibGljaWRhZCAtIEluZ2zDqXMgeSBFeGNlbCIsImNvbXBhbnlfbmFtZSI6IkViaXF1aXR5IEliZXJpYSIsImFkZHJlc3NfY2l0eSI6Ik1hZHJpZCwgU3BhaW4iLCJodGlkb2NpZCI6IlBGVjV6T0FhYjRZQ0NFNXJBQUFBQUE9PSIsInV1bGUiOiJ3K0NBSVFJQ0lGVTNCaGFXNCJ9,86
eyJqb2JfdGl0bGUiOiJFWFBFUlRPL0EgRU4gRVhQTE9UQUNJw5NOIERFIERBVE9TIFBBUkEgTkVHT0NJTyBESUdJVEFMIiwiY29tcGFueV9uYW1lIjoiTUFQRlJFIiwiYWRkcmVzc19jaXR5IjoiTWFqYWRhaG9uZGEsIFNwYWluIiwiaHRpZG9jaWQiOiItNnUwXzhrX2VvUXNDN3JEQUFBQUFBPT0iLCJ1dWxlIjoidytDQUlRSUNJRlUzQmhhVzQifQ==,84
eyJqb2JfdGl0bGUiOiJCdXNpbmVzcyBBbmFseXN0IiwiY29tcGFueV9uYW1lIjoiTGluZWEgRGlyZWN0YSBBc2VndXJhZG9yYSIsImFkZHJlc3NfY2l0eSI6Ik1hZHJpZCwgU3BhaW4iLCJodGlkb2NpZCI6Im5vVWg0azhfaFZoekZfMG1BQUFBQUE9PSIsInV1bGUiOiJ3K0NBSVFJQ0lGVTNCaGFXNCJ9,1032
eyJqb2JfdGl0bGUiOiJBbmFsaXN0YS9Db25zdWx0b3IgZGUgTWVyY2Fkb3MiLCJjb21wYW55X25hbWUiOiJTZXJiYXRpYyIsImFkZHJlc3NfY2l0eSI6IlNwYWluIiwiaHRpZG9jaWQiOiJfU0NYZ1JZUTNFUFJELWtmQUFBQUFBPT0iLCJ1dWxlIjoidytDQUlRSUNJRlUzQmhhVzQifQ==,86
eyJqb2JfdGl0bGUiOiJBbmFsaXN0YSBkZSBPcGVyYWNpb25lcyBCYWNrIE9mZmljZSAtIEFjY291bnQgUmVjZWl2YWJsZXMiLCJjb21wYW55X25hbWUiOiJNYXkgQnVzaW5lc3MgQ29uc3VsdGluZyIsImFkZHJlc3NfY2l0eSI6Ik1hZHJpZCwgU3BhaW4iLCJodGlkb2NpZCI6IngxX3NaWnRMT2hFR2RvT1lBQUFBQUE9PSIsInV1bGUiOiJ3K0NBSVFJQ0lGVTNCaGFXNCJ9,86
eyJqb2JfdGl0bGUiOiJDb25zdWx0b3IvYSBCSSBHb2JpZXJubyBkZWwgZGF0byIsImNvbXBhbnlfbmFtZSI6IklaRVJUSVMiLCJhZGRyZXNzX2NpdHkiOiJNYWRyaWQsIFNwYWluIiwiaHRpZG9jaWQiOiJ2NGRYbVQ4NHcwY3RaU3BHQUFBQUFBPT0iLCJ1dWxlIjoidytDQUlRSUNJRlUzQmhhVzQifQ==,86
eyJqb2JfdGl0bGUiOiJDb25zdWx0b3IvYSBQb3dlciBCSSAtIENvbnRyb2xsZXIgLSBbWC0wMjddIiwiY29tcGFueV9uYW1lIjoiWmVtc2FuaWEiLCJhZGRyZXNzX2NpdHkiOiJDb21tdW5pdHkgb2YgTWFkcmlkLCBTcGFpbiIsImh0aWRvY2lkIjoiUmZPdDl3TkJkOTA2d3dycUFBQUFBQT09IiwidXVsZSI6IncrQ0FJUUlDSUZVM0JoYVc0In0=,856
eyJqb2JfdGl0bGUiOiJDb25zdWx0b3IvYSBCdXNpbmVzcyBJbnRlbGxpZ2VuY2UiLCJjb21wYW55X25hbWUiOiJJbmRyYSIsImFkZHJlc3NfY2l0eSI6IlNwYWluIiwiaHRpZG9jaWQiOiI0OXhqYTVjRFd2bVV6bjB2QUFBQUFBPT0iLCJ1dWxlIjoidytDQUlRSUNJRlUzQmhhVzQifQ==,806
eyJqb2JfdGl0bGUiOiJBbmFsaXN0YSBkZSBTZWd1cmlkYWQgQ2xvdWQgLSAxMDAlIFRlbGV0cmFiYWpvIiwiY29tcGFueV9uYW1lIjoiQXplcnRpdW0gSVQiLCJhZGRyZXNzX2NpdHkiOiJNYWRyaWQsIFNwYWluIiwiaHRpZG9jaWQiOiI5QUtQSnVTNGN4al8xbnR1QUFBQUFBPT0iLCJ1dWxlIjoidytDQUlRSUNJRlUzQmhhVzQifQ==,574
eyJqb2JfdGl0bGUiOiJBbmFsaXN0YSBDaWJlcnNlZ3VyaWRhZCBlbiBSZW1vdG8iLCJjb21wYW55X25hbWUiOiJBTFRFTiBTcGFpbiIsImFkZHJlc3NfY2l0eSI6Ik1hZHJpZCwgU3BhaW4iLCJodGlkb2NpZCI6ImFUMFBuU1pqSzJQY2lUeG5BQUFBQUE9PSIsInV1bGUiOiJ3K0NBSVFJQ0lGVTNCaGFXNCJ9,128
eyJqb2JfdGl0bGUiOiJUw6ljbmljby9hbmFsaXN0YSBkZSBzZWd1cmlkYWQgU09DIiwiY29tcGFueV9uYW1lIjoiU2Vjb25kIFdpbmRvdyIsImFkZHJlc3NfY2l0eSI6Ik1hZHJpZCwgU3BhaW4iLCJodGlkb2NpZCI6IlRub3VSYjVJQjVQVlMwblZBQUFBQUE9PSIsInV1bGUiOiJ3K0NBSVFJQ0lGVTNCaGFXNCJ9,1075
eyJqb2JfdGl0bGUiOiJUZWNuaWNvL2EganVuaW9yIHNlZ3VyaWRhZCBwZXJpbWV0cmFsIiwiY29tcGFueV9uYW1lIjoiR3J1cG8gU0lBIiwiYWRkcmVzc19jaXR5IjoiQXN0dXJpYXMsIFNwYWluIiwiaHRpZG9jaWQiOiJzQkN3WklNS3p0T0F1cDdDQUFBQUFBPT0iLCJ1dWxlIjoidytDQUlRSUNJRlUzQmhhVzQifQ==,775
eyJqb2JfdGl0bGUiOiJUw6ljbmljbyBSZWRlcyB5IFNlZ3VyaWRhZCIsImNvbXBhbnlfbmFtZSI6IkFwb2xvIElUIEdyb3VwIiwiYWRkcmVzc19jaXR5IjoiTWFkcmlkLCBTcGFpbiIsImh0aWRvY2lkIjoiem5LRndOTXN3STVxdlNZTUFBQUFBQT09IiwidXVsZSI6IncrQ0FJUUlDSUZVM0JoYVc0In0=,500
eyJqb2JfdGl0bGUiOiJUZWNuaWNvL2EgU2VuaW9yIGRlIFNlZ3VyaWRhZCBQZXJpbWV0cmFsIiwiY29tcGFueV9uYW1lIjoiR3J1cG8gU0lBIiwiYWRkcmVzc19jaXR5IjoiQXN0dXJpYXMsIFNwYWluIiwiaHRpZG9jaWQiOiJlYjdHSlJDZG10eHJDc2lSQUFBQUFBPT0iLCJ1dWxlIjoidytDQUlRSUNJRlUzQmhhVzQifQ==,775
eyJqb2JfdGl0bGUiOiJUw6ljbmljbyBkZSBjaWJlcnNlZ3VyaWRhZCAgKEgvTSkiLCJjb21wYW55X25hbWUiOiJHcnVwbyBPZXPDrWEiLCJhZGRyZXNzX2NpdHkiOiJNYWRyaWQsIFNwYWluIiwiaHRpZG9jaWQiOiIxVExKQjBJYnUxREFtblJHQUFBQUFBPT0iLCJ1dWxlIjoidytDQUlRSUNJRlUzQmhhVzQifQ==,579
eyJqb2JfdGl0bGUiOiJDb25zdWx0b3IvYSB0ZWNuaWNvL2EgSGFja2luZyBldGljbyIsImNvbXBhbnlfbmFtZSI6IkdydXBvIFNJQSIsImFkZHJlc3NfY2l0eSI6IkJpc2NheSwgU3BhaW4iLCJodGlkb2NpZCI6IkdNenZWbDRFUXF2dzA0STZBQUFBQUE9PSIsInV1bGUiOiJ3K0NBSVFJQ0lGVTNCaGFXNCJ9,966
eyJqb2JfdGl0bGUiOiJUZWNuaWNvL2EganVuaW9yIHNlZ3VyaWRhZCBwZXJpbWV0cmFsIiwiY29tcGFueV9uYW1lIjoiR3J1cG8gU0lBIiwiYWRkcmVzc19jaXR5IjoiT3ZpZWRvLCBNdW5pY2lwYWxpdHkgb2YgT3ZpZWRvLCBTcGFpbiIsImh0aWRvY2lkIjoicVkzNU4yTEhrQWY4MnI4YkFBQUFBQT09IiwidXVsZSI6IncrQ0FJUUlDSUZVM0JoYVc0In0=,775
eyJqb2JfdGl0bGUiOiJTT1MgSW5mb3JtYXRpY2EgSGVsbcOhbnRpY2EgU0w6IFTDqWNuaWNvIEluZm9ybcOhdGljbyBkZSBIYXJkd2FyZSB5IFNvZnR3YXJlIiwiY29tcGFueV9uYW1lIjoiam9pbi5jb20iLCJhZGRyZXNzX2NpdHkiOiJDYWJyZXJpem9zLCBTcGFpbiIsImh0aWRvY2lkIjoiazdYMkhoeDdYX2pHRU1zaEFBQUFBQT09IiwidXVsZSI6IncrQ0FJUUlDSUZVM0JoYVc0In0=,616
eyJqb2JfdGl0bGUiOiJFc3BlY2lhbGlzdGEgZW4gY2liZXJzZWd1cmlkYWQiLCJjb21wYW55X25hbWUiOiJNQUlOSk9CUyBJTlRFUk5BQ0lPTkFMIEVEVUNBVElWQSBZIFRFQ05PTMOTR0lDQSBTLkEuVSIsImFkZHJlc3NfY2l0eSI6IlNldmlsbGUsIFNwYWluIiwiaHRpZG9jaWQiOiJUVi1YdTBkb21Ccm50bmwxQUFBQUFBPT0iLCJ1dWxlIjoidytDQUlRSUNJRlUzQmhhVzQifQ==,991
eyJqb2JfdGl0bGUiOiJFeHBlcnRvIGVuIFNlZ3VyaWRhZCBJbmZvcm3DoXRpY2EiLCJjb21wYW55X25hbWUiOiJFY2l4IFRlY2giLCJhZGRyZXNzX2NpdHkiOiJNYWRyaWQsIFNwYWluIiwiaHRpZG9jaWQiOiJfQmxNY3AtcHNlODFsWGMzQUFBQUFBPT0iLCJ1dWxlIjoidytDQUlRSUNJRlUzQmhhVzQifQ==,806
eyJqb2JfdGl0bGUiOiJFc3BlY2lhbGlzdGEgZW4gQXJxdWl0ZWN0dXJhIGRlIFNlZ3VyaWRhZCBJbmZvcm3DoXRpY2EiLCJjb21wYW55X25hbWUiOiJLcmVsbC1jb25zdWx0aW5nIiwiYWRkcmVzc19jaXR5IjoiTWFkcmlkLCBTcGFpbiIsImh0aWRvY2lkIjoiZTh3RHI0a0Q5a0o2UXp4QkFBQUFBQT09IiwidXVsZSI6IncrQ0FJUUlDSUZVM0JoYVc0In0=,147
eyJqb2JfdGl0bGUiOiJFc3BlY2lhbGlzdGEgZW4gQ3VlbnRhcyAtIFNlZ3VyaWRhZCBJbmZvcm3DoXRpY2EiLCJjb21wYW55X25hbWUiOiJUZWxlZm9uaWNhIFMuQS4iLCJhZGRyZXNzX2NpdHkiOiJNYWRyaWQsIFNwYWluIiwiaHRpZG9jaWQiOiI1TjdoV0R0Z2FDX2xZQk1qQUFBQUFBPT0iLCJ1dWxlIjoidytDQUlRSUNJRlUzQmhhVzQifQ==,98
eyJqb2JfdGl0bGUiOiJFc3BlY2lhbGlzdGEgZW4gRVJQIHkgRGVzYXJyb2xsbyBkZSBBcGxpY2FjaW9uZXMiLCJjb21wYW55X25hbWUiOiJSw61vcyBSZW5vdmFibGVzIiwiYWRkcmVzc19jaXR5IjoiU3BhaW4iLCJodGlkb2NpZCI6IlhwVmhEYW53dndnRkJJdWlBQUFBQUE9PSIsInV1bGUiOiJ3K0NBSVFJQ0lGVTNCaGFXNCJ9,616
eyJqb2JfdGl0bGUiOiJERVNBUlJPTExBRE9SL1BST0dSQU1BRE9SIFNFTklPUiIsImNvbXBhbnlfbmFtZSI6IkdydXBvIElPRSAtIEZvcm1hY2nDs24gZGUgY2FsaWRhZCBwYXJhIGVtcHJlc2FzIiwiYWRkcmVzc19jaXR5IjoiU3BhaW4iLCJodGlkb2NpZCI6IjJmNEM5SGo1T25VZjU0bW5BQUFBQUE9PSIsInV1bGUiOiJ3K0NBSVFJQ0lGVTNCaGFXNCJ9,128
eyJqb2JfdGl0bGUiOiJEZXNhcnJvbGxhZG9yL2Egc2VydmljZW5vdyIsImNvbXBhbnlfbmFtZSI6InNlcmVtLiBDb25zdWx0b3LDrWEgZW1wcmVzYXJpYWwiLCJhZGRyZXNzX2NpdHkiOiJNYWRyaWQsIFNwYWluIiwiaHRpZG9jaWQiOiJlX0ZvM1l4aDc2WHVGWmxrQUFBQUFBPT0iLCJ1dWxlIjoidytDQUlRSUNJRlUzQmhhVzQifQ==,579
eyJqb2JfdGl0bGUiOiJJbmdlbmllcm8gTmV0d29yayAvIFJlZGVzIENDTlAgRW50ZXJwcmlzZSIsImNvbXBhbnlfbmFtZSI6IkNhcGdlbWluaSIsImFkZHJlc3NfY2l0eSI6Ik1hZHJpZCwgU3BhaW4iLCJodGlkb2NpZCI6IktDaWczZ0xRcU9zaWxTU2xBQUFBQUE9PSIsInV1bGUiOiJ3K0NBSVFJQ0lGVTNCaGFXNCJ9,500
eyJqb2JfdGl0bGUiOiJJbmdlbmllcm8vYSBSZWQgTcOzdmlsIiwiY29tcGFueV9uYW1lIjoiR3J1cG8gbHBzIiwiYWRkcmVzc19jaXR5IjoiVmFsZW5jaWEsIFNwYWluIiwiaHRpZG9jaWQiOiI4N1JaeXBySXIyVGNQNWtpQUFBQUFBPT0iLCJ1dWxlIjoidytDQUlRSUNJRlUzQmhhVzQifQ==,54
eyJqb2JfdGl0bGUiOiJJbmdlbmllcm8gZGUgdGVsZWZvbsOtYSB5IHJlZGVzIElQIC0gU2V2aWxsYSBIL00iLCJjb21wYW55X25hbWUiOiJBeGlhbnMiLCJhZGRyZXNzX2NpdHkiOiJRdWludGFuYXZpZGVzLCBTcGFpbiIsImh0aWRvY2lkIjoiLThYN3BfZ2dSa0IzU3VaRUFBQUFBQT09IiwidXVsZSI6IncrQ0FJUUlDSUZVM0JoYVc0In0=,500
eyJqb2JfdGl0bGUiOiJJbmdlbmllcm8vYSBlbiBSZWRlcywgQ29tdW5pY2FjaW9uZXMgeSBTZWd1cmlkYWQgUGVyaW1ldHJhbCIsImNvbXBhbnlfbmFtZSI6Ik1pbnNhaXQiLCJhZGRyZXNzX2NpdHkiOiJBbGNvYmVuZGFzLCBTcGFpbiIsImh0aWRvY2lkIjoieWhnNWJyNmFiT2tkVFN3WkFBQUFBQT09IiwidXVsZSI6IncrQ0FJUUlDSUZVM0JoYVc0In0=,806
eyJqb2JfdGl0bGUiOiJJbmdlbmllcm8vYSBqdW5pb3IgfCBSYW1hIGVsZWN0csOzbmljYSB5IHRlbGVjb211bmljYWNpb25lcyIsImNvbXBhbnlfbmFtZSI6IkNBRiBHcm91cCIsImFkZHJlc3NfY2l0eSI6Ik1hZHJpZCwgU3BhaW4iLCJodGlkb2NpZCI6InJEXzVhWEZObjlrbFZISHdBQUFBQUE9PSIsInV1bGUiOiJ3K0NBSVFJQ0lGVTNCaGFXNCJ9,128
eyJqb2JfdGl0bGUiOiJJbmdlbmllcm8gTmV0d29yayAvIFJlZGVzIENDTlAgRW50ZXJwcmlzZSIsImNvbXBhbnlfbmFtZSI6IkNhcGdlbWluaSBFbmdpbmVlcmluZyIsImFkZHJlc3NfY2l0eSI6Ik1hZHJpZCwgU3BhaW4iLCJodGlkb2NpZCI6IjJhTUpoM0VXOVhBNnEzaEtBQUFBQUE9PSIsInV1bGUiOiJ3K0NBSVFJQ0lGVTNCaGFXNCJ9,500
eyJqb2JfdGl0bGUiOiJJbmdlbmllcm8gZGUgUmVkZXMiLCJjb21wYW55X25hbWUiOiJLcmVsbCBDb25zdWx0aW5nIiwiYWRkcmVzc19jaXR5IjoiQmFyY2Vsb25hLCBTcGFpbiIsImh0aWRvY2lkIjoidW8wazhKRjFpMWloT00wY0FBQUFBQT09IiwidXVsZSI6IncrQ0FJUUlDSUZVM0JoYVc0In0=,500
eyJqb2JfdGl0bGUiOiJFSEItMjIxIEluZ2VuaWVyby9hIGRlIFJlZGVzIiwiY29tcGFueV9uYW1lIjoiR1JVUE8gQ1JJVCIsImFkZHJlc3NfY2l0eSI6IlZhbGVuY2lhLCBTcGFpbiIsImh0aWRvY2lkIjoidEVNQ04zaE1jNG1rZm1yYUFBQUFBQT09IiwidXVsZSI6IncrQ0FJUUlDSUZVM0JoYVc0In0=,1130
eyJqb2JfdGl0bGUiOiJJbmdlbmllcm8vYSBOZXR3b3JraW5nIHwgU2VjdG9yIFRlbGVjb211bmljYWNpb25lcyAoQmFyY2Vsb25hKSIsImNvbXBhbnlfbmFtZSI6IkNlbnR1bSIsImFkZHJlc3NfY2l0eSI6IkJhcmNlbG9uYSwgU3BhaW4iLCJodGlkb2NpZCI6InNXMWIxTG5xTlZUUk1GNEpBQUFBQUE9PSIsInV1bGUiOiJ3K0NBSVFJQ0lGVTNCaGFXNCJ9,1182
eyJqb2JfdGl0bGUiOiJJbmdlbmllcm8vYSBkZSBUZWxlY29tdW5pY2FjaW9uZXMgLSBQZXJmaWwgaW50ZWdyYWNpw7NuIGRlIHNpc3RlbWFzIGRlIGNvbXVuaWNhY2lvbmVzIHJhZGlvIiwiY29tcGFueV9uYW1lIjoiRW5naW5lZXJzIFNvdXJjaW5nIiwiYWRkcmVzc19jaXR5IjoiVG9ycmVqw7NuIGRlIEFyZG96LCBTcGFpbiIsImh0aWRvY2lkIjoib3owV00ybFBHTGsya2MxdkFBQUFBQT09IiwidXVsZSI6IncrQ0FJUUlDSUZVM0JoYVc0In0=,128
eyJqb2JfdGl0bGUiOiJFc3BlY2lhbGlzdGEgRW4gVmlydHVhbGl6YWNpw7NuIiwiY29tcGFueV9uYW1lIjoiQXJlbGFuY2UiLCJhZGRyZXNzX2NpdHkiOiJNYWRyaWQsIFNwYWluIiwiaHRpZG9jaWQiOiJ0R1BRaWNwbWw1LW9xeGVsQUFBQUFBPT0iLCJ1dWxlIjoidytDQUlRSUNJRlUzQmhhVzQifQ==,1178
eyJqb2JfdGl0bGUiOiJFc3BlY2lhbGlzdGEgRW4gVmlydHVhbGl6YWNpw7NuIiwiY29tcGFueV9uYW1lIjoiQXJlbGFuY2UiLCJhZGRyZXNzX2NpdHkiOiJNYWRyaWQsIFNwYWluIiwiaHRpZG9jaWQiOiJjczFpOWRLSjZGWTRxbWpUQUFBQUFBPT0iLCJ1dWxlIjoidytDQUlRSUNJRlUzQmhhVzQifQ==,1178
eyJqb2JfdGl0bGUiOiJBZG1pbmlzdHJhZG9yIGRlIFNpc3RlbWFzIFNlbmlvciBlbiBWaXJ0dWFsaXphY2nDs24iLCJjb21wYW55X25hbWUiOiJJYWFTMzY1IiwiYWRkcmVzc19jaXR5IjoiTWFkcmlkLCBTcGFpbiIsImh0aWRvY2lkIjoidFhpWXJ2UWJEaFIxc3JGa0FBQUFBQT09IiwidXVsZSI6IncrQ0FJUUlDSUZVM0JoYVc0In0=,152
eyJqb2JfdGl0bGUiOiJJbmdlbmllcm8gZW4gc2lzdGVtYXMgeSB2aXJ0dWFsaXphY2nDs24gQmFyY2Vsb25hIiwiY29tcGFueV9uYW1lIjoiSVJJVU0iLCJhZGRyZXNzX2NpdHkiOiJCYXJjZWxvbmEsIFNwYWluIiwiaHRpZG9jaWQiOiJ1VXY1c1pIYmp5Q0R3aWVGQUFBQUFBPT0iLCJ1dWxlIjoidytDQUlRSUNJRlUzQmhhVzQifQ==,1154
eyJqb2JfdGl0bGUiOiJBZG1pbmlzdHJhZG9yL2EgQWxtYWNlbmFtaWVudG8geSBWaXJ0dWFsaXphY2nDs24iLCJjb21wYW55X25hbWUiOiJlWHBlcmllbmNlIElUIFNvbHV0aW9ucyIsImFkZHJlc3NfY2l0eSI6IlBhbG1hLCBTcGFpbiIsImh0aWRvY2lkIjoiMzZjYV9VRG9yUngzazYzWEFBQUFBQT09IiwidXVsZSI6IncrQ0FJUUlDSUZVM0JoYVc0In0=,152
eyJqb2JfdGl0bGUiOiJFc3BlY2lhbGlzdGEgZW4gSW50ZWxpZ2VuY2lhIGRlIE5lZ29jaW9zIiwiY29tcGFueV9uYW1lIjoiSW5ldHVtIiwiYWRkcmVzc19jaXR5IjoiQmFyY2Vsb25hLCBTcGFpbiIsImh0aWRvY2lkIjoiVmN0Vk9rZGw3YXNPRC13dUFBQUFBQT09IiwidXVsZSI6IncrQ0FJUUlDSUZVM0JoYVc0In0=,274
eyJqb2JfdGl0bGUiOiJDb25zdWx0b3IvYSBkZSBJbnRlbGlnZW5jaWEgZGUgTmVnb2Npb3MgKEJJKSIsImNvbXBhbnlfbmFtZSI6IkhNIEhvc3BpdGFsZXMiLCJhZGRyZXNzX2NpdHkiOiJNYWRyaWQsIFNwYWluIiwiaHRpZG9jaWQiOiJKVUg0QUtKY3h4YTV6bC1YQUFBQUFBPT0iLCJ1dWxlIjoidytDQUlRSUNJRlUzQmhhVzQifQ==,856
eyJqb2JfdGl0bGUiOiJCZWNhIEJ1c2luZXNzIEludGVsbGlnZW5jZSIsImNvbXBhbnlfbmFtZSI6IlRoZSBDb2NrdGFpbCIsImFkZHJlc3NfY2l0eSI6Ik1hZHJpZCwgU3BhaW4iLCJodGlkb2NpZCI6IjJ2VzgxUjJocE9TZVlwaWJBQUFBQUE9PSIsInV1bGUiOiJ3K0NBSVFJQ0lGVTNCaGFXNCJ9,366
eyJqb2JfdGl0bGUiOiJFc3BlY2lhbGlzdGEgRW4gQW7DoWxpc2lzIERlIERhdG9zIFkgQnVzaW5lc3MgSW50ZWxsaWdlbmNlIiwiY29tcGFueV9uYW1lIjoiS2V5IFRhbGVudCBJbmRpY2F0b3IiLCJhZGRyZXNzX2NpdHkiOiJBIENvcnXDsWEsIFNwYWluIiwiaHRpZG9jaWQiOiIxTzRtMndhTFhIRE02dDlkQUFBQUFBPT0iLCJ1dWxlIjoidytDQUlRSUNJRlUzQmhhVzQifQ==,1042
eyJqb2JfdGl0bGUiOiJCdXNpbmVzcyBJbnRlbGxpZ2VuY2UgQ29uc3VsdGFudCIsImNvbXBhbnlfbmFtZSI6IkNvbXBsZWpvIGhvc3BpdGFsYXJpbyBSdWJlciBKdWFuIEJyYXZvIiwiYWRkcmVzc19jaXR5IjoiTWFkcmlkLCBTcGFpbiIsImh0aWRvY2lkIjoiY0NFWE5Xb3dKWU9MUkFORUFBQUFBQT09IiwidXVsZSI6IncrQ0FJUUlDSUZVM0JoYVc0In0=,86
eyJqb2JfdGl0bGUiOiJCdXNpbmVzcyBJbnRlbGxpZ2VuY2UgRGV2ZWxvcGVyIiwiY29tcGFueV9uYW1lIjoiTlRUIERBVEEgRXVyb3BlIFx1MDAyNiBMYXRhbSIsImFkZHJlc3NfY2l0eSI6IlNwYWluIiwiaHRpZG9jaWQiOiJhTEt2WG5aOHlySGhoenlVQUFBQUFBPT0iLCJ1dWxlIjoidytDQUlRSUNJRlUzQmhhVzQifQ==,274
eyJqb2JfdGl0bGUiOiJBZG1pbmlzdHJhZG9yL2EgU2lzdGVtYXMgTGludXgiLCJjb21wYW55X25hbWUiOiJBZGdsb3ciLCJhZGRyZXNzX2NpdHkiOiJCYXJjZWxvbmEsIFNwYWluIiwiaHRpZG9jaWQiOiJ3RTRKWjN0Y0d1Q2VLZGl1QUFBQUFBPT0iLCJ1dWxlIjoidytDQUlRSUNJRlUzQmhhVzQifQ==,152
eyJqb2JfdGl0bGUiOiIoU29sbyBRdWVkYW4gMjRoKSBBZG1pbmlzdHJhZG9yL2EgZGUgU2lzdGVtYXMgd2ViL0xpbnV4IHwgW1ROOTU2XSIsImNvbXBhbnlfbmFtZSI6IktleSBUYWxlbnQgSW5kaWNhdG9yIiwiYWRkcmVzc19jaXR5IjoiQ29tbXVuaXR5IG9mIE1hZHJpZCwgU3BhaW4iLCJodGlkb2NpZCI6Ik5aNWpSZElzeDZzR19nVTBBQUFBQUE9PSIsInV1bGUiOiJ3K0NBSVFJQ0lGVTNCaGFXNCJ9,152
eyJqb2JfdGl0bGUiOiJBZG1pbmlzdHJhZG9yIFNpc3RlbWFzIExJTlVYIGNvbiBDbG91ZGVyYSIsImNvbXBhbnlfbmFtZSI6IklSSVVNIiwiYWRkcmVzc19jaXR5IjoiTWFkcmlkLCBTcGFpbiIsImh0aWRvY2lkIjoidkRSdW12SzlkR04tY3A2V0FBQUFBQT09IiwidXVsZSI6IncrQ0FJUUlDSUZVM0JoYVc0In0=,152
eyJqb2JfdGl0bGUiOiJBZG1pbmlzdHJhZG9yL2EgZGUgU2lzdGVtYXMgTGludXgiLCJjb21wYW55X25hbWUiOiJHUlVQTyBDUklUIiwiYWRkcmVzc19jaXR5IjoiTWFkcmlkLCBTcGFpbiIsImh0aWRvY2lkIjoiZUJnMnZfZzh4SDJYUXpETkFBQUFBQT09IiwidXVsZSI6IncrQ0FJUUlDSUZVM0JoYVc0In0=,152
eyJqb2JfdGl0bGUiOiJBZG1pbmlzdHJhZG9yIGRlIFNpc3RlbWFzIExpbnV4IiwiY29tcGFueV9uYW1lIjoiU2FuZG9rYW4iLCJhZGRyZXNzX2NpdHkiOiJMYXMgR2FsbGV0YXMsIFNwYWluIiwiaHRpZG9jaWQiOiJQQk45UHpBcTF4X0FXTWlLQUFBQUFBPT0iLCJ1dWxlIjoidytDQUlRSUNJRlUzQmhhVzQifQ==,152
eyJqb2JfdGl0bGUiOiJBZG1pbmlzdHJhZG9yL2EgZGUgc2lzdGVtYXMgTGludXggZGUgZGF0YWh1YiAoVGVsZXRyYWJham8gOTUlKSIsImNvbXBhbnlfbmFtZSI6ImtlYXBwcyIsImFkZHJlc3NfY2l0eSI6IkJhcmNlbG9uYSwgU3BhaW4iLCJodGlkb2NpZCI6IjRpVUhCazJua1pTcl80bkdBQUFBQUE9PSIsInV1bGUiOiJ3K0NBSVFJQ0lGVTNCaGFXNCJ9,152
eyJqb2JfdGl0bGUiOiJBZG1pbmlzdHJhZG9yZXMvYXMgZGUgc2lzdGVtYXMgTGludXgganVuaW9yIHkgc2VuaW9yIiwiY29tcGFueV9uYW1lIjoiUmFpb2xhIE5ldHdvcmtzIiwiYWRkcmVzc19jaXR5IjoiTHVnbywgU3BhaW4iLCJodGlkb2NpZCI6ImJpUElTZlpWV3d6VUFPV3BBQUFBQUE9PSIsInV1bGUiOiJ3K0NBSVFJQ0lGVTNCaGFXNCJ9,182
eyJqb2JfdGl0bGUiOiJBZG1pbmlzdHJhZG9yIHNpc3RlbWFzIChsaW51eC9zdXNlKSIsImNvbXBhbnlfbmFtZSI6IlBzcyIsImFkZHJlc3NfY2l0eSI6Ik1hZHJpZCwgU3BhaW4iLCJodGlkb2NpZCI6Ikl1eTI3V2lubEo5VXBDazlBQUFBQUE9PSIsInV1bGUiOiJ3K0NBSVFJQ0lGVTNCaGFXNCJ9,152
eyJqb2JfdGl0bGUiOiJBZG1pbmlzdHJhZG9yIHNpc3RlbWFzIChsaW51eCByZWQgaGF0KSIsImNvbXBhbnlfbmFtZSI6IlBzcyIsImFkZHJlc3NfY2l0eSI6IkJhcmNlbG9uYSwgU3BhaW4iLCJodGlkb2NpZCI6Ik5PR3hTSFRrYXR4OGhSby1BQUFBQUE9PSIsInV1bGUiOiJ3K0NBSVFJQ0lGVTNCaGFXNCJ9,1130
eyJqb2JfdGl0bGUiOiJBZG1pbmlzdHJhZG9yIGRlIFNpc3RlbWFzIFdpbmRvd3MvTGludXgiLCJjb21wYW55X25hbWUiOiJCbyBHcm93dGgiLCJhZGRyZXNzX2NpdHkiOiJWYWxlbmNpYSwgU3BhaW4iLCJodGlkb2NpZCI6ImhQbzMxWDlONG9XTGFTcGdBQUFBQUE9PSIsInV1bGUiOiJ3K0NBSVFJQ0lGVTNCaGFXNCJ9,966
eyJqb2JfdGl0bGUiOiJBZG1pbmlzdHJhZG9yIFNpc3RlbWFzIExpbnV4IENvbiBDbG91ZGVyYSIsImNvbXBhbnlfbmFtZSI6IklyaXVtIC0gU3BhaW4iLCJhZGRyZXNzX2NpdHkiOiJaYXJhZ296YSwgU3BhaW4iLCJodGlkb2NpZCI6ImR1a3FQNWN3SVB5NDdjUXJBQUFBQUE9PSIsInV1bGUiOiJ3K0NBSVFJQ0lGVTNCaGFXNCJ9,152
eyJqb2JfdGl0bGUiOiJBbmFsaXN0YSBkZSBNYWx3YXJlIiwiY29tcGFueV9uYW1lIjoiQUxURU4gU3BhaW4iLCJhZGRyZXNzX2NpdHkiOiJTcGFpbiIsImh0aWRvY2lkIjoiQ2pEVUVVRU5RS1ZiSVlKdEFBQUFBQT09IiwidXVsZSI6IncrQ0FJUUlDSUZVM0JoYVc0In0=,128
eyJqb2JfdGl0bGUiOiJHZXN0acOzbiBEZSBLcGlzLCBDaWJlcnNlZ3VyaWRhZCwgMTAwJSBFbiBSZW1vdG8gfCIsImNvbXBhbnlfbmFtZSI6IkNhcyBUcmFpbmluZyIsImFkZHJlc3NfY2l0eSI6Ik1hZHJpZCwgU3BhaW4iLCJodGlkb2NpZCI6IktRMkpQMmJRTWxBRlFpYXZBQUFBQUE9PSIsInV1bGUiOiJ3K0NBSVFJQ0lGVTNCaGFXNCJ9,1126
eyJqb2JfdGl0bGUiOiJFc3BlY2lhbGlzdGEgZW4gY2liZXJzZWd1cmlkYWQiLCJjb21wYW55X25hbWUiOiJOZW90YWxlbnQgQ29uY2x1c2lvbiIsImFkZHJlc3NfY2l0eSI6Ik1hZHJpZCwgU3BhaW4iLCJodGlkb2NpZCI6InRVR3BnMFA5a3ZUYkg3aUpBQUFBQUE9PSIsInV1bGUiOiJ3K0NBSVFJQ0lGVTNCaGFXNCJ9,500
eyJqb2JfdGl0bGUiOiJQcmV2ZW50YSBkZSBJbmZyYWVzdHJ1Y3R1cmFzIGRlIGNhYmxlYWRvIGVzdHJ1Y3R1cmFkbywgdm96IHkgZGF0b3MiLCJjb21wYW55X25hbWUiOiJNeXN0ZXJ5IFByb2plY3QiLCJhZGRyZXNzX2NpdHkiOiJMZWdhbsOpcywgU3BhaW4iLCJodGlkb2NpZCI6InRmenJFOVk3TTc0OXU0ZDRBQUFBQUE9PSIsInV1bGUiOiJ3K0NBSVFJQ0lGVTNCaGFXNCJ9,616
eyJqb2JfdGl0bGUiOiJFc3BlY2lhbGlzdGFzIEVuIEluZnJhZXN0cnVjdHVyYSBJdCBZIFJlZGVzIiwiY29tcGFueV9uYW1lIjoiTmV3cG9pbnQgQ29uc3VsdGluZyIsImFkZHJlc3NfY2l0eSI6Ik1hZHJpZCwgU3BhaW4iLCJodGlkb2NpZCI6IjRabWZWeHh4bU50aUpzUjBBQUFBQUE9PSIsInV1bGUiOiJ3K0NBSVFJQ0lGVTNCaGFXNCJ9,500
eyJqb2JfdGl0bGUiOiJJbmdlbmllcm8gZGUgc2VndXJpZGFkIGRlIFRJIiwiY29tcGFueV9uYW1lIjoiQXllc2EiLCJhZGRyZXNzX2NpdHkiOiJNYWRyaWQsIFNwYWluIiwiaHRpZG9jaWQiOiJIMmVOdVdPbjRmMzF6N3ZlQUFBQUFBPT0iLCJ1dWxlIjoidytDQUlRSUNJRlUzQmhhVzQifQ==,202
eyJqb2JfdGl0bGUiOiJJbmdlbmllcm8vYSBTZWd1cmlkYWQgRU5TIiwiY29tcGFueV9uYW1lIjoiTWluc2FpdCIsImFkZHJlc3NfY2l0eSI6Ik1hZHJpZCwgU3BhaW4iLCJodGlkb2NpZCI6Iks5Vzc4NWNSMGh5ZU5PSnBBQUFBQUE9PSIsInV1bGUiOiJ3K0NBSVFJQ0lGVTNCaGFXNCJ9,806
eyJqb2JfdGl0bGUiOiJJbmdlbmllcm8vYSBlbiBzZWd1cmlkYWQgLSBNL0giLCJjb21wYW55X25hbWUiOiJFdXJvcGVhbiBTYXRlbGxpdGUgU2VydmljZXMgUHJvdmlkZXIiLCJhZGRyZXNzX2NpdHkiOiJUb3JyZWrDs24gZGUgQXJkb3osIFNwYWluIiwiaHRpZG9jaWQiOiJiTXVwZEdUenFFRWxFeHJzQUFBQUFBPT0iLCJ1dWxlIjoidytDQUlRSUNJRlUzQmhhVzQifQ==,128
eyJqb2JfdGl0bGUiOiJVQi0xOTUgfCBJbmdlbmllcm8gZGUgU2VndXJpZGFkIGRlIFNpc3RlbWFzIiwiY29tcGFueV9uYW1lIjoiQWVjb20iLCJhZGRyZXNzX2NpdHkiOiJDb21tdW5pdHkgb2YgTWFkcmlkLCBTcGFpbiIsImh0aWRvY2lkIjoia0gtZ2szdEZvRkE1eFZPNkFBQUFBQT09IiwidXVsZSI6IncrQ0FJUUlDSUZVM0JoYVc0In0=,455
eyJqb2JfdGl0bGUiOiJJbmdlbmllcm8vYSBkZSBTZWd1cmlkYWQgZGUgU2lzdGVtYXMiLCJjb21wYW55X25hbWUiOiJFbWJlbnRpb24iLCJhZGRyZXNzX2NpdHkiOiJBbGljYW50ZSwgU3BhaW4iLCJodGlkb2NpZCI6Im82eTBlLTQza2N1UkYzRjVBQUFBQUE9PSIsInV1bGUiOiJ3K0NBSVFJQ0lGVTNCaGFXNCJ9,583
eyJqb2JfdGl0bGUiOiJJbmdlbmllcm8gZGUgSW5ub3ZhY2nDs24gc2VuaW9yIGVuIENpYmVyc2VndXJpZGFkIChNYWRyaWQpIiwiY29tcGFueV9uYW1lIjoiQm8gR3Jvd3RoIiwiYWRkcmVzc19jaXR5IjoiTWFkcmlkLCBTcGFpbiIsImh0aWRvY2lkIjoiVDREd1djeEFsdHBMSmgycUFBQUFBQT09IiwidXVsZSI6IncrQ0FJUUlDSUZVM0JoYVc0In0=,806
eyJqb2JfdGl0bGUiOiJJbmdlbmllcm8vYSBkZSBDaWJlcnNlZ3VyaWRhZCBpbmR1c3RyaWFsIChPVCkiLCJjb21wYW55X25hbWUiOiJHZXRyb25pY3MiLCJhZGRyZXNzX2NpdHkiOiJTcGFpbiIsImh0aWRvY2lkIjoiM0ttS21IUk1WMXo4amdQc0FBQUFBQT09IiwidXVsZSI6IncrQ0FJUUlDSUZVM0JoYVc0In0=,128
eyJqb2JfdGl0bGUiOiJJbmdlbmllcm8vYSBkZSBjaWJlcnNlZ3VyaWRhZCAoU2VuaW9yKSIsImNvbXBhbnlfbmFtZSI6IkFudGFsIEludGVybmF0aW9uYWwiLCJhZGRyZXNzX2NpdHkiOiJNYWRyaWQsIFNwYWluIiwiaHRpZG9jaWQiOiJRdnp0ME5wQTRKWVlYR1hmQUFBQUFBPT0iLCJ1dWxlIjoidytDQUlRSUNJRlUzQmhhVzQifQ==,152
eyJqb2JfdGl0bGUiOiJBbmFsaXN0YSBQcm9ncmFtYWRvciBKYXZhIiwiY29tcGFueV9uYW1lIjoiSXRqb2JzIiwiYWRkcmVzc19jaXR5IjoiTWFkcmlkLCBTcGFpbiIsImh0aWRvY2lkIjoidlJkMjIxeFY0Q2dIT2NmOEFBQUFBQT09IiwidXVsZSI6IncrQ0FJUUlDSUZVM0JoYVc0In0=,131
eyJqb2JfdGl0bGUiOiJBbmFsaXN0YSBQcm9ncmFtYWRvci9BIEphdmEgSXQgwrcgTWFkcmlkIMK3IENvbXBsZXRhbWVudGUgUmVtb3RvIiwiY29tcGFueV9uYW1lIjoiTWFsdGh1cyBEYXJ3aW4iLCJhZGRyZXNzX2NpdHkiOiJaYXJhZ296YSwgU3BhaW4iLCJodGlkb2NpZCI6IlVIc2xoU1I2bDV5QXFJYXFBQUFBQUE9PSIsInV1bGUiOiJ3K0NBSVFJQ0lGVTNCaGFXNCJ9,131
eyJqb2JfdGl0bGUiOiJQcm9ncmFtYWRvciBKYXZhIiwiY29tcGFueV9uYW1lIjoiUGFnZSBQZXJzb25uZWwiLCJhZGRyZXNzX2NpdHkiOiJNYWRyaWQsIFNwYWluIiwiaHRpZG9jaWQiOiJ5MGR2ak5CdWVCUko5MDFWQUFBQUFBPT0iLCJ1dWxlIjoidytDQUlRSUNJRlUzQmhhVzQifQ==,131
eyJqb2JfdGl0bGUiOiJbQlFENDc1XSB8IFRUZWNoX1MtVMOpY25pY28vYSBFeHBlcnRvL2EgZGUgVmlydHVhbGl6YWNpw7NuIiwiY29tcGFueV9uYW1lIjoiVGVsZWbDs25pY2EgUy4gQS4iLCJhZGRyZXNzX2NpdHkiOiJTcGFpbiIsImh0aWRvY2lkIjoiVlp5bUxuS24wUktlMzlZZUFBQUFBQT09IiwidXVsZSI6IncrQ0FJUUlDSUZVM0JoYVc0In0=,1178
eyJqb2JfdGl0bGUiOiJUw6ljbmljbyBkZSBnZXN0acOzbiBkZSBtw6FxdWluYXMgdmlydHVhbGVzIiwiY29tcGFueV9uYW1lIjoiQXViYXkiLCJhZGRyZXNzX2NpdHkiOiJNYWRyaWQsIFNwYWluIiwiaHRpZG9jaWQiOiJXYW1MV05Nc0UtTVFjTlA4QUFBQUFBPT0iLCJ1dWxlIjoidytDQUlRSUNJRlUzQmhhVzQifQ==,1178
eyJqb2JfdGl0bGUiOiJJbmdlbmllcm8vIFRlY25pY28gRGUgVmlydHVhbGl6YWNpw7NuIENvbiBWbXdhcmUiLCJjb21wYW55X25hbWUiOiJSZW1vdGVhbmR0YWxlbnQiLCJhZGRyZXNzX2NpdHkiOiJCYXJjZWxvbmEsIFNwYWluIiwiaHRpZG9jaWQiOiJBVXRRNUszdlBuM3k2bXZlQUFBQUFBPT0iLCJ1dWxlIjoidytDQUlRSUNJRlUzQmhhVzQifQ==,274
eyJqb2JfdGl0bGUiOiJQUkVWRU5UQSBTT0xVQ0lPTkVTIFZJUlRVQUxJWkFDScOTTiIsImNvbXBhbnlfbmFtZSI6IlNlcm1pY3JvIiwiYWRkcmVzc19jaXR5IjoiTWFkcmlkLCBTcGFpbiIsImh0aWRvY2lkIjoiSXNNakpwdVNnVDAtSHhBRkFBQUFBQT09IiwidXVsZSI6IncrQ0FJUUlDSUZVM0JoYVc0In0=,1178
eyJqb2JfdGl0bGUiOiJFc3BlY2lhbGlzdGEgcmVkZXMgeSBjb211bmljYWNpb25lcyAoTcOhbGFnYSkiLCJjb21wYW55X25hbWUiOiJJQ0EiLCJhZGRyZXNzX2NpdHkiOiJNw6FsYWdhLCBTcGFpbiIsImh0aWRvY2lkIjoiOGtqeHc5RlE1RWZ4dVNIcEFBQUFBQT09IiwidXVsZSI6IncrQ0FJUUlDSUZVM0JoYVc0In0=,578
eyJqb2JfdGl0bGUiOiJBZG1pbmlzdHJhZG9yL2EgZGUgUkVERVMgTjMiLCJjb21wYW55X25hbWUiOiJFc2Zlcml6ZSIsImFkZHJlc3NfY2l0eSI6Ik1hZHJpZCwgU3BhaW4iLCJodGlkb2NpZCI6IndwNlIyVEZwdXhJRlBPZWpBQUFBQUE9PSIsInV1bGUiOiJ3K0NBSVFJQ0lGVTNCaGFXNCJ9,1212
eyJqb2JfdGl0bGUiOiJUw6ljbmljbyBFc3BlY2lhbGlzdGEgU2VuaW9yIEVuIENvbXVuaWNhY2lvbmVzLCBSZWRlcyBZIFNlZ3VyaWRhZCIsImNvbXBhbnlfbmFtZSI6IkNldSIsImFkZHJlc3NfY2l0eSI6Ik1hZHJpZCwgU3BhaW4iLCJodGlkb2NpZCI6InBocS1UdHNfYmxrTG1iRXFBQUFBQUE9PSIsInV1bGUiOiJ3K0NBSVFJQ0lGVTNCaGFXNCJ9,300
eyJqb2JfdGl0bGUiOiJUw6ljbmljbyBkZSByZWRlcyB5IGNvbXVuaWNhY2lvbmVzIiwiY29tcGFueV9uYW1lIjoiSm9ib3NzIiwiYWRkcmVzc19jaXR5IjoiTWFkcmlkLCBTcGFpbiIsImh0aWRvY2lkIjoiNXlEcW0xZXpNWDFncF92YkFBQUFBQT09IiwidXVsZSI6IncrQ0FJUUlDSUZVM0JoYVc0In0=,500
eyJqb2JfdGl0bGUiOiJFc3BlY2lhbGlzdGEgUmVkZXMiLCJjb21wYW55X25hbWUiOiJsaW5lYSBkaXJlY3RhIiwiYWRkcmVzc19jaXR5IjoiU3BhaW4iLCJodGlkb2NpZCI6ImNlS2FuS1BFeGNRSkhUQmhBQUFBQUE9PSIsInV1bGUiOiJ3K0NBSVFJQ0lGVTNCaGFXNCJ9,500
eyJqb2JfdGl0bGUiOiJJTkdFTklFUsONQSBERSBTSVNURU1BUyAtIEluZ2VuaWVybyBFeHBlcnRvIGRlIFRlbGVjb211bmljYWNpb25lcyBjb24gZXhwZXJpZW5jaWEgZW4gUmFkaW8gZGVmaW5pZGEgcG9yIFNvZnR3YXJlIChTRFIpIiwiY29tcGFueV9uYW1lIjoiSW5kcmEiLCJhZGRyZXNzX2NpdHkiOiJUb3JyZWrDs24gZGUgQXJkb3osIFNwYWluIiwiaHRpZG9jaWQiOiJvSFMwWG5ocGxYQzVod2xBQUFBQUFBPT0iLCJ1dWxlIjoidytDQUlRSUNJRlUzQmhhVzQifQ==,128
eyJqb2JfdGl0bGUiOiJUw6ljbmljby9hIGRlIFJlZGVzIHkgQ29tdW5pY2FjaW9uZXMiLCJjb21wYW55X25hbWUiOiJJUE0sIGEgUmljb2ggQ29tcGFueSIsImFkZHJlc3NfY2l0eSI6Ik92aWVkbywgTXVuaWNpcGFsaXR5IG9mIE92aWVkbywgU3BhaW4iLCJodGlkb2NpZCI6ImtDaHk1ZjlPUDU4MnFrR2JBQUFBQUE9PSIsInV1bGUiOiJ3K0NBSVFJQ0lGVTNCaGFXNCJ9,579
eyJqb2JfdGl0bGUiOiJURUNOSUNPIERFIFRFTEVDT01VTklDQUNJT05FUyIsImNvbXBhbnlfbmFtZSI6IkF2YWNjbyBuZXcgaW5mb3JtYXRpb24gdGVjaG5vbG9naWVzLHMubC4iLCJhZGRyZXNzX2NpdHkiOiJNYWRyaWQsIFNwYWluIiwiaHRpZG9jaWQiOiJCVGxGanMxcDRxUENvYVJnQUFBQUFBPT0iLCJ1dWxlIjoidytDQUlRSUNJRlUzQmhhVzQifQ==,500
eyJqb2JfdGl0bGUiOiJUZWNuaWNvIERlIFJlZGVzIFkgQ29tdW5pY2FjaW9uZXMiLCJjb21wYW55X25hbWUiOiJTZWxlY2Npw7NuIC1JdCIsImFkZHJlc3NfY2l0eSI6Ik1hZHJpZCwgU3BhaW4iLCJodGlkb2NpZCI6IjNSRUo3NFlQam80Rmh6bS1BQUFBQUE9PSIsInV1bGUiOiJ3K0NBSVFJQ0lGVTNCaGFXNCJ9,579
eyJqb2JfdGl0bGUiOiJUw6ljbmljbyBkZSBDb211bmljYWNpb25lcyIsImNvbXBhbnlfbmFtZSI6IlRSUyBTdGFmZmluZyBTb2x1dGlvbnMiLCJhZGRyZXNzX2NpdHkiOiJTZXZpbGxlLCBTcGFpbiIsImh0aWRvY2lkIjoiWW1tMnFnYVVhc3RCWTVIV0FBQUFBQT09IiwidXVsZSI6IncrQ0FJUUlDSUZVM0JoYVc0In0=,775
eyJqb2JfdGl0bGUiOiJJbmZvcm3DoXRpY2EgWSBUZWxlY29tdW5pY2FjaW9uZXMgSW5nZW5pZXJvL0EgUmVkZXMgWSBDb211bmljYWNpb25lcyBaYXJhZ296YSIsImNvbXBhbnlfbmFtZSI6IkdydXBvIEludGVncmEgWHhpIFNvY2llZGFkIExpbWl0YWRhIiwiYWRkcmVzc19jaXR5IjoiWmFyYWdvemEsIFNwYWluIiwiaHRpZG9jaWQiOiJ2akF0LUdNZ3RpUEswdzJQQUFBQUFBPT0iLCJ1dWxlIjoidytDQUlRSUNJRlUzQmhhVzQifQ==,1130
eyJqb2JfdGl0bGUiOiJUw6ljbmljbyBkZSBSZWRlcyBOMiIsImNvbXBhbnlfbmFtZSI6IkNJVklSIiwiYWRkcmVzc19jaXR5IjoiTWFkcmlkLCBTcGFpbiIsImh0aWRvY2lkIjoiMHZRbWNoSUREc3k5cGNta0FBQUFBQT09IiwidXVsZSI6IncrQ0FJUUlDSUZVM0JoYVc0In0=,152
eyJqb2JfdGl0bGUiOiJJbmdlbmllcm8gSnVuaW9yIFRlbGVjb211bmljYWNpb25lcyAvIEluZHVzdHJpYWwgLyBBZXJvbsOhdXRpY28gKEjDrWJyaWRvIC0gTWFkcmlkKSIsImNvbXBhbnlfbmFtZSI6IkV4cGVyaXMgRXNwYcOxYSIsImFkZHJlc3NfY2l0eSI6Ik1hZHJpZCwgU3BhaW4iLCJodGlkb2NpZCI6IlN5NzZYc08zNElLWmJnaktBQUFBQUE9PSIsInV1bGUiOiJ3K0NBSVFJQ0lGVTNCaGFXNCJ9,4
eyJqb2JfdGl0bGUiOiJQcm9ncmFtYWRvciBjKysgKGxpbnV4KSIsImNvbXBhbnlfbmFtZSI6IkhheXMiLCJhZGRyZXNzX2NpdHkiOiJWYWxlbmNpYSwgU3BhaW4iLCJodGlkb2NpZCI6Im5qbzJOQmVJN3l0anktNUdBQUFBQUE9PSIsInV1bGUiOiJ3K0NBSVFJQ0lGVTNCaGFXNCJ9,152
eyJqb2JfdGl0bGUiOiJBLiBwcm9ncmFtYWRvciBjIC8gYysrIGphdmEgdW5peCIsImNvbXBhbnlfbmFtZSI6IktyZWxsIENvbnN1bHRpbmcgXHUwMDI2QW1wOyBUcmFpbmluZyIsImFkZHJlc3NfY2l0eSI6Ik1hZHJpZCwgU3BhaW4iLCJodGlkb2NpZCI6IjBrWXc2dUV1VDljYTZHZGlBQUFBQUE9PSIsInV1bGUiOiJ3K0NBSVFJQ0lGVTNCaGFXNCJ9,131
eyJqb2JfdGl0bGUiOiJQcm9ncmFtYWRvci9hIEMrKyAvIFNvZnR3YXJlIEVtYmViaWRvIChFc3RhYmxlKSAtIFZhbGVuY2lhLCBFc3Bhw7FhIiwiY29tcGFueV9uYW1lIjoiU2FuZGF2IiwiYWRkcmVzc19jaXR5IjoiVmFsZW5jaWEsIFNwYWluIiwiaHRpZG9jaWQiOiJPd3hZVGo0anV1VEhfTUw1QUFBQUFBPT0iLCJ1dWxlIjoidytDQUlRSUNJRlUzQmhhVzQifQ==,152
eyJqb2JfdGl0bGUiOiJQcm9ncmFtYWRvciBDL0MrKyBwYXJhIERlc2Fycm9sbG8gZGUgSnVlZ29zIiwiY29tcGFueV9uYW1lIjoiR3J1cG8gTWV0cm9uaWEiLCJhZGRyZXNzX2NpdHkiOiJTYW4gU2ViYXN0acOhbiBkZSBsb3MgUmV5ZXMsIFNwYWluIiwiaHRpZG9jaWQiOiJ4LUp2eURaNFl2RjhENFpKQUFBQUFBPT0iLCJ1dWxlIjoidytDQUlRSUNJRlUzQmhhVzQifQ==,138
eyJqb2JfdGl0bGUiOiJQcm9ncmFtYWRvciBqdW5pb3IgYysrIiwiY29tcGFueV9uYW1lIjoiUHNzIiwiYWRkcmVzc19jaXR5IjoiTWFkcmlkLCBTcGFpbiIsImh0aWRvY2lkIjoiWlVXS2F3bGstWEJpUTNGQ0FBQUFBQT09IiwidXVsZSI6IncrQ0FJUUlDSUZVM0JoYVc0In0=,1143
eyJqb2JfdGl0bGUiOiJEZXNhcnJvbGxhZG9yIFPDqW5pb3IgQysrIiwiY29tcGFueV9uYW1lIjoiYXJlbGFuY2UiLCJhZGRyZXNzX2NpdHkiOiJNw6FsYWdhLCBTcGFpbiIsImh0aWRvY2lkIjoidmVXLU5BSk5MZU82WlhKWUFBQUFBQT09IiwidXVsZSI6IncrQ0FJUUlDSUZVM0JoYVc0In0=,152
eyJqb2JfdGl0bGUiOiJBcCBDL0MrKyIsImNvbXBhbnlfbmFtZSI6IlVuc3BlY2lmaWVkIiwiYWRkcmVzc19jaXR5IjoiTWFkcmlkLCBTcGFpbiIsImh0aWRvY2lkIjoibG9vdlNuY1NRVkQ4NlhhSUFBQUFBQT09IiwidXVsZSI6IncrQ0FJUUlDSUZVM0JoYVc0In0=,44
eyJqb2JfdGl0bGUiOiJDKysgZGV2ZWxvcGVyIiwiY29tcGFueV9uYW1lIjoiTWFybGV4IiwiYWRkcmVzc19jaXR5IjoiWmFyYWdvemEsIFNwYWluIiwiaHRpZG9jaWQiOiJDYkF0Sjg5bTdBTFk0X3RHQUFBQUFBPT0iLCJ1dWxlIjoidytDQUlRSUNJRlUzQmhhVzQifQ==,128
eyJqb2JfdGl0bGUiOiJTZW5pb3IgQysrIERldmVsb3BlciIsImNvbXBhbnlfbmFtZSI6IkhheXMiLCJhZGRyZXNzX2NpdHkiOiJCYWRhbG9uYSwgU3BhaW4iLCJodGlkb2NpZCI6IkIyc3dfU0tGbDFfZG1GMGRBQUFBQUE9PSIsInV1bGUiOiJ3K0NBSVFJQ0lGVTNCaGFXNCJ9,152
eyJqb2JfdGl0bGUiOiJFc3BlY2lhbGlzdGEgZW4gUUEgQXV0b21hdGl6YWRvIiwiY29tcGFueV9uYW1lIjoiRURJQ09NIiwiYWRkcmVzc19jaXR5IjoiVmFsZW5jaWEsIFNwYWluIiwiaHRpZG9jaWQiOiJLMnV5Tk03U1R4WENSWS1tQUFBQUFBPT0iLCJ1dWxlIjoidytDQUlRSUNJRlUzQmhhVzQifQ==,98
eyJqb2JfdGl0bGUiOiJQcm9qZWN0IE1hbmFnZXIgU2lzdGVtYXMgLSBJVElMIiwiY29tcGFueV9uYW1lIjoiTmVvdGFsZW50IENvbmNsdXNpb24iLCJhZGRyZXNzX2NpdHkiOiJDb3JuZWxsw6AgZGUgTGxvYnJlZ2F0LCBTcGFpbiIsImh0aWRvY2lkIjoiRDkyR3loTkRmSzZWRUFTREFBQUFBQT09IiwidXVsZSI6IncrQ0FJUUlDSUZVM0JoYVc0In0=,775
eyJqb2JfdGl0bGUiOiJDb25zdWx0b3IgUHJvY2Vzb3MgSVRJTCAtIFJlbW90byIsImNvbXBhbnlfbmFtZSI6IlRSUyBTdGFmZmluZyBTb2x1dGlvbnMiLCJhZGRyZXNzX2NpdHkiOiJNYWRyaWQsIFNwYWluIiwiaHRpZG9jaWQiOiJzLVRucmo5SHJiWDR0ZDRyQUFBQUFBPT0iLCJ1dWxlIjoidytDQUlRSUNJRlUzQmhhVzQifQ==,775
eyJqb2JfdGl0bGUiOiJQcm9qZWN0IE1hbmFnZXIgU2lzdGVtYXMgLSBJVElMIiwiY29tcGFueV9uYW1lIjoiTmVvdGFsZW50IENvbmNsdXNpb24iLCJhZGRyZXNzX2NpdHkiOiJDb3JuZWxsw6AgZGUgTGxvYnJlZ2F0LCBTcGFpbiIsImh0aWRvY2lkIjoiOERIdWp2bjdaZnZtTGtfSUFBQUFBQT09IiwidXVsZSI6IncrQ0FJUUlDSUZVM0JoYVc0In0=,775
eyJqb2JfdGl0bGUiOiJFc3BlY2lhbGlzdGEgZW4gT3BlcmFjaW9uZXMiLCJjb21wYW55X25hbWUiOiJUaGUgRmxleCBMaXZpbmciLCJhZGRyZXNzX2NpdHkiOiJUcmVzIENhbnRvcywgU3BhaW4iLCJodGlkb2NpZCI6IjBNVGxZSFFHcVVNSXRnc1BBQUFBQUE9PSIsInV1bGUiOiJ3K0NBSVFJQ0lGVTNCaGFXNCJ9,647
eyJqb2JfdGl0bGUiOiJFc3BlY2lhbGlzdGEgRW4gTG9nw61zdGljYSBZIEdlc3Rpw7NuIERlIEFsbWFjZW5lcyIsImNvbXBhbnlfbmFtZSI6IkpvaGFubiBEZXR0ZW5kb3JmZXIgU3BlZGl0aW9uIEZlcm50cmFucyBHbWJoIFx1MDAyNiBDby4gS2ciLCJhZGRyZXNzX2NpdHkiOiJNw6FsYWdhLCBTcGFpbiIsImh0aWRvY2lkIjoiSGsxbDl6c2xyUDhWWENmUUFBQUFBQT09IiwidXVsZSI6IncrQ0FJUUlDSUZVM0JoYVc0In0=,579
eyJqb2JfdGl0bGUiOiJFc3BlY2lhbGlzdGEgZW4gZ29iaWVybm8sIHJpZXNnbyB5IGN1bXBsaW1pZW50byBkZSBsYSBzZWd1cmlkYWQiLCJjb21wYW55X25hbWUiOiJVbml2ZXJzaXRhdCBPYmVydGEgZGUgQ2F0YWx1bnlhIiwiYWRkcmVzc19jaXR5IjoiQmFyY2Vsb25hLCBTcGFpbiIsImh0aWRvY2lkIjoiUkpfUWRXUEJPVXEtdi1EUEFBQUFBQT09IiwidXVsZSI6IncrQ0FJUUlDSUZVM0JoYVc0In0=,128
eyJqb2JfdGl0bGUiOiJFc3BlY2lhbGlzdGEgQ29udHJvbCB5IEN1bXBsaW1pZW50byBkZSBDaWJlcnNlZ3VyaWRhZCAtIFNlZ3VyaWRhZCBlbiBEZXNhcnJvbGxvIiwiY29tcGFueV9uYW1lIjoiUmVwc29sIiwiYWRkcmVzc19jaXR5IjoiU3BhaW4iLCJodGlkb2NpZCI6Ik9ZMnRHbzdWZERYZ3pCMEpBQUFBQUE9PSIsInV1bGUiOiJ3K0NBSVFJQ0lGVTNCaGFXNCJ9,32
eyJqb2JfdGl0bGUiOiJFc3BlY2lhbGlzdGEgQ29udHJvbCB5IEN1bXBsaW1pZW50byBkZSBDaWJlcnNlZ3VyaWRhZCAtIFNlZ3VyaWRhZCBlbiBEZXNhcnJvbGxvIiwiY29tcGFueV9uYW1lIjoiUmVwc29sIiwiYWRkcmVzc19jaXR5IjoiVHJlcyBDYW50b3MsIFNwYWluIiwiaHRpZG9jaWQiOiJtMzF3NFFSbl8yY1BYclpDQUFBQUFBPT0iLCJ1dWxlIjoidytDQUlRSUNJRlUzQmhhVzQifQ==,32
eyJqb2JfdGl0bGUiOiJFc3BlY2lhbGlzdGEgR1JDIFNlZ3VyaWRhZCBJVCIsImNvbXBhbnlfbmFtZSI6IkdydXBvIE5TIiwiYWRkcmVzc19jaXR5IjoiTWFkcmlkLCBTcGFpbiIsImh0aWRvY2lkIjoiQVlXMjVWalNHYWRJeU5EX0FBQUFBQT09IiwidXVsZSI6IncrQ0FJUUlDSUZVM0JoYVc0In0=,30
eyJqb2JfdGl0bGUiOiJFc3BlY2lhbGlzdGEgZW4gTWFya2V0aW5nICBEaXNlw7FvIGdyw6FmaWNvIEdydXBvIHJlY29ub2NpZG8iLCJjb21wYW55X25hbWUiOiJQc2ljbyBTZWxlY2Npw7NuIiwiYWRkcmVzc19jaXR5IjoiQmVuaWRvcm0sIFNwYWluIiwiaHRpZG9jaWQiOiI0WDZGRkRWS3cxN3labVBDQUFBQUFBPT0iLCJ1dWxlIjoidytDQUlRSUNJRlUzQmhhVzQifQ==,841
eyJqb2JfdGl0bGUiOiJEaXNlw7FhZG9yIEdyw6FmaWNvIEZyZWxhbmNlIiwiY29tcGFueV9uYW1lIjoiUHVibGlwZWdhLmNvbSIsImFkZHJlc3NfY2l0eSI6Ik1hZHJpZCwgU3BhaW4iLCJodGlkb2NpZCI6ImEySVo4LVVmNHc4V0l6bUJBQUFBQUE9PSIsInV1bGUiOiJ3K0NBSVFJQ0lGVTNCaGFXNCJ9,660
eyJqb2JfdGl0bGUiOiJFc3BlY2lhbGlzdGEgZW4gZGlyZWNjacOzbiBkZSBhcnRlIGZpbmFsIGUgaW1wcmVzacOzbiIsImNvbXBhbnlfbmFtZSI6IkFzb2NpYWNpw7NuIE1hcnJvcXXDrSBwYXJhIGxhIEludGVncmFjacOzbiBkZSBsb3MgSW5taWdyYW50ZXMiLCJhZGRyZXNzX2NpdHkiOiJNw6FsYWdhLCBTcGFpbiIsImh0aWRvY2lkIjoiZkliVFJZdnZQUGt0ckVJV0FBQUFBQT09IiwidXVsZSI6IncrQ0FJUUlDSUZVM0JoYVc0In0=,128
eyJqb2JfdGl0bGUiOiJFc3BlY2lhbGlzdGEgU0VPL1NFTSIsImNvbXBhbnlfbmFtZSI6IlB1YmxpcGVnYS5jb20iLCJhZGRyZXNzX2NpdHkiOiJBIENvcnXDsWEsIFNwYWluIiwiaHRpZG9jaWQiOiJTUlpIWjJ2NWdFMzdaOHpLQUFBQUFBPT0iLCJ1dWxlIjoidytDQUlRSUNJRlUzQmhhVzQifQ==,841
eyJqb2JfdGl0bGUiOiJJbmdlbmllcm8gc29mdHdhcmUgSmF2YSIsImNvbXBhbnlfbmFtZSI6IkhheXMiLCJhZGRyZXNzX2NpdHkiOiJCaWxiYW8sIFNwYWluIiwiaHRpZG9jaWQiOiI5Sk5WbTZPYVl1aFNjU0syQUFBQUFBPT0iLCJ1dWxlIjoidytDQUlRSUNJRlUzQmhhVzQifQ==,131
eyJqb2JfdGl0bGUiOiJJbmdlbmllcm8gc2VuaW9yIGRlIHNvZnR3YXJlIEpBVkEiLCJjb21wYW55X25hbWUiOiJORVJUVVMgTUFOVEVOSU1JRU5UTyBGRVJST1ZJQVJJTyBZIFNFUlZJQ0lPUyBTLkEuIiwiYWRkcmVzc19jaXR5IjoiTWFkcmlkLCBTcGFpbiIsImh0aWRvY2lkIjoiR0I2VUxWb0Z3V3phRmRqcUFBQUFBQT09IiwidXVsZSI6IncrQ0FJUUlDSUZVM0JoYVc0In0=,131
eyJqb2JfdGl0bGUiOiJJbmdlbmllcm8gc29mdHdhcmUgSmF2YSwgQml6a2FpYSIsImNvbXBhbnlfbmFtZSI6IkhheXMiLCJhZGRyZXNzX2NpdHkiOiJNYWRyaWQsIFNwYWluIiwiaHRpZG9jaWQiOiJpc3JjWVVLcjZPRnFsUlo2QUFBQUFBPT0iLCJ1dWxlIjoidytDQUlRSUNJRlUzQmhhVzQifQ==,131
eyJqb2JfdGl0bGUiOiJKYXZhIFNvZnR3YXJlIEVuZ2luZWVyIiwiY29tcGFueV9uYW1lIjoiTWljaGFlbCBQYWdlIiwiYWRkcmVzc19jaXR5IjoiU3BhaW4iLCJodGlkb2NpZCI6Im03MXZXMHV4TFVYQm8yYlpBQUFBQUE9PSIsInV1bGUiOiJ3K0NBSVFJQ0lGVTNCaGFXNCJ9,131
eyJqb2JfdGl0bGUiOiJBbmFsaXN0YSBQcm9ncmFtYWRvci9BIFJ1YnkiLCJjb21wYW55X25hbWUiOiJUdXnDuiBUZWNobm9sb2d5IiwiYWRkcmVzc19jaXR5IjoiWmFyYWdvemEsIFNwYWluIiwiaHRpZG9jaWQiOiJUZUFlVmJtWFQ3VE53NGk5QUFBQUFBPT0iLCJ1dWxlIjoidytDQUlRSUNJRlUzQmhhVzQifQ==,246
eyJqb2JfdGl0bGUiOiJQcm9ncmFtYWRvciBKdW5pb3IgUnVieSBvbiBSYWlscyIsImNvbXBhbnlfbmFtZSI6IkxISCIsImFkZHJlc3NfY2l0eSI6Ik1hZHJpZCwgU3BhaW4iLCJodGlkb2NpZCI6Ilg0TUh0U3BWc1BQVmM0QXdBQUFBQUE9PSIsInV1bGUiOiJ3K0NBSVFJQ0lGVTNCaGFXNCJ9,246
eyJqb2JfdGl0bGUiOiJTZW5pb3IgQmFja2VuZCBEZXZlbG9wZXIgKFJvUikiLCJjb21wYW55X25hbWUiOiJXZUh1bnQgRXNwYcOxYSIsImFkZHJlc3NfY2l0eSI6IkJhcmNlbG9uYSwgU3BhaW4iLCJodGlkb2NpZCI6Im1LNURSSUxXYWd2Y3RvNDhBQUFBQUE9PSIsInV1bGUiOiJ3K0NBSVFJQ0lGVTNCaGFXNCJ9,246
eyJqb2JfdGl0bGUiOiJEZXNhcnJvbGxhZG9yIFJ1YnkgeSBSZWFjdC4iLCJjb21wYW55X25hbWUiOiJzZyB0ZWNoIiwiYWRkcmVzc19jaXR5IjoiTWFkcmlkLCBTcGFpbiIsImh0aWRvY2lkIjoiQ1B0dEFwSmpidU1DSmlsYkFBQUFBQT09IiwidXVsZSI6IncrQ0FJUUlDSUZVM0JoYVc0In0=,246
eyJqb2JfdGl0bGUiOiJJbmdlbmllcm8gZGUgc29mdHdhcmUiLCJjb21wYW55X25hbWUiOiJBRCBQYXJ0cyIsImFkZHJlc3NfY2l0eSI6IlNwYWluIiwiaHRpZG9jaWQiOiIxbm5DYjExcjc1RHNMSWtYQUFBQUFBPT0iLCJ1dWxlIjoidytDQUlRSUNJRlUzQmhhVzQifQ==,131
eyJqb2JfdGl0bGUiOiJJbmdlbmllcm8vYSBkZSBTb2Z0d2FyZSBFbWJlYmlkbyIsImNvbXBhbnlfbmFtZSI6IkJsdWVMZWFkZXJzIiwiYWRkcmVzc19jaXR5IjoiQSBDb3J1w7FhLCBTcGFpbiIsImh0aWRvY2lkIjoid0V1WWtqemdsZ3V2QXJzekFBQUFBQT09IiwidXVsZSI6IncrQ0FJUUlDSUZVM0JoYVc0In0=,128
eyJqb2JfdGl0bGUiOiJJbmdlbmllcm8gZGUgdmlydHVhbGl6YWNpw7NuLiBFeHBlcnRvIEF6dXJlIFN0YWNrIiwiY29tcGFueV9uYW1lIjoiTWluc2FpdCIsImFkZHJlc3NfY2l0eSI6Ik1hZHJpZCwgU3BhaW4iLCJodGlkb2NpZCI6Imlzb29EWUFUd2IwdXF0ZURBQUFBQUE9PSIsInV1bGUiOiJ3K0NBSVFJQ0lGVTNCaGFXNCJ9,32
eyJqb2JfdGl0bGUiOiJFc3BlY2lhbGlzdGEgRW4gSW5mcmFlc3RydWN0dXJhcyBDbG91ZCIsImNvbXBhbnlfbmFtZSI6IlVzdCIsImFkZHJlc3NfY2l0eSI6Ik1hZHJpZCwgU3BhaW4iLCJodGlkb2NpZCI6InQ2OHo3aVpqVFpiZkdERGFBQUFBQUE9PSIsInV1bGUiOiJ3K0NBSVFJQ0lGVTNCaGFXNCJ9,1
eyJqb2JfdGl0bGUiOiJFc3BlY2lhbGlzdGEgQ2xvdWQiLCJjb21wYW55X25hbWUiOiJGZXJ2aW1heCIsImFkZHJlc3NfY2l0eSI6Ik1hZHJpZCwgU3BhaW4iLCJodGlkb2NpZCI6InhJeHp4VXl3aHlRUGd2Vi1BQUFBQUE9PSIsInV1bGUiOiJ3K0NBSVFJQ0lGVTNCaGFXNCJ9,32
eyJqb2JfdGl0bGUiOiJEZXNhcnJvbGxhZG9yIGRlIE1pY3Jvc29mdCAzNjUiLCJjb21wYW55X25hbWUiOiJQU1MgVGVjbm9sb2fDrWFzIGRlIGxhIEluZm9ybWFjacOzbiIsImFkZHJlc3NfY2l0eSI6Ik1hZHJpZCwgU3BhaW4iLCJodGlkb2NpZCI6ImNURlNsaGs3aTB3U1VFWFJBQUFBQUE9PSIsInV1bGUiOiJ3K0NBSVFJQ0lGVTNCaGFXNCJ9,856
eyJqb2JfdGl0bGUiOiJFc3BlY2lhbGlzdGEgV2luZG93cyBzZXJ2ZXIiLCJjb21wYW55X25hbWUiOiJTVEVGQU5JTkkgTEFUQU0iLCJhZGRyZXNzX2NpdHkiOiJNYWRyaWQsIFNwYWluIiwiaHRpZG9jaWQiOiJGY1o1NkpTUHFPTEdicVZfQUFBQUFBPT0iLCJ1dWxlIjoidytDQUlRSUNJRlUzQmhhVzQifQ==,856
eyJqb2JfdGl0bGUiOiJDb25zdWx0b3IvQSBTZW5pb3IgUG93ZXIgUGxhdGZvcm0iLCJjb21wYW55X25hbWUiOiJTdHJhdGVzeXMgR3JvdXAiLCJhZGRyZXNzX2NpdHkiOiJNYWRyaWQsIFNwYWluIiwiaHRpZG9jaWQiOiJOU1Jwbkc5bldoNWRFeDJhQUFBQUFBPT0iLCJ1dWxlIjoidytDQUlRSUNJRlUzQmhhVzQifQ==,856
eyJqb2JfdGl0bGUiOiJCdXNpbmVzcyBJbnRlbGxpZ2VuY2UgQW5hbHlzdCAoUG93ZXJCSSkiLCJjb21wYW55X25hbWUiOiJleGNlbGlhIiwiYWRkcmVzc19jaXR5IjoiTWFkcmlkLCBTcGFpbiIsImh0aWRvY2lkIjoiY0lESzF0VDBDay15cTgwcUFBQUFBQT09IiwidXVsZSI6IncrQ0FJUUlDSUZVM0JoYVc0In0=,128
eyJqb2JfdGl0bGUiOiJBbmFsaXN0YSBkZSBkYXRvcyBwb3dlciBiaSIsImNvbXBhbnlfbmFtZSI6IlBzcyIsImFkZHJlc3NfY2l0eSI6Ik3DoWxhZ2EsIFNwYWluIiwiaHRpZG9jaWQiOiJoRmdEN1QzUDR0d2s5ZU1lQUFBQUFBPT0iLCJ1dWxlIjoidytDQUlRSUNJRlUzQmhhVzQifQ==,63
eyJqb2JfdGl0bGUiOiJBbmFsaXN0YSBQb3dlciBCSSIsImNvbXBhbnlfbmFtZSI6IlNFVEVTQ0EiLCJhZGRyZXNzX2NpdHkiOiJCYXJjZWxvbmEsIFNwYWluIiwiaHRpZG9jaWQiOiJ4MllZbmVCX0g1RlhCZXFoQUFBQUFBPT0iLCJ1dWxlIjoidytDQUlRSUNJRlUzQmhhVzQifQ==,84
eyJqb2JfdGl0bGUiOiJBbmFsaXN0YSBkZSBEYXRvcyAtIFBvd2VyIEJJIiwiY29tcGFueV9uYW1lIjoiQXV0b21vY2nDs24iLCJhZGRyZXNzX2NpdHkiOiJMbGVpZGEsIFNwYWluIiwiaHRpZG9jaWQiOiJ2ai00a2VWMmdZU25tOGhWQUFBQUFBPT0iLCJ1dWxlIjoidytDQUlRSUNJRlUzQmhhVzQifQ==,274
eyJqb2JfdGl0bGUiOiJBbmFsaXN0YSBkZSBEYXRvcyDigJMgUG93ZXIgQkkiLCJjb21wYW55X25hbWUiOiJBdXRvbW9jacOzbiIsImFkZHJlc3NfY2l0eSI6IkEgQ29ydcOxYSwgU3BhaW4iLCJodGlkb2NpZCI6IjRETy16clRIZ25GM2ZDQWJBQUFBQUE9PSIsInV1bGUiOiJ3K0NBSVFJQ0lGVTNCaGFXNCJ9,274
eyJqb2JfdGl0bGUiOiJUw4lDTklDTy9BIEFOQUxJU1RBIERBVE9TLSBQT1dFUkJJIERFVkVMT1BFUiIsImNvbXBhbnlfbmFtZSI6IlJPUiBPUEVSQURPUiBERSBUUkFOU1BPUlRFUyBTTCIsImFkZHJlc3NfY2l0eSI6IkFicmVyYSwgU3BhaW4iLCJodGlkb2NpZCI6IlUtRUs5ME9VR1k0YmtKMm9BQUFBQUE9PSIsInV1bGUiOiJ3K0NBSVFJQ0lGVTNCaGFXNCJ9,182
eyJqb2JfdGl0bGUiOiJJbmdlbmllckAgU2VndXJpZGFkIHkgUmVkZXMgSnVuaW9yIiwiY29tcGFueV9uYW1lIjoiTlRUIERBVEEsIEluYy4iLCJhZGRyZXNzX2NpdHkiOiJBIENvcnXDsWEsIFNwYWluIiwiaHRpZG9jaWQiOiJlZFB6eFVKRTBTaVljeFYyQUFBQUFBPT0iLCJ1dWxlIjoidytDQUlRSUNJRlUzQmhhVzQifQ==,500
eyJqb2JfdGl0bGUiOiJFeHBlcnRvIGVuIHJlZGVzIHkgc2VndXJpZGFkIiwiY29tcGFueV9uYW1lIjoiS3JlbGwgQ29uc3VsdGluZyIsImFkZHJlc3NfY2l0eSI6Ik1hZHJpZCwgU3BhaW4iLCJodGlkb2NpZCI6IlFNdTlVdDRfaGl5eDFaajdBQUFBQUE9PSIsInV1bGUiOiJ3K0NBSVFJQ0lGVTNCaGFXNCJ9,500
eyJqb2JfdGl0bGUiOiJUw4lDTklDTy9BIE4yIFJFREVTIFkgU0VHVVJJREFEIiwiY29tcGFueV9uYW1lIjoiU0lSVCIsImFkZHJlc3NfY2l0eSI6Ik1hcnRvcmVsbCwgU3BhaW4iLCJodGlkb2NpZCI6IjB3WGx2ZFdzRmhwT0FJRXhBQUFBQUE9PSIsInV1bGUiOiJ3K0NBSVFJQ0lGVTNCaGFXNCJ9,500
eyJqb2JfdGl0bGUiOiJFc3BlY2lhbGlzdGEgZW4gUmVkZXMgeSBTZWd1cmlkYWQiLCJjb21wYW55X25hbWUiOiJHcnVwbyBBcmVzdG9yYSIsImFkZHJlc3NfY2l0eSI6IlZpZ28sIE11bmljaXBhbGl0eSBvZiBWaWdvLCBTcGFpbiIsImh0aWRvY2lkIjoiekNjVmNjVTBwU05jSEl2QkFBQUFBQT09IiwidXVsZSI6IncrQ0FJUUlDSUZVM0JoYVc0In0=,500
eyJqb2JfdGl0bGUiOiJPUFRJTUlaQUNJT04gUkFESU8gRVNQRUNJQUxJU1RBIEVOIEFOQUxJU0lTIERFIERBVE9TIiwiY29tcGFueV9uYW1lIjoiVGVsZWbDs25pY2EiLCJhZGRyZXNzX2NpdHkiOiJNYWRyaWQsIFNwYWluIiwiaHRpZG9jaWQiOiJnTHFfcDAwTkZPWDhDT2NWQUFBQUFBPT0iLCJ1dWxlIjoidytDQUlRSUNJRlUzQmhhVzQifQ==,579
eyJqb2JfdGl0bGUiOiJBbmFsaXN0YSBFUlAgKEJ1c2luZXNzIENlbnRyYWwpIiwiY29tcGFueV9uYW1lIjoidGhlIEZpbmkgY29tcGFueSIsImFkZHJlc3NfY2l0eSI6Ik1vbGluYSBkZSBTZWd1cmEsIFNwYWluIiwiaHRpZG9jaWQiOiJkQ2RHMHNROHFpeDVudk9QQUFBQUFBPT0iLCJ1dWxlIjoidytDQUlRSUNJRlUzQmhhVzQifQ==,616
eyJqb2JfdGl0bGUiOiJUZWNobmljYWwgUHJvamVjdCBNYW5hZ2VyIiwiY29tcGFueV9uYW1lIjoiUGVydGVtcHMgRVJQIChwYXJ0IG9mIE5ldHdvcmsgRU1FQSkiLCJhZGRyZXNzX2NpdHkiOiJNYWRyaWQsIFNwYWluIiwiaHRpZG9jaWQiOiJyMURwN3NjMXRpdG1CcUZJQUFBQUFBPT0iLCJ1dWxlIjoidytDQUlRSUNJRlUzQmhhVzQifQ==,1031
eyJqb2JfdGl0bGUiOiJJbmdlbmllcm8vYSBkZSBBdXRvbWF0aXphY2nDs24iLCJjb21wYW55X25hbWUiOiJIYXlzIiwiYWRkcmVzc19jaXR5IjoiU2FuIE1hcnTDrW4gZGUgbGEgVmVnYSwgU3BhaW4iLCJodGlkb2NpZCI6ImJBZy1jUGtZb29hejFsOWtBQUFBQUE9PSIsInV1bGUiOiJ3K0NBSVFJQ0lGVTNCaGFXNCJ9,837
eyJqb2JfdGl0bGUiOiJJTkdFTklFUk8gU1cgQVVUT01BVElaQUNJT04gUFJVRUJBUyIsImNvbXBhbnlfbmFtZSI6IkNhcGdlbWluaSIsImFkZHJlc3NfY2l0eSI6Ik3DoWxhZ2EsIFNwYWluIiwiaHRpZG9jaWQiOiJVRGlHRnY2Mi1ESk5rcmxCQUFBQUFBPT0iLCJ1dWxlIjoidytDQUlRSUNJRlUzQmhhVzQifQ==,606
eyJqb2JfdGl0bGUiOiJJbmdlbmllcm8vYSBkZSBBdXRvbWF0aXphY2nDs24iLCJjb21wYW55X25hbWUiOiJIYXlzIiwiYWRkcmVzc19jaXR5IjoiR2Vsc2EsIFNwYWluIiwiaHRpZG9jaWQiOiJCV3YyQVNKZHZONWdPTzg1QUFBQUFBPT0iLCJ1dWxlIjoidytDQUlRSUNJRlUzQmhhVzQifQ==,837
eyJqb2JfdGl0bGUiOiJJbmdlbmllcm8vYSBhdXRvbWF0aXphY2nDs24iLCJjb21wYW55X25hbWUiOiJOb3J0ZW1wbyIsImFkZHJlc3NfY2l0eSI6IkNhbmV0IGQnZW4gQmVyZW5ndWVyLCBTcGFpbiIsImh0aWRvY2lkIjoiLXI3ODMxaFVDbkJ0LW9BMkFBQUFBQT09IiwidXVsZSI6IncrQ0FJUUlDSUZVM0JoYVc0In0=,489
eyJqb2JfdGl0bGUiOiJCw6lsZ2ljYSAtIEluZ2VuaWVybyBhdXRvbWF0aXphY2nDs24iLCJjb21wYW55X25hbWUiOiJTcGFuaXNoIEVuZ2luZWVycyIsImFkZHJlc3NfY2l0eSI6IkJpbGJhbywgU3BhaW4iLCJodGlkb2NpZCI6IkFKTU5ycXNSUW5KUGhRNkFBQUFBQUE9PSIsInV1bGUiOiJ3K0NBSVFJQ0lGVTNCaGFXNCJ9,579
eyJqb2JfdGl0bGUiOiJJbmdlbmllcm8vYSBhdXRvbWF0aXphY2nDs24iLCJjb21wYW55X25hbWUiOiJSYW5kc3RhZCBFc3Bhw7FhIiwiYWRkcmVzc19jaXR5IjoiQmFyY2Vsb25hLCBTcGFpbiIsImh0aWRvY2lkIjoieEY5bTd1Wk90UHBJUWczcUFBQUFBQT09IiwidXVsZSI6IncrQ0FJUUlDSUZVM0JoYVc0In0=,70
eyJqb2JfdGl0bGUiOiJQcm9ncmFtYWRvci9hIFBMQyAoSW5nZW5pZXJvL2EgQXV0b21hdGl6YWNpw7NuKSIsImNvbXBhbnlfbmFtZSI6IkdydXBvIEh1bWFjdCIsImFkZHJlc3NfY2l0eSI6IkdyYW5vbGxlcnMsIFNwYWluIiwiaHRpZG9jaWQiOiJJaVVuSXV1ZVpwTzMtbzVkQUFBQUFBPT0iLCJ1dWxlIjoidytDQUlRSUNJRlUzQmhhVzQifQ==,274
eyJqb2JfdGl0bGUiOiJBZG1pbmlzdHJhZG9yIGRlIGJhc2VzIGRlIGRhdG9zIGRlIE9yYWNsZSIsImNvbXBhbnlfbmFtZSI6IlZJRVdORVhUIiwiYWRkcmVzc19jaXR5IjoiTcOhbGFnYSwgU3BhaW4iLCJodGlkb2NpZCI6Im9YVkNkbWJSb0lhMzNZSWFBQUFBQUE9PSIsInV1bGUiOiJ3K0NBSVFJQ0lGVTNCaGFXNCJ9,202
eyJqb2JfdGl0bGUiOiJEQkEgT3JhY2xlIiwiY29tcGFueV9uYW1lIjoiR3J1cG8gT2Vzw61hIiwiYWRkcmVzc19jaXR5IjoiVmFsbGFkb2xpZCwgU3BhaW4iLCJodGlkb2NpZCI6ImpXOGwyN2ZoU2dDUHd6NFNBQUFBQUE9PSIsInV1bGUiOiJ3K0NBSVFJQ0lGVTNCaGFXNCJ9,202
eyJqb2JfdGl0bGUiOiJEQkEgT3JhY2xlICtTUUxTUlYiLCJjb21wYW55X25hbWUiOiJESUdJIEVzcGHDsWEiLCJhZGRyZXNzX2NpdHkiOiJNYWRyaWQsIFNwYWluIiwiaHRpZG9jaWQiOiJyOHd3dDlDMmhYbTNXV0JNQUFBQUFBPT0iLCJ1dWxlIjoidytDQUlRSUNJRlUzQmhhVzQifQ==,202
eyJqb2JfdGl0bGUiOiJEQkEgT3JhY2xlIiwiY29tcGFueV9uYW1lIjoiSG9wbGEhIFNvZnR3YXJlIiwiYWRkcmVzc19jaXR5IjoiTWFkcmlkLCBTcGFpbiIsImh0aWRvY2lkIjoiVnlWWWx5aFp4ZGpkektWQ0FBQUFBQT09IiwidXVsZSI6IncrQ0FJUUlDSUZVM0JoYVc0In0=,202
eyJqb2JfdGl0bGUiOiJEZXNhcnJvbGxhZG9yIGRlIE9yYWNsZSIsImNvbXBhbnlfbmFtZSI6IkdydXBvIFRFQ0RBVEEgRW5naW5lZXJpbmciLCJhZGRyZXNzX2NpdHkiOiJNYWRyaWQsIFNwYWluIiwiaHRpZG9jaWQiOiJhaTNQMVRaN2dJN1NraTJfQUFBQUFBPT0iLCJ1dWxlIjoidytDQUlRSUNJRlUzQmhhVzQifQ==,606
eyJqb2JfdGl0bGUiOiJBZG1pbmlzdHJhZG9yIEJiZGQgT3JhY2xlIiwiY29tcGFueV9uYW1lIjoiR3J1cG8gQ3JpdCIsImFkZHJlc3NfY2l0eSI6Ik1hZHJpZCwgU3BhaW4iLCJodGlkb2NpZCI6InJNOFVPSVZoM3BmaUpYZWZBQUFBQUE9PSIsInV1bGUiOiJ3K0NBSVFJQ0lGVTNCaGFXNCJ9,202
eyJqb2JfdGl0bGUiOiJEZXNhcnJvbGxhZG9yIGRlIE9yYWNsZSIsImNvbXBhbnlfbmFtZSI6IkFwaXV4IFRlY2giLCJhZGRyZXNzX2NpdHkiOiJNYWRyaWQsIFNwYWluIiwiaHRpZG9jaWQiOiJsOFhtNXVkRjF3VERrbm80QUFBQUFBPT0iLCJ1dWxlIjoidytDQUlRSUNJRlUzQmhhVzQifQ==,202
eyJqb2JfdGl0bGUiOiJEQkEgT3JhY2xlIDEwMCUgUmVtb3RvIiwiY29tcGFueV9uYW1lIjoiUFNTIFRlY25vbG9nw61hcyBkZSBsYSBJbmZvcm1hY2nDs24iLCJhZGRyZXNzX2NpdHkiOiJNYWRyaWQsIFNwYWluIiwiaHRpZG9jaWQiOiJrVXNvay1HZ1JMaFc3SGQtQUFBQUFBPT0iLCJ1dWxlIjoidytDQUlRSUNJRlUzQmhhVzQifQ==,202
eyJqb2JfdGl0bGUiOiJPcmFjbGUgRGJhIiwiY29tcGFueV9uYW1lIjoiU2V0ZXNjYSBUYWxlbnQiLCJhZGRyZXNzX2NpdHkiOiJCYXJjZWxvbmEsIFNwYWluIiwiaHRpZG9jaWQiOiJoNEhzenZZdllrLURHdHVvQUFBQUFBPT0iLCJ1dWxlIjoidytDQUlRSUNJRlUzQmhhVzQifQ==,202
eyJqb2JfdGl0bGUiOiJQcm9ncmFtYWRvciBPcmFjbGUgQVBFWCIsImNvbXBhbnlfbmFtZSI6IkNPTlx1MDAyNlNFTDE1LCBDb25zdWx0b3LDrWEgeSBTZWxlY2Npw7NuIiwiYWRkcmVzc19jaXR5IjoiTWFkcmlkLCBTcGFpbiIsImh0aWRvY2lkIjoiNGJ0Smxuc3ZxQ3lwRWlHMEFBQUFBQT09IiwidXVsZSI6IncrQ0FJUUlDSUZVM0JoYVc0In0=,202
eyJqb2JfdGl0bGUiOiJEQkEgT3JhY2xlIEVzdGFibGUgKDEwMCUgVGVsZXRyYWJham8pIiwiY29tcGFueV9uYW1lIjoiU2FuZGF2IiwiYWRkcmVzc19jaXR5IjoiUnViaWVsb3MgQmFqb3MsIFNwYWluIiwiaHRpZG9jaWQiOiJDb3B2eUhPOTFHa0IzdXZMQUFBQUFBPT0iLCJ1dWxlIjoidytDQUlRSUNJRlUzQmhhVzQifQ==,202
eyJqb2JfdGl0bGUiOiJUw6ljbmljbyBkZSBTb3BvcnRlIFNBUCAoUmVtb3RvICsgSW5nbGVzKSIsImNvbXBhbnlfbmFtZSI6InNnIHRlY2giLCJhZGRyZXNzX2NpdHkiOiJNYWRyaWQsIFNwYWluIiwiaHRpZG9jaWQiOiJwTGtNS3NJalhjMVoySXFrQUFBQUFBPT0iLCJ1dWxlIjoidytDQUlRSUNJRlUzQmhhVzQifQ==,1031
eyJqb2JfdGl0bGUiOiJUw6ljbmljbyBwYXJhIHNvcG9ydGUgc2FwIHVhbSIsImNvbXBhbnlfbmFtZSI6IktyZWxsIENvbnN1bHRpbmcgXHUwMDI2QW1wOyBUcmFpbmluZyIsImFkZHJlc3NfY2l0eSI6Ik1hZHJpZCwgU3BhaW4iLCJodGlkb2NpZCI6IkhXelpOUExxMjlXMmhuQXJBQUFBQUE9PSIsInV1bGUiOiJ3K0NBSVFJQ0lGVTNCaGFXNCJ9,1031
eyJqb2JfdGl0bGUiOiJUw6ljbmljby9hIHNvcG9ydGUgc2FwIGZpY28gLW5pdmVsIGFsdG8gZGUgaW5nbMOpcyIsImNvbXBhbnlfbmFtZSI6IktyZWxsIENvbnN1bHRpbmcgXHUwMDI2QW1wOyBUcmFpbmluZyIsImFkZHJlc3NfY2l0eSI6IkJhcmNlbG9uYSwgU3BhaW4iLCJodGlkb2NpZCI6IlRpRmQtQmRMT2ZYWmlwV2FBQUFBQUE9PSIsInV1bGUiOiJ3K0NBSVFJQ0lGVTNCaGFXNCJ9,1031
eyJqb2JfdGl0bGUiOiJTb3BvcnRlIHTDqWNuaWNvIFNBUC4gSG9yYXJpbyBub2N0dXJubyAoVGVjaCBTb2x1dGlvbnMpIiwiY29tcGFueV9uYW1lIjoiTWljaGFlbCBQYWdlIiwiYWRkcmVzc19jaXR5IjoiQmFyY2Vsb25hLCBTcGFpbiIsImh0aWRvY2lkIjoieUQteE5ZVU16UTk4a3loX0FBQUFBQT09IiwidXVsZSI6IncrQ0FJUUlDSUZVM0JoYVc0In0=,1031
eyJqb2JfdGl0bGUiOiJTQVAgVMOpY25pY28gQ08tUEEiLCJjb21wYW55X25hbWUiOiJNaWNoYWVsIFBhZ2UiLCJhZGRyZXNzX2NpdHkiOiJNYWRyaWQsIFNwYWluIiwiaHRpZG9jaWQiOiJSUDhSdHJBUm9tTDdpWDZnQUFBQUFBPT0iLCJ1dWxlIjoidytDQUlRSUNJRlUzQmhhVzQifQ==,1031
eyJqb2JfdGl0bGUiOiJUw6ljbmljbyBkZSBQcm95ZWN0b3MgU2FwIChUZW1wb3JhbCAxIGHDsW8pIiwiY29tcGFueV9uYW1lIjoiUmFuZHN0YWQgRXNwYcOxYSIsImFkZHJlc3NfY2l0eSI6IkFsY2FsYSBkZSBIZW5hcmVzLCBTcGFpbiIsImh0aWRvY2lkIjoiY183Yk5wZkc3cVlCWXpvSkFBQUFBQT09IiwidXVsZSI6IncrQ0FJUUlDSUZVM0JoYVc0In0=,1031
eyJqb2JfdGl0bGUiOiJDb25zdWx0b3IvYSB0w6ljbmljbyBzYXAgbW0tc2QgKHJlbW90bykiLCJjb21wYW55X25hbWUiOiJNaWNoYWVsIFBhZ2UiLCJhZGRyZXNzX2NpdHkiOiJTZXZpbGxlLCBTcGFpbiIsImh0aWRvY2lkIjoiMlBKYUdwRExvQTQ0ZTlUZUFBQUFBQT09IiwidXVsZSI6IncrQ0FJUUlDSUZVM0JoYVc0In0=,1031
eyJqb2JfdGl0bGUiOiJDb25zdWx0b3IvYSBUw6ljbmljby9hIGRlIEludGVncmFjaW9uZXMgU0FQIFBJL1BPIiwiY29tcGFueV9uYW1lIjoiSWJlcm3DoXRpY2EiLCJhZGRyZXNzX2NpdHkiOiJNYWRyaWQsIFNwYWluIiwiaHRpZG9jaWQiOiJvbnNIWG5FN2NqcU9uSVJfQUFBQUFBPT0iLCJ1dWxlIjoidytDQUlRSUNJRlUzQmhhVzQifQ==,1031
eyJqb2JfdGl0bGUiOiJDb25zdWx0b3IgdMOpY25pY28gc2FwIHBwIiwiY29tcGFueV9uYW1lIjoiSGF5cyIsImFkZHJlc3NfY2l0eSI6IkJhcmNlbG9uYSwgU3BhaW4iLCJodGlkb2NpZCI6Im5OOXdGSFVYUDNOdWE5N3RBQUFBQUE9PSIsInV1bGUiOiJ3K0NBSVFJQ0lGVTNCaGFXNCJ9,1031
eyJqb2JfdGl0bGUiOiJDb25zdWx0b3IvYSBTQVAgV20gLSBJbmdsw6lzIHwgW01TTy0zNzRdIiwiY29tcGFueV9uYW1lIjoiU29wcmEgU3RlcmlhIiwiYWRkcmVzc19jaXR5IjoiQWxiYWNldGUsIFNwYWluIiwiaHRpZG9jaWQiOiJ1a0pDc0NuSnBDc2hMVkhBQUFBQUFBPT0iLCJ1dWxlIjoidytDQUlRSUNJRlUzQmhhVzQifQ==,1031
eyJqb2JfdGl0bGUiOiJQcm9ncmFtZG9yL2EgU0FQIEFCQVAgKEVzcGHDsWEpIiwiY29tcGFueV9uYW1lIjoiTWljaGFlbCBQYWdlIiwiYWRkcmVzc19jaXR5IjoiQmFyY2Vsb25hLCBTcGFpbiIsImh0aWRvY2lkIjoiMjI4Q2xtcms1UnpMY29pakFBQUFBQT09IiwidXVsZSI6IncrQ0FJUUlDSUZVM0JoYVc0In0=,1031
eyJqb2JfdGl0bGUiOiJDb25zdWx0b3IgRnVuY2lvbmFsIFNBUCBQUCAoSC9NL0QpIiwiY29tcGFueV9uYW1lIjoiTWljaGFlbCBQYWdlIiwiYWRkcmVzc19jaXR5IjoiVmFsZW5jaWEsIFNwYWluIiwiaHRpZG9jaWQiOiJRMm5TMjNrM3pRbVZyVVlQQUFBQUFBPT0iLCJ1dWxlIjoidytDQUlRSUNJRlUzQmhhVzQifQ==,1031
eyJqb2JfdGl0bGUiOiJJbmdlbmllcm8gZGUgc2lzdGVtYXMgTGludXgiLCJjb21wYW55X25hbWUiOiJPcHRpbWlzc2EiLCJhZGRyZXNzX2NpdHkiOiJTcGFpbiIsImh0aWRvY2lkIjoiTUVRcVk5M2RmNDIzQl9JYkFBQUFBQT09IiwidXVsZSI6IncrQ0FJUUlDSUZVM0JoYVc0In0=,152
eyJqb2JfdGl0bGUiOiJJbmdlbmllcm8gZGUgc2lzdGVtYXMgTGludXggLyBTQUNUQSIsImNvbXBhbnlfbmFtZSI6Ik5lb3RhbGVudCBDb25jbHVzaW9uIiwiYWRkcmVzc19jaXR5IjoiTWFkcmlkLCBTcGFpbiIsImh0aWRvY2lkIjoiVlpZNlBkNjFBTk9KS214MEFBQUFBQT09IiwidXVsZSI6IncrQ0FJUUlDSUZVM0JoYVc0In0=,152
eyJqb2JfdGl0bGUiOiJUw6ljbmljb3MgU2lzdGVtYXMgTGludXgiLCJjb21wYW55X25hbWUiOiJTZWx0aW1lIFNMIiwiYWRkcmVzc19jaXR5IjoiTWFkcmlkLCBTcGFpbiIsImh0aWRvY2lkIjoiLTV0TjlpV2tKUmRzTWRNekFBQUFBQT09IiwidXVsZSI6IncrQ0FJUUlDSUZVM0JoYVc0In0=,152
eyJqb2JfdGl0bGUiOiJUw6ljbmljbyBTaXN0ZW1hcyBMaW51eC9XaW5kb3dzIEp1bmlvciIsImNvbXBhbnlfbmFtZSI6IkNPUyBHbG9iYWwgU2VydmljZXMiLCJhZGRyZXNzX2NpdHkiOiJNYWRyaWQsIFNwYWluIiwiaHRpZG9jaWQiOiJEQmE3Zm1EX0JzVzZJckZ6QUFBQUFBPT0iLCJ1dWxlIjoidytDQUlRSUNJRlUzQmhhVzQifQ==,152
eyJqb2JfdGl0bGUiOiJJbmdlbmllcm8gZGUgU29mdHdhcmUgQysrIHkgTGludXggY29uIFFUIiwiY29tcGFueV9uYW1lIjoic2cgdGVjaCIsImFkZHJlc3NfY2l0eSI6IlZhbGxhZG9saWQsIFNwYWluIiwiaHRpZG9jaWQiOiJmMl9RUVVoLWZ1WTJ1UkVZQUFBQUFBPT0iLCJ1dWxlIjoidytDQUlRSUNJRlUzQmhhVzQifQ==,128
eyJqb2JfdGl0bGUiOiJJbmdlbmllcm8vQSBEZSBTaXN0ZW1hcyBMaW51eCIsImNvbXBhbnlfbmFtZSI6IkRpZ2kgU3BhaW4gVGVsZWNvbSIsImFkZHJlc3NfY2l0eSI6IkFsY29iZW5kYXMsIFNwYWluIiwiaHRpZG9jaWQiOiJ1bXpTcElDc2ZtaDdFbHp6QUFBQUFBPT0iLCJ1dWxlIjoidytDQUlRSUNJRlUzQmhhVzQifQ==,836
eyJqb2JfdGl0bGUiOiJJbmdlbmllcm8gRGUgU2lzdGVtYXMgTGludXggLyBEZXZvcHMsIFByZXNlbmNpYWwgLSBBcGxpY2FyIHwgRXQ1MTgiLCJjb21wYW55X25hbWUiOiJBcmVsYW5jZSIsImFkZHJlc3NfY2l0eSI6IlphcmFnb3phLCBTcGFpbiIsImh0aWRvY2lkIjoiYloydXVVTHZOdnhQeF9OTkFBQUFBQT09IiwidXVsZSI6IncrQ0FJUUlDSUZVM0JoYVc0In0=,152
eyJqb2JfdGl0bGUiOiJBZG1pbmlzdHJhZG9yL2EgZGUgU2lzdGVtYXMgTGludXggLSBBc3R1cmlhcyIsImNvbXBhbnlfbmFtZSI6IkRpZ2l0YWwgVGFsZW50IEFnZW5jeSIsImFkZHJlc3NfY2l0eSI6Ik92aWVkbywgTXVuaWNpcGFsaXR5IG9mIE92aWVkbywgU3BhaW4iLCJodGlkb2NpZCI6InFIdkh3UGdkTHp1N2Q5X3NBQUFBQUE9PSIsInV1bGUiOiJ3K0NBSVFJQ0lGVTNCaGFXNCJ9,152
eyJqb2JfdGl0bGUiOiJBRE1JTklTVFJBRE9SIFNJU1RFTUFTIFVOSVggLyBMSU5VWCIsImNvbXBhbnlfbmFtZSI6IlJlYWxlIFNlZ3Vyb3MiLCJhZGRyZXNzX2NpdHkiOiJNYWRyaWQsIFNwYWluIiwiaHRpZG9jaWQiOiJROUlsSjNJaHJxLXB1QjMxQUFBQUFBPT0iLCJ1dWxlIjoidytDQUlRSUNJRlUzQmhhVzQifQ==,1143
eyJqb2JfdGl0bGUiOiJUw6ljbmljbyBkZSBzaXN0ZW1hcyBMaW51eCIsImNvbXBhbnlfbmFtZSI6IkF6ZXJ0aXVtIElUIiwiYWRkcmVzc19jaXR5IjoiU2FuIExvcmVuem8gZGUgRWwgRXNjb3JpYWwsIFNwYWluIiwiaHRpZG9jaWQiOiJublRQNzYxWi1XZnpXTXc3QUFBQUFBPT0iLCJ1dWxlIjoidytDQUlRSUNJRlUzQmhhVzQifQ==,152
eyJqb2JfdGl0bGUiOiJBZG1pbmlzdHJhZG9yL2EgZGUgU2lzdGVtYXMgTGludXgiLCJjb21wYW55X25hbWUiOiJBbGNvcmNlIFRlbGVjb211bmljYWNpb25lcyBTLkwuIiwiYWRkcmVzc19jaXR5IjoiTWFkcmlkLCBTcGFpbiIsImh0aWRvY2lkIjoidFRrVFp6Q19CaEdfUHpMQUFBQUFBQT09IiwidXVsZSI6IncrQ0FJUUlDSUZVM0JoYVc0In0=,152
eyJqb2JfdGl0bGUiOiJBZG1pbmlzdHJhZG9yIGRlIFNpc3RlbWFzIiwiY29tcGFueV9uYW1lIjoiTG9naWNhbGlzIFNwYWluIiwiYWRkcmVzc19jaXR5IjoiQmFyY2Vsb25hLCBTcGFpbiIsImh0aWRvY2lkIjoiYUFYbzVBX3drbnhOQlhmcEFBQUFBQT09IiwidXVsZSI6IncrQ0FJUUlDSUZVM0JoYVc0In0=,775
eyJqb2JfdGl0bGUiOiJFc3BlY2lhbGlzdGEgZW4gaW50ZWdyYWNpw7NuIiwiY29tcGFueV9uYW1lIjoiUFJJVkFETyIsImFkZHJlc3NfY2l0eSI6IkJhcmNlbG9uYSwgU3BhaW4iLCJodGlkb2NpZCI6Il95Tk1QbXo0cUtBdVNnNExBQUFBQUE9PSIsInV1bGUiOiJ3K0NBSVFJQ0lGVTNCaGFXNCJ9,128
eyJqb2JfdGl0bGUiOiJJbmdlbmllcm8gZGUgSW50ZWdyYWNpw7NuIGRlIFNpc3RlbWEvVmVow61jdWxvIHkgZGUgRGVzYXJyb2xsbyBTb2Z0d2FyZSAoU1cpIiwiY29tcGFueV9uYW1lIjoiU0VHIEF1dG9tb3RpdmUiLCJhZGRyZXNzX2NpdHkiOiJTcGFpbiIsImh0aWRvY2lkIjoidmJKQ1kwdC1zVGVsQ2JqZEFBQUFBQT09IiwidXVsZSI6IncrQ0FJUUlDSUZVM0JoYVc0In0=,128
eyJqb2JfdGl0bGUiOiJFc3BlY2lhbGlzdGEgRW4gU2lzdGVtYXMgRGUgSW50ZWdyYWNpw7NuIE1hZHJpZCDCtyBIw61icmlkbyIsImNvbXBhbnlfbmFtZSI6IlRlY2RhdGEgRW5naW5lZXJpbmciLCJhZGRyZXNzX2NpdHkiOiJNYWRyaWQsIFNwYWluIiwiaHRpZG9jaWQiOiJ6TXRFMzlrd3lmYmFtR2tuQUFBQUFBPT0iLCJ1dWxlIjoidytDQUlRSUNJRlUzQmhhVzQifQ==,128
eyJqb2JfdGl0bGUiOiJJbmdlbmllcm8vYSBlc3BlY2lhbGlzdGEgZW4gaW50ZWdyYWNpw7NuIGRlIHNpc3RlbWFzIiwiY29tcGFueV9uYW1lIjoiVW5zcGVjaWZpZWQiLCJhZGRyZXNzX2NpdHkiOiJDw6FkaXosIFNwYWluIiwiaHRpZG9jaWQiOiJpWXBSMnhSZnE1OEhHdUZfQUFBQUFBPT0iLCJ1dWxlIjoidytDQUlRSUNJRlUzQmhhVzQifQ==,128
eyJqb2JfdGl0bGUiOiJFc3BlY2lhbGlzdGEgZW4gSW50ZWdyYWNpb25lcyBNaXJ0aCBDb25uZWN0IiwiY29tcGFueV9uYW1lIjoiSW5ldHVtIFNwYWluIiwiYWRkcmVzc19jaXR5IjoiTWFkcmlkLCBTcGFpbiIsImh0aWRvY2lkIjoieUlsT2F5R3dSbmlBcndSWEFBQUFBQT09IiwidXVsZSI6IncrQ0FJUUlDSUZVM0JoYVc0In0=,128
eyJqb2JfdGl0bGUiOiJJbmdlbmllcm8vYSBFc3BlY2lhbGlzdGEgZW4gSW50ZWdyYWNpw7NuIGRlIFNpc3RlbWFzIiwiY29tcGFueV9uYW1lIjoiQWRlY2NvIChTcGFpbikiLCJhZGRyZXNzX2NpdHkiOiJTYW4gRmVybmFuZG8sIFNwYWluIiwiaHRpZG9jaWQiOiJWYmx5LVJHa3NxbDN2eFg2QUFBQUFBPT0iLCJ1dWxlIjoidytDQUlRSUNJRlUzQmhhVzQifQ==,128
eyJqb2JfdGl0bGUiOiJBbmFsaXN0YSBkZSBTaXN0ZW1hcywgQXV0b21hdGl6YWNpw7NuIGUgSW50ZWdyYWNpw7NuIiwiY29tcGFueV9uYW1lIjoiR09OREFOIFNoaXBidWlsZGVycyAtIEFzdGlsbGVyb3MgR29uZMOhbiIsImFkZHJlc3NfY2l0eSI6IkNhc3Ryb3BvbCwgU3BhaW4iLCJodGlkb2NpZCI6IjZpd2p2eVdtZkdRak9YQXJBQUFBQUE9PSIsInV1bGUiOiJ3K0NBSVFJQ0lGVTNCaGFXNCJ9,128
eyJqb2JfdGl0bGUiOiJFc3BlY2lhbGlzdGEgZW4gQ2FsaWRhZCBBY2Fkw6ltaWNhIGNvbiBDYXRhbMOhbiBlbiBNYWRyaWQiLCJjb21wYW55X25hbWUiOiJHcnVwbyBQUk9FRFVDQSIsImFkZHJlc3NfY2l0eSI6IlNwYWluIiwiaHRpZG9jaWQiOiJmT0VzeWFzLWc2NmZ3aDdfQUFBQUFBPT0iLCJ1dWxlIjoidytDQUlRSUNJRlUzQmhhVzQifQ==,856
eyJqb2JfdGl0bGUiOiJDb25zdWx0b3IvYSBpYSBtaWNyb3NvZnQsIG1hZHJpZCIsImNvbXBhbnlfbmFtZSI6IlBhZ2UgUGVyc29ubmVsIiwiYWRkcmVzc19jaXR5IjoiTWFkcmlkLCBTcGFpbiIsImh0aWRvY2lkIjoiN0NjRXB6UHQwNk8tblFzaUFBQUFBQT09IiwidXVsZSI6IncrQ0FJUUlDSUZVM0JoYVc0In0=,856
eyJqb2JfdGl0bGUiOiJFc3BlY2lhbGlzdGEgZW4gU29wb3J0ZSBUw6ljbmljbyBwYXJhIFVzdWFyaW9zIGRlIFdpbmRvd3MiLCJjb21wYW55X25hbWUiOiJJYmVybWF0aWNhIiwiYWRkcmVzc19jaXR5IjoiU3BhaW4iLCJodGlkb2NpZCI6IkY4NVBjVEEzUEF4LUVNRzdBQUFBQUE9PSIsInV1bGUiOiJ3K0NBSVFJQ0lGVTNCaGFXNCJ9,856
eyJqb2JfdGl0bGUiOiLimIFBZG1pbmlzdHJhZG9yIFNpc3RlbWFzIFdpbmRvd3MgKGjDrWJyaWRvOiA0IGTDrWFzIG9maWNpbmEpIiwiY29tcGFueV9uYW1lIjoia25vd21hZCBtb29kIiwiYWRkcmVzc19jaXR5IjoiTWFkcmlkLCBTcGFpbiIsImh0aWRvY2lkIjoibm5rNngwOVZlTjcxcjVKUkFBQUFBQT09IiwidXVsZSI6IncrQ0FJUUlDSUZVM0JoYVc0In0=,856
eyJqb2JfdGl0bGUiOiJBZG1pbmlzdHJhZG9yIFNpc3RlbWFzIFdpbmRvd3MvU2VndXJpZGFkIiwiY29tcGFueV9uYW1lIjoiUFNTIiwiYWRkcmVzc19jaXR5IjoiTWFkcmlkLCBTcGFpbiIsImh0aWRvY2lkIjoiMVdPVk9xY1BRTzhJa1BqOUFBQUFBQT09IiwidXVsZSI6IncrQ0FJUUlDSUZVM0JoYVc0In0=,966
eyJqb2JfdGl0bGUiOiJUw6ljbmljby9hIFByb2dyYW1hZG9yL2EgU1FMIiwiY29tcGFueV9uYW1lIjoiTkEiLCJhZGRyZXNzX2NpdHkiOiJQcmVtacOgIGRlIE1hciwgU3BhaW4iLCJodGlkb2NpZCI6InI0RWFmM0lRLS04VnkzcEtBQUFBQUE9PSIsInV1bGUiOiJ3K0NBSVFJQ0lGVTNCaGFXNCJ9,274
eyJqb2JfdGl0bGUiOiJTYXAgQncvNEhhbmEgKFTDqWNuaWNvKSIsImNvbXBhbnlfbmFtZSI6IlVuc3BlY2lmaWVkIiwiYWRkcmVzc19jaXR5IjoiU2V2aWxsZSwgU3BhaW4iLCJodGlkb2NpZCI6IkpiYmhWSHpxdDJUTlp2eHJBQUFBQUE9PSIsInV1bGUiOiJ3K0NBSVFJQ0lGVTNCaGFXNCJ9,1031
eyJqb2JfdGl0bGUiOiJEZXNhcnJvbGxhZG9yIFNlbmlvciBkZSBTQVAgQUJBUCIsImNvbXBhbnlfbmFtZSI6IkhheXMiLCJhZGRyZXNzX2NpdHkiOiJTcGFpbiIsImh0aWRvY2lkIjoiTUtJY29YZ3ZHcXo5bVNsN0FBQUFBQT09IiwidXVsZSI6IncrQ0FJUUlDSUZVM0JoYVc0In0=,1031
eyJqb2JfdGl0bGUiOiJFc3BlY2lhbGlzdGEgZW4gU1FMIHkgUHJvY2VkaW1pZW50b3MgQWxtYWNlbmFkb3MiLCJjb21wYW55X25hbWUiOiJlWHBlcmllbmNlIiwiYWRkcmVzc19jaXR5IjoiTWFkcmlkLCBTcGFpbiIsImh0aWRvY2lkIjoiMl9PNnJTQnRVOGJaTjlCWkFBQUFBQT09IiwidXVsZSI6IncrQ0FJUUlDSUZVM0JoYVc0In0=,274
eyJqb2JfdGl0bGUiOiJUw6ljbmljby9hIGRlIENvbXVuaWNhY2lvbmVzIExBTiIsImNvbXBhbnlfbmFtZSI6Ik5leHRyZXQiLCJhZGRyZXNzX2NpdHkiOiJCYXJjZWxvbmEsIFNwYWluIiwiaHRpZG9jaWQiOiItT0xVUkxSQzRFaWNLT0M5QUFBQUFBPT0iLCJ1dWxlIjoidytDQUlRSUNJRlUzQmhhVzQifQ==,578
eyJqb2JfdGl0bGUiOiJURUNOSUNPL0EgREUgQ09NVU5JQ0FDSU9ORVMiLCJjb21wYW55X25hbWUiOiJJYmVybWF0aWNhIiwiYWRkcmVzc19jaXR5IjoiQmFzcXVlIENvdW50cnksIFNwYWluIiwiaHRpZG9jaWQiOiJFdXlhT1RSeEc3bV9sQXJEQUFBQUFBPT0iLCJ1dWxlIjoidytDQUlRSUNJRlUzQmhhVzQifQ==,1130
eyJqb2JfdGl0bGUiOiJUw6ljbmljby9hIGluc3RhbGFkb3IgZGUgY29tdW5pY2FjaW9uZXMgYWVyb3BvcnR1YXJpYXMiLCJjb21wYW55X25hbWUiOiJHcnVwbyBBbXBlciIsImFkZHJlc3NfY2l0eSI6IlBvenVlbG8gZGUgQWxhcmPDs24sIFNwYWluIiwiaHRpZG9jaWQiOiJtbGk4LW83T0JPbXZMclJ5QUFBQUFBPT0iLCJ1dWxlIjoidytDQUlRSUNJRlUzQmhhVzQifQ==,226
eyJqb2JfdGl0bGUiOiJURUNOSUNPIENPTVVOSUNBQ0lPTkVTIC0gTUFJTkZSQU1FIiwiY29tcGFueV9uYW1lIjoiSW5mb3J0ZWMgQ29uc3VsdG9yZXMiLCJhZGRyZXNzX2NpdHkiOiJNYWRyaWQsIFNwYWluIiwiaHRpZG9jaWQiOiJDVjVOVFVibGdZdVRSZ1FhQUFBQUFBPT0iLCJ1dWxlIjoidytDQUlRSUNJRlUzQmhhVzQifQ==,1143
eyJqb2JfdGl0bGUiOiJUw6ljbmljby9hIGRlIENvbXVuaWNhY2lvbmVzIiwiY29tcGFueV9uYW1lIjoiU0VSTUlDUk8iLCJhZGRyZXNzX2NpdHkiOiJNYWRyaWQsIFNwYWluIiwiaHRpZG9jaWQiOiJtOGJjTW1OaFlZNUI3Ql9RQUFBQUFBPT0iLCJ1dWxlIjoidytDQUlRSUNJRlUzQmhhVzQifQ==,226
eyJqb2JfdGl0bGUiOiJUw6ljbmljby9hIEluZnJhZXN0cnVjdHVyYSB5IENvbXVuaWNhY2lvbmVzIiwiY29tcGFueV9uYW1lIjoiRmVycm92aWFsIENvbnN0cnVjdGlvbiIsImFkZHJlc3NfY2l0eSI6Ik1hZHJpZCwgU3BhaW4iLCJodGlkb2NpZCI6InhBcktHM2ZUeE5TbzB4ZmhBQUFBQUE9PSIsInV1bGUiOiJ3K0NBSVFJQ0lGVTNCaGFXNCJ9,856
eyJqb2JfdGl0bGUiOiJUw6ljbmljbyBkZSBDb211bmljYWNpb25lcy9SZWRlcyhyZW1vdG8pIiwiY29tcGFueV9uYW1lIjoiUFNTIiwiYWRkcmVzc19jaXR5IjoiQmFyY2Vsb25hLCBTcGFpbiIsImh0aWRvY2lkIjoiS3R4RGJWWWdZeEJJdFhMZUFBQUFBQT09IiwidXVsZSI6IncrQ0FJUUlDSUZVM0JoYVc0In0=,1178
eyJqb2JfdGl0bGUiOiJJbmdlbmllcm8vYSBkZSBDYWxpZGFkIiwiY29tcGFueV9uYW1lIjoiTWFsZW5hIEVuZ2luZWVyaW5nIiwiYWRkcmVzc19jaXR5IjoiU3BhaW4iLCJodGlkb2NpZCI6InJOQ1NnYWUyLXFiUEFnb0FBQUFBQUE9PSIsInV1bGUiOiJ3K0NBSVFJQ0lGVTNCaGFXNCJ9,606
eyJqb2JfdGl0bGUiOiJJbmdlbmllcm8vYSBkZSBDYWxpZGFkIiwiY29tcGFueV9uYW1lIjoiQXhpYWwgU3RydWN0dXJhbCBTb2x1dGlvbnMiLCJhZGRyZXNzX2NpdHkiOiJQYXRlcm5hLCBTcGFpbiIsImh0aWRvY2lkIjoiMjJQMGtQaC0xOVZRM0k3ZUFBQUFBQT09IiwidXVsZSI6IncrQ0FJUUlDSUZVM0JoYVc0In0=,455
eyJqb2JfdGl0bGUiOiJJbmdlbmllcm8vYSBkZSBDYWxpZGFkIFNpc3RlbWFzIEZlcnJvdmlhcmlvcyIsImNvbXBhbnlfbmFtZSI6IkluZHJhIiwiYWRkcmVzc19jaXR5IjoiU2FuIEZlcm5hbmRvIGRlIEhlbmFyZXMsIFNwYWluIiwiaHRpZG9jaWQiOiIzSEZ0S0liSEdDbXFIcTVUQUFBQUFBPT0iLCJ1dWxlIjoidytDQUlRSUNJRlUzQmhhVzQifQ==,128
eyJqb2JfdGl0bGUiOiJJbmdlbmllcm8gZGUgY2FsaWRhZCBkZSBwcm95ZWN0byIsImNvbXBhbnlfbmFtZSI6IkdSUyIsImFkZHJlc3NfY2l0eSI6Ik1hZHJpZCwgU3BhaW4iLCJodGlkb2NpZCI6ImR2ZU5UY3pHZWJOOEg3cU1BQUFBQUE9PSIsInV1bGUiOiJ3K0NBSVFJQ0lGVTNCaGFXNCJ9,856
eyJqb2JfdGl0bGUiOiJJbmdlbmllcm8vYSBkZSBDYWxpZGFkIGRlIFByb2Nlc29zIGUgSW5kdXN0cmlhbGl6YWNpw7NuIiwiY29tcGFueV9uYW1lIjoiQUxURU4gU3BhaW4iLCJhZGRyZXNzX2NpdHkiOiJNZWxpYW5hLCBTcGFpbiIsImh0aWRvY2lkIjoiQl9SQ2UwWmFUQVlsS3hzRUFBQUFBQT09IiwidXVsZSI6IncrQ0FJUUlDSUZVM0JoYVc0In0=,128
eyJqb2JfdGl0bGUiOiJJbmdlbmllcm8gZGUgQ2FsaWRhZCIsImNvbXBhbnlfbmFtZSI6IkluZHJhIiwiYWRkcmVzc19jaXR5IjoiU3BhaW4iLCJodGlkb2NpZCI6IlFIUHBmYlczaF9kbG45MkxBQUFBQUE9PSIsInV1bGUiOiJ3K0NBSVFJQ0lGVTNCaGFXNCJ9,4
eyJqb2JfdGl0bGUiOiJJbmdlbmllcm8gZGUgY29udHJvbCBkZSBjYWxpZGFkIiwiY29tcGFueV9uYW1lIjoiZmFjbWUiLCJhZGRyZXNzX2NpdHkiOiJBbmRvYWluLCBTcGFpbiIsImh0aWRvY2lkIjoiYXczanhIQTJkWThFWFdUWEFBQUFBQT09IiwidXVsZSI6IncrQ0FJUUlDSUZVM0JoYVc0In0=,411
eyJqb2JfdGl0bGUiOiJJbmdlbmllcm8gUWEgU2VuaW9yIERlIENhbGlkYWQgRGUgU29mdHdhcmUiLCJjb21wYW55X25hbWUiOiJDcmVhcnRlIENvbnN1bHRpbmciLCJhZGRyZXNzX2NpdHkiOiJNYWRyaWQsIFNwYWluIiwiaHRpZG9jaWQiOiJKUlFjd1lkVTJjUkthRnUxQUFBQUFBPT0iLCJ1dWxlIjoidytDQUlRSUNJRlUzQmhhVzQifQ==,128
eyJqb2JfdGl0bGUiOiJJbmdlbmllcm8vYSBkZSBTaXN0ZW1hIGRlIEdlc3Rpw7NuIGRlIENhbGlkYWQgKEgvTS9YKSAxNDg5IiwiY29tcGFueV9uYW1lIjoiVkVSSU5HRVIgRU5HSU5FRVJJTkciLCJhZGRyZXNzX2NpdHkiOiJCYXJjZWxvbmEsIFNwYWluIiwiaHRpZG9jaWQiOiIwMjR4UUxnb3FLVnVNM1VNQUFBQUFBPT0iLCJ1dWxlIjoidytDQUlRSUNJRlUzQmhhVzQifQ==,606
eyJqb2JfdGl0bGUiOiJJbmdlbmllcm8vYSBDYWxpZGFkIERlc2Fycm9sbG8iLCJjb21wYW55X25hbWUiOiJNQUlFUiBHcm91cCIsImFkZHJlc3NfY2l0eSI6IlNwYWluIiwiaHRpZG9jaWQiOiJfUzhibFFnbjVUN3pxc09LQUFBQUFBPT0iLCJ1dWxlIjoidytDQUlRSUNJRlUzQmhhVzQifQ==,84
eyJqb2JfdGl0bGUiOiJPZmljaW5hIHRlY25pY2EgeSBjYWxpZGFkIiwiY29tcGFueV9uYW1lIjoiSU5BU0lTIElOR0VOSUVSSUEgWSBNQU5URU5JTUlFTlRPIElORFVTVFJJQUwiLCJhZGRyZXNzX2NpdHkiOiJMYSBMw61uZWEgZGUgbGEgQ29uY2VwY2nDs24sIFNwYWluIiwiaHRpZG9jaWQiOiIzdXo4QndsZUJXdTJZWXBlQUFBQUFBPT0iLCJ1dWxlIjoidytDQUlRSUNJRlUzQmhhVzQifQ==,411
eyJqb2JfdGl0bGUiOiJUw6ljbmljby9hIGRlIENhbGlkYWQiLCJjb21wYW55X25hbWUiOiJBQ0NJT05BIiwiYWRkcmVzc19jaXR5IjoiQSBDb3J1w7FhLCBTcGFpbiIsImh0aWRvY2lkIjoib2RYUkwxVXc2dldWM08wb0FBQUFBQT09IiwidXVsZSI6IncrQ0FJUUlDSUZVM0JoYVc0In0=,579
eyJqb2JfdGl0bGUiOiJBZG1pbmlzdHJhY2nDs24gZGUgc2lzdGVtYXMgV2luZG93cyIsImNvbXBhbnlfbmFtZSI6IlNPU01BVElDIiwiYWRkcmVzc19jaXR5IjoiQmFyY2Vsb25hLCBTcGFpbiIsImh0aWRvY2lkIjoiMDJQN0RIWERyWlJiNTNiWEFBQUFBQT09IiwidXVsZSI6IncrQ0FJUUlDSUZVM0JoYVc0In0=,1178
eyJqb2JfdGl0bGUiOiJBZG1pbmlzdHJhZG9yL2EgZGUgU2lzdGVtYXMgTWljcm9zb2Z0IiwiY29tcGFueV9uYW1lIjoiS1JJTURBIiwiYWRkcmVzc19jaXR5IjoiTWFkcmlkLCBTcGFpbiIsImh0aWRvY2lkIjoiWjVXRXk4RTVJS2ZEdW43V0FBQUFBQT09IiwidXVsZSI6IncrQ0FJUUlDSUZVM0JoYVc0In0=,856
eyJqb2JfdGl0bGUiOiJBZG1pbmlzdHJhZG9yIGRlIFNpc3RlbWFzIFdpbmRvd3MgLyBMaW51eCIsImNvbXBhbnlfbmFtZSI6IkRhdGEgVHJlbmRzIiwiYWRkcmVzc19jaXR5IjoiTWFkcmlkLCBTcGFpbiIsImh0aWRvY2lkIjoiYVN2VjljR1BZcktybWE0QUFBQUFBQT09IiwidXVsZSI6IncrQ0FJUUlDSUZVM0JoYVc0In0=,578
eyJqb2JfdGl0bGUiOiJBZG1pbmlzdHJhZG9yIGRlIFNpc3RlbWFzIFdpbmRvd3MgcGFyYSB1bmEgY29uc3VsdG9yYSBJVCBjb24gc2VkZXMgZW4gTcOhbGFnYSIsImNvbXBhbnlfbmFtZSI6IkFudGFsIEludGVybmF0aW9uYWwiLCJhZGRyZXNzX2NpdHkiOiJNw6FsYWdhLCBTcGFpbiIsImh0aWRvY2lkIjoiMzdjVl9LLXR5OVVHYlB5cEFBQUFBQT09IiwidXVsZSI6IncrQ0FJUUlDSUZVM0JoYVc0In0=,856
eyJqb2JfdGl0bGUiOiJBZG1pbmlzdHJhZG9yL2EgU2VndXJpZGFkIFdpbmRvd3MiLCJjb21wYW55X25hbWUiOiJJbmV0dW0iLCJhZGRyZXNzX2NpdHkiOiJNYWRyaWQsIFNwYWluIiwiaHRpZG9jaWQiOiJ4VUpudVQ1NWZLYko5T1k0QUFBQUFBPT0iLCJ1dWxlIjoidytDQUlRSUNJRlUzQmhhVzQifQ==,579
eyJqb2JfdGl0bGUiOiJBRE1JTklTVFJBRE9SL0EgREUgU0lTVEVNQVMgV0lORE9XUyBZIExJTlVYIiwiY29tcGFueV9uYW1lIjoiR0FSVkFMSU4iLCJhZGRyZXNzX2NpdHkiOiJFbGNoZSwgU3BhaW4iLCJodGlkb2NpZCI6ImU1bjRsUEdqNVNvYlVzMnBBQUFBQUE9PSIsInV1bGUiOiJ3K0NBSVFJQ0lGVTNCaGFXNCJ9,152
eyJqb2JfdGl0bGUiOiJBZG1pbmlzdHJhZG9yIFNpc3RlbWFzIFdpbmRvd3MiLCJjb21wYW55X25hbWUiOiJHcnVwbyBBcmVsYW5jZSIsImFkZHJlc3NfY2l0eSI6Ik1hZHJpZCwgU3BhaW4iLCJodGlkb2NpZCI6InJZYkkzWF9zM09SWkUyZGFBQUFBQUE9PSIsInV1bGUiOiJ3K0NBSVFJQ0lGVTNCaGFXNCJ9,856
eyJqb2JfdGl0bGUiOiJBZG1pbiBkZSBTaXN0ZW1hcyBTZW5pb3IgY29uIEluZ2xlcyIsImNvbXBhbnlfbmFtZSI6IkFkZWNjbyBPdXRzb3VyY2luZyIsImFkZHJlc3NfY2l0eSI6Ik1hZHJpZCwgU3BhaW4iLCJodGlkb2NpZCI6ImR6WTBkQjFET1VjWGR4N3RBQUFBQUE9PSIsInV1bGUiOiJ3K0NBSVFJQ0lGVTNCaGFXNCJ9,966
eyJqb2JfdGl0bGUiOiJBZG1pbmlzdHJhZG9yIFNlbmlvciBTaXN0ZW1hcyBXaW5kb3dzIiwiY29tcGFueV9uYW1lIjoiVC1TeXN0ZW1zIEliZXJpYSIsImFkZHJlc3NfY2l0eSI6IlNwYWluIiwiaHRpZG9jaWQiOiJIYUd0Wl9TWEFubkZnTTRlQUFBQUFBPT0iLCJ1dWxlIjoidytDQUlRSUNJRlUzQmhhVzQifQ==,856
eyJqb2JfdGl0bGUiOiJFc3BlY2lhbGlzdGEgZW4gU2lzdGVtYXMgV2luZG93cyIsImNvbXBhbnlfbmFtZSI6ImlUUmVjcnVpdGVyIiwiYWRkcmVzc19jaXR5IjoiU2V2aWxsZSwgU3BhaW4iLCJodGlkb2NpZCI6IlpFblhxcU92bmNVNy03V1dBQUFBQUE9PSIsInV1bGUiOiJ3K0NBSVFJQ0lGVTNCaGFXNCJ9,856
eyJqb2JfdGl0bGUiOiJHZXN0b3IgZXNwZWNpYWxpc3RhIGVuIENsb3VkIFNlY3VyaXR5IiwiY29tcGFueV9uYW1lIjoiVGFsZW50IEhhY2tlcnMiLCJhZGRyZXNzX2NpdHkiOiJCYXJjZWxvbmEsIFNwYWluIiwiaHRpZG9jaWQiOiJ4UGVydDBwdmhvTGFQVDE5QUFBQUFBPT0iLCJ1dWxlIjoidytDQUlRSUNJRlUzQmhhVzQifQ==,32
eyJqb2JfdGl0bGUiOiJFc3BlY2lhbGlzdGEgQ2liZXJzZWd1cmlkYWQgQ2xvdWQgMTAwJSBSZW1vdG8iLCJjb21wYW55X25hbWUiOiJTZyBUZWNoIiwiYWRkcmVzc19jaXR5IjoiTWFkcmlkLCBTcGFpbiIsImh0aWRvY2lkIjoiM3FZVG5DMDFYektnTWJySUFBQUFBQT09IiwidXVsZSI6IncrQ0FJUUlDSUZVM0JoYVc0In0=,32
eyJqb2JfdGl0bGUiOiJBcnF1aXRlY3RvIGRlIFNlZ3VyaWRhZCBDbG91ZCAoQXp1cmUsIEFXUyB5IEdDUCkiLCJjb21wYW55X25hbWUiOiJBbG92aWEgQ29uc3VsdGluZyIsImFkZHJlc3NfY2l0eSI6Ik1hZHJpZCwgU3BhaW4iLCJodGlkb2NpZCI6IjdtbHQ4a3BON1g3bWN2X2dBQUFBQUE9PSIsInV1bGUiOiJ3K0NBSVFJQ0lGVTNCaGFXNCJ9,30
eyJqb2JfdGl0bGUiOiJJbmdlbmllcm8vYSBkZSBTZWd1cmlkYWQgQ2xvdWQsIDEwMCUgRW4gcmVtb3RvIiwiY29tcGFueV9uYW1lIjoiR3J1cG8gU0lBIiwiYWRkcmVzc19jaXR5IjoiU3BhaW4iLCJodGlkb2NpZCI6IkRjckJxYlg5RTdzWXljT3hBQUFBQUE9PSIsInV1bGUiOiJ3K0NBSVFJQ0lGVTNCaGFXNCJ9,1143
eyJqb2JfdGl0bGUiOiJBcnF1aXRlY3RvL0EgU2VndXJpZGFkIENsb3VkIiwiY29tcGFueV9uYW1lIjoiR3J1cG8gRGlnaXRhbCIsImFkZHJlc3NfY2l0eSI6Ik1hZHJpZCwgU3BhaW4iLCJodGlkb2NpZCI6Ik1YUVUwZ1NWR04yVkw0XzRBQUFBQUE9PSIsInV1bGUiOiJ3K0NBSVFJQ0lGVTNCaGFXNCJ9,215
eyJqb2JfdGl0bGUiOiJDb25zdWx0b3IvQSBHcmMgRW4gQ2liZXJzZWd1cmlkYWQgLSBNYWRyaWQiLCJjb21wYW55X25hbWUiOiJHT1ZFUlRJUyIsImFkZHJlc3NfY2l0eSI6IlphcmFnb3phLCBTcGFpbiIsImh0aWRvY2lkIjoiMmRNNzI0Ykg1d2xsZTlvU0FBQUFBQT09IiwidXVsZSI6IncrQ0FJUUlDSUZVM0JoYVc0In0=,579
eyJqb2JfdGl0bGUiOiJDb25zdWx0b3IgZGUgQ2liZXJzZWd1cmlkYWQgUEtJLCBoaWJyaWRvIiwiY29tcGFueV9uYW1lIjoiQmFvc3MiLCJhZGRyZXNzX2NpdHkiOiJNYWRyaWQsIFNwYWluIiwiaHRpZG9jaWQiOiJoenJFTHYyOGE4ZUU1Tzd6QUFBQUFBPT0iLCJ1dWxlIjoidytDQUlRSUNJRlUzQmhhVzQifQ==,128
eyJqb2JfdGl0bGUiOiJUw6ljbmljbyBlc3BlY2lhbGlzdGEgc2Vydmlkb3JlcyB3ZWIiLCJjb21wYW55X25hbWUiOiJTZWx0aW1lIiwiYWRkcmVzc19jaXR5IjoiTWFkcmlkLCBTcGFpbiIsImh0aWRvY2lkIjoiX0QwTmhZMzBIOExSeWprWEFBQUFBQT09IiwidXVsZSI6IncrQ0FJUUlDSUZVM0JoYVc0In0=,152
eyJqb2JfdGl0bGUiOiJFc3BlY2lhbGlzdGEgZW4gU29wb3J0ZSBkZSBJbmZyYWVzdHJ1Y3R1cmEiLCJjb21wYW55X25hbWUiOiJDb3N0YWlzYSIsImFkZHJlc3NfY2l0eSI6IkJhcmNlbG9uYSwgU3BhaW4iLCJodGlkb2NpZCI6ImdaeGlpOVJHdllVcmo2V0VBQUFBQUE9PSIsInV1bGUiOiJ3K0NBSVFJQ0lGVTNCaGFXNCJ9,152
eyJqb2JfdGl0bGUiOiJUw6ljbmljby9BIEVzcGVjaWFsaXN0YSBMaW51eCIsImNvbXBhbnlfbmFtZSI6Ik1lbnNvZnQgQ29uc3VsdG9yZXMsIFMuTCIsImFkZHJlc3NfY2l0eSI6Ik1hZHJpZCwgU3BhaW4iLCJodGlkb2NpZCI6ImplcVNFVTl3T1BIdmpoQXlBQUFBQUE9PSIsInV1bGUiOiJ3K0NBSVFJQ0lGVTNCaGFXNCJ9,152
eyJqb2JfdGl0bGUiOiJJbmdlbmllcm8vYSBkZSBwcnVlYmFzLCBjb24gZXhwZXJpZW5jaWEgZW4gdmFsaWRhY2nDs24geSB2ZXJpZmljYWNpw7NuLiIsImNvbXBhbnlfbmFtZSI6IkluZHJhIiwiYWRkcmVzc19jaXR5IjoiQXJhbmp1ZXosIFNwYWluIiwiaHRpZG9jaWQiOiJQRmg4RTRnQTE0am53RlZTQUFBQUFBPT0iLCJ1dWxlIjoidytDQUlRSUNJRlUzQmhhVzQifQ==,128
eyJqb2JfdGl0bGUiOiJJTkdFTklFUk8gU1cgQVVUT01BVElaQUNJT04gUFJVRUJBUyIsImNvbXBhbnlfbmFtZSI6IkNhcGdlbWluaSBFbmdpbmVlcmluZyIsImFkZHJlc3NfY2l0eSI6IlNwYWluIiwiaHRpZG9jaWQiOiJJQkF5Q2Y1WFU3aTFlcWtsQUFBQUFBPT0iLCJ1dWxlIjoidytDQUlRSUNJRlUzQmhhVzQifQ==,606
eyJqb2JfdGl0bGUiOiJJbmdlbmllcm8gZGUgcHJ1ZWJhcyAtIFNFQ1RPUiBERUZFTlNBIiwiY29tcGFueV9uYW1lIjoiSU5URUdSQUNJw5NOIFRFQ05PTMOTR0lDQSBFTVBSRVNBUklBTCwgUy5MLiIsImFkZHJlc3NfY2l0eSI6Ik1hZHJpZCwgU3BhaW4iLCJodGlkb2NpZCI6Ik01YzlFeVF2cmd1WHU2dkVBQUFBQUE9PSIsInV1bGUiOiJ3K0NBSVFJQ0lGVTNCaGFXNCJ9,4
eyJqb2JfdGl0bGUiOiJJbmdlbmllcm8gVGVzdGVyIFNXIChIL00pIiwiY29tcGFueV9uYW1lIjoiVGhlIENUIEVuZ2luZWVyaW5nIEdyb3VwIiwiYWRkcmVzc19jaXR5IjoiR2V0YWZlLCBTcGFpbiIsImh0aWRvY2lkIjoiMjlsRWtLTWtXbklZUEtodkFBQUFBQT09IiwidXVsZSI6IncrQ0FJUUlDSUZVM0JoYVc0In0=,856
eyJqb2JfdGl0bGUiOiJJbmdlbmllcm8vYSBUZXN0aW5nIFNXIGVtYmViaWRvIiwiY29tcGFueV9uYW1lIjoiVGhlIENUIEVuZ2luZWVyaW5nIEdyb3VwIiwiYWRkcmVzc19jaXR5IjoiR2V0YWZlLCBTcGFpbiIsImh0aWRvY2lkIjoicDVKdUpFQVFnZGo0VkdxZkFBQUFBQT09IiwidXVsZSI6IncrQ0FJUUlDSUZVM0JoYVc0In0=,221
eyJqb2JfdGl0bGUiOiJJbmdlbmllcm8gUHJ1ZWJhcyBTaXN0ZW1hcyBQbGF0YWZvcm1hcyBBZXJlYXMiLCJjb21wYW55X25hbWUiOiJDYXBnZW1pbmkiLCJhZGRyZXNzX2NpdHkiOiJTcGFpbiIsImh0aWRvY2lkIjoicWRYZjZtd29hTVUxYlg2V0FBQUFBQT09IiwidXVsZSI6IncrQ0FJUUlDSUZVM0JoYVc0In0=,606
eyJqb2JfdGl0bGUiOiJJbmdlbmllcm8vYSBUZXN0IEVsZWN0csOzbmljb3MiLCJjb21wYW55X25hbWUiOiJJbmRyYSIsImFkZHJlc3NfY2l0eSI6IlRvcnJlasOzbiBkZSBBcmRveiwgU3BhaW4iLCJodGlkb2NpZCI6IjdRbzZrTVhvQ0g3NmlPc2xBQUFBQUE9PSIsInV1bGUiOiJ3K0NBSVFJQ0lGVTNCaGFXNCJ9,128
eyJqb2JfdGl0bGUiOiJTZWxlY2Npb25hbW9zIEluZ2VuaWVybyBEZSBQcnVlYmFzIFNyIFkgSnIgwqFDcmVjZW1vcyBKdW50b3MiLCJjb21wYW55X25hbWUiOiJWb2lwaW5nIFVTIiwiYWRkcmVzc19jaXR5IjoiTWFkcmlkLCBTcGFpbiIsImh0aWRvY2lkIjoiZnRwMVFzdnM3dDdLazFjNUFBQUFBQT09IiwidXVsZSI6IncrQ0FJUUlDSUZVM0JoYVc0In0=,836
eyJqb2JfdGl0bGUiOiJJTkdFTklFUk8vQSBERSBJTlRFR1JBQ0nDk04gWSBQUlVFQkFTIERFIFNJU1RFTUFTIEVMRUNUUsOTTklDT1MiLCJjb21wYW55X25hbWUiOiJNYXJsZXgiLCJhZGRyZXNzX2NpdHkiOiJBcmFuanVleiwgU3BhaW4iLCJodGlkb2NpZCI6IlRVcVUwakwwV1h3NFNMQUdBQUFBQUE9PSIsInV1bGUiOiJ3K0NBSVFJQ0lGVTNCaGFXNCJ9,128
eyJqb2JfdGl0bGUiOiJJbmdlbmllcm8vYSBkZSBJbnRlZ3JhY2nDs24geSBUZXN0IiwiY29tcGFueV9uYW1lIjoiR01WIiwiYWRkcmVzc19jaXR5IjoiTWFkcmlkLCBTcGFpbiIsImh0aWRvY2lkIjoiTkJndzBHdFR4azFiZEgyc0FBQUFBQT09IiwidXVsZSI6IncrQ0FJUUlDSUZVM0JoYVc0In0=,128
eyJqb2JfdGl0bGUiOiJJbmdlbmllcm8vYSBJbnRlZ3JhY2nDs24geSBwcnVlYmFzIGRlIHNpc3RlbWFzIGVsZWN0csOzbmljb3MiLCJjb21wYW55X25hbWUiOiJJbmRyYSIsImFkZHJlc3NfY2l0eSI6IkFyYW5qdWV6LCBTcGFpbiIsImh0aWRvY2lkIjoiX2xtX1BQWUg1VTJXSjFaaEFBQUFBQT09IiwidXVsZSI6IncrQ0FJUUlDSUZVM0JoYVc0In0=,128
eyJqb2JfdGl0bGUiOiJTb2Z0d2FyZSBUZXN0IEVuZ2luZWVyIiwiY29tcGFueV9uYW1lIjoiTUMgRW5naW5lZXJpbmciLCJhZGRyZXNzX2NpdHkiOiJCYXJjZWxvbmEsIFNwYWluIiwiaHRpZG9jaWQiOiJJYUk5ak16WmpoVU4yZkV2QUFBQUFBPT0iLCJ1dWxlIjoidytDQUlRSUNJRlUzQmhhVzQifQ==,128
eyJqb2JfdGl0bGUiOiJJbmdlbmllcm8vYSBqdW5pb3IgZGUgdmVyaWZpY2FjacOzbiIsImNvbXBhbnlfbmFtZSI6IkdNViIsImFkZHJlc3NfY2l0eSI6Ik1hZHJpZCwgU3BhaW4iLCJodGlkb2NpZCI6IjRxZ2pMR3BNbElsSkduUndBQUFBQUE9PSIsInV1bGUiOiJ3K0NBSVFJQ0lGVTNCaGFXNCJ9,128
eyJqb2JfdGl0bGUiOiJJbmdlbmllcm8vYSBkZSBUZXN0IEF1dG9tb2Npw7NuIiwiY29tcGFueV9uYW1lIjoiQUxURU4gRGVsaXZlcnkgQ2VudHJlIFNwYWluIiwiYWRkcmVzc19jaXR5IjoiQmFyY2Vsb25hLCBTcGFpbiIsImh0aWRvY2lkIjoiRzhPellPRVZjY1VmWjJmVkFBQUFBQT09IiwidXVsZSI6IncrQ0FJUUlDSUZVM0JoYVc0In0=,128
eyJqb2JfdGl0bGUiOiJkZXNhcnJvbGxhZG9yIC5uZXQvZW50aXR5LiIsImNvbXBhbnlfbmFtZSI6IlJhbmRzdGFkIiwiYWRkcmVzc19jaXR5IjoiVGFqb25hciwgU3BhaW4iLCJodGlkb2NpZCI6ImFVTVV5b21qRDZ4SFdJLTJBQUFBQUE9PSIsInV1bGUiOiJ3K0NBSVFJQ0lGVTNCaGFXNCJ9,274
eyJqb2JfdGl0bGUiOiJFc3BlY2lhbGlzdGEgZW4gc2VndXJpZGFkIiwiY29tcGFueV9uYW1lIjoiSy1MQUdBTiIsImFkZHJlc3NfY2l0eSI6Ik1hZHJpZCwgU3BhaW4iLCJodGlkb2NpZCI6Ik4yVFA4ZWd5X0xOMTVLSjNBQUFBQUE9PSIsInV1bGUiOiJ3K0NBSVFJQ0lGVTNCaGFXNCJ9,128
eyJqb2JfdGl0bGUiOiJFc3BlY2lhbGlzdGEgZGUgU2VndXJpZGFkIiwiY29tcGFueV9uYW1lIjoiSW52ZW5lcmd5IiwiYWRkcmVzc19jaXR5IjoiQXMgU29tb3phcywgU3BhaW4iLCJodGlkb2NpZCI6IlhyOE9OdlpKTzJzb1lKelpBQUFBQUE9PSIsInV1bGUiOiJ3K0NBSVFJQ0lGVTNCaGFXNCJ9,605
eyJqb2JfdGl0bGUiOiJFc3BlY2lhbGlzdGEgU2VndXJpZGFkIFBlcmltZXRyYWwgQWthbWFpIiwiY29tcGFueV9uYW1lIjoiWmVtc2FuaWEiLCJhZGRyZXNzX2NpdHkiOiJWaWdvLCBNdW5pY2lwYWxpdHkgb2YgVmlnbywgU3BhaW4iLCJodGlkb2NpZCI6IlNxb05EVzA3ZHpZa3lPNFhBQUFBQUE9PSIsInV1bGUiOiJ3K0NBSVFJQ0lGVTNCaGFXNCJ9,579
eyJqb2JfdGl0bGUiOiJFc3BlY2lhbGlzdGEgZW4gVGhyZWF0IEh1bnRpbmciLCJjb21wYW55X25hbWUiOiJDcmFmdGVyY29kZSIsImFkZHJlc3NfY2l0eSI6Ik1hZHJpZCwgU3BhaW4iLCJodGlkb2NpZCI6InpWdld0RDI0VlAwZm41WVJBQUFBQUE9PSIsInV1bGUiOiJ3K0NBSVFJQ0lGVTNCaGFXNCJ9,1075
eyJqb2JfdGl0bGUiOiJFc3BlY2lhbGlzdGEgZW4gY2liZXJzZWd1cmlkYWQgUEtJIiwiY29tcGFueV9uYW1lIjoic2VyZW0uIENvbnN1bHRvcsOtYSBlbXByZXNhcmlhbCIsImFkZHJlc3NfY2l0eSI6Ik1hZHJpZCwgU3BhaW4iLCJodGlkb2NpZCI6IkR1S2lZMUlSU1dwUVhCQkpBQUFBQUE9PSIsInV1bGUiOiJ3K0NBSVFJQ0lGVTNCaGFXNCJ9,128
eyJqb2JfdGl0bGUiOiJFc3BlY2lhbGlzdGEgZW4gc2VndXJpZGFkIiwiY29tcGFueV9uYW1lIjoiSy1MQUdBTiIsImFkZHJlc3NfY2l0eSI6IlNwYWluIiwiaHRpZG9jaWQiOiJweEN2Tk9ndDI1MWRWZzRCQUFBQUFBPT0iLCJ1dWxlIjoidytDQUlRSUNJRlUzQmhhVzQifQ==,128
eyJqb2JfdGl0bGUiOiJKUCBDaWJlcnNlZ3VyaWRhZCBlc3BlY2lhbGlzdGEgU2lzdGVtYXMgQ2xhc2lmaWNhZG9zIiwiY29tcGFueV9uYW1lIjoiSVpFUlRJUyBTLkEiLCJhZGRyZXNzX2NpdHkiOiJTcGFpbiIsImh0aWRvY2lkIjoiTjFaYU11WWpVQzNiZWpRT0FBQUFBQT09IiwidXVsZSI6IncrQ0FJUUlDSUZVM0JoYVc0In0=,775
eyJqb2JfdGl0bGUiOiJFc3BlY2lhbGlzdGEgQ2liZXJzZWd1cmlkYWQgQkVTRUMiLCJjb21wYW55X25hbWUiOiJFTUVURUwiLCJhZGRyZXNzX2NpdHkiOiJBIENvcnXDsWEsIFNwYWluIiwiaHRpZG9jaWQiOiJHQ1VfTHlLd01TTG94eGxuQUFBQUFBPT0iLCJ1dWxlIjoidytDQUlRSUNJRlUzQmhhVzQifQ==,579
eyJqb2JfdGl0bGUiOiJCZWNhIEdlc3Rpw7NuIGRlIFByb3llY3RvcyBlbiBPcGVyYWNpb25lcyIsImNvbXBhbnlfbmFtZSI6IkFDQ0lPTkEiLCJhZGRyZXNzX2NpdHkiOiJTcGFpbiIsImh0aWRvY2lkIjoiOTN5WUswaFZGR1JrVUl3TEFBQUFBQT09IiwidXVsZSI6IncrQ0FJUUlDSUZVM0JoYVc0In0=,128
eyJqb2JfdGl0bGUiOiJFc3BlY2lhbGlzdGEgZW4gR2VzdGnDs24gZGUgUHJveWVjdG9zIHkgRGVzYXJyb2xsbyBkZSBBcGxpY2FjaW9uZXMgKEludGVybnNoaXApIiwiY29tcGFueV9uYW1lIjoiUHJvTWVyaXR1bSBFc3Bhw7FhIiwiYWRkcmVzc19jaXR5IjoiU3BhaW4iLCJodGlkb2NpZCI6IjdnV2dfN09MRWV3Wm85VU9BQUFBQUE9PSIsInV1bGUiOiJ3K0NBSVFJQ0lGVTNCaGFXNCJ9,1219
eyJqb2JfdGl0bGUiOiJFc3BlY2lhbGlzdGEgZW4gU29wb3J0ZSBJVCB5IEdlc3Rpw7NuIGRlIFByb3llY3RvcyIsImNvbXBhbnlfbmFtZSI6Ik1hcmxleCIsImFkZHJlc3NfY2l0eSI6IkFsY2FsYSBkZSBIZW5hcmVzLCBTcGFpbiIsImh0aWRvY2lkIjoidmZvaTJZakpwQVllQ0FENUFBQUFBQT09IiwidXVsZSI6IncrQ0FJUUlDSUZVM0JoYVc0In0=,616
eyJqb2JfdGl0bGUiOiJHZXN0acOzbiBkZSBwcm95ZWN0b3MgZGUgU29zdGVuaWJpbGlkYWQiLCJjb21wYW55X25hbWUiOiJQcm9kaWdpb3NvIFZvbGPDoW4iLCJhZGRyZXNzX2NpdHkiOiJNYWRyaWQsIFNwYWluIiwiaHRpZG9jaWQiOiI2U2plaWNGVlZ2YTBXbUhLQUFBQUFBPT0iLCJ1dWxlIjoidytDQUlRSUNJRlUzQmhhVzQifQ==,579
eyJqb2JfdGl0bGUiOiJHZXN0acOzbiBkZSBwcm95ZWN0b3MgaW5kdXN0cmlhbGVzIChIL00pIiwiY29tcGFueV9uYW1lIjoiTUlHU08tUENVQkVEIiwiYWRkcmVzc19jaXR5IjoiQmFyY2Vsb25hLCBTcGFpbiIsImh0aWRvY2lkIjoiVGQzR0dPbXRqcjFkeEhoa0FBQUFBQT09IiwidXVsZSI6IncrQ0FJUUlDSUZVM0JoYVc0In0=,455
eyJqb2JfdGl0bGUiOiJQcsOhY3RpY2FzIFJlbXVuZXJhZGFzIEdlc3Rpw7NuIGRlIFByb3llY3RvcyBJVCIsImNvbXBhbnlfbmFtZSI6IkltcGxlbWVudGFsIFN5c3RlbXMiLCJhZGRyZXNzX2NpdHkiOiJNYWRyaWQsIFNwYWluIiwiaHRpZG9jaWQiOiJ4WU5EeEN0ZUU4OHNzNHFsQUFBQUFBPT0iLCJ1dWxlIjoidytDQUlRSUNJRlUzQmhhVzQifQ==,856
eyJqb2JfdGl0bGUiOiJHZXN0acOzbiBkZSBQcm95ZWN0b3MgU29mdHdhcmUgU2VjdG9yIEVzcGFjaWFsIiwiY29tcGFueV9uYW1lIjoiSW5kcmEiLCJhZGRyZXNzX2NpdHkiOiJCYXJjZWxvbmEsIFNwYWluIiwiaHRpZG9jaWQiOiI3dUZSLTFTcEJmQ19MUTh3QUFBQUFBPT0iLCJ1dWxlIjoidytDQUlRSUNJRlUzQmhhVzQifQ==,128
eyJqb2JfdGl0bGUiOiJFc3BlY2lhbGlzdGEgZW4gQXV0b21hdGl6YWNpw7NuIEluZHVzdHJpYWwiLCJjb21wYW55X25hbWUiOiJJbnRlcmVtcGxlbyIsImFkZHJlc3NfY2l0eSI6Ik1vbnRlaGVybW9zbywgU3BhaW4iLCJodGlkb2NpZCI6IkJQNGZtSnRNMjJyWngxVVBBQUFBQUE9PSIsInV1bGUiOiJ3K0NBSVFJQ0lGVTNCaGFXNCJ9,98
eyJqb2JfdGl0bGUiOiJJbmdlbmllckAgQXV0b21hdGl6YWNpw7NuIiwiY29tcGFueV9uYW1lIjoiVm9sa3N3YWdlbiBHcm91cCBTZXJ2aWNlcyBCYXJjZWxvbmEiLCJhZGRyZXNzX2NpdHkiOiJNYXJ0b3JlbGwsIFNwYWluIiwiaHRpZG9jaWQiOiJ4aWNscjd5ZHZnM1J3Ml9vQUFBQUFBPT0iLCJ1dWxlIjoidytDQUlRSUNJRlUzQmhhVzQifQ==,128
eyJqb2JfdGl0bGUiOiJFc3BlY2lhbGlzdGEgQXV0b21hdGl6YWNpw7NuIFJQQS9CUE0iLCJjb21wYW55X25hbWUiOiJNYXBmcmUiLCJhZGRyZXNzX2NpdHkiOiJTcGFpbiIsImh0aWRvY2lkIjoiYlpzNnB3Rm1qa3ZudlVYZ0FBQUFBQT09IiwidXVsZSI6IncrQ0FJUUlDSUZVM0JoYVc0In0=,856
eyJqb2JfdGl0bGUiOiJFc3BlY2lhbGlzdGEgZW4gQXV0b21hdGl6YWNpw7NuIEluZHVzdHJpYWwiLCJjb21wYW55X25hbWUiOiJNZWNhbHV4IiwiYWRkcmVzc19jaXR5IjoiQ29ybmVsbMOgIGRlIExsb2JyZWdhdCwgU3BhaW4iLCJodGlkb2NpZCI6ImdXa3A1MVZRVkJORC1FTTNBQUFBQUE9PSIsInV1bGUiOiJ3K0NBSVFJQ0lGVTNCaGFXNCJ9,128
eyJqb2JfdGl0bGUiOiJUw6ljbmljQCBlbiBBdXRvbWF0aXphY2nDs24iLCJjb21wYW55X25hbWUiOiJFdXJvcGFzdHJ5IiwiYWRkcmVzc19jaXR5IjoiUnViw60sIFNwYWluIiwiaHRpZG9jaWQiOiJNZ0dwQ1E2TGtPYUlvZmNxQUFBQUFBPT0iLCJ1dWxlIjoidytDQUlRSUNJRlUzQmhhVzQifQ==,521
eyJqb2JfdGl0bGUiOiJUw4lDTklDTy9BIEFVVE9NQVRJWkFDScOTTiBJTkRVU1RSSUFMIiwiY29tcGFueV9uYW1lIjoiTWVyY2Fkb25hIiwiYWRkcmVzc19jaXR5IjoiQWxiYWxhdCBkZWxzIFNvcmVsbHMsIFNwYWluIiwiaHRpZG9jaWQiOiJIWDNUdE1MYXRXNW1IcVRJQUFBQUFBPT0iLCJ1dWxlIjoidytDQUlRSUNJRlUzQmhhVzQifQ==,128
eyJqb2JfdGl0bGUiOiJFc3BlY2lhbGlzdGEgZW4gSW50ZWdyYWNpw7NuIGRlIEFycXVpdGVjdHVyYSBEaWdpdGFsIChHZW1lbG9zIGRpZ2l0YWxlcykiLCJjb21wYW55X25hbWUiOiJOZW90YWxlbnQgQ29uY2x1c2lvbiIsImFkZHJlc3NfY2l0eSI6Ik1hZHJpZCwgU3BhaW4iLCJodGlkb2NpZCI6Ikp3VXZJMm1OWmpRRVZMSjhBQUFBQUE9PSIsInV1bGUiOiJ3K0NBSVFJQ0lGVTNCaGFXNCJ9,128
eyJqb2JfdGl0bGUiOiJSZXNwb25zYWJsZSBQcmVzY3JpcHRvci4gU2lzdGVtYXMgcGFyYSBhcnF1aXRlY3R1cmEiLCJjb21wYW55X25hbWUiOiJFMyBHYWJpbmV0ZSIsImFkZHJlc3NfY2l0eSI6Ik1hcnJhdHjDrSwgU3BhaW4iLCJodGlkb2NpZCI6IkNtOV8zbWtFR0JNZ2djY3BBQUFBQUE9PSIsInV1bGUiOiJ3K0NBSVFJQ0lGVTNCaGFXNCJ9,804
eyJqb2JfdGl0bGUiOiJBcnF1aXRlY3RvL2EgZGUgc29mdHdhcmUiLCJjb21wYW55X25hbWUiOiJBcGl1eCBUZWNoIiwiYWRkcmVzc19jaXR5IjoiU3BhaW4iLCJodGlkb2NpZCI6Imd5NjNMNHZ4bi1rVmlCUE1BQUFBQUE9PSIsInV1bGUiOiJ3K0NBSVFJQ0lGVTNCaGFXNCJ9,128
eyJqb2JfdGl0bGUiOiJEZXNhcnJvbGxhZG9yIFNvZnR3YXJlIGVtYmViaWRvIiwiY29tcGFueV9uYW1lIjoiRVVDSE5FUiBJYmVyaWEiLCJhZGRyZXNzX2NpdHkiOiJEb25vc3RpYS1TYW4gU2ViYXN0aWFuLCBTcGFpbiIsImh0aWRvY2lkIjoianU0U2pmbm01MmIxeDZGVUFBQUFBQT09IiwidXVsZSI6IncrQ0FJUUlDSUZVM0JoYVc0In0=,684
eyJqb2JfdGl0bGUiOiJEZXNhcnJvbGxhZG9yL2EgZGUgU29mdHdhcmUgRW1iZWJpZG8gKEFudGVuYXMsIFJhZGFyIHkgQ29tdW5pY2FjaW9uZXMgw5NwdGljYXMpLiBJb1QuIEVTVEFCTEUhISIsImNvbXBhbnlfbmFtZSI6IlNBTkRBViIsImFkZHJlc3NfY2l0eSI6IlZpZ28sIE11bmljaXBhbGl0eSBvZiBWaWdvLCBTcGFpbiIsImh0aWRvY2lkIjoiSm1oOUFmRU5LSExXVmVHdUFBQUFBQT09IiwidXVsZSI6IncrQ0FJUUlDSUZVM0JoYVc0In0=,152
eyJqb2JfdGl0bGUiOiJEZXNhcnJvbGxhZG9yL2EgZGUgU29mdHdhcmUgRW1iZWJpZG8gKEFudGVuYXMsIFJhZGFyIHkgQ29tdW5pY2FjaW9uZXMgw5NwdGljYXMpLiBJb1QuIEVTVEFCTEUhISIsImNvbXBhbnlfbmFtZSI6IlNhbmRhdiIsImFkZHJlc3NfY2l0eSI6IlNwYWluIiwiaHRpZG9jaWQiOiJrME96dzBGclNrbU43ZUJDQUFBQUFBPT0iLCJ1dWxlIjoidytDQUlRSUNJRlUzQmhhVzQifQ==,152
eyJqb2JfdGl0bGUiOiJEZXNhcnJvbGxhZG9yL2EgU1cgRW1iZWJpZG8gKCpZKSIsImNvbXBhbnlfbmFtZSI6IkJldHdlZW4gVGVjaG5vbG9neSIsImFkZHJlc3NfY2l0eSI6Ikxlw7NuLCBTcGFpbiIsImh0aWRvY2lkIjoiRFBtcGRaZW56YUVwQmdhS0FBQUFBQT09IiwidXVsZSI6IncrQ0FJUUlDSUZVM0JoYVc0In0=,128
eyJqb2JfdGl0bGUiOiJEZXNhcnJvbGxhZG9yIFNXIEVtYmViaWRvIiwiY29tcGFueV9uYW1lIjoiQmV0d2VlbiBUZWNobm9sb2d5IiwiYWRkcmVzc19jaXR5IjoiTGXDs24sIFNwYWluIiwiaHRpZG9jaWQiOiI2VXZKOE5VMU4zNUg4MFQwQUFBQUFBPT0iLCJ1dWxlIjoidytDQUlRSUNJRlUzQmhhVzQifQ==,128
eyJqb2JfdGl0bGUiOiJJbmdlbmllcm8gZGUgc29mdHdhcmUgaW5jcnVzdGFkbyIsImNvbXBhbnlfbmFtZSI6IkdlbmVyYWwgU29mdHdhcmUiLCJhZGRyZXNzX2NpdHkiOiJNYWRyaWQsIFNwYWluIiwiaHRpZG9jaWQiOiJmbEQ4anVkbm4wNlFRUFM3QUFBQUFBPT0iLCJ1dWxlIjoidytDQUlRSUNJRlUzQmhhVzQifQ==,128
eyJqb2JfdGl0bGUiOiJJbmdlbmllcm8vYSBkZSBzb2Z0d2FyZSBlbWJlYmlkbyAtIFNlY3RvciBBZXJvZXNwYWNpYWwiLCJjb21wYW55X25hbWUiOiJFeGNlbHRpYyIsImFkZHJlc3NfY2l0eSI6IkFyYW5qdWV6LCBTcGFpbiIsImh0aWRvY2lkIjoiXzUzUGwtMzZwWGpFRUNKMkFBQUFBQT09IiwidXVsZSI6IncrQ0FJUUlDSUZVM0JoYVc0In0=,298
eyJqb2JfdGl0bGUiOiJJbmdlbmllcm8vYSBkZSBTb2Z0d2FyZSBFbWJlYmlkbyBDKysiLCJjb21wYW55X25hbWUiOiJFeGNlbHRpYyIsImFkZHJlc3NfY2l0eSI6IlRvcnJlasOzbiBkZSBBcmRveiwgU3BhaW4iLCJodGlkb2NpZCI6IjNYLU8zc1VReDU5MmZBQk9BQUFBQUE9PSIsInV1bGUiOiJ3K0NBSVFJQ0lGVTNCaGFXNCJ9,128
eyJqb2JfdGl0bGUiOiJJbmdlbmllcm8vYSBkZSBTb2Z0d2FyZSBFbWJlYmlkbyAoQy9DKyspIiwiY29tcGFueV9uYW1lIjoiQmV0d2VlbiBUZWNobm9sb2d5IiwiYWRkcmVzc19jaXR5IjoiU2V2aWxsZSwgU3BhaW4iLCJodGlkb2NpZCI6IkhkQkR6SnlZNkw5M1NlSGNBQUFBQUE9PSIsInV1bGUiOiJ3K0NBSVFJQ0lGVTNCaGFXNCJ9,1157
eyJqb2JfdGl0bGUiOiJJbmdlbmllcm8gU1cgRW1iZWJpZG8iLCJjb21wYW55X25hbWUiOiJBYmlvbmljYSBTb2x1dGlvbnMiLCJhZGRyZXNzX2NpdHkiOiJBbGljYW50ZSwgU3BhaW4iLCJodGlkb2NpZCI6InFtY1ItNl9DbDhoNThZRGlBQUFBQUE9PSIsInV1bGUiOiJ3K0NBSVFJQ0lGVTNCaGFXNCJ9,128
eyJqb2JfdGl0bGUiOiJJbmdlbmllcm8vYSBkZSBzb2Z0d2FyZSBlbWJlYmlkbywgUG9udGV2ZWRyYSIsImNvbXBhbnlfbmFtZSI6IkdNViIsImFkZHJlc3NfY2l0eSI6IlBvbnRldmVkcmEsIFNwYWluIiwiaHRpZG9jaWQiOiJtYmdBc2xGSFpmYThTTnJlQUFBQUFBPT0iLCJ1dWxlIjoidytDQUlRSUNJRlUzQmhhVzQifQ==,221
eyJqb2JfdGl0bGUiOiJFeHBlcnRvIENpYmVyc2VndXJpZGFkIiwiY29tcGFueV9uYW1lIjoiTW92aWxnZXMgSVQgQ29uc3VsdGluZyIsImFkZHJlc3NfY2l0eSI6Ik1hZHJpZCwgU3BhaW4iLCJodGlkb2NpZCI6InNOaC1vNHVIOWk4M2w5V0JBQUFBQUE9PSIsInV1bGUiOiJ3K0NBSVFJQ0lGVTNCaGFXNCJ9,128
eyJqb2JfdGl0bGUiOiJJbmdlbmllcm8gZGUgQ2xvdWQgLyBEYXRhY2VudGVyIiwiY29tcGFueV9uYW1lIjoiSm9ib3NzIiwiYWRkcmVzc19jaXR5IjoiTWFkcmlkLCBTcGFpbiIsImh0aWRvY2lkIjoiM1NtVENwSmRaTnBQblZybUFBQUFBQT09IiwidXVsZSI6IncrQ0FJUUlDSUZVM0JoYVc0In0=,128
eyJqb2JfdGl0bGUiOiJFc3BlY2lhbGlzdGEgZW4gQW7DoWxpc2lzIGRlIFNlZ3Vyb3MgZGUgUmllc2dvIiwiY29tcGFueV9uYW1lIjoiVklEQUNBSVhBIiwiYWRkcmVzc19jaXR5IjoiQmFyY2Vsb25hLCBTcGFpbiIsImh0aWRvY2lkIjoiN3lpTThtaXJ1SHBlMG5oOEFBQUFBQT09IiwidXVsZSI6IncrQ0FJUUlDSUZVM0JoYVc0In0=,98
eyJqb2JfdGl0bGUiOiJFc3BlY2lhbGlzdGEgZW4gTW9kZWxvcyBkZSBSaWVzZ29zIGRlIE1lcmNhZG8gVkotNDQwIiwiY29tcGFueV9uYW1lIjoiQkFOQ08gU0FOVEFOREVSIiwiYWRkcmVzc19jaXR5IjoiU3BhaW4iLCJodGlkb2NpZCI6Il91RDB3UHVocFlGQmZpeDJBQUFBQUE9PSIsInV1bGUiOiJ3K0NBSVFJQ0lGVTNCaGFXNCJ9,1071
eyJqb2JfdGl0bGUiOiJBbmFsaXN0YSBkZSBSaWVzZ29zIiwiY29tcGFueV9uYW1lIjoiV2VIdW50IEVzcGHDsWEiLCJhZGRyZXNzX2NpdHkiOiJTZXZpbGxlLCBTcGFpbiIsImh0aWRvY2lkIjoiTkxkUVBFcXluU3dYVHNzc0FBQUFBQT09IiwidXVsZSI6IncrQ0FJUUlDSUZVM0JoYVc0In0=,616
eyJqb2JfdGl0bGUiOiJBbmFsaXN0YSBkZSBSaWVzZ29zIiwiY29tcGFueV9uYW1lIjoiR0VTIENPTlNVTFRPUkVTIiwiYWRkcmVzc19jaXR5IjoiQSBDb3J1w7FhLCBTcGFpbiIsImh0aWRvY2lkIjoiYjY4RTNGS0VabDJWTXZab0FBQUFBQT09IiwidXVsZSI6IncrQ0FJUUlDSUZVM0JoYVc0In0=,856
eyJqb2JfdGl0bGUiOiJFc3BlY2lhbGlzdGEgZW4gTW9kZWxpemFjacOzbiBkZSBSaWVzZ29zIEZpbmFuY2llcm9zIiwiY29tcGFueV9uYW1lIjoiQ2FpeGFCYW5rIiwiYWRkcmVzc19jaXR5IjoiQmFyY2Vsb25hLCBTcGFpbiIsImh0aWRvY2lkIjoiU0hEVWRGVWQ1M1RIc0Rwb0FBQUFBQT09IiwidXVsZSI6IncrQ0FJUUlDSUZVM0JoYVc0In0=,84
eyJqb2JfdGl0bGUiOiJFc3BlY2lhbGlzdGEgZW4gR29iZXJuYW56YSB5IFJpZXNnb3MgSVQiLCJjb21wYW55X25hbWUiOiJQd0MiLCJhZGRyZXNzX2NpdHkiOiJNYWRyaWQsIFNwYWluIiwiaHRpZG9jaWQiOiJzSk51bVc0UzRXVUpVTVRnQUFBQUFBPT0iLCJ1dWxlIjoidytDQUlRSUNJRlUzQmhhVzQifQ==,616
eyJqb2JfdGl0bGUiOiJQcsOhY3RpY2FzIFByb2Zlc2lvbmFsZXMgLSBBbmFsaXN0YSBkZSBHZXN0acOzbiBkZSBSaWVzZ29zIFx1MDAyNiBTb2x2ZW5jaWEiLCJjb21wYW55X25hbWUiOiJBbGxpYW56IEVzcGHDsWEiLCJhZGRyZXNzX2NpdHkiOiJCYXJjZWxvbmEsIFNwYWluIiwiaHRpZG9jaWQiOiJsWUx4YUN1Vnd1aVVzQmdQQUFBQUFBPT0iLCJ1dWxlIjoidytDQUlRSUNJRlUzQmhhVzQifQ==,276
eyJqb2JfdGl0bGUiOiJHRVNUT1IvQSBERSBSSUVTR09TIFRFQ05PTMOTR0lDT1MiLCJjb21wYW55X25hbWUiOiJDQUlYQUJBTksgUy5BLiIsImFkZHJlc3NfY2l0eSI6IkJhcmNlbG9uYSwgU3BhaW4iLCJodGlkb2NpZCI6IkdTYU91OTJTZWx1d3pjNVZBQUFBQUE9PSIsInV1bGUiOiJ3K0NBSVFJQ0lGVTNCaGFXNCJ9,216
eyJqb2JfdGl0bGUiOiJFc3BlY2lhbGlzdGEgZW4gQWN0aXZvcyBPVCIsImNvbXBhbnlfbmFtZSI6IkxISCIsImFkZHJlc3NfY2l0eSI6Ik1hZHJpZCwgU3BhaW4iLCJodGlkb2NpZCI6IkhZQVgyam5KVjhTT2FGWlJBQUFBQUE9PSIsInV1bGUiOiJ3K0NBSVFJQ0lGVTNCaGFXNCJ9,1006
eyJqb2JfdGl0bGUiOiJBbmFsaXN0YSBjb250cm9sIGdsb2JhbCBkZWwgcmllc2dvIiwiY29tcGFueV9uYW1lIjoiS3V0eGFiYW5rIiwiYWRkcmVzc19jaXR5IjoiU3BhaW4iLCJodGlkb2NpZCI6IndVR3dwZFZoUE96cGlVTlBBQUFBQUE9PSIsInV1bGUiOiJ3K0NBSVFJQ0lGVTNCaGFXNCJ9,86
eyJqb2JfdGl0bGUiOiJUw6ljbmljbyAvIFTDqWNuaWNhIEFuYWxpc3RhIGVuIEluZm9ybWFjacOzbiBkZSBSaWVzZ29zIChCYXJjZWxvbmEgbyBNYWRyaWQpIiwiY29tcGFueV9uYW1lIjoiQmFuY28gU2FiYWRlbGwiLCJhZGRyZXNzX2NpdHkiOiJTcGFpbiIsImh0aWRvY2lkIjoiTTNETDhGMU9PTVBYb0FHWkFBQUFBQT09IiwidXVsZSI6IncrQ0FJUUlDSUZVM0JoYVc0In0=,84
eyJqb2JfdGl0bGUiOiJUw4lDTklDTyBERSBQUkVWRU5DScOTTiBERSBSSUVTR09TIExBQk9SQUxFUyAoMSBQT1IgSU5TVEFMQUNJw5NOKSAtIFtaTFYtNTAyXSIsImNvbXBhbnlfbmFtZSI6IlRFQ0FERSIsImFkZHJlc3NfY2l0eSI6IkxvcyBNb2xhcmVzLCBTcGFpbiIsImh0aWRvY2lkIjoiaVpTM21hMjZIZUJ0cGRsWUFBQUFBQT09IiwidXVsZSI6IncrQ0FJUUlDSUZVM0JoYVc0In0=,856
eyJqb2JfdGl0bGUiOiJQcm9ncmFtYWRvci9hIGRlIFJvYm90cyBJbmR1c3RyaWFsZXMgKEtVS0EpIiwiY29tcGFueV9uYW1lIjoiQUxURU4gU3BhaW4iLCJhZGRyZXNzX2NpdHkiOiJCYXJjZWxvbmEsIFNwYWluIiwiaHRpZG9jaWQiOiJOZ0RkUzNrOFEzRmd3YzFtQUFBQUFBPT0iLCJ1dWxlIjoidytDQUlRSUNJRlUzQmhhVzQifQ==,128
eyJqb2JfdGl0bGUiOiJFeHBlcnRvIGVuIEF1dG9tYXRpemFjacOzbiBSUEEiLCJjb21wYW55X25hbWUiOiJNQVBGUkUiLCJhZGRyZXNzX2NpdHkiOiJNYWRyaWQsIFNwYWluIiwiaHRpZG9jaWQiOiJTTHY3cG1KOVR4YXdwLXdmQUFBQUFBPT0iLCJ1dWxlIjoidytDQUlRSUNJRlUzQmhhVzQifQ==,856
eyJqb2JfdGl0bGUiOiJFc3BlY2lhbGlzdGEgQXV0b21hdGl6YWNpw7NuIFJQQS9CUE0iLCJjb21wYW55X25hbWUiOiJNQVBGUkUiLCJhZGRyZXNzX2NpdHkiOiJNYWRyaWQsIFNwYWluIiwiaHRpZG9jaWQiOiJIR0owZ2xqSHdQNFdibEVNQUFBQUFBPT0iLCJ1dWxlIjoidytDQUlRSUNJRlUzQmhhVzQifQ==,856
eyJqb2JfdGl0bGUiOiJEZXNhcnJvbGxhZG9yL2EgUlBBIEp1bmlvciAoQmx1ZXByaXNtKSIsImNvbXBhbnlfbmFtZSI6IlJhbmRzdGFkIERpZ2l0YWwgRXNwYcOxYSIsImFkZHJlc3NfY2l0eSI6IlNwYWluIiwiaHRpZG9jaWQiOiJVN2xfUmlKOGxNS1M3c0xjQUFBQUFBPT0iLCJ1dWxlIjoidytDQUlRSUNJRlUzQmhhVzQifQ==,594
eyJqb2JfdGl0bGUiOiJScGEgZGV2ZWxvcGVyIiwiY29tcGFueV9uYW1lIjoiR3J1cG8gU2VybWljcm8iLCJhZGRyZXNzX2NpdHkiOiJNYWRyaWQsIFNwYWluIiwiaHRpZG9jaWQiOiJLa1ZLV2pUNzBQX2tjaWNRQUFBQUFBPT0iLCJ1dWxlIjoidytDQUlRSUNJRlUzQmhhVzQifQ==,131
eyJqb2JfdGl0bGUiOiJEZXNhcnJvbGxhZG9yL2EgUlBBIC0gQmx1ZVByaXNtIiwiY29tcGFueV9uYW1lIjoiQ29ic2VyIENvbnN1bHRpbmciLCJhZGRyZXNzX2NpdHkiOiJTcGFpbiIsImh0aWRvY2lkIjoiXzBjZ1hVUVVjdHNFUFg0ZUFBQUFBQT09IiwidXVsZSI6IncrQ0FJUUlDSUZVM0JoYVc0In0=,221
eyJqb2JfdGl0bGUiOiJEZXNhcnJvbGxhZG9yIFJwYSBCbHVlIFByaXNtIiwiY29tcGFueV9uYW1lIjoiQXViYXkgU3BhaW4iLCJhZGRyZXNzX2NpdHkiOiJNYWRyaWQsIFNwYWluIiwiaHRpZG9jaWQiOiJycjZ5RW1ZUTQzR2VfeGJUQUFBQUFBPT0iLCJ1dWxlIjoidytDQUlRSUNJRlUzQmhhVzQifQ==,274
eyJqb2JfdGl0bGUiOiJUw6ljbmljbyBkZSBSZWRlcyB5IFNlZ3VyaWRhZCIsImNvbXBhbnlfbmFtZSI6IlNDQyBFc3Bhw7FhIiwiYWRkcmVzc19jaXR5IjoiTWFkcmlkLCBTcGFpbiIsImh0aWRvY2lkIjoiWHpKaDY5bUZ5SS1PajZQQUFBQUFBQT09IiwidXVsZSI6IncrQ0FJUUlDSUZVM0JoYVc0In0=,500
eyJqb2JfdGl0bGUiOiJUw4lDTklDTy9BIE4yIFJFREVTIFkgU0VHVVJJREFEIiwiY29tcGFueV9uYW1lIjoiU2lydCIsImFkZHJlc3NfY2l0eSI6IlNwYWluIiwiaHRpZG9jaWQiOiJkd0JqUDBWVS1HZHo4R3RPQUFBQUFBPT0iLCJ1dWxlIjoidytDQUlRSUNJRlUzQmhhVzQifQ==,500
eyJqb2JfdGl0bGUiOiJUw6ljbmljbyBkZSByZWRlcy1TZWd1cmlkYWQgUGVyaW1ldHJhbCIsImNvbXBhbnlfbmFtZSI6IkNHSSIsImFkZHJlc3NfY2l0eSI6Ik1hZHJpZCwgU3BhaW4iLCJodGlkb2NpZCI6IklnNEQxMDlWRHhLRkg4blBBQUFBQUE9PSIsInV1bGUiOiJ3K0NBSVFJQ0lGVTNCaGFXNCJ9,492
eyJqb2JfdGl0bGUiOiJUw4lDTklDTy9BIERFIFJFREVTIFkgU0VHVVJJREFEIiwiY29tcGFueV9uYW1lIjoiU290ZWMgQ29uc3VsdGluZyIsImFkZHJlc3NfY2l0eSI6Ik1hZHJpZCwgU3BhaW4iLCJodGlkb2NpZCI6IjluaVQ2WlRvRDNQczE2OGhBQUFBQUE9PSIsInV1bGUiOiJ3K0NBSVFJQ0lGVTNCaGFXNCJ9,128
eyJqb2JfdGl0bGUiOiJUw6ljbmljbyBSZWRlcyB5IFNlZ3VyaWRhZCIsImNvbXBhbnlfbmFtZSI6IkFwb2xvIElUIEdyb3VwIiwiYWRkcmVzc19jaXR5IjoiTGFzIFJvemFzIGRlIE1hZHJpZCwgU3BhaW4iLCJodGlkb2NpZCI6IkdnV2dlVUhjdGcyODJMamtBQUFBQUE9PSIsInV1bGUiOiJ3K0NBSVFJQ0lGVTNCaGFXNCJ9,500
eyJqb2JfdGl0bGUiOiJUw6ljbmljbyAvYSBzb3BvcnRlIFJlZGVzIHkgU2VndXJpZGFkIChMMikiLCJjb21wYW55X25hbWUiOiJTSUkgR3JvdXAgU3BhaW4iLCJhZGRyZXNzX2NpdHkiOiJNYWRyaWQsIFNwYWluIiwiaHRpZG9jaWQiOiJmenlCOWlrMTRkSE9YSTY4QUFBQUFBPT0iLCJ1dWxlIjoidytDQUlRSUNJRlUzQmhhVzQifQ==,152
eyJqb2JfdGl0bGUiOiJUw6ljbmljby9hIGFkbWluaXN0cmFkb3IgZGUgcmVkIHkgc2VndXJpZGFkIiwiY29tcGFueV9uYW1lIjoiSVNQUk9YIiwiYWRkcmVzc19jaXR5IjoiWmFyYWdvemEsIFNwYWluIiwiaHRpZG9jaWQiOiJBWm9DLXNHRTlQQ096TmNUQUFBQUFBPT0iLCJ1dWxlIjoidytDQUlRSUNJRlUzQmhhVzQifQ==,500
eyJqb2JfdGl0bGUiOiJUw6ljbmljbyBkZSBSZWRlcyB5IFNlZ3VyaWRhZCIsImNvbXBhbnlfbmFtZSI6IlNDQyBFc3Bhw7FhIiwiYWRkcmVzc19jaXR5IjoiU3BhaW4iLCJodGlkb2NpZCI6IlpuR0RyT2p5RkFNRGxVQnpBQUFBQUE9PSIsInV1bGUiOiJ3K0NBSVFJQ0lGVTNCaGFXNCJ9,500
eyJqb2JfdGl0bGUiOiJFc3BlY2lhbGlzdGEgZW4gUHJldmVudGEgZGUgR2VzdGnDs24gZGUgSWRlbnRpZGFkZXMiLCJjb21wYW55X25hbWUiOiJJbmV0dW0iLCJhZGRyZXNzX2NpdHkiOiJNYWRyaWQsIFNwYWluIiwiaHRpZG9jaWQiOiI1TkYxNXI5Slphc0g5YTgyQUFBQUFBPT0iLCJ1dWxlIjoidytDQUlRSUNJRlUzQmhhVzQifQ==,98
eyJqb2JfdGl0bGUiOiJFc3BlY2lhbGlzdGEgZW4gR2VzdGnDs24gZGUgSWRlbnRpZGFkZXMiLCJjb21wYW55X25hbWUiOiJBemVydGl1bSBJVCBHbG9iYWwgU2VydmljZXMgU0wiLCJhZGRyZXNzX2NpdHkiOiJNYWRyaWQsIFNwYWluIiwiaHRpZG9jaWQiOiJjUktMbjZUaUk0ZG9LbG5mQUFBQUFBPT0iLCJ1dWxlIjoidytDQUlRSUNJRlUzQmhhVzQifQ==,856
eyJqb2JfdGl0bGUiOiJDb25zdWx0b3IgVMOpY25pY28gZW4gR2VzdGnDs24gZGUgSWRlbnRpZGFkZXMgKElBTSkiLCJjb21wYW55X25hbWUiOiJBemVydGl1bSBJVCIsImFkZHJlc3NfY2l0eSI6Ik1hZHJpZCwgU3BhaW4iLCJodGlkb2NpZCI6Im5OdkRIeWdZWkNIOC0yUGRBQUFBQUE9PSIsInV1bGUiOiJ3K0NBSVFJQ0lGVTNCaGFXNCJ9,32
eyJqb2JfdGl0bGUiOiJKdW5pb3IgSWRlbnRpdHkgYW5kIEFjY2VzcyBNYW5hZ2VtZW50IEFuYWx5c3QiLCJjb21wYW55X25hbWUiOiJCQlZBIFRlY2hub2xvZ3kgZW4gRXVyb3BhIiwiYWRkcmVzc19jaXR5IjoiTWFkcmlkLCBTcGFpbiIsImh0aWRvY2lkIjoiY3kza1FVaDFtOXdQWXZ5TkFBQUFBQT09IiwidXVsZSI6IncrQ0FJUUlDSUZVM0JoYVc0In0=,579
eyJqb2JfdGl0bGUiOiJBZG1pbmlzdHJhZG9yL2EgQmlnIERhdGEgKENsb3VkZXJhKSIsImNvbXBhbnlfbmFtZSI6Ik5QUiBTcGFpbiIsImFkZHJlc3NfY2l0eSI6IkJhcmNlbG9uYSwgU3BhaW4iLCJodGlkb2NpZCI6InZGbm0zYkk1eHlSZXVGeDRBQUFBQUE9PSIsInV1bGUiOiJ3K0NBSVFJQ0lGVTNCaGFXNCJ9,713
eyJqb2JfdGl0bGUiOiJDb25zdWx0b3IgRXNwZWNpYWxpc3RhIGVuIEN1c3RvbWVyIEV4cGVyaWVuY2UiLCJjb21wYW55X25hbWUiOiJFSVNJIFNPRlQiLCJhZGRyZXNzX2NpdHkiOiJQYWxtYSwgU3BhaW4iLCJodGlkb2NpZCI6IlZsSml5eTdNbkVDcHYyY3NBQUFBQUE9PSIsInV1bGUiOiJ3K0NBSVFJQ0lGVTNCaGFXNCJ9,128
eyJqb2JfdGl0bGUiOiJVWC9VSSBEZXNpZ25lciIsImNvbXBhbnlfbmFtZSI6IkdydXBvIERpZ2l0YWwiLCJhZGRyZXNzX2NpdHkiOiJCYXJjZWxvbmEsIFNwYWluIiwiaHRpZG9jaWQiOiJHS2VDZVdIQ3NsemtxUmVhQUFBQUFBPT0iLCJ1dWxlIjoidytDQUlRSUNJRlUzQmhhVzQifQ==,574
eyJqb2JfdGl0bGUiOiJFc3BlY2lhbGlzdGEgZW4gSW5mcmFlc3RydWN0dXJhIHkgTnViZSIsImNvbXBhbnlfbmFtZSI6IkhFTFBIT05FIFNFUlZJQ0lPUyBJTkZPUk3DgVRJQ09TIiwiYWRkcmVzc19jaXR5IjoiTWFkcmlkLCBTcGFpbiIsImh0aWRvY2lkIjoiaEtaaGlOclktT3hxUEZTakFBQUFBQT09IiwidXVsZSI6IncrQ0FJUUlDSUZVM0JoYVc0In0=,579
eyJqb2JfdGl0bGUiOiJUw6ljbmljby9hIE1pY3JvaW5mb3Jtw6F0aWNhIiwiY29tcGFueV9uYW1lIjoiU2VyZXNjbyIsImFkZHJlc3NfY2l0eSI6Ik92aWVkbywgTXVuaWNpcGFsaXR5IG9mIE92aWVkbywgU3BhaW4iLCJodGlkb2NpZCI6InJsYVNINzRrSjJJRGNtdi1BQUFBQUE9PSIsInV1bGUiOiJ3K0NBSVFJQ0lGVTNCaGFXNCJ9,128
eyJqb2JfdGl0bGUiOiJUw6ljbmljbyBkZSBtaWNyb2luZm9ybcOhdGljYSIsImNvbXBhbnlfbmFtZSI6IlN5Z3JpcyIsImFkZHJlc3NfY2l0eSI6IlNhbiBTZWJhc3Rpw6FuIGRlIGxvcyBSZXllcywgU3BhaW4iLCJodGlkb2NpZCI6ImI5MTlwem41THZPb09Eb0lBQUFBQUE9PSIsInV1bGUiOiJ3K0NBSVFJQ0lGVTNCaGFXNCJ9,721
eyJqb2JfdGl0bGUiOiJFc3BlY2lhbGlzdGEgZW4gSW5ub3ZhY2nDs24gLSBNZXRhdmVyc28gKEgvRikgWlFTNDMyIiwiY29tcGFueV9uYW1lIjoiV2lubmluZyBDb25zdWx0aW5nIiwiYWRkcmVzc19jaXR5IjoiTWFkcmlkLCBTcGFpbiIsImh0aWRvY2lkIjoiVFItQmlFODFhUGNBX0NEOUFBQUFBQT09IiwidXVsZSI6IncrQ0FJUUlDSUZVM0JoYVc0In0=,841
eyJqb2JfdGl0bGUiOiJFc3BlY2lhbGlzdGEgZW4gSW50ZWdyYWNpw7NuIFNvY2lhbCIsImNvbXBhbnlfbmFtZSI6IkxhbmJpZGUiLCJhZGRyZXNzX2NpdHkiOiJWaXRvcmlhLUdhc3RlaXosIFNwYWluIiwiaHRpZG9jaWQiOiJ6bzlLTnlmRGIyUjRWSUlqQUFBQUFBPT0iLCJ1dWxlIjoidytDQUlRSUNJRlUzQmhhVzQifQ==,128
eyJqb2JfdGl0bGUiOiJUaXR1bGFkby9hIFN1cGVyaW9yIEVzcGVjaWFsaXN0YSBFbiBJbnRlZ3JhY2nDs24gRGUgU2lzdGVtYXMiLCJjb21wYW55X25hbWUiOiJOYXZhbnRpYSIsImFkZHJlc3NfY2l0eSI6Ik1hZHJpZCwgU3BhaW4iLCJodGlkb2NpZCI6IkJNUC1VQ1R2ZDhabUN6dXZBQUFBQUE9PSIsInV1bGUiOiJ3K0NBSVFJQ0lGVTNCaGFXNCJ9,128
eyJqb2JfdGl0bGUiOiJBQk9HQURPL0EgRVNQRUNJQUxJU1RBIEVOIFZJT0xFTkNJQSBERSBHw4lORVJPIENPTlRSQVRPIElOREVGSU5JRE8gSk9STkFEQSBQQVJDSUFMIiwiY29tcGFueV9uYW1lIjoiQWxpYWRvcyBwb3IgbGEgSW50ZWdyYWNpw7NuIiwiYWRkcmVzc19jaXR5IjoiTG9ncm/DsW8sIFNwYWluIiwiaHRpZG9jaWQiOiJja0I5NV9GdERPb1JGY0tZQUFBQUFBPT0iLCJ1dWxlIjoidytDQUlRSUNJRlUzQmhhVzQifQ==,128
eyJqb2JfdGl0bGUiOiJEZXNhcnJvbGxvIEFwcHMgSMOtYnJpZGFzIiwiY29tcGFueV9uYW1lIjoiQ29ic2VyIENvbnN1bHRpbmciLCJhZGRyZXNzX2NpdHkiOiJNYWRyaWQsIFNwYWluIiwiaHRpZG9jaWQiOiJhQlRkNW0xa1M1MHJ3NldFQUFBQUFBPT0iLCJ1dWxlIjoidytDQUlRSUNJRlUzQmhhVzQifQ==,367
eyJqb2JfdGl0bGUiOiJUw6ljbmljbyBTb3BvcnRlIElUIChDaWJlclNlZ3VyaWRhZCkgLSBUw4FOR0VSIChNYXJydWVjb3MpIiwiY29tcGFueV9uYW1lIjoiSW5nZWZvciBJbnRlcm5hdGlvbmFsIiwiYWRkcmVzc19jaXR5IjoiU3BhaW4iLCJodGlkb2NpZCI6IkU4LWI1NlhvNlFldGN4YWtBQUFBQUE9PSIsInV1bGUiOiJ3K0NBSVFJQ0lGVTNCaGFXNCJ9,1143
eyJqb2JfdGl0bGUiOiJUw6ljbmljby9hIENpYmVyc2VndXJpZGFkIChIw61icmlkbykiLCJjb21wYW55X25hbWUiOiJHcnVwbyBEaWdpdGFsIiwiYWRkcmVzc19jaXR5IjoiTWFkcmlkLCBTcGFpbiIsImh0aWRvY2lkIjoicDhHZkpvZVV2cmk5WXozNUFBQUFBQT09IiwidXVsZSI6IncrQ0FJUUlDSUZVM0JoYVc0In0=,1075
eyJqb2JfdGl0bGUiOiJUZWNuaWNvIFNlbmlvciBlbiBDaWJlcnNlZ3VyaWRhZCIsImNvbXBhbnlfbmFtZSI6IkdSVVBPIENSSVQiLCJhZGRyZXNzX2NpdHkiOiJNYWRyaWQsIFNwYWluIiwiaHRpZG9jaWQiOiJyTlBSNFRrVzRZcWQ2OVRxQUFBQUFBPT0iLCJ1dWxlIjoidytDQUlRSUNJRlUzQmhhVzQifQ==,30
eyJqb2JfdGl0bGUiOiJDb25zdWx0b3IgVMOpY25pY28gZW4gQ2liZXJzZWd1cmlkYWQiLCJjb21wYW55X25hbWUiOiJBeGlhbnMiLCJhZGRyZXNzX2NpdHkiOiJNYWRyaWQsIFNwYWluIiwiaHRpZG9jaWQiOiJlSUtyLURWWTJQaG5oS2JIQUFBQUFBPT0iLCJ1dWxlIjoidytDQUlRSUNJRlUzQmhhVzQifQ==,579
eyJqb2JfdGl0bGUiOiJFeHBlcnRvIENpYmVyc2VndXJpZGFkIiwiY29tcGFueV9uYW1lIjoiTW92aWxnZXMiLCJhZGRyZXNzX2NpdHkiOiJNYWRyaWQsIFNwYWluIiwiaHRpZG9jaWQiOiJabGVFUXM1Yl9QYnN1dWgyQUFBQUFBPT0iLCJ1dWxlIjoidytDQUlRSUNJRlUzQmhhVzQifQ==,128
eyJqb2JfdGl0bGUiOiJDb25zdWx0b3IgVMOpY25pY28gZGUgY2liZXJzZWd1cmlkYWQgKFNPQykiLCJjb21wYW55X25hbWUiOiJBbnRhbCBJbnRlcm5hdGlvbmFsIiwiYWRkcmVzc19jaXR5IjoiTWFkcmlkLCBTcGFpbiIsImh0aWRvY2lkIjoiY20tU1lKVTdtdFJ4ZTUySEFBQUFBQT09IiwidXVsZSI6IncrQ0FJUUlDSUZVM0JoYVc0In0=,152
eyJqb2JfdGl0bGUiOiJUw4lDTklDTyBERSBTT1BPUlRFIElORk9STcOBVElDTyBJTiBTSVRVIiwiY29tcGFueV9uYW1lIjoianVsaW8iLCJhZGRyZXNzX2NpdHkiOiJQcm92aW5jZSBvZiBPdXJlbnNlLCBTcGFpbiIsImh0aWRvY2lkIjoibUhRcDNac1Zuckl0WGVNTUFBQUFBQT09IiwidXVsZSI6IncrQ0FJUUlDSUZVM0JoYVc0In0=,579
eyJqb2JfdGl0bGUiOiJUw6ljbmljby9hIGluZm9ybcOhdGljbyBzb3BvcnRlIGRlIHNvZnR3YXJlIiwiY29tcGFueV9uYW1lIjoiU0lTVEVQTEFOVCIsImFkZHJlc3NfY2l0eSI6Ik1hZHJpZCwgU3BhaW4iLCJodGlkb2NpZCI6ImhVaTYxdk0yeTdSenJsZFBBQUFBQUE9PSIsInV1bGUiOiJ3K0NBSVFJQ0lGVTNCaGFXNCJ9,735
eyJqb2JfdGl0bGUiOiJUw6ljbmljbyBzb3BvcnRlIGluZm9ybcOhdGljbyBqdW5pb3IiLCJjb21wYW55X25hbWUiOiJRdWVudGFsIiwiYWRkcmVzc19jaXR5IjoiTWFkcmlkLCBTcGFpbiIsImh0aWRvY2lkIjoiNWhXOTl4SjJBVnJWNTNRSEFBQUFBQT09IiwidXVsZSI6IncrQ0FJUUlDSUZVM0JoYVc0In0=,135
eyJqb2JfdGl0bGUiOiJUw6ljbmljbyBJbmZvcm3DoXRpY28gZGUgU29wb3J0ZSBXZWIgKEluZ2zDqXMgYWx0bywgZ3VhcmRpYXMpIiwiY29tcGFueV9uYW1lIjoiQWxzYSIsImFkZHJlc3NfY2l0eSI6Ik1hZHJpZCwgU3BhaW4iLCJodGlkb2NpZCI6IkZEQlNSN0lNRmJTel9KanVBQUFBQUE9PSIsInV1bGUiOiJ3K0NBSVFJQ0lGVTNCaGFXNCJ9,128
eyJqb2JfdGl0bGUiOiJUw6ljbmljbyBkZSBzb3BvcnRlIGluZm9ybcOhdGljbyIsImNvbXBhbnlfbmFtZSI6IlNZU1BST1ZJREVSIFNMIiwiYWRkcmVzc19jaXR5IjoiTG9ncm/DsW8sIFNwYWluIiwiaHRpZG9jaWQiOiJkc0U0R3pDMHA4ZjZGQVJzQUFBQUFBPT0iLCJ1dWxlIjoidytDQUlRSUNJRlUzQmhhVzQifQ==,955
eyJqb2JfdGl0bGUiOiJUZWNuaWNvIEluZm9ybWF0aWNvIC0gU2FuIEZlcm5hbmRvIERlIEhlbmFyZXMiLCJjb21wYW55X25hbWUiOiJDcm93biBMaWZ0IFRydWNrcyBTLiBMLiIsImFkZHJlc3NfY2l0eSI6IkNvbW11bml0eSBvZiBNYWRyaWQsIFNwYWluIiwiaHRpZG9jaWQiOiJaZThqdDVFQWp1Ui1iNXRqQUFBQUFBPT0iLCJ1dWxlIjoidytDQUlRSUNJRlUzQmhhVzQifQ==,856
eyJqb2JfdGl0bGUiOiJUw6ljbmljby9hIHNvcG9ydGUgaW5mb3Jtw6F0aWNvIE4xIiwiY29tcGFueV9uYW1lIjoiTlVOU1lTIiwiYWRkcmVzc19jaXR5IjoiUGF0ZXJuYSwgU3BhaW4iLCJodGlkb2NpZCI6IjRZdkdGZExqWlhfSmFPc1NBQUFBQUE9PSIsInV1bGUiOiJ3K0NBSVFJQ0lGVTNCaGFXNCJ9,775
eyJqb2JfdGl0bGUiOiJUw6ljbmljbyBOaXZlbCBJSSBwYXJhIFNvcG9ydGUgSW5mb3Jtw6F0aWNvIC0gcmVmLiBUTklJIiwiY29tcGFueV9uYW1lIjoiQ29kaXN5cyIsImFkZHJlc3NfY2l0eSI6Ik1hZHJpZCwgU3BhaW4iLCJodGlkb2NpZCI6Ik56YzR1ckJUSFJJdnp5NVpBQUFBQUE9PSIsInV1bGUiOiJ3K0NBSVFJQ0lGVTNCaGFXNCJ9,721
eyJqb2JfdGl0bGUiOiJUw6ljbmljbyBzb3BvcnRlIEhlbHBkZXNrIElUIHBhcmEgQ0FVIiwiY29tcGFueV9uYW1lIjoiU0FOREFWIiwiYWRkcmVzc19jaXR5IjoiTWFkcmlkLCBTcGFpbiIsImh0aWRvY2lkIjoicXMyVzBQM2JYczNvaFFhRkFBQUFBQT09IiwidXVsZSI6IncrQ0FJUUlDSUZVM0JoYVc0In0=,721
eyJqb2JfdGl0bGUiOiJUw4lDTklDTy9BIFNJU1RFTUFTIElORk9STcOBVElDT1MiLCJjb21wYW55X25hbWUiOiJURU1QT1JJTkcgRVRUIiwiYWRkcmVzc19jaXR5IjoiQSBDb3J1w7FhLCBTcGFpbiIsImh0aWRvY2lkIjoiWUNMU2xtOXp6UmNrYnVWLUFBQUFBQT09IiwidXVsZSI6IncrQ0FJUUlDSUZVM0JoYVc0In0=,32
eyJqb2JfdGl0bGUiOiJUw4lDTklDTyBERSBBRE1JTklTVFJBQ0nDk04gREUgU0lTVEVNQVMiLCJjb21wYW55X25hbWUiOiJHSU9TIiwiYWRkcmVzc19jaXR5IjoiQmFyY2Vsb25hLCBTcGFpbiIsImh0aWRvY2lkIjoiMms5Z083SXRYZ084eVprN0FBQUFBQT09IiwidXVsZSI6IncrQ0FJUUlDSUZVM0JoYVc0In0=,152
eyJqb2JfdGl0bGUiOiJJTkdFTklFUk8vQSBHRVNUSU9OIERFIFZFSElDVUxPUyBQUkVOU0EiLCJjb21wYW55X25hbWUiOiJDYXBnZW1pbmkiLCJhZGRyZXNzX2NpdHkiOiJTcGFpbiIsImh0aWRvY2lkIjoiNTJHSFpaOXRpdUVwTkU5eEFBQUFBQT09IiwidXVsZSI6IncrQ0FJUUlDSUZVM0JoYVc0In0=,606
eyJqb2JfdGl0bGUiOiJJbmdlbmllcm8vYSByZWR1Y2Npw7NuIGRlIGNvc3Rlcy0gQXV0b21vY2nDs24iLCJjb21wYW55X25hbWUiOiJTRUdVTEEgVGVjaG5vbG9naWVzIiwiYWRkcmVzc19jaXR5IjoiVmFsbGFkb2xpZCwgU3BhaW4iLCJodGlkb2NpZCI6IjM3SGcycUxZVDdyd1doRzdBQUFBQUE9PSIsInV1bGUiOiJ3K0NBSVFJQ0lGVTNCaGFXNCJ9,1219
eyJqb2JfdGl0bGUiOiJNT1JHQU5DQVI6IE1lY8OhbmljbyBkZSBBdXRvbW9jacOzbiIsImNvbXBhbnlfbmFtZSI6ImpvaW4uY29tIiwiYWRkcmVzc19jaXR5IjoiQnVyZ29zLCBTcGFpbiIsImh0aWRvY2lkIjoiZlRBM284S1ByTEU4eGJ6Q0FBQUFBQT09IiwidXVsZSI6IncrQ0FJUUlDSUZVM0JoYVc0In0=,579
eyJqb2JfdGl0bGUiOiJJbmdlbmllcm8vYSBTZW5pb3IgUHJvY2VzYWRvIFNlw7FhbCIsImNvbXBhbnlfbmFtZSI6IkdyYWRpYW50IiwiYWRkcmVzc19jaXR5IjoiVmlnbywgTXVuaWNpcGFsaXR5IG9mIFZpZ28sIFNwYWluIiwiaHRpZG9jaWQiOiJDMzJUQkNoSHZ4MWJZWHFlQUFBQUFBPT0iLCJ1dWxlIjoidytDQUlRSUNJRlUzQmhhVzQifQ==,168
eyJqb2JfdGl0bGUiOiJJbmdlbmllcm8vYSBTZW5pb3IgZGUgU2lzdGVtYXMgSStEIiwiY29tcGFueV9uYW1lIjoiUG93ZXIgRWxlY3Ryb25pY3MiLCJhZGRyZXNzX2NpdHkiOiJMbMOtcmlhLCBTcGFpbiIsImh0aWRvY2lkIjoiaVYtamRZLUFqZEdVU01VS0FBQUFBQT09IiwidXVsZSI6IncrQ0FJUUlDSUZVM0JoYVc0In0=,599
eyJqb2JfdGl0bGUiOiJJbmdlbmllcm8gRWzDqWN0cmljbyBkZSBTaXN0ZW1hcyBOdWNsZWFyZXMgU2VuaW9yIiwiY29tcGFueV9uYW1lIjoiRUFHIiwiYWRkcmVzc19jaXR5IjoiTWFkcmlkLCBTcGFpbiIsImh0aWRvY2lkIjoiTVBsS1lWZVZ2dlRWUlUzOUFBQUFBQT09IiwidXVsZSI6IncrQ0FJUUlDSUZVM0JoYVc0In0=,86
eyJqb2JfdGl0bGUiOiJUw6ljbmljbyBkZSBTb3BvcnRlIGRlIFJlZCBOMSBIL00iLCJjb21wYW55X25hbWUiOiJWSU5DSSIsImFkZHJlc3NfY2l0eSI6Ik1hZHJpZCwgU3BhaW4iLCJodGlkb2NpZCI6Im1TQTV6T3kySzFFMUlSVVNBQUFBQUE9PSIsInV1bGUiOiJ3K0NBSVFJQ0lGVTNCaGFXNCJ9,1130
eyJqb2JfdGl0bGUiOiJBZG1pbmlzdHJhZG9yIGRlIHJlZGVzIiwiY29tcGFueV9uYW1lIjoiV2VIdW50IEVzcGHDsWEiLCJhZGRyZXNzX2NpdHkiOiJTcGFpbiIsImh0aWRvY2lkIjoiWWhQTVZwZEZGZlRuZDFtWEFBQUFBQT09IiwidXVsZSI6IncrQ0FJUUlDSUZVM0JoYVc0In0=,500
eyJqb2JfdGl0bGUiOiJCZWNhIC0gSW5nZW5pZXJvL2EgSnVuaW9yIFNpc3RlbWFzIEVtYmViaWRvcyIsImNvbXBhbnlfbmFtZSI6IlRlbGV2ZXMgQ29ycG9yYXRpb24iLCJhZGRyZXNzX2NpdHkiOiJTYW50aWFnbyBkZSBDb21wb3N0ZWxhLCBNdW5pY2lwYWxpdHkgb2YgU2FudGlhZ28gZGUgQ29tcG9zdGVsYSwgU3BhaW4iLCJodGlkb2NpZCI6Inh2d2U3ckYzR2FqRmNwdk1BQUFBQUE9PSIsInV1bGUiOiJ3K0NBSVFJQ0lGVTNCaGFXNCJ9,152
eyJqb2JfdGl0bGUiOiJEZXNhcnJvbGxhZG9yIHNvZnR3YXJlIGVtYmViaWRvIiwiY29tcGFueV9uYW1lIjoiSGF5cyIsImFkZHJlc3NfY2l0eSI6Ik1hZHJpZCwgU3BhaW4iLCJodGlkb2NpZCI6ImdwcmotdFpYT2dqM2ZJY2lBQUFBQUE9PSIsInV1bGUiOiJ3K0NBSVFJQ0lGVTNCaGFXNCJ9,152
eyJqb2JfdGl0bGUiOiJJbmdlbmllcm8vYSBkZSBTb2Z0d2FyZSBFbWJlYmlkbyBDKysiLCJjb21wYW55X25hbWUiOiJFeGNlbHRpYyIsImFkZHJlc3NfY2l0eSI6IlNwYWluIiwiaHRpZG9jaWQiOiJlVzYzRHJaOU9VTENXd3laQUFBQUFBPT0iLCJ1dWxlIjoidytDQUlRSUNJRlUzQmhhVzQifQ==,128
eyJqb2JfdGl0bGUiOiJSZXNwb25zYWJsZSBzb2Z0d2FyZSBjL2MrKyBlbWJlYmlkbyIsImNvbXBhbnlfbmFtZSI6Ik1pY2hhZWwgUGFnZSIsImFkZHJlc3NfY2l0eSI6IlZhbGVuY2lhLCBTcGFpbiIsImh0aWRvY2lkIjoiSGp1cy1qZXZ2VWM3V1ZGR0FBQUFBQT09IiwidXVsZSI6IncrQ0FJUUlDSUZVM0JoYVc0In0=,152
eyJqb2JfdGl0bGUiOiJTb2Z0d2FyZSBFbWJlYmlkbyIsImNvbXBhbnlfbmFtZSI6IlNBTkRBViIsImFkZHJlc3NfY2l0eSI6IlZhbGVuY2lhLCBTcGFpbiIsImh0aWRvY2lkIjoiWklIaC1qeUJUb1hZTVZXMUFBQUFBQT09IiwidXVsZSI6IncrQ0FJUUlDSUZVM0JoYVc0In0=,152
eyJqb2JfdGl0bGUiOiJJbmdlbmllcm8gSnVuaW9yIERlIFNvZnR3YXJlIEVtYmViaWRvIiwiY29tcGFueV9uYW1lIjoiWmVubmlvIiwiYWRkcmVzc19jaXR5IjoiQWxiYWNldGUsIFNwYWluIiwiaHRpZG9jaWQiOiJnQU9ib3lMQlIxNzEwS09CQUFBQUFBPT0iLCJ1dWxlIjoidytDQUlRSUNJRlUzQmhhVzQifQ==,221
eyJqb2JfdGl0bGUiOiJJbmdlbmllcm8vYSBTVyBlbWJlYmlkbyBDKysgQ2liZXJzZWd1cmlkYWQiLCJjb21wYW55X25hbWUiOiJJbmRyYSIsImFkZHJlc3NfY2l0eSI6IlRvcnJlasOzbiBkZSBBcmRveiwgU3BhaW4iLCJodGlkb2NpZCI6InlHRnAxSEUycnNIRVRXUEJBQUFBQUE9PSIsInV1bGUiOiJ3K0NBSVFJQ0lGVTNCaGFXNCJ9,128
eyJqb2JfdGl0bGUiOiJJbmdlbmllcm8vQSBEZSBUZWxlY29tdW5pY2FjaW9uZXMgUGFyYSBEZXNhcnJvbGxvIERlIFNvZnR3YXJlIEVtYmViaWRvIiwiY29tcGFueV9uYW1lIjoiTm92YSBOb3RpbyBTLkwuIiwiYWRkcmVzc19jaXR5IjoiVG9ycmVqw7NuIGRlIEFyZG96LCBTcGFpbiIsImh0aWRvY2lkIjoiQUk2RFFIaEZWUDBXRkNRLUFBQUFBQT09IiwidXVsZSI6IncrQ0FJUUlDSUZVM0JoYVc0In0=,128
eyJqb2JfdGl0bGUiOiJBcnF1aXRlY3RvIENsb3VkIEdDUCIsImNvbXBhbnlfbmFtZSI6IlJlY29kbWUiLCJhZGRyZXNzX2NpdHkiOiJNYWRyaWQsIFNwYWluIiwiaHRpZG9jaWQiOiJnN1I4b29tYTRjMUxieWZuQUFBQUFBPT0iLCJ1dWxlIjoidytDQUlRSUNJRlUzQmhhVzQifQ==,70
eyJqb2JfdGl0bGUiOiJBcnF1aXRlY3RvIENsb3VkIElBLyBJbmdsw6lzIEMxLUMyLyBSZW1vdG8gMTAwJSIsImNvbXBhbnlfbmFtZSI6IktyZWxsLWNvbnN1bHRpbmciLCJhZGRyZXNzX2NpdHkiOiJNYWRyaWQsIFNwYWluIiwiaHRpZG9jaWQiOiJ6LW5GcU9KREgtOWFvZ1llQUFBQUFBPT0iLCJ1dWxlIjoidytDQUlRSUNJRlUzQmhhVzQifQ==,521
eyJqb2JfdGl0bGUiOiJEYXRhIEFuYWx5c3QiLCJjb21wYW55X25hbWUiOiJBeHBlIENvbnN1bHRpbmciLCJhZGRyZXNzX2NpdHkiOiJTcGFpbiIsImh0aWRvY2lkIjoidTh4dlZKRzA3MGNqOWtvdUFBQUFBQT09IiwidXVsZSI6IncrQ0FJUUlDSUZVM0JoYVc0In0=,274
eyJqb2JfdGl0bGUiOiJEYXRhIEFuYWx5c3QiLCJjb21wYW55X25hbWUiOiJTREcgR3JvdXAgRXNwYcOxYSIsImFkZHJlc3NfY2l0eSI6IlZhbGVuY2lhLCBTcGFpbiIsImh0aWRvY2lkIjoiallMaHFmVzBWVVNoY01jYUFBQUFBQT09IiwidXVsZSI6IncrQ0FJUUlDSUZVM0JoYVc0In0=,366
eyJqb2JfdGl0bGUiOiJJbmdlbmllcm8gZGUgZGF0b3MiLCJjb21wYW55X25hbWUiOiJHcnVwbyBURUNEQVRBIEVuZ2luZWVyaW5nIiwiYWRkcmVzc19jaXR5IjoiU3BhaW4iLCJodGlkb2NpZCI6IlFuMXA5cktyRzNKTmtVS3pBQUFBQUE9PSIsInV1bGUiOiJ3K0NBSVFJQ0lGVTNCaGFXNCJ9,1033
eyJqb2JfdGl0bGUiOiJBbmFsaXN0YSBkZSBEYXRvcyAoKlMpIiwiY29tcGFueV9uYW1lIjoiQmV0d2VlbiBUZWNobm9sb2d5IiwiYWRkcmVzc19jaXR5IjoiQWxtZXLDrWEsIFNwYWluIiwiaHRpZG9jaWQiOiItRG9GTEp6Y1ZXZHBYUUxVQUFBQUFBPT0iLCJ1dWxlIjoidytDQUlRSUNJRlUzQmhhVzQifQ==,274
eyJqb2JfdGl0bGUiOiJBbmFsaXN0YSBkZSBkYXRvcyIsImNvbXBhbnlfbmFtZSI6Ik3DqXRyaWNhIENvbnN1bHRpbmciLCJhZGRyZXNzX2NpdHkiOiJTcGFpbiIsImh0aWRvY2lkIjoidGxiOURtUWlVVmtqSUtBR0FBQUFBQT09IiwidXVsZSI6IncrQ0FJUUlDSUZVM0JoYVc0In0=,274
eyJqb2JfdGl0bGUiOiJUw6ljbmljby9hIGRlIGNvbXVuaWNhY2lvbmVzIHBhcmEgR3JhbmRlcyBDdWVudGFzIiwiY29tcGFueV9uYW1lIjoiU2lzdGVtYXMgQXZhbnphZG9zIGRlIFRlY25vbG9nw61hLCBTLkEuICggU0FURUMgKSIsImFkZHJlc3NfY2l0eSI6IlZpZ28sIE11bmljaXBhbGl0eSBvZiBWaWdvLCBTcGFpbiIsImh0aWRvY2lkIjoia2RyUDAwNlFIQWo5TVQwOEFBQUFBQT09IiwidXVsZSI6IncrQ0FJUUlDSUZVM0JoYVc0In0=,128
eyJqb2JfdGl0bGUiOiJUw4lDTklDTy9BIERFIENBTVBPIFBBUkEgUkVERVMgWSBDT01VTklDQUNJT05FUyIsImNvbXBhbnlfbmFtZSI6IkdydXBvIFNlcm1pY3JvIiwiYWRkcmVzc19jaXR5IjoiTWFkcmlkLCBTcGFpbiIsImh0aWRvY2lkIjoiTzZVUjc5M3AzMVhQNmt4X0FBQUFBQT09IiwidXVsZSI6IncrQ0FJUUlDSUZVM0JoYVc0In0=,856
eyJqb2JfdGl0bGUiOiJUw6ljbmljby9hIGRlIFJlZGVzIHkgQ29tdW5pY2FjaW9uZXMgKHByZXNlbmNpYWwsIGhvcmFyaW8gZGUgN2ggYSAxNWgpIiwiY29tcGFueV9uYW1lIjoiU2lzdGVtYXMgQXZhbnphZG9zIGRlIFRlY25vbG9nw61hLCBTLkEuICggU0FURUMgKSIsImFkZHJlc3NfY2l0eSI6Ik1hZHJpZCwgU3BhaW4iLCJodGlkb2NpZCI6IkVueEt2QkZ1ZW14R0ZFTDRBQUFBQUE9PSIsInV1bGUiOiJ3K0NBSVFJQ0lGVTNCaGFXNCJ9,128
eyJqb2JfdGl0bGUiOiJUw6ljbmljbyBkZSBSZWRlcyIsImNvbXBhbnlfbmFtZSI6Ik1pY2hhZWwgUGFnZSIsImFkZHJlc3NfY2l0eSI6Ik5hdmFycmUsIFNwYWluIiwiaHRpZG9jaWQiOiJQSE9fZGhIdUJUUGtITVp2QUFBQUFBPT0iLCJ1dWxlIjoidytDQUlRSUNJRlUzQmhhVzQifQ==,579
eyJqb2JfdGl0bGUiOiJUw6ljbmljby9hIHJlZGVzL2NvbXVuaWNhY2lvbmVzIChsYW4pIiwiY29tcGFueV9uYW1lIjoiU2VyZW0iLCJhZGRyZXNzX2NpdHkiOiJDYW50YWJyaWEsIFNwYWluIiwiaHRpZG9jaWQiOiJBaDhDUVVKbVZkbHBLVllfQUFBQUFBPT0iLCJ1dWxlIjoidytDQUlRSUNJRlUzQmhhVzQifQ==,579
eyJqb2JfdGl0bGUiOiJUw6ljbmljbyBkZSBDb211bmljYWNpb25lcyB5IFNlZ3VyaWRhZCAoSC9NL1gpIiwiY29tcGFueV9uYW1lIjoiU2lzdGVtYXMgQXZhbnphZG9zIGRlIFRlY25vbG9nw61hLCBTLkEuICggU0FURUMgKSIsImFkZHJlc3NfY2l0eSI6IkJpbGJhbywgU3BhaW4iLCJodGlkb2NpZCI6InBSQjhQTjNpTll0T3oxR25BQUFBQUE9PSIsInV1bGUiOiJ3K0NBSVFJQ0lGVTNCaGFXNCJ9,128
eyJqb2JfdGl0bGUiOiJUZWNuaWNvL2EgZGUgc2VndXJpZGFkIHkgY29tdW5pY2FjaW9uZXMiLCJjb21wYW55X25hbWUiOiJUUlMgU3RhZmZpbmcgU29sdXRpb25zIiwiYWRkcmVzc19jaXR5IjoiU2V2aWxsZSwgU3BhaW4iLCJodGlkb2NpZCI6IjdFVXkxbXprZXlQcFlaa1BBQUFBQUE9PSIsInV1bGUiOiJ3K0NBSVFJQ0lGVTNCaGFXNCJ9,152
eyJqb2JfdGl0bGUiOiJUw6ljbmljbyBTaXN0ZW1hcyBXaW5kb3dzIC0gVm1XYXJlIiwiY29tcGFueV9uYW1lIjoiSFVCVEFMRU5UIiwiYWRkcmVzc19jaXR5IjoiVG9sZWRvLCBTcGFpbiIsImh0aWRvY2lkIjoiN2JsOTVhSWQ3NHhfR0M0R0FBQUFBQT09IiwidXVsZSI6IncrQ0FJUUlDSUZVM0JoYVc0In0=,1178
eyJqb2JfdGl0bGUiOiJJbmdlbmllcm8gZGUgUmFkaW9jb211bmljYWNpb25lcyIsImNvbXBhbnlfbmFtZSI6IkRlaW1vcyBTcGFjZSIsImFkZHJlc3NfY2l0eSI6IlRyZXMgQ2FudG9zLCBTcGFpbiIsImh0aWRvY2lkIjoiMF8tYzNkaldoUXM5aDdGOUFBQUFBQT09IiwidXVsZSI6IncrQ0FJUUlDSUZVM0JoYVc0In0=,128
eyJqb2JfdGl0bGUiOiJBbmFsaXN0YSBEZSBEYXRvcyBNYWRyaWQgwrcgQ29tcGxldGFtZW50ZSBSZW1vdG8iLCJjb21wYW55X25hbWUiOiJUZWNkYXRhIEVuZ2luZWVyaW5nIiwiYWRkcmVzc19jaXR5IjoiWmFyYWdvemEsIFNwYWluIiwiaHRpZG9jaWQiOiJadjJOX29MMkFXcGw5R0lsQUFBQUFBPT0iLCJ1dWxlIjoidytDQUlRSUNJRlUzQmhhVzQifQ==,221
eyJqb2JfdGl0bGUiOiJEZXNhcnJvbGxhZG9yL2EgZGUgQXBsaWNhY2lvbmVzIE3Ds3ZpbGVzIiwiY29tcGFueV9uYW1lIjoiYmVCZWUgUHJvZmVzc2lvbmFscyIsImFkZHJlc3NfY2l0eSI6Ik1hZHJpZCwgU3BhaW4iLCJodGlkb2NpZCI6IktEUFduWmNDSHBDcndJSzlBQUFBQUE9PSIsInV1bGUiOiJ3K0NBSVFJQ0lGVTNCaGFXNCJ9,367
eyJqb2JfdGl0bGUiOiJEZXNhcnJvbGxhZG9yZXMvYXMgSU9TIHkgQW5kcm9pZCIsImNvbXBhbnlfbmFtZSI6IkZFUkNIQVUgU3BhaW4iLCJhZGRyZXNzX2NpdHkiOiJTcGFpbiIsImh0aWRvY2lkIjoiUEh0TDM2cG5OcGJBc1NnWEFBQUFBQT09IiwidXVsZSI6IncrQ0FJUUlDSUZVM0JoYVc0In0=,367
eyJqb2JfdGl0bGUiOiJkZXNhcnJvbGxhZG9yIHNvbHVjaW9uZXMgbmF0aXZhcyBBbmRyb2lkLiBDT0Q6IFNXMDEiLCJjb21wYW55X25hbWUiOiJEcmVhbXMiLCJhZGRyZXNzX2NpdHkiOiJaYXJhZ296YSwgU3BhaW4iLCJodGlkb2NpZCI6IlU5ejgtT1RuUTk3bktwOWdBQUFBQUE9PSIsInV1bGUiOiJ3K0NBSVFJQ0lGVTNCaGFXNCJ9,30
eyJqb2JfdGl0bGUiOiJQcm9ncmFtYWRvciBTUUwgKEgvTSkiLCJjb21wYW55X25hbWUiOiJHcnVwbyBDcml0IiwiYWRkcmVzc19jaXR5IjoiTGlicmlsbGEsIFNwYWluIiwiaHRpZG9jaWQiOiJPWTF1bXhGQkl0NUhRanhFQUFBQUFBPT0iLCJ1dWxlIjoidytDQUlRSUNJRlUzQmhhVzQifQ==,274
eyJqb2JfdGl0bGUiOiJQcm9ncmFtYWRvciBTUUwsIFBML1NRTCwgVmlzdWFsIEJhc2ljIChTZWN0b3IgUMO6YmxpY28pIiwiY29tcGFueV9uYW1lIjoiRGlnaXRhbCBUYWxlbnQgQWdlbmN5IiwiYWRkcmVzc19jaXR5IjoiQ2F0YWxvbmlhLCBTcGFpbiIsImh0aWRvY2lkIjoiTjJ3LVFrMG12SEpKSmxmQkFBQUFBQT09IiwidXVsZSI6IncrQ0FJUUlDSUZVM0JoYVc0In0=,131
eyJqb2JfdGl0bGUiOiJJbmdlbmllcm8vYSBkZSBTaXN0ZW1hcyBKdW5pb3IiLCJjb21wYW55X25hbWUiOiJLLUxhZ2FuIiwiYWRkcmVzc19jaXR5IjoiU3BhaW4iLCJodGlkb2NpZCI6ImtFRWg1V1RXM2VIUllrMmJBQUFBQUE9PSIsInV1bGUiOiJ3K0NBSVFJQ0lGVTNCaGFXNCJ9,128
eyJqb2JfdGl0bGUiOiJJbmdlbmllcm8gSW5mb3Jtw6F0aWNvIC8gVGVsZWNvbXVuaWNhY2lvbmVzIiwiY29tcGFueV9uYW1lIjoiSVpFUlRJUyBTLkEiLCJhZGRyZXNzX2NpdHkiOiJHaWrDs24sIFNwYWluIiwiaHRpZG9jaWQiOiI1OEMwTVpmUlpMVUxydTRUQUFBQUFBPT0iLCJ1dWxlIjoidytDQUlRSUNJRlUzQmhhVzQifQ==,836
eyJqb2JfdGl0bGUiOiJJbmdlbmllcm8vYSBkZSBTaXN0ZW1hcyBSYWRhciwgU2VjdG9yIERlZmVuc2EuLiAoNzI2OSkiLCJjb21wYW55X25hbWUiOiJOb3ZhIE5vdGlvIFMuTC4iLCJhZGRyZXNzX2NpdHkiOiJUb3JyZWrDs24gZGUgQXJkb3osIFNwYWluIiwiaHRpZG9jaWQiOiJ0a0pZLTN0bXpsaTh3QnRxQUFBQUFBPT0iLCJ1dWxlIjoidytDQUlRSUNJRlUzQmhhVzQifQ==,98
eyJqb2JfdGl0bGUiOiJJbmdlbmllcm8vYSBkZSBTaXN0ZW1hcyBkZSBTQVRDT00sIGhpYnJpZG8iLCJjb21wYW55X25hbWUiOiJHTVYiLCJhZGRyZXNzX2NpdHkiOiJTZXZpbGxlLCBTcGFpbiIsImh0aWRvY2lkIjoiRzVLMG5VTWtmOURYQW9GOEFBQUFBQT09IiwidXVsZSI6IncrQ0FJUUlDSUZVM0JoYVc0In0=,128
eyJqb2JfdGl0bGUiOiJBbmFsaXN0YSBkZSBzaXN0ZW1hcyBpbmZvcm3DoXRpY29zIiwiY29tcGFueV9uYW1lIjoiQW5maSBHcm91cCIsImFkZHJlc3NfY2l0eSI6Ik1vZ8OhbiwgU3BhaW4iLCJodGlkb2NpZCI6Ik81X0hZWThaUTdPTHo5Q0RBQUFBQUE9PSIsInV1bGUiOiJ3K0NBSVFJQ0lGVTNCaGFXNCJ9,579
eyJqb2JfdGl0bGUiOiJJbmdlbmllcm8gaW5mb3Jtw6F0aWNvIHJlY2nDqW4gZ3JhZHVhZG8iLCJjb21wYW55X25hbWUiOiJRdWVudGFsIiwiYWRkcmVzc19jaXR5IjoiTWFkcmlkLCBTcGFpbiIsImh0aWRvY2lkIjoiSkRyU1NLZ1pOT2IyQ2V2eUFBQUFBQT09IiwidXVsZSI6IncrQ0FJUUlDSUZVM0JoYVc0In0=,202
eyJqb2JfdGl0bGUiOiJJbmdlbmllcm8vYSBJbmZvcm3DoXRpY28vYSAtIEdpasOzbiIsImNvbXBhbnlfbmFtZSI6IlRoZSBXaXNlIFNlZWtlciIsImFkZHJlc3NfY2l0eSI6IkdpasOzbiwgU3BhaW4iLCJodGlkb2NpZCI6IlRtYTcwWmxiUlI1WnRORUVBQUFBQUE9PSIsInV1bGUiOiJ3K0NBSVFJQ0lGVTNCaGFXNCJ9,131
eyJqb2JfdGl0bGUiOiJJbmdlbmllcm8vYSBTaXN0ZW1hcyIsImNvbXBhbnlfbmFtZSI6IkdPSSBSZWN1cnNvcyBIdW1hbm9zIiwiYWRkcmVzc19jaXR5IjoiU3BhaW4iLCJodGlkb2NpZCI6IjlQX2FBclVkRm9ERl9XNmdBQUFBQUE9PSIsInV1bGUiOiJ3K0NBSVFJQ0lGVTNCaGFXNCJ9,616
eyJqb2JfdGl0bGUiOiJMw61kZXIgVMOpY25pY28geSBkZSBEZXNhcnJvbGxvIiwiY29tcGFueV9uYW1lIjoiUGFuZWwgU2lzdGVtYXMgSW5mb3JtYXRpY29zIiwiYWRkcmVzc19jaXR5IjoiU3BhaW4iLCJodGlkb2NpZCI6IlBrcTFmYllpVXdfZWZMWW9BQUFBQUE9PSIsInV1bGUiOiJ3K0NBSVFJQ0lGVTNCaGFXNCJ9,131
eyJqb2JfdGl0bGUiOiJJbmdlbmllcm8vYSBkZSBTaXN0ZW1hcyBkZSBBZXJvbmF2ZXMsIGhpYnJpZG8iLCJjb21wYW55X25hbWUiOiJHTVYiLCJhZGRyZXNzX2NpdHkiOiJNYWRyaWQsIFNwYWluIiwiaHRpZG9jaWQiOiJsc0daVEViOUdiVS1sLU1tQUFBQUFBPT0iLCJ1dWxlIjoidytDQUlRSUNJRlUzQmhhVzQifQ==,98
eyJqb2JfdGl0bGUiOiJJbmdlbmllcm8vYSBkZSBTaXN0ZW1hcyBFbWJhcmNhZG9zLCBNYWRyaWQiLCJjb21wYW55X25hbWUiOiJHTVYiLCJhZGRyZXNzX2NpdHkiOiJNYWRyaWQsIFNwYWluIiwiaHRpZG9jaWQiOiI1ZE1DVXZrZnhQcFBibVlmQUFBQUFBPT0iLCJ1dWxlIjoidytDQUlRSUNJRlUzQmhhVzQifQ==,128
eyJqb2JfdGl0bGUiOiJFc3BlY2lhbGlzdGEgZW4gUHJveWVjdG9zIGRlIEF1dG9tYXRpemFjacOzbiBTZW5pb3IiLCJjb21wYW55X25hbWUiOiJHUlVQTyBTQVJSQUxMRSIsImFkZHJlc3NfY2l0eSI6IkF6cGVpdGlhLCBTcGFpbiIsImh0aWRvY2lkIjoiYURPME5rNER2MXEwVGNqQkFBQUFBQT09IiwidXVsZSI6IncrQ0FJUUlDSUZVM0JoYVc0In0=,128
eyJqb2JfdGl0bGUiOiJFeHBlcnRvIGF1dG9tYXRpemFjacOzbiByb2LDs3RpY2EgZGUgcHJvY2Vzb3MiLCJjb21wYW55X25hbWUiOiJDR0kiLCJhZGRyZXNzX2NpdHkiOiJTcGFpbiIsImh0aWRvY2lkIjoiLVJPX2xLSExYWUhMRU5XcUFBQUFBQT09IiwidXVsZSI6IncrQ0FJUUlDSUZVM0JoYVc0In0=,492
eyJqb2JfdGl0bGUiOiJBbmFsaXN0YSBkZSBTaXN0ZW1hcyBJbmZvcm3DoXRpY29zIiwiY29tcGFueV9uYW1lIjoiQW5maSBHcm91cCIsImFkZHJlc3NfY2l0eSI6IlBhdGFsYXZhY2EsIFNwYWluIiwiaHRpZG9jaWQiOiItRUs2VzBZSFhrQzBVTzVhQUFBQUFBPT0iLCJ1dWxlIjoidytDQUlRSUNJRlUzQmhhVzQifQ==,579
eyJqb2JfdGl0bGUiOiJBbmFsaXN0YSBGdW5jaW9uYWwgU0VQQSBQYWdvcyAvIEluZ2zDqXMiLCJjb21wYW55X25hbWUiOiJQQU5FTCBTaXN0ZW1hcyBJbmZvcm3DoXRpY29zIiwiYWRkcmVzc19jaXR5IjoiTWFkcmlkLCBTcGFpbiIsImh0aWRvY2lkIjoiODVOb1FxdDRIUmd0VmwzZEFBQUFBQT09IiwidXVsZSI6IncrQ0FJUUlDSUZVM0JoYVc0In0=,298
eyJqb2JfdGl0bGUiOiJBbmFsaXN0YSBJbmZvcm3DoXRpY28tYSBleHBlcnRvLWEgZW4gU0FQIiwiY29tcGFueV9uYW1lIjoiRXJvc2tpIiwiYWRkcmVzc19jaXR5IjoiRWxvcnJpbywgU3BhaW4iLCJodGlkb2NpZCI6Im1lVklSZXlWZlNoTkNDZWJBQUFBQUE9PSIsInV1bGUiOiJ3K0NBSVFJQ0lGVTNCaGFXNCJ9,1031
eyJqb2JfdGl0bGUiOiJUw6ljbmljbyBkZSBzaXN0ZW1hcyBJVCBKdW5pb3IgKE3DqXJpZGEpIiwiY29tcGFueV9uYW1lIjoiTG9naVJBSUwiLCJhZGRyZXNzX2NpdHkiOiJNw6lyaWRhLCBTcGFpbiIsImh0aWRvY2lkIjoiWFF6V3l6VG42eWtiM1h2VEFBQUFBQT09IiwidXVsZSI6IncrQ0FJUUlDSUZVM0JoYVc0In0=,30
eyJqb2JfdGl0bGUiOiJCSSBBbmFseXN0IiwiY29tcGFueV9uYW1lIjoiQklQIiwiYWRkcmVzc19jaXR5IjoiTWFkcmlkLCBTcGFpbiIsImh0aWRvY2lkIjoib29EVW5HNWJUSHM0UFhJRkFBQUFBQT09IiwidXVsZSI6IncrQ0FJUUlDSUZVM0JoYVc0In0=,32
eyJqb2JfdGl0bGUiOiJUw6ljbmljbyBlbiBJbnRlbGlnZW5jaWEgQXJ0aWZpY2lhbCIsImNvbXBhbnlfbmFtZSI6IkVudGlkYWQgRmluYW5jaWVyYSIsImFkZHJlc3NfY2l0eSI6Ik3DoWxhZ2EsIFNwYWluIiwiaHRpZG9jaWQiOiItS2JDVW5RUTF5UTBVSG1TQUFBQUFBPT0iLCJ1dWxlIjoidytDQUlRSUNJRlUzQmhhVzQifQ==,917
eyJqb2JfdGl0bGUiOiJKZWZlL2EgZGUgUHJveWVjdG8gSVQgY29uIGZyYW5jw6lzIiwiY29tcGFueV9uYW1lIjoiSW5ldHVtIiwiYWRkcmVzc19jaXR5IjoiQWxpY2FudGUsIFNwYWluIiwiaHRpZG9jaWQiOiItaVRGZFZYalBad3hOQmxmQUFBQUFBPT0iLCJ1dWxlIjoidytDQUlRSUNJRlUzQmhhVzQifQ==,4
eyJqb2JfdGl0bGUiOiJJbmdlbmllcm8vYSBQbGFuaWZpY2FjacOzbiBkZSBQcm95ZWN0b3MiLCJjb21wYW55X25hbWUiOiJUZWNobmlwIEVuZXJnaWVzIiwiYWRkcmVzc19jaXR5IjoiQmFyY2Vsb25hLCBTcGFpbiIsImh0aWRvY2lkIjoiYzJ6TTVubGV3VlB3MUw3NEFBQUFBQT09IiwidXVsZSI6IncrQ0FJUUlDSUZVM0JoYVc0In0=,579
eyJqb2JfdGl0bGUiOiJJbmdlbmllcm8vYSBkZSBwcm95ZWN0b3MgaW5kdXN0cmlhbGVzIiwiY29tcGFueV9uYW1lIjoiTmVvdGFsZW50IENvbmNsdXNpb24iLCJhZGRyZXNzX2NpdHkiOiJTcGFpbiIsImh0aWRvY2lkIjoiYmkxdWN5SC1WWUJFZE5QLUFBQUFBQT09IiwidXVsZSI6IncrQ0FJUUlDSUZVM0JoYVc0In0=,579
eyJqb2JfdGl0bGUiOiJEYXRhIENlbnRlciBUZWNobmljaWFuIiwiY29tcGFueV9uYW1lIjoiSGF5cyIsImFkZHJlc3NfY2l0eSI6Ik1hZHJpZCwgU3BhaW4iLCJodGlkb2NpZCI6ImY5cFNvZ0xzejZ6SGprU0xBQUFBQUE9PSIsInV1bGUiOiJ3K0NBSVFJQ0lGVTNCaGFXNCJ9,128
eyJqb2JfdGl0bGUiOiJUw6ljbmljbyBkZSBNYW50ZW5pbWllbnRvIiwiY29tcGFueV9uYW1lIjoiTWFycmlvdHQgSW50ZXJuYXRpb25hbCIsImFkZHJlc3NfY2l0eSI6IlNldmlsbGUsIFNwYWluIiwiaHRpZG9jaWQiOiIzc0ExajZjcGEydzhlU0pLQUFBQUFBPT0iLCJ1dWxlIjoidytDQUlRSUNJRlUzQmhhVzQifQ==,606
eyJqb2JfdGl0bGUiOiJUw6ljbmljby9hIGRlIE1hbnRlbmltaWVudG8uIFBhbG1hIGRlIE1hbGxvcmNhIChNL0YvRCkiLCJjb21wYW55X25hbWUiOiJUSyBFTEVWQURPUkVTIEVTUEHDkUEsIFNMVSIsImFkZHJlc3NfY2l0eSI6IlBhbG1hLCBTcGFpbiIsImh0aWRvY2lkIjoiMEVsVTZwTWM5a3ZuYUtQakFBQUFBQT09IiwidXVsZSI6IncrQ0FJUUlDSUZVM0JoYVc0In0=,806
eyJqb2JfdGl0bGUiOiJUw4lDTklDTy9BIElOU1RBTEFDScOTTiBZIE1BTlRFTklNSUVOVE8iLCJjb21wYW55X25hbWUiOiJBeWFuZXQiLCJhZGRyZXNzX2NpdHkiOiJaYXJhZ296YSwgU3BhaW4iLCJodGlkb2NpZCI6IjRPMmxGNVVFX3ZPcE9uYVVBQUFBQUE9PSIsInV1bGUiOiJ3K0NBSVFJQ0lGVTNCaGFXNCJ9,542
eyJqb2JfdGl0bGUiOiJUw6ljbmljbyBkZSBNYW50ZW5pbWllbnRvIiwiY29tcGFueV9uYW1lIjoiTWNEb25hbGQncyBHYW5kw61hIiwiYWRkcmVzc19jaXR5IjoiR2FuZGlhLCBTcGFpbiIsImh0aWRvY2lkIjoiR0JhQ082MXpJMF9hSTR1bUFBQUFBQT09IiwidXVsZSI6IncrQ0FJUUlDSUZVM0JoYVc0In0=,579
eyJqb2JfdGl0bGUiOiJUw6ljbmljby9hIFN1cGVyaW9yIGVuIE1hbnRlbmltaWVudG8gRWxlY3Ryw7NuaWNvIiwiY29tcGFueV9uYW1lIjoiVGhhbGVzIiwiYWRkcmVzc19jaXR5IjoiTWFkcmlkLCBTcGFpbiIsImh0aWRvY2lkIjoiMmM1UXIyMjNxa0JIQVRNX0FBQUFBQT09IiwidXVsZSI6IncrQ0FJUUlDSUZVM0JoYVc0In0=,98
eyJqb2JfdGl0bGUiOiJUw4lDTklDTyBERSBNQU5URU5JTUlFTlRPIElORFVTVFJJQUwiLCJjb21wYW55X25hbWUiOiJRdUVTVCBHbG9iYWwiLCJhZGRyZXNzX2NpdHkiOiJWYWxsYWRvbGlkLCBTcGFpbiIsImh0aWRvY2lkIjoiYVl1RGdZZmgzOW1tbkJOU0FBQUFBQT09IiwidXVsZSI6IncrQ0FJUUlDSUZVM0JoYVc0In0=,806
eyJqb2JfdGl0bGUiOiJUw6ljbmljbyBkZSBCYXNlIGRlIERhdG9zIChEQkEpIHkgQ29vcmRpbmFkb3IgZGVsIEVxdWlwbyBUw6ljbmljbyIsImNvbXBhbnlfbmFtZSI6IiNBdHRpdHR1ZFRhbGVudCBBdHJhZXIgeSBEZXNhcnJvbGxhciBlbCBUYWxlbnRvIiwiYWRkcmVzc19jaXR5IjoiQmFyY2Vsb25hLCBTcGFpbiIsImh0aWRvY2lkIjoiRkNHX3NabFdSMFgyX0VSS0FBQUFBQT09IiwidXVsZSI6IncrQ0FJUUlDSUZVM0JoYVc0In0=,274
eyJqb2JfdGl0bGUiOiJUw6ljbmljbyBtaWdyYWNpw7NuIGJhc2UgZGUgZGF0b3MiLCJjb21wYW55X25hbWUiOiJaYWlkYW4gSXQgQ29uc3VsdGluZyIsImFkZHJlc3NfY2l0eSI6IkJhcmNlbG9uYSwgU3BhaW4iLCJodGlkb2NpZCI6InUwdTY0X0pxemVFX3g3Q2NBQUFBQUE9PSIsInV1bGUiOiJ3K0NBSVFJQ0lGVTNCaGFXNCJ9,202
eyJqb2JfdGl0bGUiOiJEZXNhcnJvbGxhZG9yIFBIUC9hbmFsaXN0YSBkZSBkYXRvcyIsImNvbXBhbnlfbmFtZSI6Ik3DqXRyaWNhIENvbnN1bHRpbmciLCJhZGRyZXNzX2NpdHkiOiJTcGFpbiIsImh0aWRvY2lkIjoiajgzY2lEaG5UN00zUmVDbUFBQUFBQT09IiwidXVsZSI6IncrQ0FJUUlDSUZVM0JoYVc0In0=,206
eyJqb2JfdGl0bGUiOiJBbmFsaXN0YSBkZSBkYXRvcyBqdW5pb3IiLCJjb21wYW55X25hbWUiOiJESUdJIEVzcGHDsWEiLCJhZGRyZXNzX2NpdHkiOiJNYWRyaWQsIFNwYWluIiwiaHRpZG9jaWQiOiJWa2NNNGlObDFsTXVjVHd1QUFBQUFBPT0iLCJ1dWxlIjoidytDQUlRSUNJRlUzQmhhVzQifQ==,856
eyJqb2JfdGl0bGUiOiJQcm9ncmFtYWRvciBQeXRob24gUHlTcGFyay4gUmVtb3RvIDEwMCIsImNvbXBhbnlfbmFtZSI6IlF1ZW50YWwiLCJhZGRyZXNzX2NpdHkiOiJNYWRyaWQsIFNwYWluIiwiaHRpZG9jaWQiOiJqOUppVjBYY2NiOGdnblg2QUFBQUFBPT0iLCJ1dWxlIjoidytDQUlRSUNJRlUzQmhhVzQifQ==,221
eyJqb2JfdGl0bGUiOiJJTkdFTklFUk8vQSBERSBDQ1RWIChJbmdlbmllcm8vYSBlc3BlY2lhbGlzdGEgZW4gZGlzZcOxbyBkZSBzaXN0ZW1hcyBlIGluc3RhbGFjaW9uZXMpIiwiY29tcGFueV9uYW1lIjoiTEhIIiwiYWRkcmVzc19jaXR5IjoiU2FuIEZlcm5hbmRvIGRlIEhlbmFyZXMsIFNwYWluIiwiaHRpZG9jaWQiOiJCekxIWk1lb3pOT25ZdDRKQUFBQUFBPT0iLCJ1dWxlIjoidytDQUlRSUNJRlUzQmhhVzQifQ==,1006
eyJqb2JfdGl0bGUiOiJJbmdlbmllcm8gaW5kdXN0cmlhbCBqdW5pb3IiLCJjb21wYW55X25hbWUiOiJBQiBTZWd1cmlkYWQiLCJhZGRyZXNzX2NpdHkiOiJCYXJjZWxvbmEsIFNwYWluIiwiaHRpZG9jaWQiOiJMWm5TcmlSdzJ6Q0o3cGhwQUFBQUFBPT0iLCJ1dWxlIjoidytDQUlRSUNJRlUzQmhhVzQifQ==,931
eyJqb2JfdGl0bGUiOiJJbmdlbmllcm8vYSBTaXN0ZW1hcyBTZWd1cmlkYWQiLCJjb21wYW55X25hbWUiOiJTYWZlZ3VhcmQgR2xvYmFsIFN0YWZmIExlYXNpbmcgU3BhaW4iLCJhZGRyZXNzX2NpdHkiOiJTcGFpbiIsImh0aWRvY2lkIjoiSEVLQW5VMmxHekN4d0tWSUFBQUFBQT09IiwidXVsZSI6IncrQ0FJUUlDSUZVM0JoYVc0In0=,411
eyJqb2JfdGl0bGUiOiJUw6ljbmljbyBkZSBFbnNheW9zIGVuIExhYm9yYXRvcmlvIGRlIFNpc3RlbWFzIGRlIFNlZ3VyaWRhZCAtIEluZ2VuaWVyby9hIEVsZWN0csOzbmljby9hIiwiY29tcGFueV9uYW1lIjoiSVNQUk9YIiwiYWRkcmVzc19jaXR5IjoiTWFkcmlkLCBTcGFpbiIsImh0aWRvY2lkIjoid09hUG40a0hSN3dTeTMyekFBQUFBQT09IiwidXVsZSI6IncrQ0FJUUlDSUZVM0JoYVc0In0=,128
eyJqb2JfdGl0bGUiOiJBc2Vzb3IvYSBjb21lcmNpYWwgc2lzdGVtYXMgZGUgc2VndXJpZGFkIiwiY29tcGFueV9uYW1lIjoiRW1wcmVzYXMgSU1BTiIsImFkZHJlc3NfY2l0eSI6Ik1hZHJpZCwgU3BhaW4iLCJodGlkb2NpZCI6IkZvbU9DRTNkYV9XRllmVE9BQUFBQUE9PSIsInV1bGUiOiJ3K0NBSVFJQ0lGVTNCaGFXNCJ9,1110
eyJqb2JfdGl0bGUiOiJQZXJmaWw6IFTDqWNuaWNvIFNlcnZpY2UgRGVzayAtIE1hbnRlbmltaWVudG8gaW5mb3Jtw6F0aWNvIHJlbW90byIsImNvbXBhbnlfbmFtZSI6IkNJU0VUIiwiYWRkcmVzc19jaXR5IjoiTWFkcmlkLCBTcGFpbiIsImh0aWRvY2lkIjoiWGFqa0FlWjVyTXhpdll1eEFBQUFBQT09IiwidXVsZSI6IncrQ0FJUUlDSUZVM0JoYVc0In0=,856
eyJqb2JfdGl0bGUiOiJUw6ljbmljbyBNU1AgZGUgTWFudGVuaW1pZW50byBpbmZvcm3DoXRpY28iLCJjb21wYW55X25hbWUiOiJHYWxkaXRlY25vIiwiYWRkcmVzc19jaXR5IjoiVmlnbywgTXVuaWNpcGFsaXR5IG9mIFZpZ28sIFNwYWluIiwiaHRpZG9jaWQiOiIwYjVBd0oxQmNLVUlsenNoQUFBQUFBPT0iLCJ1dWxlIjoidytDQUlRSUNJRlUzQmhhVzQifQ==,152
eyJqb2JfdGl0bGUiOiJUw6ljbmljby9hIGRlIE5ldHdvcmtpbmcgTEFOIChSZW1vdG8pIiwiY29tcGFueV9uYW1lIjoiQWxjb3JjZSBUZWxlY29tdW5pY2FjaW9uZXMgUy5MLiIsImFkZHJlc3NfY2l0eSI6Ik1hZHJpZCwgU3BhaW4iLCJodGlkb2NpZCI6IkFjUlVpTkgyWUtydnhUWFRBQUFBQUE9PSIsInV1bGUiOiJ3K0NBSVFJQ0lGVTNCaGFXNCJ9,500
eyJqb2JfdGl0bGUiOiJUw6ljbmljbyBkZSByZWRlcyB5IGNvbXVuaWNhY2lvbmVzIiwiY29tcGFueV9uYW1lIjoiRUROT04iLCJhZGRyZXNzX2NpdHkiOiJNYWRyaWQsIFNwYWluIiwiaHRpZG9jaWQiOiI4VUdrZjhjU0pJQ0M3cERBQUFBQUFBPT0iLCJ1dWxlIjoidytDQUlRSUNJRlUzQmhhVzQifQ==,500
eyJqb2JfdGl0bGUiOiJUw6ljbmljby9hIE4yIFJlZGVzIFR4IFRlbGVjb211bmljYWNpb25lcyIsImNvbXBhbnlfbmFtZSI6IkpvYnMgdmlhIGVGaW5hbmNpYWxDYXJlZXJzIiwiYWRkcmVzc19jaXR5IjoiTWFkcmlkLCBTcGFpbiIsImh0aWRvY2lkIjoiMEFpN1I5WmNOMW5HYnZwbEFBQUFBQT09IiwidXVsZSI6IncrQ0FJUUlDSUZVM0JoYVc0In0=,893
eyJqb2JfdGl0bGUiOiJFc3BlY2lhbGlzdGEgZW4gU29wb3J0ZSBUw6ljbmljbyB5IFJlZGVzIGRlIENvbXVuaWNhY2nDs24iLCJjb21wYW55X25hbWUiOiJJbmZvcm1hdGljYSBBc3Ryb24gTXVsdGltZWRpYSIsImFkZHJlc3NfY2l0eSI6IkplcmV6IGRlIGxhIEZyb250ZXJhLCBTcGFpbiIsImh0aWRvY2lkIjoiN0NnRERUcE0xa0x0VGZjNkFBQUFBQT09IiwidXVsZSI6IncrQ0FJUUlDSUZVM0JoYVc0In0=,775
eyJqb2JfdGl0bGUiOiJUw6ljbmljbyBkZSBzZWd1cmlkYWQgeSBjb211bmljYWNpb25lcyIsImNvbXBhbnlfbmFtZSI6IlBhZ2UgUGVyc29ubmVsIiwiYWRkcmVzc19jaXR5IjoiTWFkcmlkLCBTcGFpbiIsImh0aWRvY2lkIjoiREhyY0dZVHlxUnNRZUN4VUFBQUFBQT09IiwidXVsZSI6IncrQ0FJUUlDSUZVM0JoYVc0In0=,578
eyJqb2JfdGl0bGUiOiJUw6ljbmljbyBkZSBTaXN0ZW1hcyB5IFJlZGVzIiwiY29tcGFueV9uYW1lIjoiVW5pdmVyc2lkYWQgQW50b25pbyBkZSBOZWJyaWphIiwiYWRkcmVzc19jaXR5IjoiTWFkcmlkLCBTcGFpbiIsImh0aWRvY2lkIjoiTDVKUF9mbXpva0JCTGt0ZkFBQUFBQT09IiwidXVsZSI6IncrQ0FJUUlDSUZVM0JoYVc0In0=,856
eyJqb2JfdGl0bGUiOiJUw6ljbmljby9hIFNpc3RlbWFzIChJdGFsaWFuby9Jbmdsw6lzIEZsdWlkbykiLCJjb21wYW55X25hbWUiOiJNaWNoYWVsIFBhZ2UiLCJhZGRyZXNzX2NpdHkiOiJWYWxlbmNpYSwgU3BhaW4iLCJodGlkb2NpZCI6Ikh6VTVrZFBxT0xMbmo4UWhBQUFBQUE9PSIsInV1bGUiOiJ3K0NBSVFJQ0lGVTNCaGFXNCJ9,856
eyJqb2JfdGl0bGUiOiJDb25zdWx0b3IvQSBHcmMgRW4gQ2liZXJzZWd1cmlkYWQgLSBBc3R1cmlhcyIsImNvbXBhbnlfbmFtZSI6IkdPVkVSVElTIiwiYWRkcmVzc19jaXR5IjoiTXVyY2lhLCBTcGFpbiIsImh0aWRvY2lkIjoiejdHSEgzcnE3S05XWENVbEFBQUFBQT09IiwidXVsZSI6IncrQ0FJUUlDSUZVM0JoYVc0In0=,579
eyJqb2JfdGl0bGUiOiJDb25zdWx0b3IvQSBHcmMgWSBTb3ggRW4gQ2liZXJzZWd1cmlkYWQgLSBNYWRyaWQiLCJjb21wYW55X25hbWUiOiJHT1ZFUlRJUyIsImFkZHJlc3NfY2l0eSI6IlphcmFnb3phLCBTcGFpbiIsImh0aWRvY2lkIjoicWc5cDhqZnc2V09xQ3RGV0FBQUFBQT09IiwidXVsZSI6IncrQ0FJUUlDSUZVM0JoYVc0In0=,579
eyJqb2JfdGl0bGUiOiLWjiBDb25zdWx0b3IgZGUgU2VndXJpZGFkIChJQSkg4bS54bS2IiwiY29tcGFueV9uYW1lIjoiUHJvY2VzaWEiLCJhZGRyZXNzX2NpdHkiOiJNYWRyaWQsIFNwYWluIiwiaHRpZG9jaWQiOiJzaWhvMVVydGNaMGFFUEp1QUFBQUFBPT0iLCJ1dWxlIjoidytDQUlRSUNJRlUzQmhhVzQifQ==,128
eyJqb2JfdGl0bGUiOiJDb25zdWx0b3IvYSBDaWJlcnNlZ3VyaWRhZC4gUmVtb3RvIiwiY29tcGFueV9uYW1lIjoiSW5mb3JnZXMiLCJhZGRyZXNzX2NpdHkiOiJNdXJjaWEsIFNwYWluIiwiaHRpZG9jaWQiOiJXVHBCdzdsREdlakdPMk1TQUFBQUFBPT0iLCJ1dWxlIjoidytDQUlRSUNJRlUzQmhhVzQifQ==,841
eyJqb2JfdGl0bGUiOiJDb25zdWx0b3IgRGUgUmllc2dvIEl0LCBDaWJlcnNlZ3VyaWRhZCwgR29iaWVybm8iLCJjb21wYW55X25hbWUiOiJTYW5kYXYiLCJhZGRyZXNzX2NpdHkiOiJNYWRyaWQsIFNwYWluIiwiaHRpZG9jaWQiOiJUOGlFUVBKM1ZlLWFLY1ZlQUFBQUFBPT0iLCJ1dWxlIjoidytDQUlRSUNJRlUzQmhhVzQifQ==,579
eyJqb2JfdGl0bGUiOiJDb25zdWx0b3JhIERlIFNlZ3VyaWRhZCBZIE5vcm1hdGl2YSIsImNvbXBhbnlfbmFtZSI6IkhoIEh1bnRlcnMiLCJhZGRyZXNzX2NpdHkiOiJTYW4gRmVybmFuZG8gZGUgSGVuYXJlcywgU3BhaW4iLCJodGlkb2NpZCI6Ikp1cHdOLXE1UlpvM05ib19BQUFBQUE9PSIsInV1bGUiOiJ3K0NBSVFJQ0lGVTNCaGFXNCJ9,32
eyJqb2JfdGl0bGUiOiJFc3BlY2lhbGlzdGEgZW4gR29vZ2xlIEFkcyBMYXRpbm9hbcOpcmljYSIsImNvbXBhbnlfbmFtZSI6IlB1YmxpcGVnYS5jb20iLCJhZGRyZXNzX2NpdHkiOiJMYSBPcm90YXZhLCBTcGFpbiIsImh0aWRvY2lkIjoibmk4T3hPbEFvMExlM0sydkFBQUFBQT09IiwidXVsZSI6IncrQ0FJUUlDSUZVM0JoYVc0In0=,841
eyJqb2JfdGl0bGUiOiJTZW5pb3IgRGlnaXRhbCBBbmFseXRpY3Mgd2ViICsgYXBwIiwiY29tcGFueV9uYW1lIjoiRmxhdCAxMDEiLCJhZGRyZXNzX2NpdHkiOiJNYWRyaWQsIFNwYWluIiwiaHRpZG9jaWQiOiJBR2wzQzNEZURYQ0ZnZTVSQUFBQUFBPT0iLCJ1dWxlIjoidytDQUlRSUNJRlUzQmhhVzQifQ==,366
eyJqb2JfdGl0bGUiOiJFc3BlY2lhbGlzdGEgUGFpZCBNZWRpYSIsImNvbXBhbnlfbmFtZSI6IlB1YmxpcGVnYS5jb20iLCJhZGRyZXNzX2NpdHkiOiJNYWRyaWQsIFNwYWluIiwiaHRpZG9jaWQiOiI2UkY3V2l4V1BrSm9kN3kxQUFBQUFBPT0iLCJ1dWxlIjoidytDQUlRSUNJRlUzQmhhVzQifQ==,1133
eyJqb2JfdGl0bGUiOiJGRjc2NiB8IFNFIEJVU0NBIEVYUEVSVE8gRU4gRkIgWSBHT09HTEUgQURTIENPTi4uLiAtIEZSRUVMQU5DRSBKT0IgSU4gQURWRVJUSVNJTkcgT04gR09PR0xFLCBGQS4uLiIsImNvbXBhbnlfbmFtZSI6IkltcG9ydGFudGUgZW1wcmVzYSBkZWwgc2VjdG9yIiwiYWRkcmVzc19jaXR5IjoiU3BhaW4iLCJodGlkb2NpZCI6Im1LZjlhX3pTZGVMOG9IeWpBQUFBQUE9PSIsInV1bGUiOiJ3K0NBSVFJQ0lGVTNCaGFXNCJ9,590
eyJqb2JfdGl0bGUiOiJFc3BlY2lhbGlzdGEgZW4gSW5zdGFsYWNpw7NuIHkgTWFudGVuaW1pZW50byBkZSBTaXN0ZW1hcyBkZSBTZWd1cmlkYWQiLCJjb21wYW55X25hbWUiOiJJbnN0YWx2aWEgVGVsZWNvbXVuaWNhY2lvbmVzIFMuTC4iLCJhZGRyZXNzX2NpdHkiOiJQYWxtYSwgU3BhaW4iLCJodGlkb2NpZCI6Ik5yc1pOUXBwQlFDcGN4cjhBQUFBQUE9PSIsInV1bGUiOiJ3K0NBSVFJQ0lGVTNCaGFXNCJ9,128
eyJqb2JfdGl0bGUiOiJJbmdlbmllcm8vYSBkZSBUZWxlY29tdW5pY2FjaW9uZXMuIFNlY3RvciBGZXJyb3ZpYXJpbyIsImNvbXBhbnlfbmFtZSI6IkV4Y2VsdGljIiwiYWRkcmVzc19jaXR5IjoiTWFkcmlkLCBTcGFpbiIsImh0aWRvY2lkIjoiZzBITXVETVpTU3h6a1VFcUFBQUFBQT09IiwidXVsZSI6IncrQ0FJUUlDSUZVM0JoYVc0In0=,574
eyJqb2JfdGl0bGUiOiJUw6ljbmljbyB0ZWxlY29tdW5pY2FjaW9uZXMgSStNIiwiY29tcGFueV9uYW1lIjoiUml2b3RlYyIsImFkZHJlc3NfY2l0eSI6IkNoYW50YWRhLCBTcGFpbiIsImh0aWRvY2lkIjoiU3N6VC1sYUpnejNqRHNISEFBQUFBQT09IiwidXVsZSI6IncrQ0FJUUlDSUZVM0JoYVc0In0=,579
eyJqb2JfdGl0bGUiOiJJbmdlbmllcm8gZW4gVGVsZWNvbXVuaWNhY2lvbmVzIiwiY29tcGFueV9uYW1lIjoiQmVsbW9udGUgR3JvdXAiLCJhZGRyZXNzX2NpdHkiOiJCYXJjZWxvbmEsIFNwYWluIiwiaHRpZG9jaWQiOiJxQVV2Vm9NeTZ2X2szakFPQUFBQUFBPT0iLCJ1dWxlIjoidytDQUlRSUNJRlUzQmhhVzQifQ==,128
eyJqb2JfdGl0bGUiOiJJbmdlbmllcm8vYSBUZWxlY29tdW5pY2FjaW9uZXMiLCJjb21wYW55X25hbWUiOiJMaW5lYSBEaXJlY3RhIEFzZWd1cmFkb3JhIiwiYWRkcmVzc19jaXR5IjoiTWFkcmlkLCBTcGFpbiIsImh0aWRvY2lkIjoibFJvVmdxUVo3cTJkTHkzSkFBQUFBQT09IiwidXVsZSI6IncrQ0FJUUlDSUZVM0JoYVc0In0=,500
eyJqb2JfdGl0bGUiOiJUZWNuaWNvIGRlIFRlbGVjb211bmljYWNpb25lcyIsImNvbXBhbnlfbmFtZSI6IlNFR1lURUwiLCJhZGRyZXNzX2NpdHkiOiJNYWRyaWQsIFNwYWluIiwiaHRpZG9jaWQiOiJCenZ0VUM5eUJrOE50WXl6QUFBQUFBPT0iLCJ1dWxlIjoidytDQUlRSUNJRlUzQmhhVzQifQ==,853
eyJqb2JfdGl0bGUiOiJJbmdlbmllcm8vYSBkZSBDb211bmljYWNpb25lcyBUw6FjdGljYXMiLCJjb21wYW55X25hbWUiOiJTdGFydCBQZW9wbGUiLCJhZGRyZXNzX2NpdHkiOiJNYWRyaWQsIFNwYWluIiwiaHRpZG9jaWQiOiJxeTA4aVBjZzJVVXhFOGVGQUFBQUFBPT0iLCJ1dWxlIjoidytDQUlRSUNJRlUzQmhhVzQifQ==,128
eyJqb2JfdGl0bGUiOiJQZXJzb25hbCBPZmljaW5hIFTDqWNuaWNhIC0gw6FyZWEgaW5zdGFsYWNpb25lcyBkZSB0ZWxlY29tdW5pY2FjaW9uZXMgeSBhdWRpb3Zpc3VhbGVzIiwiY29tcGFueV9uYW1lIjoiYmVzaWRlIFRhbGVudCIsImFkZHJlc3NfY2l0eSI6IlBhbG1hLCBTcGFpbiIsImh0aWRvY2lkIjoiamNXQjhEalZOS1NvM3NWc0FBQUFBQT09IiwidXVsZSI6IncrQ0FJUUlDSUZVM0JoYVc0In0=,411
eyJqb2JfdGl0bGUiOiJJbmdlbmllcm8vYSBkZSBTaXN0ZW1hcyBvIFRlbGVjb211bmljYWNpb25lcyAtIElubm92YWNpw7NuIGVuIEluZnJhZXN0cnVjdHVyYSB5IENsb3VkIiwiY29tcGFueV9uYW1lIjoiRXhjZWx0aWMiLCJhZGRyZXNzX2NpdHkiOiJTcGFpbiIsImh0aWRvY2lkIjoiS2RuZWxxUEpzTEMzdmlVVUFBQUFBQT09IiwidXVsZSI6IncrQ0FJUUlDSUZVM0JoYVc0In0=,1045
eyJqb2JfdGl0bGUiOiJUZWNobmljYWwgTmV0d29ya2luZyBFbmdpbmVlciIsImNvbXBhbnlfbmFtZSI6IlRlbGRhdCIsImFkZHJlc3NfY2l0eSI6IlRyZXMgQ2FudG9zLCBTcGFpbiIsImh0aWRvY2lkIjoiRENMRnFVdGRFSG9ZQkJHUUFBQUFBQT09IiwidXVsZSI6IncrQ0FJUUlDSUZVM0JoYVc0In0=,841
eyJqb2JfdGl0bGUiOiJEaXNlw7FvIGRlIFNpc3RlbWFzIEZ1bmNpb25hbGVzIHNlY3RvciBFc3BhY2lvIiwiY29tcGFueV9uYW1lIjoiSm9ib3NzIiwiYWRkcmVzc19jaXR5IjoiTWFkcmlkLCBTcGFpbiIsImh0aWRvY2lkIjoic2Z5clZQNmdfU2p5RXppU0FBQUFBQT09IiwidXVsZSI6IncrQ0FJUUlDSUZVM0JoYVc0In0=,128
eyJqb2JfdGl0bGUiOiJGb3JtYWRvci9hIFTDqWNuaWNvIEVzcGVjaWFsaXN0YSBlbiBEZXNhcnJvbGxvIGRlIFNvZnR3YXJlIChzaGUvaGUvdGhleSkiLCJjb21wYW55X25hbWUiOiJOVFQgREFUQSBFdXJvcGUgXHUwMDI2IExhdGFtIiwiYWRkcmVzc19jaXR5IjoiTWFkcmlkLCBTcGFpbiIsImh0aWRvY2lkIjoic3FJblNKeUJOT3liRjhMWEFBQUFBQT09IiwidXVsZSI6IncrQ0FJUUlDSUZVM0JoYVc0In0=,521
eyJqb2JfdGl0bGUiOiJJbmdlbmllcm8vYSBkZSBzaXN0ZW1hcy9wcm9kdWN0byBwYXJhIGVsIGRpc2XDsW8geSBlc3BlY2lmaWNhY2nDs24gZGVsIFNpc3RlbWEgZGUgUmFkaW8gdMOhY3RpY2EiLCJjb21wYW55X25hbWUiOiJJbmRyYSIsImFkZHJlc3NfY2l0eSI6Ik1hZHJpZCwgU3BhaW4iLCJodGlkb2NpZCI6Im03WThnenRDYnY4czJTZUhBQUFBQUE9PSIsInV1bGUiOiJ3K0NBSVFJQ0lGVTNCaGFXNCJ9,1157
eyJqb2JfdGl0bGUiOiJJbmdlbmllcm8gZGUgY2liZXJzZWd1cmlkYWQiLCJjb21wYW55X25hbWUiOiJKb2Jvc3MiLCJhZGRyZXNzX2NpdHkiOiJTYW4gRmVybmFuZG8gZGUgSGVuYXJlcywgU3BhaW4iLCJodGlkb2NpZCI6InR1c0lRMDVVVXByc0VMbkZBQUFBQUE9PSIsInV1bGUiOiJ3K0NBSVFJQ0lGVTNCaGFXNCJ9,32
eyJqb2JfdGl0bGUiOiJJbmdlbmllcm8gZGUgUmVkIG8gSW5nZW5pZXJvIGRlIENpYmVyc2VndXJpZGFkIiwiY29tcGFueV9uYW1lIjoiYnJpdGVsIMOxYW0iLCJhZGRyZXNzX2NpdHkiOiJNYWRyaWQsIFNwYWluIiwiaHRpZG9jaWQiOiJweDJFV3R1bVJJR0lYRmRyQUFBQUFBPT0iLCJ1dWxlIjoidytDQUlRSUNJRlUzQmhhVzQifQ==,579
eyJqb2JfdGl0bGUiOiJJbmdlbmllcm8gY2liZXJzZWd1cmlkYWQiLCJjb21wYW55X25hbWUiOiJIYXlzIiwiYWRkcmVzc19jaXR5IjoiQmFyY2Vsb25hLCBTcGFpbiIsImh0aWRvY2lkIjoic0VIWkE1aEdZbUYzWXFfREFBQUFBQT09IiwidXVsZSI6IncrQ0FJUUlDSUZVM0JoYVc0In0=,113
eyJqb2JfdGl0bGUiOiJJbmdlbmllcm8vYSBkZSBDaWJlcnNlZ3VyaWRhZCAoMjAyNC1UMDAyMTUpIDUiLCJjb21wYW55X25hbWUiOiJJc2RlZmUiLCJhZGRyZXNzX2NpdHkiOiJNYWRyaWQsIFNwYWluIiwiaHRpZG9jaWQiOiJaNWhQSjZiVGF1MmxTdGx4QUFBQUFBPT0iLCJ1dWxlIjoidytDQUlRSUNJRlUzQmhhVzQifQ==,152
eyJqb2JfdGl0bGUiOiJJbmdlbmllcm8gUHl0aG9uIENpYmVyc2VndXJpZGFkIiwiY29tcGFueV9uYW1lIjoiWWVlcGx5IiwiYWRkcmVzc19jaXR5IjoiTWFkcmlkLCBTcGFpbiIsImh0aWRvY2lkIjoiMldFbF9qZ2NIVGM5eXh3TEFBQUFBQT09IiwidXVsZSI6IncrQ0FJUUlDSUZVM0JoYVc0In0=,221
eyJqb2JfdGl0bGUiOiJJbmdlbmllcm8ganVuaW9yIGRlIGNpYmVyc2VndXJpZGFkIiwiY29tcGFueV9uYW1lIjoiR212IiwiYWRkcmVzc19jaXR5IjoiTWFkcmlkLCBTcGFpbiIsImh0aWRvY2lkIjoiN1JTdEI5TkNVVjR5RjlKTEFBQUFBQT09IiwidXVsZSI6IncrQ0FJUUlDSUZVM0JoYVc0In0=,30
eyJqb2JfdGl0bGUiOiJJbmdlbmllcm8vQSBEZSBDaWJlcnNlZ3VyaWRhZCIsImNvbXBhbnlfbmFtZSI6IkFudGFsIEludGVybmF0aW9uYWwiLCJhZGRyZXNzX2NpdHkiOiJCYXJjZWxvbmEsIFNwYWluIiwiaHRpZG9jaWQiOiJWcU8ycWZ0aHZwbXVYWDVFQUFBQUFBPT0iLCJ1dWxlIjoidytDQUlRSUNJRlUzQmhhVzQifQ==,152
eyJqb2JfdGl0bGUiOiJJbmdlbmllcm8vYSBpbmZyYSBkZSBjaWJlcnNlZ3VyaWRhZCIsImNvbXBhbnlfbmFtZSI6IkdtdiIsImFkZHJlc3NfY2l0eSI6Ik1hZHJpZCwgU3BhaW4iLCJodGlkb2NpZCI6Ill1czdNMGY2dWJtaWpVLU1BQUFBQUE9PSIsInV1bGUiOiJ3K0NBSVFJQ0lGVTNCaGFXNCJ9,152
eyJqb2JfdGl0bGUiOiJJbmdlbmllcm8vYSBkZSBDaWJlcnNlZ3VyaWRhZCBPVCAoU0NBREEvUExDKSAoUmVtb3RvKSIsImNvbXBhbnlfbmFtZSI6IlJhd3NvbiBCUE8iLCJhZGRyZXNzX2NpdHkiOiJNYWRyaWQsIFNwYWluIiwiaHRpZG9jaWQiOiJyMjVIZkRSS3NoejJYNThlQUFBQUFBPT0iLCJ1dWxlIjoidytDQUlRSUNJRlUzQmhhVzQifQ==,447
eyJqb2JfdGl0bGUiOiJEZXZlbG9wZXIgQXBwIE5hdGl2YXMiLCJjb21wYW55X25hbWUiOiJTZ3RlY2giLCJhZGRyZXNzX2NpdHkiOiJNYWRyaWQsIFNwYWluIiwiaHRpZG9jaWQiOiJIMEprb09rTlpVOEJhTW1YQUFBQUFBPT0iLCJ1dWxlIjoidytDQUlRSUNJRlUzQmhhVzQifQ==,128
eyJqb2JfdGl0bGUiOiJFc3BlY2lhbGlzdGEgZW4gw4l4aXRvIGRlbCBDbGllbnRlIiwiY29tcGFueV9uYW1lIjoiS2V5IFRhbGVudCBJbmRpY2F0b3IiLCJhZGRyZXNzX2NpdHkiOiJMb2dyb8OxbywgU3BhaW4iLCJodGlkb2NpZCI6IjBkbVhKc1BrSzJ5cDBhMnpBQUFBQUE9PSIsInV1bGUiOiJ3K0NBSVFJQ0lGVTNCaGFXNCJ9,841
eyJqb2JfdGl0bGUiOiJFc3BlY2lhbGlzdGEgU2VuaW9yIGVuIERlc2Fycm9sbG8gZGUgTmVnb2Npb3MgVGVjbm9sw7NnaWNvcyIsImNvbXBhbnlfbmFtZSI6IlRFQ05BTElBIiwiYWRkcmVzc19jaXR5IjoiTWFkcmlkLCBTcGFpbiIsImh0aWRvY2lkIjoia0g5REV3OGtBMDJpaHJ3S0FBQUFBQT09IiwidXVsZSI6IncrQ0FJUUlDSUZVM0JoYVc0In0=,574
eyJqb2JfdGl0bGUiOiJQcm9qZWN0IE1hbmFnZXIgR2VzdGnDs24gVEkgLSBTZWN0b3IgU2VndXJvcyAtIEJDTiIsImNvbXBhbnlfbmFtZSI6IkJJUCIsImFkZHJlc3NfY2l0eSI6IkJhcmNlbG9uYSwgU3BhaW4iLCJodGlkb2NpZCI6Ik54WTE4UmlvQjVzcFFmZERBQUFBQUE9PSIsInV1bGUiOiJ3K0NBSVFJQ0lGVTNCaGFXNCJ9,251
eyJqb2JfdGl0bGUiOiIoSU0yMjgpIEdlc3Rvci9BIERlIFJpZXNnb3MgVGVjbm9sw7NnaWNvcyBPcGVyYWNpw7NuIFkiLCJjb21wYW55X25hbWUiOiJDYWl4YUJhbmsiLCJhZGRyZXNzX2NpdHkiOiJCYXJjZWxvbmEsIFNwYWluIiwiaHRpZG9jaWQiOiJTMC1tRFpJOWlxdFhlaHJPQUFBQUFBPT0iLCJ1dWxlIjoidytDQUlRSUNJRlUzQmhhVzQifQ==,216
eyJqb2JfdGl0bGUiOiJUw6ljbmljby9hIGRlIFNvcG9ydGUgSW5mb3Jtw6F0aWNvIEp1bmlvciIsImNvbXBhbnlfbmFtZSI6Ik1pbnNhaXQiLCJhZGRyZXNzX2NpdHkiOiJBbGNvYmVuZGFzLCBTcGFpbiIsImh0aWRvY2lkIjoiUGl0eFY1dUUzbGdHYjlFSUFBQUFBQT09IiwidXVsZSI6IncrQ0FJUUlDSUZVM0JoYVc0In0=,806
eyJqb2JfdGl0bGUiOiJEZXNhcnJvbGxhZG9yL2EgU29mdHdhcmUgQysrIChIL00vTikiLCJjb21wYW55X25hbWUiOiJCZXJ0cmFuZHQgR3JvdXAiLCJhZGRyZXNzX2NpdHkiOiJUb3JyZWrDs24gZGUgQXJkb3osIFNwYWluIiwiaHRpZG9jaWQiOiJDN3UzMTdDdF85VlZqTGo4QUFBQUFBPT0iLCJ1dWxlIjoidytDQUlRSUNJRlUzQmhhVzQifQ==,128
eyJqb2JfdGl0bGUiOiJEZXNhcnJvbGxhZG9yIHNvZnR3YXJlIGVtYmViaWRvIiwiY29tcGFueV9uYW1lIjoiSGF5cyIsImFkZHJlc3NfY2l0eSI6IlZhbGVuY2lhLCBTcGFpbiIsImh0aWRvY2lkIjoiTjQ2SVdwNFo3RG55SWpoQkFBQUFBQT09IiwidXVsZSI6IncrQ0FJUUlDSUZVM0JoYVc0In0=,152
eyJqb2JfdGl0bGUiOiJEZXNhcnJvbGxvIHNvZnR3YXJlIGp1bmlvciIsImNvbXBhbnlfbmFtZSI6IkluZHJhIFNpc3RlbWFzIiwiYWRkcmVzc19jaXR5IjoiTWFkcmlkLCBTcGFpbiIsImh0aWRvY2lkIjoiRi14V2JTZEpFRUlVcUluRUFBQUFBQT09IiwidXVsZSI6IncrQ0FJUUlDSUZVM0JoYVc0In0=,131
eyJqb2JfdGl0bGUiOiJFc3BlY2lhbGlzdGEgZW4gR2VzdGnDs24gQWRtaW5pc3RyYXRpdmEgeSBDb211bmljYWNpw7NuIHBhcmEgbGEgQWxpYW56YSBFVTREVUFMIiwiY29tcGFueV9uYW1lIjoiTW9uZHJhZ29uIFVuaWJlcnRzaXRhdGVhIiwiYWRkcmVzc19jaXR5IjoiQXJyYXNhdGUsIFNwYWluIiwiaHRpZG9jaWQiOiI5cklPdl90dll1cFVTNEZvQUFBQUFBPT0iLCJ1dWxlIjoidytDQUlRSUNJRlUzQmhhVzQifQ==,841
eyJqb2JfdGl0bGUiOiJFc3BlY2lhbGlzdGEgZW4gR2VzdGnDs24gZGUgU2lzdGVtYXMgSW5mb3Jtw6F0aWNvcyIsImNvbXBhbnlfbmFtZSI6InNnIHRlY2giLCJhZGRyZXNzX2NpdHkiOiJNYWRyaWQsIFNwYWluIiwiaHRpZG9jaWQiOiJndTZ2WTVfNko4eVM1UkNMQUFBQUFBPT0iLCJ1dWxlIjoidytDQUlRSUNJRlUzQmhhVzQifQ==,131
eyJqb2JfdGl0bGUiOiJEZXNhcnJvbGxhZG9yL2EgaU9TIiwiY29tcGFueV9uYW1lIjoiQmV0d2VlbiBUZWNobm9sb2d5IiwiYWRkcmVzc19jaXR5IjoiQmFyY2Vsb25hLCBTcGFpbiIsImh0aWRvY2lkIjoiTmUtUFI1TWRjZEhVbDVabEFBQUFBQT09IiwidXVsZSI6IncrQ0FJUUlDSUZVM0JoYVc0In0=,1015
eyJqb2JfdGl0bGUiOiJUw6ljbmljbyBTZWd1cmlkYWQgUGVyaW1ldHJhbCIsImNvbXBhbnlfbmFtZSI6IkFyZWxhbmNlIiwiYWRkcmVzc19jaXR5IjoiTWFkcmlkLCBTcGFpbiIsImh0aWRvY2lkIjoic2tjaFpycE9lbUFHZkdoSkFBQUFBQT09IiwidXVsZSI6IncrQ0FJUUlDSUZVM0JoYVc0In0=,500
eyJqb2JfdGl0bGUiOiJQcsOhY3RpY2FzIGRlIGNpYmVyc2VndXJpZGFkIC0gU09DIiwiY29tcGFueV9uYW1lIjoiSVRoaW5rVVBDIiwiYWRkcmVzc19jaXR5IjoiQmFyY2Vsb25hLCBTcGFpbiIsImh0aWRvY2lkIjoiLTU3YldHY3prS2hXdnI5dkFBQUFBQT09IiwidXVsZSI6IncrQ0FJUUlDSUZVM0JoYVc0In0=,1143
eyJqb2JfdGl0bGUiOiJFc3BlY2lhbGlzdGEgU2VndXJpZGFkIFJlZCBac2NhbGVyLiBSZW1vdG8gW0lQTDA5OF0iLCJjb21wYW55X25hbWUiOiJHcnVwbyBOUyIsImFkZHJlc3NfY2l0eSI6Ik1hZHJpZCwgU3BhaW4iLCJodGlkb2NpZCI6IjlhM1NTaFlSbU1GcWFtSjdBQUFBQUE9PSIsInV1bGUiOiJ3K0NBSVFJQ0lGVTNCaGFXNCJ9,500
eyJqb2JfdGl0bGUiOiJEZXNhcnJvbGxhZG9yL2EgZGUgLk5FVCIsImNvbXBhbnlfbmFtZSI6IlBsZXh1cyBUZWNoIiwiYWRkcmVzc19jaXR5IjoiU2FudGlhZ28gZGUgQ29tcG9zdGVsYSwgTXVuaWNpcGFsaXR5IG9mIFNhbnRpYWdvIGRlIENvbXBvc3RlbGEsIFNwYWluIiwiaHRpZG9jaWQiOiI5V1dYRkVoQzc5ai1wTXJhQUFBQUFBPT0iLCJ1dWxlIjoidytDQUlRSUNJRlUzQmhhVzQifQ==,1
eyJqb2JfdGl0bGUiOiJTRUxFQ0lPTkFNT1MgUFJPRkVTSU9OQUwgUEFSQSBERVNBUlJPTExPIiwiY29tcGFueV9uYW1lIjoiSnVhbiBjYXJsb3MiLCJhZGRyZXNzX2NpdHkiOiJNdXJjaWEsIFNwYWluIiwiaHRpZG9jaWQiOiJKdmE5WEFIZ3hiZzY4dmVYQUFBQUFBPT0iLCJ1dWxlIjoidytDQUlRSUNJRlUzQmhhVzQifQ==,616
eyJqb2JfdGl0bGUiOiJDb25zdWx0b3IvYSBDb21lcmNpYWwgRGVzYXJyb2xsbyBkZSBBcGxpY2FjaW9uZXMgYSBtZWRpZGEiLCJjb21wYW55X25hbWUiOiJOdW5zeXMiLCJhZGRyZXNzX2NpdHkiOiJDb21tdW5pdHkgb2YgTWFkcmlkLCBTcGFpbiIsImh0aWRvY2lkIjoiMEl5MkpKV2VvWnRid3pUWEFBQUFBQT09IiwidXVsZSI6IncrQ0FJUUlDSUZVM0JoYVc0In0=,775
eyJqb2JfdGl0bGUiOiJDaVMuRGVzYXJyb2xsYWRvciBGdWxsU3RhY2sgSmF2YS9Bbmd1bGFyIChJQU0pIEgvTSIsImNvbXBhbnlfbmFtZSI6IkluZXR1bSIsImFkZHJlc3NfY2l0eSI6IlNwYWluIiwiaHRpZG9jaWQiOiJ6dl9OOHdLM05GRjZDREZtQUFBQUFBPT0iLCJ1dWxlIjoidytDQUlRSUNJRlUzQmhhVzQifQ==,131
eyJqb2JfdGl0bGUiOiJERVNBUlJPTExBRE9SL0EgWSBQUk9HUkFNQURPUi9BIEZMVVRURVIiLCJjb21wYW55X25hbWUiOiJGYW1hcnljb29sIiwiYWRkcmVzc19jaXR5IjoiQWxpY2FudGUsIFNwYWluIiwiaHRpZG9jaWQiOiJOVDRVeU4ycUFFVU9sT1dwQUFBQUFBPT0iLCJ1dWxlIjoidytDQUlRSUNJRlUzQmhhVzQifQ==,274
eyJqb2JfdGl0bGUiOiJSZXBhcmFjacOzbiBvcmRlbmFkb3JlcyIsImNvbXBhbnlfbmFtZSI6IlNhdCIsImFkZHJlc3NfY2l0eSI6IkxhcyBQYWxtYXMgZGUgR3JhbiBDYW5hcmlhLCBTcGFpbiIsImh0aWRvY2lkIjoibllYWE50dm53YmQzeDhMNkFBQUFBQT09IiwidXVsZSI6IncrQ0FJUUlDSUZVM0JoYVc0In0=,152
eyJqb2JfdGl0bGUiOiJFc3BlY2lhbGlzdGEgZW4gSW50ZWxpZ2VuY2lhIEFydGlmaWNpYWwgY29uIFB5dGhvbiIsImNvbXBhbnlfbmFtZSI6IkJ1cmVhdSBWZXJpdGFzIFN3aXR6ZXJsYW5kIEFHIiwiYWRkcmVzc19jaXR5IjoiTWFkcmlkLCBTcGFpbiIsImh0aWRvY2lkIjoia1FSelNIOHc0MnppbFNSLUFBQUFBQT09IiwidXVsZSI6IncrQ0FJUUlDSUZVM0JoYVc0In0=,221
eyJqb2JfdGl0bGUiOiJFc3BlY2lhbGlzdGEgZW4gSW5nZW5pZXLDrWEgZGUgRGF0b3MuIEVtcHJlc2E6IFRyYWNhc2EgSW5zdHJ1bWVudGFsLiIsImNvbXBhbnlfbmFtZSI6IlRyYWNhc2EiLCJhZGRyZXNzX2NpdHkiOiJQYW1wbG9uYSwgU3BhaW4iLCJodGlkb2NpZCI6ImFmU2dLTGxVSGhYUTk5NThBQUFBQUE9PSIsInV1bGUiOiJ3K0NBSVFJQ0lGVTNCaGFXNCJ9,98
eyJqb2JfdGl0bGUiOiJJbmdlbmllcm8vYSBFc3BlY2lhbGlzdGEgcGFyYSBDb29yZGluYWNpw7NuIGRlIE1vZGVsbyBlbiBTaXN0ZW1hcyBNZWPDoW5pY29zIiwiY29tcGFueV9uYW1lIjoiTmF2YW50aWEsIFMuQS4sIFMuTS5FIiwiYWRkcmVzc19jaXR5IjoiUHVlcnRvIFJlYWwsIFNwYWluIiwiaHRpZG9jaWQiOiJTVThUVWU2MS15OFlJbm5TQUFBQUFBPT0iLCJ1dWxlIjoidytDQUlRSUNJRlUzQmhhVzQifQ==,128
eyJqb2JfdGl0bGUiOiJJbmdlbmllcm8vYSBFc3BlY2lhbGlzdGEgUGF0b2xvZ8OtYSBEaWdpdGFsIiwiY29tcGFueV9uYW1lIjoiUGFsZXggTWVkaWNhbCIsImFkZHJlc3NfY2l0eSI6IlNwYWluIiwiaHRpZG9jaWQiOiJBT2tZMm1rd0RVUHdUbXhhQUFBQUFBPT0iLCJ1dWxlIjoidytDQUlRSUNJRlUzQmhhVzQifQ==,841
eyJqb2JfdGl0bGUiOiJJTkdFTklFUk8vQSBFU1BFQ0lBTElTVEEgRU4gSU5TVEFMQUNJT05FUyBJTkRVU1RSSUFMRVMuIExVR08iLCJjb21wYW55X25hbWUiOiJOb3J2ZW50byBFbmVyeMOtYSIsImFkZHJlc3NfY2l0eSI6Ikx1Z28sIFNwYWluIiwiaHRpZG9jaWQiOiJ3eGxId0plSkJHaFl2eXJHQUFBQUFBPT0iLCJ1dWxlIjoidytDQUlRSUNJRlUzQmhhVzQifQ==,128
eyJqb2JfdGl0bGUiOiJJTkdFTklFUk8vQSBFU1BFQ0lBTElTVEEgRU4gSU5TVEFMQUNJT05FUyBUw4lSTUlDQVMgSU5EVVNUUklBTEVTIiwiY29tcGFueV9uYW1lIjoiTm9ydmVudG8gRW5lcnjDrWEiLCJhZGRyZXNzX2NpdHkiOiJNYWRyaWQsIFNwYWluIiwiaHRpZG9jaWQiOiI5QkIzRmZJV1ZQeG1NN3NTQUFBQUFBPT0iLCJ1dWxlIjoidytDQUlRSUNJRlUzQmhhVzQifQ==,128
eyJqb2JfdGl0bGUiOiJJbmdlbmllcm8vYSBqdW5pb3IgZXNwZWNpYWxpc3RhIGVuIHByb3llY3RvcyBtb2R1bGFyZXMiLCJjb21wYW55X25hbWUiOiJUZWNuaWNhcyBSZXVuaWRhcyIsImFkZHJlc3NfY2l0eSI6Ik1hZHJpZCwgU3BhaW4iLCJodGlkb2NpZCI6IkUtMUQzUkZ3aURmUExSZEVBQUFBQUE9PSIsInV1bGUiOiJ3K0NBSVFJQ0lGVTNCaGFXNCJ9,579
eyJqb2JfdGl0bGUiOiJJbmdlbmllcm8vYSBFc3BlY2lhbGlzdGEgZW4gRGlzZcOxbyBkZSBDbGltYSB5IEhWQUMgKEgvTS9YKSAxMjA2IiwiY29tcGFueV9uYW1lIjoiVkVSSU5HRVIgRU5HSU5FRVJJTkciLCJhZGRyZXNzX2NpdHkiOiJCYXJjZWxvbmEsIFNwYWluIiwiaHRpZG9jaWQiOiJFS0tLbHVUTnI4TXVFaXRtQUFBQUFBPT0iLCJ1dWxlIjoidytDQUlRSUNJRlUzQmhhVzQifQ==,579
eyJqb2JfdGl0bGUiOiJJbmdlbmllcm8gZXNwZWNpYWxpc3RhIGVuIHNpc3RlbWFzIGRlIGNvbnRyb2wgeSBwcm90ZWNjaW9uZXMgZGUgc3ViZXN0YWNpb25lcyIsImNvbXBhbnlfbmFtZSI6Ild1cnplbCBSZWNydWl0bWVudCIsImFkZHJlc3NfY2l0eSI6IkJpbGJhbywgU3BhaW4iLCJodGlkb2NpZCI6IjVCazJ2Sm5FWU9mQjN1Y2VBQUFBQUE9PSIsInV1bGUiOiJ3K0NBSVFJQ0lGVTNCaGFXNCJ9,579
eyJqb2JfdGl0bGUiOiJFc3BlY2lhbGlzdGEgZW4gQXBsaWNhY2lvbmVzIENBRSIsImNvbXBhbnlfbmFtZSI6IkVTU1MiLCJhZGRyZXNzX2NpdHkiOiJCaWxiYW8sIFNwYWluIiwiaHRpZG9jaWQiOiJNWU1hNG5BUGQxMWRBMnU4QUFBQUFBPT0iLCJ1dWxlIjoidytDQUlRSUNJRlUzQmhhVzQifQ==,168
eyJqb2JfdGl0bGUiOiJFc3BlY2lhbGlzdGEgZW4gU2lzdGVtYXMgQ29udHJhIEluY2VuZGlvcyAoSC9NL1gpIDE1OTEiLCJjb21wYW55X25hbWUiOiJWRVJJTkdFUiBFTkdJTkVFUklORyIsImFkZHJlc3NfY2l0eSI6IkJhcmNlbG9uYSwgU3BhaW4iLCJodGlkb2NpZCI6Ikhuc0RPcDVkQ3lMaVpmMlhBQUFBQUE9PSIsInV1bGUiOiJ3K0NBSVFJQ0lGVTNCaGFXNCJ9,606
eyJqb2JfdGl0bGUiOiJJbmdlbmllcmEvbyBFc3BlY2lhbGlzdGEgZW4gUmVkZXMgZGUgRGlzdHJpYnVjacOzbiAtIENlcnRpZmljYWRvIGRlIGRpc2NhcGFjaWRhZCAoTWFkcmlkKSAtIDExNjc5IiwiY29tcGFueV9uYW1lIjoiTmF0dXJneSIsImFkZHJlc3NfY2l0eSI6Ik1hZHJpZCwgU3BhaW4iLCJodGlkb2NpZCI6IkJxVDg3VjZUeWdPTTU3RHpBQUFBQUE9PSIsInV1bGUiOiJ3K0NBSVFJQ0lGVTNCaGFXNCJ9,128
eyJqb2JfdGl0bGUiOiJJbmdlbmllcm8vYSBNZWPDoW5pY28vYSBlc3BlY2lhbGlzdGEgZW4gUmVjaXBpZW50ZXMgYSBQcmVzacOzbiAoUHJlc3N1cmUgVmVzc2VscykgMTEzMiIsImNvbXBhbnlfbmFtZSI6IlZFUklOR0VSIEVOR0lORUVSSU5HIiwiYWRkcmVzc19jaXR5IjoiVGFycmFnb25hLCBTcGFpbiIsImh0aWRvY2lkIjoiSUkwVURnWHVuYmhtTjhCbUFBQUFBQT09IiwidXVsZSI6IncrQ0FJUUlDSUZVM0JoYVc0In0=,411
eyJqb2JfdGl0bGUiOiJUw6ljbmljby9hIFJlcGFyYWNpw7NuIGRlIG3Ds3ZpbGVzIHkgZWxlY3Ryb25pY2EiLCJjb21wYW55X25hbWUiOiJFdXJvcGEgM0cgTWFkcmlkIiwiYWRkcmVzc19jaXR5IjoiTWFkcmlkLCBTcGFpbiIsImh0aWRvY2lkIjoiZld0Q2twTW45Tk5PUVQ1YkFBQUFBQT09IiwidXVsZSI6IncrQ0FJUUlDSUZVM0JoYVc0In0=,772
eyJqb2JfdGl0bGUiOiJUw6ljbmljbyByZXBhcmFjacOzbiBkZSBtb3ZpbGVzIiwiY29tcGFueV9uYW1lIjoiS2VsYXRvcyBNYWRyaWQgRXNwYcOxYSIsImFkZHJlc3NfY2l0eSI6Ik1hZHJpZCwgU3BhaW4iLCJodGlkb2NpZCI6Ik42a0l3bnNQSGJaMjB5dm9BQUFBQUE9PSIsInV1bGUiOiJ3K0NBSVFJQ0lGVTNCaGFXNCJ9,853
eyJqb2JfdGl0bGUiOiJUw6ljbmljby9hIHJlcGFyYWNpw7NuIGRlIG3Ds3ZpbGVzIFMuUy4gZGUgbG9zIFJleWVzIiwiY29tcGFueV9uYW1lIjoiR3J1cG8gRXVsZW4iLCJhZGRyZXNzX2NpdHkiOiJNYWRyaWQsIFNwYWluIiwiaHRpZG9jaWQiOiJLZnROWk02MFpkc1dKSUNIQUFBQUFBPT0iLCJ1dWxlIjoidytDQUlRSUNJRlUzQmhhVzQifQ==,579
eyJqb2JfdGl0bGUiOiJDb2JlcnR1cmEgdGVtcG9yYWwgLSBUw6ljbmljbyByZXBhcmFkb3IgZGUgdGVsZWZvbsOtYSBtw7N2aWwgLSBBbGljYW50ZSIsImNvbXBhbnlfbmFtZSI6IlNhdmUgR3JvdXAiLCJhZGRyZXNzX2NpdHkiOiJBbGljYW50ZSwgU3BhaW4iLCJodGlkb2NpZCI6IkFqcHphbG81eUpCM3VpZEFBQUFBQUE9PSIsInV1bGUiOiJ3K0NBSVFJQ0lGVTNCaGFXNCJ9,98
eyJqb2JfdGl0bGUiOiJUw6ljbmljby9hIGVsZWN0csOzbmljby9pbmZvcm3DoXRpY28gZXNwZWNpYWxpc3RhIGVuIHRlbGVmb27DrWEgbcOzdmlsIHkgbWljcm9zb2xkYWR1cmEiLCJjb21wYW55X25hbWUiOiJEb2N0b3IgVHJvbmljIiwiYWRkcmVzc19jaXR5IjoiTXVyY2lhLCBTcGFpbiIsImh0aWRvY2lkIjoiMXZTM2I2aUFCdlVrSW1VMEFBQUFBQT09IiwidXVsZSI6IncrQ0FJUUlDSUZVM0JoYVc0In0=,579
eyJqb2JfdGl0bGUiOiJUw6ljbmljby9hIGRlIFRlbGVmb27DrWEgTcOzdmlsIG1hcmNhIFNhbXN1bmciLCJjb21wYW55X25hbWUiOiJFVUxFTiBGbGV4aXBsw6FuIiwiYWRkcmVzc19jaXR5IjoiU2FuIFNlYmFzdGnDoW4gZGUgbG9zIFJleWVzLCBTcGFpbiIsImh0aWRvY2lkIjoiUEt5NWZuMTVQOU0ydnpBTEFBQUFBQT09IiwidXVsZSI6IncrQ0FJUUlDSUZVM0JoYVc0In0=,1029
eyJqb2JfdGl0bGUiOiJUw6ljbmljbyBlbGVjdHLDs25pY28geSBkZSB0ZWxlZm9uw61hIG3Ds3ZpbCAtIFByaW1lciBFbXBsZW8iLCJjb21wYW55X25hbWUiOiJNdXNldW1tYXRlIiwiYWRkcmVzc19jaXR5IjoiTWFkcmlkLCBTcGFpbiIsImh0aWRvY2lkIjoiUTRyajk4dTNXZkFaQWl5SEFBQUFBQT09IiwidXVsZSI6IncrQ0FJUUlDSUZVM0JoYVc0In0=,86
eyJqb2JfdGl0bGUiOiJUw6ljbmljbyBFc3BlY2lhbGlzdGEgU0NBREEgKEgvTSkiLCJjb21wYW55X25hbWUiOiJBY3RlbWl1bSBTcGFpbiIsImFkZHJlc3NfY2l0eSI6Ik9ydHVlbGxhLCBTcGFpbiIsImh0aWRvY2lkIjoiemJPQmFJREZYYXpZWlRNS0FBQUFBQT09IiwidXVsZSI6IncrQ0FJUUlDSUZVM0JoYVc0In0=,128
eyJqb2JfdGl0bGUiOiJJbmdlbmllcm8vYSBUZWxlY29tdW5pY2FjaW9uZXMvU0NBREEiLCJjb21wYW55X25hbWUiOiJJU1BST1giLCJhZGRyZXNzX2NpdHkiOiJTcGFpbiIsImh0aWRvY2lkIjoiTmJUTkEtMFFBNmE3NUdBaEFBQUFBQT09IiwidXVsZSI6IncrQ0FJUUlDSUZVM0JoYVc0In0=,128
eyJqb2JfdGl0bGUiOiJFc3BlY2lhbGlzdGEgRGUgU2NhZGEgWSBQbGMiLCJjb21wYW55X25hbWUiOiJJZHJpY2EiLCJhZGRyZXNzX2NpdHkiOiJWYWxlbmNpYSwgU3BhaW4iLCJodGlkb2NpZCI6IjA2YmRKYnQxM1pvTHMtYmpBQUFBQUE9PSIsInV1bGUiOiJ3K0NBSVFJQ0lGVTNCaGFXNCJ9,856
eyJqb2JfdGl0bGUiOiJTY2FkYSBFbmdpbmVlciIsImNvbXBhbnlfbmFtZSI6IkdyZWVuIFJlY3J1aXRtZW50IENvbXBhbnkiLCJhZGRyZXNzX2NpdHkiOiJaYXJhZ296YSwgU3BhaW4iLCJodGlkb2NpZCI6Im1nT3VxVkVQS1RfeG5pc0hBQUFBQUE9PSIsInV1bGUiOiJ3K0NBSVFJQ0lGVTNCaGFXNCJ9,1006
eyJqb2JfdGl0bGUiOiJJbmZvcm1hdGljbyBpbnRlZ3JhY2nDs24gdGVsZWdlc3Rpw7NuLCBQTEMsIFNjYWRhIiwiY29tcGFueV9uYW1lIjoiSVRJU0EsIFNMIiwiYWRkcmVzc19jaXR5IjoiRm9ybmVsbHMgZGUgbGEgU2VsdmEsIFNwYWluIiwiaHRpZG9jaWQiOiJ4LXR5WUpGc1NFcHd4cTlXQUFBQUFBPT0iLCJ1dWxlIjoidytDQUlRSUNJRlUzQmhhVzQifQ==,128
eyJqb2JfdGl0bGUiOiJJdCBTdXBwb3J0IFNjYWRhIiwiY29tcGFueV9uYW1lIjoiQW1hcmlzIENvbnN1bHRpbmciLCJhZGRyZXNzX2NpdHkiOiJWYWxlbmNpYSwgU3BhaW4iLCJodGlkb2NpZCI6ImNtQWVVWGdKZnJoQUFkdTFBQUFBQUE9PSIsInV1bGUiOiJ3K0NBSVFJQ0lGVTNCaGFXNCJ9,128
eyJqb2JfdGl0bGUiOiJTY2FkYSBFbmdpbmVlciIsImNvbXBhbnlfbmFtZSI6IkF6YmlsIFRlbHN0YXIiLCJhZGRyZXNzX2NpdHkiOiJUZXJyYXNzYSwgU3BhaW4iLCJodGlkb2NpZCI6IjJoYzdwWkZneFdGUE9DN19BQUFBQUE9PSIsInV1bGUiOiJ3K0NBSVFJQ0lGVTNCaGFXNCJ9,274
eyJqb2JfdGl0bGUiOiJDb25zdWx0b3IvQSBHcmMgRW4gQ2liZXJzZWd1cmlkYWQgKENvbiBJZGlvbWEgSW5nbMOpcyBGbHVpZG8pIiwiY29tcGFueV9uYW1lIjoiR09WRVJUSVMiLCJhZGRyZXNzX2NpdHkiOiJaYXJhZ296YSwgU3BhaW4iLCJodGlkb2NpZCI6IkRoS3FjTmN3VXZGS0VNdzFBQUFBQUE9PSIsInV1bGUiOiJ3K0NBSVFJQ0lGVTNCaGFXNCJ9,579
eyJqb2JfdGl0bGUiOiJDb25zdWx0b3IvQSBHcmMgRW4gQ2liZXJzZWd1cmlkYWQgLSBSaWVzZ29zIC0gTWFkcmlkIiwiY29tcGFueV9uYW1lIjoiR09WRVJUSVMiLCJhZGRyZXNzX2NpdHkiOiJaYXJhZ296YSwgU3BhaW4iLCJodGlkb2NpZCI6IllwN3ZIZmNVeW5USlFtN3dBQUFBQUE9PSIsInV1bGUiOiJ3K0NBSVFJQ0lGVTNCaGFXNCJ9,579
eyJqb2JfdGl0bGUiOiJUVGVjaF9Db25zdWx0b3IvYSBkZSBDaWJlcnNlZ3VyaWRhZCBPVCIsImNvbXBhbnlfbmFtZSI6IlRlbGVmw7NuaWNhIiwiYWRkcmVzc19jaXR5IjoiTWFkcmlkLCBTcGFpbiIsImh0aWRvY2lkIjoiSG9VMXRxTTRfckh2MXBlVkFBQUFBQT09IiwidXVsZSI6IncrQ0FJUUlDSUZVM0JoYVc0In0=,500
eyJqb2JfdGl0bGUiOiJDb25zdWx0b3IvYSBDaWJlcnNlZ3VyaWRhZCBEZWxlZ2FkbyBkZSBQcm90ZWNjacOzbiBkZSBEYXRvcyIsImNvbXBhbnlfbmFtZSI6InNlcmVtLiBDb25zdWx0b3LDrWEgZW1wcmVzYXJpYWwiLCJhZGRyZXNzX2NpdHkiOiJTcGFpbiIsImh0aWRvY2lkIjoidGV3Ti1HN1FXcWhJTUxZckFBQUFBQT09IiwidXVsZSI6IncrQ0FJUUlDSUZVM0JoYVc0In0=,579
eyJqb2JfdGl0bGUiOiJDb25zdWx0b3IvYSBTZW5pb3IgQ2liZXJzZWd1cmlkYWQgLSBTZWN0b3IgRmluYW5jaWVybyIsImNvbXBhbnlfbmFtZSI6IkVZIiwiYWRkcmVzc19jaXR5IjoiTWFkcmlkLCBTcGFpbiIsImh0aWRvY2lkIjoiLTNTT2U4MHZqaFlpRDlhYkFBQUFBQT09IiwidXVsZSI6IncrQ0FJUUlDSUZVM0JoYVc0In0=,579
eyJqb2JfdGl0bGUiOiJDb25zdWx0b3IgQ2liZXJzZWd1cmlkYWQgU2VudGluZWwiLCJjb21wYW55X25hbWUiOiJNTkVNTyBTRVJWSUNJT1MgVEkiLCJhZGRyZXNzX2NpdHkiOiJNYWRyaWQsIFNwYWluIiwiaHRpZG9jaWQiOiJxdGl6R0R3MklqS1V0Yl9GQUFBQUFBPT0iLCJ1dWxlIjoidytDQUlRSUNJRlUzQmhhVzQifQ==,856
eyJqb2JfdGl0bGUiOiJUVGVjaF9USC1Db25zdWx0b3IvYSBHUkMgZW4gQ2liZXJzZWd1cmlkYWQiLCJjb21wYW55X25hbWUiOiJUZWxlZsOzbmljYSIsImFkZHJlc3NfY2l0eSI6Ik1hZHJpZCwgU3BhaW4iLCJodGlkb2NpZCI6InVLSjZwc0M4S0RnaWZWTjlBQUFBQUE9PSIsInV1bGUiOiJ3K0NBSVFJQ0lGVTNCaGFXNCJ9,202
eyJqb2JfdGl0bGUiOiJDb25zdWx0b3IvYSBkZSByZWRlcyB5IGNpYmVyc2VndXJpZGFkIiwiY29tcGFueV9uYW1lIjoiRGlnaXRhbCBUYWxlbnQgQWdlbmN5IiwiYWRkcmVzc19jaXR5IjoiQXN0dXJpYXMsIFNwYWluIiwiaHRpZG9jaWQiOiJ4SUowMENoLXZEdF9xRHhqQUFBQUFBPT0iLCJ1dWxlIjoidytDQUlRSUNJRlUzQmhhVzQifQ==,1212
eyJqb2JfdGl0bGUiOiJJbmdlbmllcm8vQSBEZSBTaXN0ZW1hcyBFbWJhcmNhZG9zIiwiY29tcGFueV9uYW1lIjoiR212IiwiYWRkcmVzc19jaXR5IjoiTWFkcmlkLCBTcGFpbiIsImh0aWRvY2lkIjoiSFB2RlVDMV8ybHpGRkFGMUFBQUFBQT09IiwidXVsZSI6IncrQ0FJUUlDSUZVM0JoYVc0In0=,128
eyJqb2JfdGl0bGUiOiJJbmdlbmllcm8gLURpc2XDsW8gRWxlY3Ryw7NuaWNvIC8gU2lzdGVtYXMgRW1iZWJpZG9zIiwiY29tcGFueV9uYW1lIjoiQVZBTlNFTCBTZWxlY2Npw7NuIC0gQ29uc3VsdG9yYSBkZSBSZWN1cnNvcyBIdW1hbm9zIiwiYWRkcmVzc19jaXR5IjoiTWFkcmlkLCBTcGFpbiIsImh0aWRvY2lkIjoiLUVnSEk4MmxydHlQbU9kckFBQUFBQT09IiwidXVsZSI6IncrQ0FJUUlDSUZVM0JoYVc0In0=,152
eyJqb2JfdGl0bGUiOiJCZWNhIC0gSW5nZW5pZXJvL0EgSnVuaW9yIFNpc3RlbWFzIEVtYmViaWRvcyBJK0QgwrcgT2ZpY2luYXMgQ2VudHJhbGVzIC0gU2FudGlhZ28gRGUgQ29tcG9zdGVsYSIsImNvbXBhbnlfbmFtZSI6IlRlbGV2ZXMgQ29ycG9yYXRpb24iLCJhZGRyZXNzX2NpdHkiOiJTYW50aWFnbyBkZSBDb21wb3N0ZWxhLCBNdW5pY2lwYWxpdHkgb2YgU2FudGlhZ28gZGUgQ29tcG9zdGVsYSwgU3BhaW4iLCJodGlkb2NpZCI6InpjQXZJOTBBXzhINTN3UjFBQUFBQUE9PSIsInV1bGUiOiJ3K0NBSVFJQ0lGVTNCaGFXNCJ9,152
eyJqb2JfdGl0bGUiOiJDb29yZGluYWRvci9hIGRlIFNvcG9ydGUgVMOpY25pY28iLCJjb21wYW55X25hbWUiOiJJZGR0ZWsiLCJhZGRyZXNzX2NpdHkiOiJHaXB1emtvYSwgU3BhaW4iLCJodGlkb2NpZCI6IktoSTFaQXFNcGM3Qk5mYjNBQUFBQUE9PSIsInV1bGUiOiJ3K0NBSVFJQ0lGVTNCaGFXNCJ9,4
eyJqb2JfdGl0bGUiOiJDb29yZGluYWRvciBkZSBTb3BvcnRlIFTDqWNuaWNvIiwiY29tcGFueV9uYW1lIjoiUGFnZSBQZXJzb25uZWwiLCJhZGRyZXNzX2NpdHkiOiJaYXJhZ296YSwgU3BhaW4iLCJodGlkb2NpZCI6InVUMldSSHFpV2ZZUF9faHdBQUFBQUE9PSIsInV1bGUiOiJ3K0NBSVFJQ0lGVTNCaGFXNCJ9,1031
eyJqb2JfdGl0bGUiOiJDb29yZGluYWRvci9hIEF0ZW5jacOzbiB5IHNvcG9ydGUiLCJjb21wYW55X25hbWUiOiJBeWVzYSIsImFkZHJlc3NfY2l0eSI6Ik1hZHJpZCwgU3BhaW4iLCJodGlkb2NpZCI6IkRBaGFkT3V6dy1hdDdDc29BQUFBQUE9PSIsInV1bGUiOiJ3K0NBSVFJQ0lGVTNCaGFXNCJ9,775
eyJqb2JfdGl0bGUiOiJFSU5aRUxORVQ6IENvb3JkaW5hZG9yL2EgVMOpY25pY28gc29wb3J0ZSBhdGVuY2nDs24gdXN1YXJpbyBUSSIsImNvbXBhbnlfbmFtZSI6ImpvaW4uY29tIiwiYWRkcmVzc19jaXR5IjoiTWFkcmlkLCBTcGFpbiIsImh0aWRvY2lkIjoiNDgtU2l6VDFUa0c3RU40VkFBQUFBQT09IiwidXVsZSI6IncrQ0FJUUlDSUZVM0JoYVc0In0=,856
eyJqb2JfdGl0bGUiOiJDb29yZGluYWRvciBkZSBzb3BvcnRlIChpbmdsw6lzIGFsdG8pIiwiY29tcGFueV9uYW1lIjoiU2VyZW0iLCJhZGRyZXNzX2NpdHkiOiJNYWRyaWQsIFNwYWluIiwiaHRpZG9jaWQiOiJVakt0S003SmxiT3FGc3psQUFBQUFBPT0iLCJ1dWxlIjoidytDQUlRSUNJRlUzQmhhVzQifQ==,152
eyJqb2JfdGl0bGUiOiJDb29yZGluYWRvci9BIEVxdWlwbyBEZSBTb3BvcnRlIFTDqWNuaWNvIEl0IiwiY29tcGFueV9uYW1lIjoiVGhld2lzZXNlZWtlciIsImFkZHJlc3NfY2l0eSI6IkFsYXZhLCBTYWxhcywgU3BhaW4iLCJodGlkb2NpZCI6IkYzS21zbFBXWFJ1bWgxNnBBQUFBQUE9PSIsInV1bGUiOiJ3K0NBSVFJQ0lGVTNCaGFXNCJ9,856
eyJqb2JfdGl0bGUiOiJQcm9ncmFtYWRvci9BIEMvQysgRW4gTGludXgiLCJjb21wYW55X25hbWUiOiJBZGVjY28gKFNwYWluKSIsImFkZHJlc3NfY2l0eSI6Ik9yaW8sIFNwYWluIiwiaHRpZG9jaWQiOiJfMTB4eXpxWUVMTjlLQXpOQUFBQUFBPT0iLCJ1dWxlIjoidytDQUlRSUNJRlUzQmhhVzQifQ==,152
eyJqb2JfdGl0bGUiOiJUw4lDTklDTy9BIEVOIElORk9STcOBVElDQSBPIFRFTEVDT01VTklDQUNJT05FUyBFTiBBUkFOREEgREUgRFVFUk8iLCJjb21wYW55X25hbWUiOiJNSUNIRUxJTiIsImFkZHJlc3NfY2l0eSI6IkNhc3RpbGUgYW5kIExlw7NuLCBTcGFpbiIsImh0aWRvY2lkIjoiZ253X1EwNTNiNVVUU3VwX0FBQUFBQT09IiwidXVsZSI6IncrQ0FJUUlDSUZVM0JoYVc0In0=,274
eyJqb2JfdGl0bGUiOiJDb25zdWx0b3IvQXVkaXRvciBUaSIsImNvbXBhbnlfbmFtZSI6IkNTQSBJbnRlZ3JhY2nDsyBkZSBTaXN0ZW1lcyIsImFkZHJlc3NfY2l0eSI6IlphcmFnb3phLCBTcGFpbiIsImh0aWRvY2lkIjoiaXZjc3FUT2RUSmdHeXpIVEFBQUFBQT09IiwidXVsZSI6IncrQ0FJUUlDSUZVM0JoYVc0In0=,366
eyJqb2JfdGl0bGUiOiJDT05TVUxUT1IvQSBTRU5JT1IgSU5URUxJR0VOQ0lBIERFIE5FR09DSU8iLCJjb21wYW55X25hbWUiOiJRdUVTVCBHbG9iYWwiLCJhZGRyZXNzX2NpdHkiOiJNYWRyaWQsIFNwYWluIiwiaHRpZG9jaWQiOiI1djNwaDFIdVBILUlNemg4QUFBQUFBPT0iLCJ1dWxlIjoidytDQUlRSUNJRlUzQmhhVzQifQ==,86
eyJqb2JfdGl0bGUiOiJDb25zdWx0b3IvYSB0w6ljbmljQCBlbiBBZG1pbmlzdHJhY2nDs24geSBHZXN0acOzbiBkZSBTaXN0ZW1hcyIsImNvbXBhbnlfbmFtZSI6InNnIHRlY2giLCJhZGRyZXNzX2NpdHkiOiJNYWRyaWQsIFNwYWluIiwiaHRpZG9jaWQiOiJ6MVgxc2tacFdpN1U0R2V5QUFBQUFBPT0iLCJ1dWxlIjoidytDQUlRSUNJRlUzQmhhVzQifQ==,131
eyJqb2JfdGl0bGUiOiJDb25zdWx0b3IvYSBSZWluZ2VuaWVyw61hIGRlIHByb2Nlc29zIiwiY29tcGFueV9uYW1lIjoiR3J1cG8gaW5ub3ZhZG9yIGVuIElUIGNvbnN1bHRvcsOtYSBlbiBtb2Rlcm5pemFjacOzbiBkZSBsYSBBZG1pbmlzdHJhY2nDs24iLCJhZGRyZXNzX2NpdHkiOiJNYWRyaWQsIFNwYWluIiwiaHRpZG9jaWQiOiJMQjZfT0F0eEVOb2xyMHJSQUFBQUFBPT0iLCJ1dWxlIjoidytDQUlRSUNJRlUzQmhhVzQifQ==,775
eyJqb2JfdGl0bGUiOiJDb25zdWx0b3IgZGUgc29mdHdhcmUiLCJjb21wYW55X25hbWUiOiJXZUh1bnQgRXNwYcOxYSIsImFkZHJlc3NfY2l0eSI6IlZhbGVuY2lhLCBTcGFpbiIsImh0aWRvY2lkIjoicXhOMkNLdk95Q3lxS2JmSkFBQUFBQT09IiwidXVsZSI6IncrQ0FJUUlDSUZVM0JoYVc0In0=,128
eyJqb2JfdGl0bGUiOiJDT05TVUxUT1IvQSBTRUdVUklEQUQgREUgTEEgSU5GT1JNQUNJT04iLCJjb21wYW55X25hbWUiOiJTMiBHcnVwbyIsImFkZHJlc3NfY2l0eSI6Ik1hZHJpZCwgU3BhaW4iLCJodGlkb2NpZCI6Ilg5TW54RVluNzNhSFlfVnRBQUFBQUE9PSIsInV1bGUiOiJ3K0NBSVFJQ0lGVTNCaGFXNCJ9,521
eyJqb2JfdGl0bGUiOiJJbmR1c3RyeSBYIC0gQ29uc3VsdG9yIEluZ2VuaWVybyBkZSBTaXN0ZW1hcyBOYXZhbGVzIiwiY29tcGFueV9uYW1lIjoiQWNjZW50dXJlIEVzcGHDsWEiLCJhZGRyZXNzX2NpdHkiOiJTcGFpbiIsImh0aWRvY2lkIjoieDk2VFdDU2lvSkxvYUN5bUFBQUFBQT09IiwidXVsZSI6IncrQ0FJUUlDSUZVM0JoYVc0In0=,128
eyJqb2JfdGl0bGUiOiJJbnRlZHlhIEliZXJpY2EsIFMuTC46IENvbnN1bHRvciBkZSBTaXN0ZW1hcyBkZSBHZXN0acOzbiAtIE5vcm1hcyBJU08gMjcwMDEiLCJjb21wYW55X25hbWUiOiJqb2luLmNvbSIsImFkZHJlc3NfY2l0eSI6IkFsY2FsYSBkZSBIZW5hcmVzLCBTcGFpbiIsImh0aWRvY2lkIjoiUm85dXJ1ZExXeDFGdEVBcEFBQUFBQT09IiwidXVsZSI6IncrQ0FJUUlDSUZVM0JoYVc0In0=,773
eyJqb2JfdGl0bGUiOiJDT05TVUxUT1IvQVVESVRPUiBUSSAoQkFOQ0EpIiwiY29tcGFueV9uYW1lIjoiQ1NBIEFzc29jaWF0cyIsImFkZHJlc3NfY2l0eSI6Ik1hZHJpZCwgU3BhaW4iLCJodGlkb2NpZCI6ImtpckVsVkhVT0htcjJycS1BQUFBQUE9PSIsInV1bGUiOiJ3K0NBSVFJQ0lGVTNCaGFXNCJ9,366
eyJqb2JfdGl0bGUiOiJDb25zdWx0b3IvYSBDb21lcmNpYWwgRGVzYXJyb2xsbyBkZSBBcGxpY2FjaW9uZXMgYSBtZWRpZGEiLCJjb21wYW55X25hbWUiOiJOVU5TWVMiLCJhZGRyZXNzX2NpdHkiOiJNYWRyaWQsIFNwYWluIiwiaHRpZG9jaWQiOiJYNWxpYzg4eTgwYXJGY1lQQUFBQUFBPT0iLCJ1dWxlIjoidytDQUlRSUNJRlUzQmhhVzQifQ==,775
eyJqb2JfdGl0bGUiOiJDb25zdWx0b3IvYSBGdW5jaW9uYWwgRVJQIiwiY29tcGFueV9uYW1lIjoiSEggaHVudGVycyIsImFkZHJlc3NfY2l0eSI6Ik1hZHJpZCwgU3BhaW4iLCJodGlkb2NpZCI6InktVnMxbTRLaHEyT0N5NXRBQUFBQUE9PSIsInV1bGUiOiJ3K0NBSVFJQ0lGVTNCaGFXNCJ9,616
eyJqb2JfdGl0bGUiOiJDT05TVUxUT1IvQSBTRUdVUklEQUQgREUgTEEgSU5GT1JNQUNJT04iLCJjb21wYW55X25hbWUiOiJTMiBHcnVwbyIsImFkZHJlc3NfY2l0eSI6IkNvbW11bml0eSBvZiBNYWRyaWQsIFNwYWluIiwiaHRpZG9jaWQiOiI2YlkybFNhX2FlZVNianpQQUFBQUFBPT0iLCJ1dWxlIjoidytDQUlRSUNJRlUzQmhhVzQifQ==,521
eyJqb2JfdGl0bGUiOiJDb25zdWx0b3IvYSBUSUMiLCJjb21wYW55X25hbWUiOiJFdmlkZW4iLCJhZGRyZXNzX2NpdHkiOiJNYWRyaWQsIFNwYWluIiwiaHRpZG9jaWQiOiJmWVZFOXV3OWltdm5PLTRwQUFBQUFBPT0iLCJ1dWxlIjoidytDQUlRSUNJRlUzQmhhVzQifQ==,1045
eyJqb2JfdGl0bGUiOiJDT05TVUxUT1IvQVVESVRPUiBUSSAoQkFOQ0EpIiwiY29tcGFueV9uYW1lIjoiQ3Nhc3NvY2lhdHMiLCJhZGRyZXNzX2NpdHkiOiJDb21tdW5pdHkgb2YgTWFkcmlkLCBTcGFpbiIsImh0aWRvY2lkIjoiQjlaMHd5Tk9DSUMwTFQ0X0FBQUFBQT09IiwidXVsZSI6IncrQ0FJUUlDSUZVM0JoYVc0In0=,366
eyJqb2JfdGl0bGUiOiJQcm9ncmFtYWRvci9BIERlIEp1ZWdvcyIsImNvbXBhbnlfbmFtZSI6IlVuc3BlY2lmaWVkIiwiYWRkcmVzc19jaXR5IjoiQmFyY2Vsb25hLCBTcGFpbiIsImh0aWRvY2lkIjoiU3U4Z251Wjhrc0ZHMjkxaUFBQUFBQT09IiwidXVsZSI6IncrQ0FJUUlDSUZVM0JoYVc0In0=,44
eyJqb2JfdGl0bGUiOiJBcnRpc3RhIDJkIHZpZGVvanVlZ29zIiwiY29tcGFueV9uYW1lIjoiMVVwIEdhbWVzIFN0dWRpbyIsImFkZHJlc3NfY2l0eSI6Ikh1ZXNjYSwgU3BhaW4iLCJodGlkb2NpZCI6IktRU2t6dk02Nk1tYVcwNTNBQUFBQUE9PSIsInV1bGUiOiJ3K0NBSVFJQ0lGVTNCaGFXNCJ9,292
eyJqb2JfdGl0bGUiOiJUw6ljbmljbyBkZSBzaXN0ZW1hcyBTZW5pb3IiLCJjb21wYW55X25hbWUiOiJBdXJlbiIsImFkZHJlc3NfY2l0eSI6Ik1hZHJpZCwgU3BhaW4iLCJodGlkb2NpZCI6IjhOMmpZc3B6Wnc1NDh5ZWFBQUFBQUE9PSIsInV1bGUiOiJ3K0NBSVFJQ0lGVTNCaGFXNCJ9,1178
eyJqb2JfdGl0bGUiOiJUZWNuaWNvIGRlIFNpc3RlbWFzIiwiY29tcGFueV9uYW1lIjoiQXV0b21hdGljYSBJbnRlbGxpZ2VuY2UiLCJhZGRyZXNzX2NpdHkiOiJTcGFpbiIsImh0aWRvY2lkIjoia1NyVnE0UXlxMV9VdjJRLUFBQUFBQT09IiwidXVsZSI6IncrQ0FJUUlDSUZVM0JoYVc0In0=,152
eyJqb2JfdGl0bGUiOiJUw6ljbmljby9hIGRlIFNpc3RlbWFzIChNYWRyaWQpIiwiY29tcGFueV9uYW1lIjoiU2VyZXNjbyIsImFkZHJlc3NfY2l0eSI6Ik1hZHJpZCwgU3BhaW4iLCJodGlkb2NpZCI6ImNRaUNCajgxWnpOczQtaUxBQUFBQUE9PSIsInV1bGUiOiJ3K0NBSVFJQ0lGVTNCaGFXNCJ9,128
eyJqb2JfdGl0bGUiOiJUw6ljbmljbyAtIFNpc3RlbWFzIGNvbnRlbmVkb3JlcyBPcGVuc2hpZnQgKFNpc3RlbWFzIFx1MDAyNiBEYXRvcykiLCJjb21wYW55X25hbWUiOiJNb3JnYW4gUGhpbGlwcyBFeGVjdXRpdmUgU2VhcmNoIiwiYWRkcmVzc19jaXR5IjoiTWFkcmlkLCBTcGFpbiIsImh0aWRvY2lkIjoiN3haUEhnMzJVcnd2ZGptbEFBQUFBQT09IiwidXVsZSI6IncrQ0FJUUlDSUZVM0JoYVc0In0=,173
eyJqb2JfdGl0bGUiOiJSZXNwb25zYWJsZSBUw6ljbmljbyAvIFNpc3RlbWFzIiwiY29tcGFueV9uYW1lIjoiTWljaGFlbCBQYWdlIiwiYWRkcmVzc19jaXR5IjoiWmFyYWdvemEsIFNwYWluIiwiaHRpZG9jaWQiOiJqTkhVWktPcnI5emd6cDNzQUFBQUFBPT0iLCJ1dWxlIjoidytDQUlRSUNJRlUzQmhhVzQifQ==,1178
eyJqb2JfdGl0bGUiOiJBbmFsaXN0YSBkZSBEYXRvcyBKdW5pb3IiLCJjb21wYW55X25hbWUiOiJRdWFudGlvbiIsImFkZHJlc3NfY2l0eSI6Ik1hZHJpZCwgU3BhaW4iLCJodGlkb2NpZCI6Im10UERoZE1qXzFWa0tWbjdBQUFBQUE9PSIsInV1bGUiOiJ3K0NBSVFJQ0lGVTNCaGFXNCJ9,221
eyJqb2JfdGl0bGUiOiJBbmFsaXN0YSBkZSBEYXRvcyB5IGRlIE5lZ29jaW8gY29uIFNRTCAoSC9tKSBNYWRyaWQiLCJjb21wYW55X25hbWUiOiJDb25maWRlbmNpYWwiLCJhZGRyZXNzX2NpdHkiOiJNYWRyaWQsIFNwYWluIiwiaHRpZG9jaWQiOiJ3X3VzNlVFd3JSanVNQ1RQQUFBQUFBPT0iLCJ1dWxlIjoidytDQUlRSUNJRlUzQmhhVzQifQ==,274
eyJqb2JfdGl0bGUiOiJBbmFsaXN0YSBkZSBkYXRvcyIsImNvbXBhbnlfbmFtZSI6IkltcG9ydGFudGUgZW1wcmVzYSBkZWwgc2VjdG9yIiwiYWRkcmVzc19jaXR5IjoiQ8OzcmRvYmEsIFNwYWluIiwiaHRpZG9jaWQiOiJ0UWhOZEdXakF4X0czWGF5QUFBQUFBPT0iLCJ1dWxlIjoidytDQUlRSUNJRlUzQmhhVzQifQ==,86
eyJqb2JfdGl0bGUiOiJbSi0xOTVdIEFuYWxpc3RhIGRlIGRhdG9zIGZpbmFuY2llcm9zIiwiY29tcGFueV9uYW1lIjoiRFhDIFRlY2hub2xvZ3kiLCJhZGRyZXNzX2NpdHkiOiJTYW50IEN1Z2F0IGRlbCBWYWxsw6hzLCBTcGFpbiIsImh0aWRvY2lkIjoiZi1aemRBU3llVGVuT3htd0FBQUFBQT09IiwidXVsZSI6IncrQ0FJUUlDSUZVM0JoYVc0In0=,86
eyJqb2JfdGl0bGUiOiJBbmFsaXN0YSAtIERhdGEgQ29sbGVjdGlvbiIsImNvbXBhbnlfbmFtZSI6IkZsYXQgMTAxIiwiYWRkcmVzc19jaXR5IjoiTWFkcmlkLCBTcGFpbiIsImh0aWRvY2lkIjoiLVJ3NU91OTVQY0JyZTNkWUFBQUFBQT09IiwidXVsZSI6IncrQ0FJUUlDSUZVM0JoYVc0In0=,836
eyJqb2JfdGl0bGUiOiJEYXRhIEFuYWx5c3QgLyBCdXNpbmVzcyBJbnRlbGxpZ2VuY2UiLCJjb21wYW55X25hbWUiOiJNaWNoYWVsIFBhZ2UiLCJhZGRyZXNzX2NpdHkiOiJNYWRyaWQsIFNwYWluIiwiaHRpZG9jaWQiOiIzbmhIUUhfSTVlVWxLNzhFQUFBQUFBPT0iLCJ1dWxlIjoidytDQUlRSUNJRlUzQmhhVzQifQ==,30
eyJqb2JfdGl0bGUiOiJBbmFsaXN0YSAtIERhdGEgQ29sbGVjdGlvbiIsImNvbXBhbnlfbmFtZSI6IkZsYXQgMTAxIiwiYWRkcmVzc19jaXR5IjoiTWFkcmlkLCBTcGFpbiIsImh0aWRvY2lkIjoiTUFKNDRWaF9qN1pBZzBxbEFBQUFBQT09IiwidXVsZSI6IncrQ0FJUUlDSUZVM0JoYVc0In0=,836
eyJqb2JfdGl0bGUiOiJCdXNpbmVzcyBEYXRhIEFuYWx5c3QiLCJjb21wYW55X25hbWUiOiJPeXNobyIsImFkZHJlc3NfY2l0eSI6IlRvcmRlcmEsIFNwYWluIiwiaHRpZG9jaWQiOiIwVEE3TjNSWHVfSFItRHowQUFBQUFBPT0iLCJ1dWxlIjoidytDQUlRSUNJRlUzQmhhVzQifQ==,366
eyJqb2JfdGl0bGUiOiJCdXNpbmVzcyBBbmFseXN0IiwiY29tcGFueV9uYW1lIjoiVkFTUyIsImFkZHJlc3NfY2l0eSI6Ik1hZHJpZCwgU3BhaW4iLCJodGlkb2NpZCI6IkU1eWpackVoanJDSEhxVHVBQUFBQUE9PSIsInV1bGUiOiJ3K0NBSVFJQ0lGVTNCaGFXNCJ9,98
eyJqb2JfdGl0bGUiOiJBbmFsaXN0YSBkZSBEYXRvcyBKdW5pb3IiLCJjb21wYW55X25hbWUiOiJRdWFudGlvbiIsImFkZHJlc3NfY2l0eSI6IkNvbW11bml0eSBvZiBNYWRyaWQsIFNwYWluIiwiaHRpZG9jaWQiOiJqb3dQbFQxdi1Fd3dacDd3QUFBQUFBPT0iLCJ1dWxlIjoidytDQUlRSUNJRlUzQmhhVzQifQ==,221
eyJqb2JfdGl0bGUiOiJEYXRhIEFuYWx5c3QiLCJjb21wYW55X25hbWUiOiJycGMgLSBUaGUgUmV0YWlsIFBlcmZvcm1hbmNlIENvbXBhbnkiLCJhZGRyZXNzX2NpdHkiOiJNYWRyaWQsIFNwYWluIiwiaHRpZG9jaWQiOiJ2OXR0THNrcUpNLUp1WGx4QUFBQUFBPT0iLCJ1dWxlIjoidytDQUlRSUNJRlUzQmhhVzQifQ==,274
eyJqb2JfdGl0bGUiOiIoWEQ3MjEpIHwgRGF0YSBBbmFseXN0IC8gQW5hbGlzdGEgRGUgRGF0b3MiLCJjb21wYW55X25hbWUiOiIqTm9tYnJlIE9jdWx0byoiLCJhZGRyZXNzX2NpdHkiOiJaYXJhZ296YSwgU3BhaW4iLCJodGlkb2NpZCI6ImVCNkZsNUdaMERuUWN6NE5BQUFBQUE9PSIsInV1bGUiOiJ3K0NBSVFJQ0lGVTNCaGFXNCJ9,84
eyJqb2JfdGl0bGUiOiJSZXNwb25zYWJsZSBCdXNpbmVzcyBJbnRlbGxpZ2VuY2UgeSBSZXBvcnRpbmciLCJjb21wYW55X25hbWUiOiJVbml2ZXJzaXRhdCBJbnRlcm5hY2lvbmFsIGRlIENhdGFsdW55YSIsImFkZHJlc3NfY2l0eSI6IkJhcmNlbG9uYSwgU3BhaW4iLCJodGlkb2NpZCI6InVVdThrTXpSbzdwY1VyX1JBQUFBQUE9PSIsInV1bGUiOiJ3K0NBSVFJQ0lGVTNCaGFXNCJ9,86
eyJqb2JfdGl0bGUiOiJEb2NlbnRlIERlIERlc2Fycm9sbG8gRGUgQXBsaWNhY2lvbmVzIEVtcHJlc2FyaWFsZXMiLCJjb21wYW55X25hbWUiOiJVbnNwZWNpZmllZCIsImFkZHJlc3NfY2l0eSI6Ik1hZHJpZCwgU3BhaW4iLCJodGlkb2NpZCI6Ik96RmVzeGpRZldiVG1WTy1BQUFBQUE9PSIsInV1bGUiOiJ3K0NBSVFJQ0lGVTNCaGFXNCJ9,131
eyJqb2JfdGl0bGUiOiI0MDk3OSAtIERlc2Fycm9sbGFkb3IvQSBEZSBTb2Z0d2FyZSBWZWxuZW8iLCJjb21wYW55X25hbWUiOiJCYXJjZWxvbmEgQWN0aXZhIiwiYWRkcmVzc19jaXR5IjoiQmFyY2Vsb25hLCBTcGFpbiIsImh0aWRvY2lkIjoiSlhNX25ibFU2N2ZJU2tQY0FBQUFBQT09IiwidXVsZSI6IncrQ0FJUUlDSUZVM0JoYVc0In0=,274
eyJqb2JfdGl0bGUiOiJJbmdlbmllcm8vYSBzb2Z0d2FyZSBGcm9udC1lbmQgQW5ndWxhciIsImNvbXBhbnlfbmFtZSI6IkdNViIsImFkZHJlc3NfY2l0eSI6Ik1hZHJpZCwgU3BhaW4iLCJodGlkb2NpZCI6IlBjaURpNlJ2VzFTSXBITjZBQUFBQUE9PSIsInV1bGUiOiJ3K0NBSVFJQ0lGVTNCaGFXNCJ9,13
eyJqb2JfdGl0bGUiOiJJbmdlbmllcm8gZGUgQXBsaWNhY2lvbmVzICh3L20vZCkiLCJjb21wYW55X25hbWUiOiJIZXhhZ29uIE1hbnVmYWN0dXJpbmcgSW50ZWxsaWdlbmNlIiwiYWRkcmVzc19jaXR5IjoiQmFyY2Vsb25hLCBTcGFpbiIsImh0aWRvY2lkIjoiV0MzY05UZlFGXy1ldU9sekFBQUFBQT09IiwidXVsZSI6IncrQ0FJUUlDSUZVM0JoYVc0In0=,128
eyJqb2JfdGl0bGUiOiJQcsOhY3RpY2EgUHJvZmVzaW9uYWwgZGUgRGVzYXJyb2xsbyBXZWIgeSBBcGxpY2FjaW9uZXMgZGUgSW50ZWxpZ2VuY2lhIEFydGlmaWNpYWwgLSBNYXJiZWxsYSIsImNvbXBhbnlfbmFtZSI6IllvdXJjYXJwZXQuY29tIiwiYWRkcmVzc19jaXR5IjoiU2FuIFBlZHJvIGRlIEFsY8OhbnRhcmEsIFNwYWluIiwiaHRpZG9jaWQiOiJJTHpDWEJYdjc2Q0hwQlFRQUFBQUFBPT0iLCJ1dWxlIjoidytDQUlRSUNJRlUzQmhhVzQifQ==,841
eyJqb2JfdGl0bGUiOiJJbmdlbmllcm8vYSBkZSBJbnRlbGlnZW5jaWEgQXJ0aWZpY2lhbCB5IE1hY2hpbmUgTGVhcm5pbmciLCJjb21wYW55X25hbWUiOiJBTFRFTiBTcGFpbiIsImFkZHJlc3NfY2l0eSI6Ik1hZHJpZCwgU3BhaW4iLCJodGlkb2NpZCI6IjBLTXBjZWxaY3N4SE84ZU1BQUFBQUE9PSIsInV1bGUiOiJ3K0NBSVFJQ0lGVTNCaGFXNCJ9,128
eyJqb2JfdGl0bGUiOiJQcm9ncmFtYWRvciBkZSBSb2LDs3RpY2EgZSBJQSIsImNvbXBhbnlfbmFtZSI6IkFTVElCT1QgSU5HRU5JRVLDjUEgSU5GT1JNw4FUSUNBLCBST0LDk1RJQ0EgWSBET03Dk1RJQ0EgUy5MLiIsImFkZHJlc3NfY2l0eSI6IlZhbGxhZG9saWQsIFNwYWluIiwiaHRpZG9jaWQiOiJuel82TkVJZ29EM0w3alpXQUFBQUFBPT0iLCJ1dWxlIjoidytDQUlRSUNJRlUzQmhhVzQifQ==,221
eyJqb2JfdGl0bGUiOiJQTU8gTWFuYWdlciIsImNvbXBhbnlfbmFtZSI6Ikl3YW50aWMiLCJhZGRyZXNzX2NpdHkiOiJNYWRyaWQsIFNwYWluIiwiaHRpZG9jaWQiOiItdEhKVlRDbE1lOFdDUGFtQUFBQUFBPT0iLCJ1dWxlIjoidytDQUlRSUNJRlUzQmhhVzQifQ==,579
eyJqb2JfdGl0bGUiOiJQcm9qZWN0IE1hbmFnZXIgQXJxdWl0ZWN0dXJhIC0gU2VjdG9yIEhvdGVsZXJvIiwiY29tcGFueV9uYW1lIjoiQ3JpdGVyaWEgUmVjdXJzb3MgSHVtYW5vcyIsImFkZHJlc3NfY2l0eSI6IkJhcmNlbG9uYSwgU3BhaW4iLCJodGlkb2NpZCI6Ik00NUZ3VU5KSThlSUxiemVBQUFBQUE9PSIsInV1bGUiOiJ3K0NBSVFJQ0lGVTNCaGFXNCJ9,411
eyJqb2JfdGl0bGUiOiJHZXN0b3IvYSBkZSBQcm95ZWN0b3MgZGUgQXV0b21hdGl6YWNpw7NuIEluZHVzdHJpYWwiLCJjb21wYW55X25hbWUiOiJMSEgiLCJhZGRyZXNzX2NpdHkiOiJSdWLDrSwgU3BhaW4iLCJodGlkb2NpZCI6IkZxRkR6MjY3cFYxeFJRMFFBQUFBQUE9PSIsInV1bGUiOiJ3K0NBSVFJQ0lGVTNCaGFXNCJ9,1006
eyJqb2JfdGl0bGUiOiJERVNBUlJPTExBRE9SL0EgSkFWQSIsImNvbXBhbnlfbmFtZSI6Ik1UUCIsImFkZHJlc3NfY2l0eSI6Ik1hZHJpZCwgU3BhaW4iLCJodGlkb2NpZCI6InJFWUVDWk01R21kcURLZXdBQUFBQUE9PSIsInV1bGUiOiJ3K0NBSVFJQ0lGVTNCaGFXNCJ9,173
eyJqb2JfdGl0bGUiOiJEZXNhcnJvbGxhZG9yIFdlYiB3aXRoIFJlYWN0ICgrMyB5ZWFycykiLCJjb21wYW55X25hbWUiOiJBbnRhbCBJbnRlcm5hdGlvbmFsIiwiYWRkcmVzc19jaXR5IjoiTWFkcmlkLCBTcGFpbiIsImh0aWRvY2lkIjoiVXJKdW5BUjNMem5BSk4xOEFBQUFBQT09IiwidXVsZSI6IncrQ0FJUUlDSUZVM0JoYVc0In0=,206
eyJqb2JfdGl0bGUiOiJGdWxsc3RhY2sgRGV2ZWxvcGVyIChQcm9ncmFtYSBEZSBSZWZlcmlkbykiLCJjb21wYW55X25hbWUiOiJEZW1vIExhdGFtIiwiYWRkcmVzc19jaXR5IjoiTWFkcmlkLCBTcGFpbiIsImh0aWRvY2lkIjoiN1l4MERJZVByNnZQcWctQkFBQUFBQT09IiwidXVsZSI6IncrQ0FJUUlDSUZVM0JoYVc0In0=,206
eyJqb2JfdGl0bGUiOiJQcmV2ZW50YSBFc3BlY2lhbGlzdGEgRW4gQ2N0diBZIFRlbGVjb211bmljYWNpb25lcyIsImNvbXBhbnlfbmFtZSI6IkF0aXIiLCJhZGRyZXNzX2NpdHkiOiJCYXJjZWxvbmEsIFNwYWluIiwiaHRpZG9jaWQiOiJRa2dSUTRMUGJmRElGal9FQUFBQUFBPT0iLCJ1dWxlIjoidytDQUlRSUNJRlUzQmhhVzQifQ==,841
eyJqb2JfdGl0bGUiOiJGSUotODkwIHwgRXNwZWNpYWxpc3RhIEluZnJhZXN0cnVjdHVyYSBkZSBUZWxlY29tdW5pY2FjaW9uZXMiLCJjb21wYW55X25hbWUiOiJMw61uZWEgRGlyZWN0YSIsImFkZHJlc3NfY2l0eSI6Ik1hZHJpZCwgU3BhaW4iLCJodGlkb2NpZCI6IndMX3A0cUZGSWptUW1JSlpBQUFBQUE9PSIsInV1bGUiOiJ3K0NBSVFJQ0lGVTNCaGFXNCJ9,500
eyJqb2JfdGl0bGUiOiJQcm9kdWN0IE93bmVyIFRlbGVjb211bmljYWNpb25lcyBFc3BlY2lhbGlzdGEgZW4gaGVycmFtaWVudGFzIFByaWNpbmciLCJjb21wYW55X25hbWUiOiJDYXBnZW1pbmkiLCJhZGRyZXNzX2NpdHkiOiJNYWRyaWQsIFNwYWluIiwiaHRpZG9jaWQiOiJoUzBsLVljcDR4MVlfUHYxQUFBQUFBPT0iLCJ1dWxlIjoidytDQUlRSUNJRlUzQmhhVzQifQ==,841
eyJqb2JfdGl0bGUiOiJQcmV2ZW50YSBFc3BlY2lhbGlzdGEgZW4gQ0NUViB5IFRlbGVjb211bmljYWNpb25lcyIsImNvbXBhbnlfbmFtZSI6IkF0aXIiLCJhZGRyZXNzX2NpdHkiOiJTcGFpbiIsImh0aWRvY2lkIjoiNURya0Z5WjkydjVFaFhFNUFBQUFBQT09IiwidXVsZSI6IncrQ0FJUUlDSUZVM0JoYVc0In0=,841
eyJqb2JfdGl0bGUiOiJFc3BlY2lhbGlzdGEgZW4gUmVkZXMiLCJjb21wYW55X25hbWUiOiJUaGUgV2hpdGVhbSIsImFkZHJlc3NfY2l0eSI6Ik1hZHJpZCwgU3BhaW4iLCJodGlkb2NpZCI6InVOd185RDJDbzVZSThkWWpBQUFBQUE9PSIsInV1bGUiOiJ3K0NBSVFJQ0lGVTNCaGFXNCJ9,500
eyJqb2JfdGl0bGUiOiJDT01FUkNJQUwgVEVMRUNPTVVOSUNBQ0lPTkVTIChQQVJUSUNVTEFSRVMpIC0gTFVHTyIsImNvbXBhbnlfbmFtZSI6IkFkYW1vIFRlbGVjb20iLCJhZGRyZXNzX2NpdHkiOiJMdWdvLCBTcGFpbiIsImh0aWRvY2lkIjoic2x3VkFmWUxlLXZaVHdoS0FBQUFBQT09IiwidXVsZSI6IncrQ0FJUUlDSUZVM0JoYVc0In0=,579
eyJqb2JfdGl0bGUiOiJUw6ljbmljbyBlbiBzaXN0ZW1hcyIsImNvbXBhbnlfbmFtZSI6IkV2ZWxiIiwiYWRkcmVzc19jaXR5IjoiTyBNaWxsYWRvaXJvLCBBbWVzLCBTcGFpbiIsImh0aWRvY2lkIjoicUZ0SnJyX1JxeVlQLVRudEFBQUFBQT09IiwidXVsZSI6IncrQ0FJUUlDSUZVM0JoYVc0In0=,86
eyJqb2JfdGl0bGUiOiJUw6ljbmljbyBkZSBzaXN0ZW1hcyIsImNvbXBhbnlfbmFtZSI6IlNERyBHcm91cCIsImFkZHJlc3NfY2l0eSI6Ik1hZHJpZCwgU3BhaW4iLCJodGlkb2NpZCI6IjV5cFRKOVRjMGxmaW1GdThBQUFBQUE9PSIsInV1bGUiOiJ3K0NBSVFJQ0lGVTNCaGFXNCJ9,366
eyJqb2JfdGl0bGUiOiJBbmFsaXN0YSBkZSBDb250cm9sIGRlIFByb2Nlc29zIGRlIE5lZ29jaW8gLSBSZWYuIDE3ODAiLCJjb21wYW55X25hbWUiOiJHeXNhIFJlY3Vyc29zIEh1bWFub3MiLCJhZGRyZXNzX2NpdHkiOiJHaWrDs24sIFNwYWluIiwiaHRpZG9jaWQiOiJSYnM4ZXU1VkJIX0tySHp4QUFBQUFBPT0iLCJ1dWxlIjoidytDQUlRSUNJRlUzQmhhVzQifQ==,98
eyJqb2JfdGl0bGUiOiJQcm9ncmFtYWRvci9BIEMrKyIsImNvbXBhbnlfbmFtZSI6IlNhbmRhdiIsImFkZHJlc3NfY2l0eSI6Ik1hZHJpZCwgU3BhaW4iLCJodGlkb2NpZCI6IkplcGtMMndXS1hFNG43U1dBQUFBQUE9PSIsInV1bGUiOiJ3K0NBSVFJQ0lGVTNCaGFXNCJ9,152
eyJqb2JfdGl0bGUiOiJQSFAgRGV2ZWxvcGVyIiwiY29tcGFueV9uYW1lIjoiQW50YWwgSW50ZXJuYXRpb25hbCIsImFkZHJlc3NfY2l0eSI6Ik1hZHJpZCwgU3BhaW4iLCJodGlkb2NpZCI6InpLWXJXWGZDbEJKS3Y1d3JBQUFBQUE9PSIsInV1bGUiOiJ3K0NBSVFJQ0lGVTNCaGFXNCJ9,128
eyJqb2JfdGl0bGUiOiJQSFAgRGV2ZWxvcGVyIiwiY29tcGFueV9uYW1lIjoiUGFnZSBQZXJzb25uZWwiLCJhZGRyZXNzX2NpdHkiOiJCYXJjZWxvbmEsIFNwYWluIiwiaHRpZG9jaWQiOiIyQzJwcnk3dDRYOVdybkEyQUFBQUFBPT0iLCJ1dWxlIjoidytDQUlRSUNJRlUzQmhhVzQifQ==,206
eyJqb2JfdGl0bGUiOiJUd2VuVElDOiBHZXN0b3IgZGUgcHJveWVjdG9zIHdlYiAoUEhQL1JlYWN0KSIsImNvbXBhbnlfbmFtZSI6ImpvaW4uY29tIiwiYWRkcmVzc19jaXR5IjoiQmFyY2Vsb25hLCBTcGFpbiIsImh0aWRvY2lkIjoiSFpZQUZtWU0yUTM2WmVPcUFBQUFBQT09IiwidXVsZSI6IncrQ0FJUUlDSUZVM0JoYVc0In0=,206
eyJqb2JfdGl0bGUiOiJFc3BlY2lhbGlzdGEgZW4gQ2liZXJzZWd1cmlkYWQiLCJjb21wYW55X25hbWUiOiJJemVydGlzIiwiYWRkcmVzc19jaXR5IjoiVGFycmFnb25hLCBTcGFpbiIsImh0aWRvY2lkIjoiUEkyaWpkb240Y2xpWlRUeUFBQUFBQT09IiwidXVsZSI6IncrQ0FJUUlDSUZVM0JoYVc0In0=,647
eyJqb2JfdGl0bGUiOiJBZG1pbmlzdHJhZG9yIGRlIFNpc3RlbWFzIiwiY29tcGFueV9uYW1lIjoiaXNsYU5ldCIsImFkZHJlc3NfY2l0eSI6IlBhbG1hLCBTcGFpbiIsImh0aWRvY2lkIjoiVExsMW1FdHczNXVtQ090UEFBQUFBQT09IiwidXVsZSI6IncrQ0FJUUlDSUZVM0JoYVc0In0=,152
eyJqb2JfdGl0bGUiOiJFc3BlY2lhbGlzdGEgRW4gRXJwIFkgRGVzYXJyb2xsbyBEZSBBcGxpY2FjaW9uZXMiLCJjb21wYW55X25hbWUiOiJSaW9zIFJlbm92YWJsZXMiLCJhZGRyZXNzX2NpdHkiOiJSZW1vbGlub3MsIFNwYWluIiwiaHRpZG9jaWQiOiJJM2hMNmQ0MGZQbnlaNGNsQUFBQUFBPT0iLCJ1dWxlIjoidytDQUlRSUNJRlUzQmhhVzQifQ==,616
eyJqb2JfdGl0bGUiOiJFc3BlY2lhbGlzdGEgZW4gQmlnIERhdGEgYSBEaXN0YW5jaWEiLCJjb21wYW55X25hbWUiOiJJdHJlY3J1aXRlciIsImFkZHJlc3NfY2l0eSI6IkJhcmNlbG9uYSwgU3BhaW4iLCJodGlkb2NpZCI6Ims3b1N0enBLQWp1SlFtdHRBQUFBQUE9PSIsInV1bGUiOiJ3K0NBSVFJQ0lGVTNCaGFXNCJ9,274
eyJqb2JfdGl0bGUiOiJTZW5pb3IgRGF0YSBFbmdpbmVlciIsImNvbXBhbnlfbmFtZSI6Iklubm92YS10c24iLCJhZGRyZXNzX2NpdHkiOiJNYWRyaWQsIFNwYWluIiwiaHRpZG9jaWQiOiJzN2IySFhhSUtrNDVYR25wQUFBQUFBPT0iLCJ1dWxlIjoidytDQUlRSUNJRlUzQmhhVzQifQ==,606
eyJqb2JfdGl0bGUiOiJUw6ljbmljbyBjYW1wbyBpbnN0YS9pbnRlZ3JhIDRnIDVnIiwiY29tcGFueV9uYW1lIjoiT2ZnIiwiYWRkcmVzc19jaXR5IjoiTWFkcmlkLCBTcGFpbiIsImh0aWRvY2lkIjoiWUJHLVFOdkc0ekxYaFpvOUFBQUFBQT09IiwidXVsZSI6IncrQ0FJUUlDSUZVM0JoYVc0In0=,128
eyJqb2JfdGl0bGUiOiJJbmdlbmllcm8vYSB0w6ljbmljby9hIHRlbGVjb211bmljYWNpb25lcywgdmFsZW5jaWEiLCJjb21wYW55X25hbWUiOiJDb25zdWx0cmFucyIsImFkZHJlc3NfY2l0eSI6IlZhbGVuY2lhLCBTcGFpbiIsImh0aWRvY2lkIjoiSTd1N1Y4NDd3S1NfQmtjY0FBQUFBQT09IiwidXVsZSI6IncrQ0FJUUlDSUZVM0JoYVc0In0=,411
eyJqb2JfdGl0bGUiOiJUw6ljbmljby9hIHRlbGVjb211bmljYWNpb25lcyA0RyB5IDVHIiwiY29tcGFueV9uYW1lIjoiR0VTVEVMQ09NIFNFUlZJQ0lPUyIsImFkZHJlc3NfY2l0eSI6IlNldmlsbGUsIFNwYWluIiwiaHRpZG9jaWQiOiJubkJhWng2ck9uMDRfbUxUQUFBQUFBPT0iLCJ1dWxlIjoidytDQUlRSUNJRlUzQmhhVzQifQ==,893
eyJqb2JfdGl0bGUiOiJJbmdlbmllcm8vYSBIYXJkd2FyZSIsImNvbXBhbnlfbmFtZSI6IkluZHJhIiwiYWRkcmVzc19jaXR5IjoiVG9ycmVqw7NuIGRlIEFyZG96LCBTcGFpbiIsImh0aWRvY2lkIjoiYXJhNVpUNExaamVaYXJmS0FBQUFBQT09IiwidXVsZSI6IncrQ0FJUUlDSUZVM0JoYVc0In0=,658
eyJqb2JfdGl0bGUiOiJJbmdlbmllcm8vYSBkZSBIYXJkd2FyZSAtIFByb2R1Y3QgTWFuYWdlciIsImNvbXBhbnlfbmFtZSI6IkVFVkFNIFRlY2hub2xvZ2llcyIsImFkZHJlc3NfY2l0eSI6IlNwYWluIiwiaHRpZG9jaWQiOiIzeGFPU3VIajJpaF9ma3hFQUFBQUFBPT0iLCJ1dWxlIjoidytDQUlRSUNJRlUzQmhhVzQifQ==,128
eyJqb2JfdGl0bGUiOiJJbmdlbmllcm8gZGUgaGFyZHdhcmUgeSBmaXJtd2FyZSIsImNvbXBhbnlfbmFtZSI6Ik1pY2hhZWwgUGFnZSIsImFkZHJlc3NfY2l0eSI6IkJhcmNlbG9uYSwgU3BhaW4iLCJodGlkb2NpZCI6InRhSTB5bmlUSWZ5VmxiNXlBQUFBQUE9PSIsInV1bGUiOiJ3K0NBSVFJQ0lGVTNCaGFXNCJ9,658
eyJqb2JfdGl0bGUiOiJJbmdlbmllcm8gL2EgU2VuaW9yIGRlIEhhcmR3YXJlIGRlIFBvdGVuY2lhIiwiY29tcGFueV9uYW1lIjoiUG93ZXIgRWxlY3Ryb25pY3MiLCJhZGRyZXNzX2NpdHkiOiJWYWxlbmNpYSwgU3BhaW4iLCJodGlkb2NpZCI6IktSSnBORnNsM2lWSHhkbURBQUFBQUE9PSIsInV1bGUiOiJ3K0NBSVFJQ0lGVTNCaGFXNCJ9,599
eyJqb2JfdGl0bGUiOiJJbmdlbmllcm8vYSBlbGVjdHLDs25pY28gSFctU1ciLCJjb21wYW55X25hbWUiOiJCaXppbnRlayIsImFkZHJlc3NfY2l0eSI6IkJpbGJhbywgU3BhaW4iLCJodGlkb2NpZCI6IjN3anVfbGFkaDBRMmVsVWZBQUFBQUE9PSIsInV1bGUiOiJ3K0NBSVFJQ0lGVTNCaGFXNCJ9,579
eyJqb2JfdGl0bGUiOiJJbmdlbmllcm8vYSBoYXJkd2FyZSBlbGVjdHLDs25pY28gKHBjYikiLCJjb21wYW55X25hbWUiOiJDbXYgQ29uc3VsdG9yZXMiLCJhZGRyZXNzX2NpdHkiOiJNYWRyaWQsIFNwYWluIiwiaHRpZG9jaWQiOiJIc011VVl4VHNJbU5qSktNQUFBQUFBPT0iLCJ1dWxlIjoidytDQUlRSUNJRlUzQmhhVzQifQ==,574
eyJqb2JfdGl0bGUiOiJJbmdlbmllcm8vYSBkZSBkZXNhcnJvbGxvIChIYXJkd2FyZSB5IFNvZnR3YXJlKSIsImNvbXBhbnlfbmFtZSI6Ikdsw7xjayBFbmdpbmVlcmluZyBHbWJIIiwiYWRkcmVzc19jaXR5IjoiU2FudCBBZHJpw6AgZGUgQmVzw7JzLCBTcGFpbiIsImh0aWRvY2lkIjoiY2tZMGxOT1BReVc4SzdlQkFBQUFBQT09IiwidXVsZSI6IncrQ0FJUUlDSUZVM0JoYVc0In0=,128
eyJqb2JfdGl0bGUiOiJJbmdlbmllcm8vYSBkZSBIYXJkd2FyZSAtIFByb2R1Y3QgTWFuYWdlciIsImNvbXBhbnlfbmFtZSI6IlNpTG9zVGllbmVzIiwiYWRkcmVzc19jaXR5IjoiTWFkcmlkLCBTcGFpbiIsImh0aWRvY2lkIjoiSEkyMEdEa1htRjU5ZU9qTUFBQUFBQT09IiwidXVsZSI6IncrQ0FJUUlDSUZVM0JoYVc0In0=,128
eyJqb2JfdGl0bGUiOiJJbmdlbmllcm8gZGUgc29mdHdhcmUgLyBoYXJkd2FyZSBzdXBlcmlvciIsImNvbXBhbnlfbmFtZSI6InRoeXNzZW5rcnVwcCBBdXRvbWF0aW9uIEVuZ2luZWVyaW5nIiwiYWRkcmVzc19jaXR5IjoiQ2FzdGVsbGJpc2JhbCwgU3BhaW4iLCJodGlkb2NpZCI6IjB1ZmxXQkV2Q19BR2NhazlBQUFBQUE9PSIsInV1bGUiOiJ3K0NBSVFJQ0lGVTNCaGFXNCJ9,606
eyJqb2JfdGl0bGUiOiJJbmdlbmllcm8gU2VuaW9yIEhhcmR3YXJlIOKAkyBFbGVjdHLDs25pY2EiLCJjb21wYW55X25hbWUiOiJHcnVwbyBHaW1lbm8iLCJhZGRyZXNzX2NpdHkiOiJDYXN0ZWxsw7NuIGRlIGxhIFBsYW5hLCBTcGFpbiIsImh0aWRvY2lkIjoiVkJTaEs2aTZ0ZUVzenhTUUFBQUFBQT09IiwidXVsZSI6IncrQ0FJUUlDSUZVM0JoYVc0In0=,814
eyJqb2JfdGl0bGUiOiJJbmdlbmllcm8vYSBkZSBkZXNhcnJvbGxvIChIYXJkd2FyZSB5IFNvZnR3YXJlKSIsImNvbXBhbnlfbmFtZSI6Ikdsw7xjayBFbmdpbmVlcmluZyBHbWJIIiwiYWRkcmVzc19jaXR5IjoiU3BhaW4iLCJodGlkb2NpZCI6IkU5Z0E0T21wclF3UmJkMFJBQUFBQUE9PSIsInV1bGUiOiJ3K0NBSVFJQ0lGVTNCaGFXNCJ9,128
eyJqb2JfdGl0bGUiOiJJbmdlbmllcm8vYSBkZSBhZHF1aXNpY2lvbmVzIGhhcmR3YXJlIiwiY29tcGFueV9uYW1lIjoiR212IiwiYWRkcmVzc19jaXR5IjoiTWFkcmlkLCBTcGFpbiIsImh0aWRvY2lkIjoiZldtbmN6VlB4XzQ0Tk00d0FBQUFBQT09IiwidXVsZSI6IncrQ0FJUUlDSUZVM0JoYVc0In0=,128
eyJqb2JfdGl0bGUiOiJJbmdlbmllcm8gL2EgU2VuaW9yIGRlIEhhcmR3YXJlIGRlIFBvdGVuY2lhIiwiY29tcGFueV9uYW1lIjoiUG93ZXIgRWxlY3Ryb25pY3MgQ29ycCBVSyBMdGQiLCJhZGRyZXNzX2NpdHkiOiJTcGFpbiIsImh0aWRvY2lkIjoiY3p0R0daRFFZT3RhN2RfcEFBQUFBQT09IiwidXVsZSI6IncrQ0FJUUlDSUZVM0JoYVc0In0=,599
eyJqb2JfdGl0bGUiOiJJbmdlbmllcm8vYSBkZSBmaXJtd2FyZSArIGhhcmR3YXJlIiwiY29tcGFueV9uYW1lIjoiTWljaGFlbCBQYWdlIiwiYWRkcmVzc19jaXR5IjoiQmFyY2Vsb25hLCBTcGFpbiIsImh0aWRvY2lkIjoiN0VDWkt1ZjU0YjNzaU1jLUFBQUFBQT09IiwidXVsZSI6IncrQ0FJUUlDSUZVM0JoYVc0In0=,128
eyJqb2JfdGl0bGUiOiJJTkdFTklFUk8vQSBFTEVDVFLDk05JQ08gREUgSEFSRFdBUkUgKFNFTklPUikiLCJjb21wYW55X25hbWUiOiJNYXJsZXgiLCJhZGRyZXNzX2NpdHkiOiJWaWxhc3NhciBkZSBEYWx0LCBTcGFpbiIsImh0aWRvY2lkIjoidXgtWWlGeEdGd0p1TUhKWUFBQUFBQT09IiwidXVsZSI6IncrQ0FJUUlDSUZVM0JoYVc0In0=,841
eyJqb2JfdGl0bGUiOiJJbmdlbmllcm8vYSBwcm9ncmFtYWRvci9hIEZpcm13YXJlIFNUTTMyIFRlcnJhc3NhIChCYXJjZWxvbmEpIiwiY29tcGFueV9uYW1lIjoiR1JVUE8gQ1JJVCIsImFkZHJlc3NfY2l0eSI6IlRlcnJhc3NhLCBTcGFpbiIsImh0aWRvY2lkIjoiTEdhc05USk5DUVJRV3FNRkFBQUFBQT09IiwidXVsZSI6IncrQ0FJUUlDSUZVM0JoYVc0In0=,292
eyJqb2JfdGl0bGUiOiJJbmdlbmllcm8gZGUgZGlzZcOxbyBkZSBoYXJkd2FyZSIsImNvbXBhbnlfbmFtZSI6IkVTQ1JJQkFOTyBNRUNIQU5JQ0FMIFx1MDAyNiBFTkdJTkVFUklORyIsImFkZHJlc3NfY2l0eSI6IkFsY2FsYSBkZSBIZW5hcmVzLCBTcGFpbiIsImh0aWRvY2lkIjoidHdnVU5yTjRFWlV6elljNUFBQUFBQT09IiwidXVsZSI6IncrQ0FJUUlDSUZVM0JoYVc0In0=,606
eyJqb2JfdGl0bGUiOiJDb25zdWx0b3IgZW4gU2VndXJpZGFkIEFsaW1lbnRhcmlhIiwiY29tcGFueV9uYW1lIjoiRXVyb2ZpbnMiLCJhZGRyZXNzX2NpdHkiOiJCYXJjZWxvbmEsIFNwYWluIiwiaHRpZG9jaWQiOiIySnZpR0dCYXR1RFZ4SkVIQUFBQUFBPT0iLCJ1dWxlIjoidytDQUlRSUNJRlUzQmhhVzQifQ==,856
eyJqb2JfdGl0bGUiOiJDb25zdWx0b3IvYSBkZSBwcm9jZXNvcyBJVCIsImNvbXBhbnlfbmFtZSI6IklaRVJUSVMiLCJhZGRyZXNzX2NpdHkiOiJNYWRyaWQsIFNwYWluIiwiaHRpZG9jaWQiOiJDanV6WlFqdEFGbEpUajJYQUFBQUFBPT0iLCJ1dWxlIjoidytDQUlRSUNJRlUzQmhhVzQifQ==,775
eyJqb2JfdGl0bGUiOiJDb25zdWx0b3IvYSBlbiBzaXN0ZW1hcyBDSVMtIGVzdGFjaW9uZXMgZGUgY29tdW5pY2FjaW9uZXMgeSBzaXN0ZW1hcyBkZSBNYW5kbyB5IENvbnRyb2wgKDIwMjQtVDAwMTk0KSAzIiwiY29tcGFueV9uYW1lIjoiSXNkZWZlIiwiYWRkcmVzc19jaXR5IjoiTWFkcmlkLCBTcGFpbiIsImh0aWRvY2lkIjoiMWJMYUN2a3J2T3p3NXdGM0FBQUFBQT09IiwidXVsZSI6IncrQ0FJUUlDSUZVM0JoYVc0In0=,806
eyJqb2JfdGl0bGUiOiJDT05TVUxUT1IgREUgU0lTVEVNQVMgKEgvTSkiLCJjb21wYW55X25hbWUiOiJURUNITk8gUFJPLUhJU1BBTklBIFMuTC4iLCJhZGRyZXNzX2NpdHkiOiJNYWRyaWQsIFNwYWluIiwiaHRpZG9jaWQiOiJFeTloanZsbnltd2lNQnNDQUFBQUFBPT0iLCJ1dWxlIjoidytDQUlRSUNJRlUzQmhhVzQifQ==,98
eyJqb2JfdGl0bGUiOiJDb25zdWx0b3IvYSBKdW5pb3IgUHJvY2Vzb3MgeSBTaXN0ZW1hcyBkZSBHZXN0acOzbiIsImNvbXBhbnlfbmFtZSI6IkF1cmVuIiwiYWRkcmVzc19jaXR5IjoiQ29tbXVuaXR5IG9mIE1hZHJpZCwgU3BhaW4iLCJodGlkb2NpZCI6ImZHOVRUQ0pwTTNHRVNOSnVBQUFBQUE9PSIsInV1bGUiOiJ3K0NBSVFJQ0lGVTNCaGFXNCJ9,806
eyJqb2JfdGl0bGUiOiJDb25zdWx0b3IvYSBTaXN0ZW1hcyBkZSBnZXN0acOzbiIsImNvbXBhbnlfbmFtZSI6Ik1DIEhlYWRodW50aW5nIiwiYWRkcmVzc19jaXR5IjoiQmFyY2Vsb25hLCBTcGFpbiIsImh0aWRvY2lkIjoiRU5FNHNZMVBqVXVFcHpWZ0FBQUFBQT09IiwidXVsZSI6IncrQ0FJUUlDSUZVM0JoYVc0In0=,521
eyJqb2JfdGl0bGUiOiJDb25zdWx0b3IvYSBKdW5pb3IgUHJvY2Vzb3MgeSBTaXN0ZW1hcyBkZSBHZXN0acOzbiIsImNvbXBhbnlfbmFtZSI6IkF1cmVuIiwiYWRkcmVzc19jaXR5IjoiTWFkcmlkLCBTcGFpbiIsImh0aWRvY2lkIjoiZVFES25mZGxVemVGcHNFYUFBQUFBQT09IiwidXVsZSI6IncrQ0FJUUlDSUZVM0JoYVc0In0=,806
eyJqb2JfdGl0bGUiOiJDb25zdWx0b3IvYSBJbnRlZ3JhY2lvbmVzIE1pcnRoIENvbm5lY3QiLCJjb21wYW55X25hbWUiOiJJbmV0dW0iLCJhZGRyZXNzX2NpdHkiOiJNYWRyaWQsIFNwYWluIiwiaHRpZG9jaWQiOiJwMm9kSXVsX0Z1NEpCVGhfQUFBQUFBPT0iLCJ1dWxlIjoidytDQUlRSUNJRlUzQmhhVzQifQ==,128
eyJqb2JfdGl0bGUiOiJDb25zdWx0b3IvYSBTaXN0ZW1hcyBkZSBHZXN0acOzbiBJU08gKE1BLCBQUkwsIENhbGlkYWQsIEVuZXJnw61hLCBSaWVzZ29zLCAuLi4pIiwiY29tcGFueV9uYW1lIjoiQXBwbHVzIiwiYWRkcmVzc19jaXR5IjoiU2FkYSwgU3BhaW4iLCJodGlkb2NpZCI6IkNHMjRtRTFzOXVHZjEwb0NBQUFBQUE9PSIsInV1bGUiOiJ3K0NBSVFJQ0lGVTNCaGFXNCJ9,1076
eyJqb2JfdGl0bGUiOiJDb25zdWx0b3IgZGUgU2lzdGVtYXMgZGUgR2VzdGnDs24iLCJjb21wYW55X25hbWUiOiJJbnRlZHlhIEliZXJpY2EsIFMuTC4iLCJhZGRyZXNzX2NpdHkiOiJBbGNhbGEgZGUgSGVuYXJlcywgU3BhaW4iLCJodGlkb2NpZCI6ImUxSlFyQlBVWGVfSHBvd3ZBQUFBQUE9PSIsInV1bGUiOiJ3K0NBSVFJQ0lGVTNCaGFXNCJ9,773
eyJqb2JfdGl0bGUiOiJDT05TVUxUT1IvQSBTRU5JT1IgR0VTVEnDk04gREUgQUNUSVZPUyBUSSIsImNvbXBhbnlfbmFtZSI6IlF1RVNUIEdsb2JhbCIsImFkZHJlc3NfY2l0eSI6Ik1hZHJpZCwgU3BhaW4iLCJodGlkb2NpZCI6IjJLekE0cWQzUWI2TE9femVBQUFBQUE9PSIsInV1bGUiOiJ3K0NBSVFJQ0lGVTNCaGFXNCJ9,775
eyJqb2JfdGl0bGUiOiJJbmR1c3RyeSBYIC0gQ29uc3VsdG9yIHNpbXVsYWNpw7NuIHkgc2lzdGVtYXMgKEFNRVNJTSkiLCJjb21wYW55X25hbWUiOiJBY2NlbnR1cmUgRXNwYcOxYSIsImFkZHJlc3NfY2l0eSI6Ik1hZHJpZCwgU3BhaW4iLCJodGlkb2NpZCI6IkdDcVBnRzZKQ2hxSHFEUWhBQUFBQUE9PSIsInV1bGUiOiJ3K0NBSVFJQ0lGVTNCaGFXNCJ9,579
eyJqb2JfdGl0bGUiOiJDT05TVUxUT1IvQSBHT0JJRVJUTk8gVEkiLCJjb21wYW55X25hbWUiOiJHcnVwbyBTZXJtaWNybyIsImFkZHJlc3NfY2l0eSI6Ik1hZHJpZCwgU3BhaW4iLCJodGlkb2NpZCI6IlktTjNuZXk1VzIwekJPSU1BQUFBQUE9PSIsInV1bGUiOiJ3K0NBSVFJQ0lGVTNCaGFXNCJ9,775
eyJqb2JfdGl0bGUiOiJJbmR1c3RyeSBYIC0gQ29uc3VsdG9yIEluZ2VuaWVybyBkZSBTaXN0ZW1hcyBOYXZhbGVzIiwiY29tcGFueV9uYW1lIjoiQWNjZW50dXJlIiwiYWRkcmVzc19jaXR5IjoiTWFkcmlkLCBTcGFpbiIsImh0aWRvY2lkIjoidDRxREt6VTVrYXJaY01tVkFBQUFBQT09IiwidXVsZSI6IncrQ0FJUUlDSUZVM0JoYVc0In0=,128
eyJqb2JfdGl0bGUiOiJDT05TVUxUT1IvQSBTSVNURU1BUyBBVVRPTUFUWkFDSU9OIFJQQSIsImNvbXBhbnlfbmFtZSI6IkdydXBvIFNlcm1pY3JvIiwiYWRkcmVzc19jaXR5IjoiRmVycm9sLCBTcGFpbiIsImh0aWRvY2lkIjoicnF0QjJJV1Y5V0pSTlozYkFBQUFBQT09IiwidXVsZSI6IncrQ0FJUUlDSUZVM0JoYVc0In0=,856
eyJqb2JfdGl0bGUiOiJDb25zdWx0b3IvYSBTaXN0ZW1hcyBkZSBHZXN0acOzbiB5IFJlcXVpc2l0b3MgTGVnYWxlcyIsImNvbXBhbnlfbmFtZSI6IkluY29zYSIsImFkZHJlc3NfY2l0eSI6Ik1hZHJpZCwgU3BhaW4iLCJodGlkb2NpZCI6InpTc0RQY3BvMGdxSTZIeUdBQUFBQUE9PSIsInV1bGUiOiJ3K0NBSVFJQ0lGVTNCaGFXNCJ9,86
eyJqb2JfdGl0bGUiOiJUw4lDTklDTyBERSBTSVNURU1BUyBZIFNPUE9SVEUgTVVMVElDTElFTlRFIC0gMTAwJSBQUkVTRU5DSUFMIiwiY29tcGFueV9uYW1lIjoiU0VCQVNUScOBTiBDT05TVUxUT1JFUyIsImFkZHJlc3NfY2l0eSI6Ik1hZHJpZCwgU3BhaW4iLCJodGlkb2NpZCI6IkpJQnVqWHprV3BQcVdnNFZBQUFBQUE9PSIsInV1bGUiOiJ3K0NBSVFJQ0lGVTNCaGFXNCJ9,579
eyJqb2JfdGl0bGUiOiJUw6ljbmljbyBDb25zdWx0b3IgTWljcm9zb2Z0IC0gQm9hZGlsbGEgZGVsIE1vbnRlIiwiY29tcGFueV9uYW1lIjoiUGFnZSBQZXJzb25uZWwiLCJhZGRyZXNzX2NpdHkiOiJNYWRyaWQsIFNwYWluIiwiaHRpZG9jaWQiOiJ4c2MzSEtiZzhGdDZ3aXpqQUFBQUFBPT0iLCJ1dWxlIjoidytDQUlRSUNJRlUzQmhhVzQifQ==,856
eyJqb2JfdGl0bGUiOiJDb25zdWx0b3IvYSBUSSAtIEFuw6FsaXNpcyBkZSBEYXRvcyIsImNvbXBhbnlfbmFtZSI6IklORUNPIiwiYWRkcmVzc19jaXR5IjoiTWFkcmlkLCBTcGFpbiIsImh0aWRvY2lkIjoiNlNMandQUHlJNlUxVDFhb0FBQUFBQT09IiwidXVsZSI6IncrQ0FJUUlDSUZVM0JoYVc0In0=,98
eyJqb2JfdGl0bGUiOiJDb25zdWx0b3IgZGUgcHJveWVjdG9zIGRlIFRJIiwiY29tcGFueV9uYW1lIjoiVklBQ04gSU5HRU5JRVJJQSAyMDAwIFNMUCIsImFkZHJlc3NfY2l0eSI6IkJhcmNlbG9uYSwgU3BhaW4iLCJodGlkb2NpZCI6InJVVlZTeFppa3JKZ2RYNFBBQUFBQUE9PSIsInV1bGUiOiJ3K0NBSVFJQ0lGVTNCaGFXNCJ9,574
eyJqb2JfdGl0bGUiOiJEZXNhcnJvbGxhZG9yL2EgaW50ZWxpZ2VuY2lhIGFydGlmaWNpYWwiLCJjb21wYW55X25hbWUiOiJBcmVsYW5jZSIsImFkZHJlc3NfY2l0eSI6Ik3DoWxhZ2EsIFNwYWluIiwiaHRpZG9jaWQiOiI2bEdtTDZpUnozSmtwOXVXQUFBQUFBPT0iLCJ1dWxlIjoidytDQUlRSUNJRlUzQmhhVzQifQ==,32
eyJqb2JfdGl0bGUiOiJJbnZlc3RpZ2Fkb3IgSnVuaW9yIEludGVsaWdlbmNpYSBhcnRpZmljaWFsIGFwbGljYWRhIiwiY29tcGFueV9uYW1lIjoiRnVuZGl0ZWMiLCJhZGRyZXNzX2NpdHkiOiJNYWRyaWQsIFNwYWluIiwiaHRpZG9jaWQiOiI4STVad043ZEFxYnBmdWVGQUFBQUFBPT0iLCJ1dWxlIjoidytDQUlRSUNJRlUzQmhhVzQifQ==,128
eyJqb2JfdGl0bGUiOiJQcm9ncmFtYWRvciBkZSBSb2LDs3RpY2EgZSBJQSwgaGlicmlkbyIsImNvbXBhbnlfbmFtZSI6IkFzdGlib3QgSW5nZW5pZXJpYSIsImFkZHJlc3NfY2l0eSI6IlZhbGxhZG9saWQsIFNwYWluIiwiaHRpZG9jaWQiOiJnQm9hVkgxZnc5aG9GdEFnQUFBQUFBPT0iLCJ1dWxlIjoidytDQUlRSUNJRlUzQmhhVzQifQ==,221
eyJqb2JfdGl0bGUiOiJEZXNhcnJvbGxhZG9yIGRlIGFzaXN0ZW50ZSBkZSBpbnRlbGlnZW5jaWEuLi4gLSBmcmVlbGFuY2Ugam9iIGluIGFydGlmaWNpYWwgaW50ZWxsaWdlbmMuLi4iLCJjb21wYW55X25hbWUiOiJTaW4gZXNwZWNpZmljYXIiLCJhZGRyZXNzX2NpdHkiOiJTcGFpbiIsImh0aWRvY2lkIjoiUG5aY3lwOFJqZ0J4TlhLcUFBQUFBQT09IiwidXVsZSI6IncrQ0FJUUlDSUZVM0JoYVc0In0=,978
eyJqb2JfdGl0bGUiOiJJbmdlbmllcm8vYSBkZSBzaXN0ZW1hcy9wcm9kdWN0byBwYXJhIGVsIGRpc2XDsW8geSBlc3BlY2lmaWNhY2nDs24gZGVsIFNpc3RlbWEgZGUgUmFkaW8gdMOhY3RpY2EiLCJjb21wYW55X25hbWUiOiJJbmRyYSIsImFkZHJlc3NfY2l0eSI6IkNvbW11bml0eSBvZiBNYWRyaWQsIFNwYWluIiwiaHRpZG9jaWQiOiJiSGhzcnhhcHBrbks1M3pWQUFBQUFBPT0iLCJ1dWxlIjoidytDQUlRSUNJRlUzQmhhVzQifQ==,1157
eyJqb2JfdGl0bGUiOiJEaXNlw7FhZG9yIENBRCAvIFBsYW5pZmljYWRvciBkZSBzaXN0ZW1hcyB0w6ljbmljb3MgZW4gZWwgVEdBIChtIC8gZiAvIGQpIiwiY29tcGFueV9uYW1lIjoiR1NBLUNBRCBHbWJIIFx1MDAyNiBDby4gS0ciLCJhZGRyZXNzX2NpdHkiOiJCaWxiYW8sIFNwYWluIiwiaHRpZG9jaWQiOiJtNmY0OXRKZ0JidTNZY09QQUFBQUFBPT0iLCJ1dWxlIjoidytDQUlRSUNJRlUzQmhhVzQifQ==,411
eyJqb2JfdGl0bGUiOiJEZXNhcnJvbGxhZG9yIHNlbmlvciBBbmd1bGFyIiwiY29tcGFueV9uYW1lIjoiUEFORUwgU2lzdGVtYXMgSW5mb3Jtw6F0aWNvcyIsImFkZHJlc3NfY2l0eSI6Ik1hZHJpZCwgU3BhaW4iLCJodGlkb2NpZCI6IjMtQ3NiS1dONU1TS1V3M2tBQUFBQUE9PSIsInV1bGUiOiJ3K0NBSVFJQ0lGVTNCaGFXNCJ9,13
eyJqb2JfdGl0bGUiOiJEaXNlw7FhZG9yL2EgRWzDqWN0cmljbyIsImNvbXBhbnlfbmFtZSI6Ik94aWdlbnQgVGVjaG5vbG9naWVzIiwiYWRkcmVzc19jaXR5IjoiQmFyY2Vsb25hLCBTcGFpbiIsImh0aWRvY2lkIjoiTGx0eXBYWElJVjc4Sk85NUFBQUFBQT09IiwidXVsZSI6IncrQ0FJUUlDSUZVM0JoYVc0In0=,574
eyJqb2JfdGl0bGUiOiJEZXNhcnJvbGxhZG9yL2Egc29mdHdhcmUgMTAwJSByZW1vdG8iLCJjb21wYW55X25hbWUiOiJOQSIsImFkZHJlc3NfY2l0eSI6Ik1hZHJpZCwgU3BhaW4iLCJodGlkb2NpZCI6ImlmVjRQdTVBdVZlLUpjb05BQUFBQUE9PSIsInV1bGUiOiJ3K0NBSVFJQ0lGVTNCaGFXNCJ9,281
eyJqb2JfdGl0bGUiOiJJbmdlbmllcm8vYSBzZW5pb3IgZW4gZGlzZcOxbyBkZSBIVyBEaWdpdGFsIiwiY29tcGFueV9uYW1lIjoiSW5kcmEiLCJhZGRyZXNzX2NpdHkiOiJNYWRyaWQsIFNwYWluIiwiaHRpZG9jaWQiOiJvV2dDWHhWdVZwdW9zS1Y1QUFBQUFBPT0iLCJ1dWxlIjoidytDQUlRSUNJRlUzQmhhVzQifQ==,658
eyJqb2JfdGl0bGUiOiJERVNBUlJPTExBRE9SL0EgU09GVFdBUkUgTUFRVUlOQVJJQSIsImNvbXBhbnlfbmFtZSI6IlJBUyBFc3Bhw7FhIiwiYWRkcmVzc19jaXR5IjoiTWF0YXLDsywgU3BhaW4iLCJodGlkb2NpZCI6IkNSSE8wbldLeXoyT0kxd1BBQUFBQUE9PSIsInV1bGUiOiJ3K0NBSVFJQ0lGVTNCaGFXNCJ9,128
eyJqb2JfdGl0bGUiOiJESVNFw5FBRE9SIEdSw4FGSUNPIDNEIiwiY29tcGFueV9uYW1lIjoiUGFydHlmeCBDb21wYW55IFNMIiwiYWRkcmVzc19jaXR5IjoiRnVlbmxhYnJhZGEsIFNwYWluIiwiaHRpZG9jaWQiOiJ2ZDZvOExIOEtKYVFteGcyQUFBQUFBPT0iLCJ1dWxlIjoidytDQUlRSUNJRlUzQmhhVzQifQ==,841
eyJqb2JfdGl0bGUiOiJEaXNlw7FhZG9yIEdyw6FmaWNvIE11bHRpbWVkaWEiLCJjb21wYW55X25hbWUiOiJSZWJ5IiwiYWRkcmVzc19jaXR5IjoiQmFyY2Vsb25hLCBTcGFpbiIsImh0aWRvY2lkIjoiR0RfTTZQS3lRb3pYLVF4a0FBQUFBQT09IiwidXVsZSI6IncrQ0FJUUlDSUZVM0JoYVc0In0=,93
eyJqb2JfdGl0bGUiOiJESVNFw5FBRE9SIEdSw4FGSUNPIFkgTVVMVElNRURJQSBFTiBBUkdBTkRBIERFTCBSRVkiLCJjb21wYW55X25hbWUiOiJTaW4gZXNwZWNpZmljYXIiLCJhZGRyZXNzX2NpdHkiOiJBcmdhbmRhIGRlbCBSZXksIFNwYWluIiwiaHRpZG9jaWQiOiJhaDk5Q0FnUEJyempEQU9qQUFBQUFBPT0iLCJ1dWxlIjoidytDQUlRSUNJRlUzQmhhVzQifQ==,579
eyJqb2JfdGl0bGUiOiJEaXNlw7FhZG9yL2EgQ3JlYXRpdm8iLCJjb21wYW55X25hbWUiOiJMYW5iaWRlIiwiYWRkcmVzc19jaXR5IjoiR3Vlcm5pY2EsIFNwYWluIiwiaHRpZG9jaWQiOiJEV0VrN0N2VDVFSGc1TW1sQUFBQUFBPT0iLCJ1dWxlIjoidytDQUlRSUNJRlUzQmhhVzQifQ==,747
eyJqb2JfdGl0bGUiOiJCRUNBIE1BUktFVElORyB8IERJU0XDkU8gR1LDgUZJQ08gfCBXRUIgfCBNVUxUSU1FRElBIEFzdHVyaWFzIiwiY29tcGFueV9uYW1lIjoiTkVUVCBEaWdpdGFsIFNjaG9vbCIsImFkZHJlc3NfY2l0eSI6IkFzdHVyaWFzLCBTcGFpbiIsImh0aWRvY2lkIjoiQW9iX0VJLVlsdFlod2preUFBQUFBQT09IiwidXVsZSI6IncrQ0FJUUlDSUZVM0JoYVc0In0=,841
eyJqb2JfdGl0bGUiOiJEaXNlw7FhZG9yIGdyw6FmaWNvIiwiY29tcGFueV9uYW1lIjoiQVBQSUEgR1JPVVAgYnkgVkdHIiwiYWRkcmVzc19jaXR5IjoiU3BhaW4iLCJodGlkb2NpZCI6Im8wODY2cGVPTTNmWHdHcVFBQUFBQUE9PSIsInV1bGUiOiJ3K0NBSVFJQ0lGVTNCaGFXNCJ9,841
eyJqb2JfdGl0bGUiOiJQcm9ncmFtYWRvciBkZSBQTEMiLCJjb21wYW55X25hbWUiOiJHRVMgQ09OU1VMVE9SRVMiLCJhZGRyZXNzX2NpdHkiOiJUcmF6bywgU3BhaW4iLCJodGlkb2NpZCI6Ilc1bGVoNDIwWC0zU21idU9BQUFBQUE9PSIsInV1bGUiOiJ3K0NBSVFJQ0lGVTNCaGFXNCJ9,128
eyJqb2JfdGl0bGUiOiJQcm9ncmFtYWRvciBQTENzIHBhcmEgcm9iw7N0aWNhIGluZHVzdHJpYWwiLCJjb21wYW55X25hbWUiOiJIdW1hbiBTaW1iaW8gQ29uc3VsdGluZyIsImFkZHJlc3NfY2l0eSI6IkNvbW11bml0eSBvZiBNYWRyaWQsIFNwYWluIiwiaHRpZG9jaWQiOiJ0RTVSRnNuZlY2SElYcm1MQUFBQUFBPT0iLCJ1dWxlIjoidytDQUlRSUNJRlUzQmhhVzQifQ==,44
eyJqb2JfdGl0bGUiOiJQcm9ncmFtYWRvci9hIFBMQyIsImNvbXBhbnlfbmFtZSI6IkdFUyBDT05TVUxUT1JFUyIsImFkZHJlc3NfY2l0eSI6IlNhbnRpYWdvIGRlIENvbXBvc3RlbGEsIE11bmljaXBhbGl0eSBvZiBTYW50aWFnbyBkZSBDb21wb3N0ZWxhLCBTcGFpbiIsImh0aWRvY2lkIjoiZk5lOHNnRng3VzFDT19DOEFBQUFBQT09IiwidXVsZSI6IncrQ0FJUUlDSUZVM0JoYVc0In0=,128
eyJqb2JfdGl0bGUiOiJEZXNhcnJvbGxhZG9yL0EgRGUgU29mdHdhcmUgRW1iZWJpZG8iLCJjb21wYW55X25hbWUiOiJTYW5kYXYiLCJhZGRyZXNzX2NpdHkiOiJBIENvcnXDsWEsIFNwYWluIiwiaHRpZG9jaWQiOiJWb1BJYTYzelYwcFFRQWhoQUFBQUFBPT0iLCJ1dWxlIjoidytDQUlRSUNJRlUzQmhhVzQifQ==,152
eyJqb2JfdGl0bGUiOiJbSy0xNTZdIHwgSW5nZW5pZXJvL2EgU29mdHdhcmUgRW1iZWJpZG8gTS9GIiwiY29tcGFueV9uYW1lIjoiRW1wcmVzYSBsw61kZXIiLCJhZGRyZXNzX2NpdHkiOiJDb21tdW5pdHkgb2YgTWFkcmlkLCBTcGFpbiIsImh0aWRvY2lkIjoibXFrTzNkNnlYZEJyXzRONEFBQUFBQT09IiwidXVsZSI6IncrQ0FJUUlDSUZVM0JoYVc0In0=,606
eyJqb2JfdGl0bGUiOiJEZXNhcnJvbGxhZG9yL2EgZGUgU29mdHdhcmUgRW1iZWJpZG8iLCJjb21wYW55X25hbWUiOiJTQU5EQVYiLCJhZGRyZXNzX2NpdHkiOiJWaWdvLCBNdW5pY2lwYWxpdHkgb2YgVmlnbywgU3BhaW4iLCJodGlkb2NpZCI6IjVBczhPcTd2bDY4TnU3ZGdBQUFBQUE9PSIsInV1bGUiOiJ3K0NBSVFJQ0lGVTNCaGFXNCJ9,152
eyJqb2JfdGl0bGUiOiJJbmdlbmllcm8vQSBFbWJlYmlkb3MvSW90IiwiY29tcGFueV9uYW1lIjoiSWtvciIsImFkZHJlc3NfY2l0eSI6IkFsYXZhLCBTYWxhcywgU3BhaW4iLCJodGlkb2NpZCI6ImZaWGdEQ2lUWklJUE5uQ2pBQUFBQUE9PSIsInV1bGUiOiJ3K0NBSVFJQ0lGVTNCaGFXNCJ9,152
eyJqb2JfdGl0bGUiOiJTZW5pb3IgY2liZXJpbnRlbGlnZW5jaWEgKEgvTSkiLCJjb21wYW55X25hbWUiOiJHcnVwbyBPZXPDrWEiLCJhZGRyZXNzX2NpdHkiOiJNYWRyaWQsIFNwYWluIiwiaHRpZG9jaWQiOiJlRjRwVlRtYWZmcGVLaEZxQUFBQUFBPT0iLCJ1dWxlIjoidytDQUlRSUNJRlUzQmhhVzQifQ==,579
eyJqb2JfdGl0bGUiOiJBbmFsaXN0YSBQcm9ncmFtYWRvci9hIEFORFJPSUQiLCJjb21wYW55X25hbWUiOiJHcnVwbyBTb2x1dGlhIiwiYWRkcmVzc19jaXR5IjoiU2V2aWxsZSwgU3BhaW4iLCJodGlkb2NpZCI6ImxOZ1F4cTlUOS1vdXd3RXVBQUFBQUE9PSIsInV1bGUiOiJ3K0NBSVFJQ0lGVTNCaGFXNCJ9,367
eyJqb2JfdGl0bGUiOiJQcm9ncmFtYWRvci9hIGFuZHJvaWQga290bGluIGjDrWJyaWRvIiwiY29tcGFueV9uYW1lIjoiVHV5w7ogVGVjaG5vbG9neSIsImFkZHJlc3NfY2l0eSI6IkJhcmNlbG9uYSwgU3BhaW4iLCJodGlkb2NpZCI6IkotMFdmdUNmbUVZSjFoQTJBQUFBQUE9PSIsInV1bGUiOiJ3K0NBSVFJQ0lGVTNCaGFXNCJ9,367
eyJqb2JfdGl0bGUiOiJQcm9ncmFtYWRvciBhbmRyb2lkIChqYXZhKSIsImNvbXBhbnlfbmFtZSI6IktyZWxsIENvbnN1bHRpbmcgXHUwMDI2QW1wOyBUcmFpbmluZyIsImFkZHJlc3NfY2l0eSI6Ik1hZHJpZCwgU3BhaW4iLCJodGlkb2NpZCI6Ijhzdy0zT2kwMkJ3NFhEa2VBQUFBQUE9PSIsInV1bGUiOiJ3K0NBSVFJQ0lGVTNCaGFXNCJ9,367
eyJqb2JfdGl0bGUiOiJKdW5pb3IgQW5kcm9pZCIsImNvbXBhbnlfbmFtZSI6IkluZHJhIFNpc3RlbWFzIiwiYWRkcmVzc19jaXR5IjoiTWFkcmlkLCBTcGFpbiIsImh0aWRvY2lkIjoicmNxUDFCeDlQS0RSZEs5VkFBQUFBQT09IiwidXVsZSI6IncrQ0FJUUlDSUZVM0JoYVc0In0=,367
eyJqb2JfdGl0bGUiOiJQcm9ncmFtYWRvci9BIE5ldC1BbmRyb2lkLUlvcyIsImNvbXBhbnlfbmFtZSI6IlVuaXZlcnNpZGFkIERlIE11cmNpYSIsImFkZHJlc3NfY2l0eSI6Ik11cmNpYSwgU3BhaW4iLCJodGlkb2NpZCI6IlRNUmNsSXBBQUo3Z3JSNXhBQUFBQUE9PSIsInV1bGUiOiJ3K0NBSVFJQ0lGVTNCaGFXNCJ9,367
eyJqb2JfdGl0bGUiOiJQUk9HUkFNQURPUi9BIE5FVC1BTkRST0lELWlPUyIsImNvbXBhbnlfbmFtZSI6IlVuaXZlcnNpZGFkIGRlIE11cmNpYSIsImFkZHJlc3NfY2l0eSI6IlJlZ2lvbiBvZiBNdXJjaWEsIFNwYWluIiwiaHRpZG9jaWQiOiJHaDRjd0hVSm9pRWM2ZFVQQUFBQUFBPT0iLCJ1dWxlIjoidytDQUlRSUNJRlUzQmhhVzQifQ==,367
eyJqb2JfdGl0bGUiOiJEZXNhcnJvbGxhZG9yIEFuZHJvaWQiLCJjb21wYW55X25hbWUiOiJWQVNTIiwiYWRkcmVzc19jaXR5IjoiQWxjb2JlbmRhcywgU3BhaW4iLCJodGlkb2NpZCI6InZqSkJ1MWlQMDRISS1NTi1BQUFBQUE9PSIsInV1bGUiOiJ3K0NBSVFJQ0lGVTNCaGFXNCJ9,30
eyJqb2JfdGl0bGUiOiJEZXNhcnJvbGxhZG9yIGRlIGFwcCBjb21lcmNpYWwgcGFyYSBpb3MsIGFuZHJvaWQiLCJjb21wYW55X25hbWUiOiJDcm9ub3NoYXJlLmNvbSIsImFkZHJlc3NfY2l0eSI6IlNhbnQgQ3VnYXQgZGVsIFZhbGzDqHMsIFNwYWluIiwiaHRpZG9jaWQiOiJ3T1VxQWtsTXN1eUpZbWtEQUFBQUFBPT0iLCJ1dWxlIjoidytDQUlRSUNJRlUzQmhhVzQifQ==,367
eyJqb2JfdGl0bGUiOiJBbmRyb2lkIERldmVsb3BlciIsImNvbXBhbnlfbmFtZSI6IlN0aWZ0dW5nIE3DvG5jaG5lciBTaWNoZXJoZWl0c2tvbmZlcmVueiBnR21iSCIsImFkZHJlc3NfY2l0eSI6IkJhcmNlbG9uYSwgU3BhaW4iLCJodGlkb2NpZCI6IlVkTDlfRFFiSzVManE4dHVBQUFBQUE9PSIsInV1bGUiOiJ3K0NBSVFJQ0lGVTNCaGFXNCJ9,367
eyJqb2JfdGl0bGUiOiJEZXNhcnJvbGxhZG9yIGFuZHJvaWQgKGtvdGxpbikiLCJjb21wYW55X25hbWUiOiJGaWFiaWxpdHkgU29sdXRpb25zIiwiYWRkcmVzc19jaXR5IjoiTWFkcmlkLCBTcGFpbiIsImh0aWRvY2lkIjoid3dKWEZZNTU4ekhycXJEaEFBQUFBQT09IiwidXVsZSI6IncrQ0FJUUlDSUZVM0JoYVc0In0=,367
eyJqb2JfdGl0bGUiOiJEZXNhcnJvbGxhZG9yIGFuZHJvaWQiLCJjb21wYW55X25hbWUiOiJTb2FpbnQgRXNwYcOxYSIsImFkZHJlc3NfY2l0eSI6Ik1hZHJpZCwgU3BhaW4iLCJodGlkb2NpZCI6ImI0Y2tIQ091enFZY2hBclBBQUFBQUE9PSIsInV1bGUiOiJ3K0NBSVFJQ0lGVTNCaGFXNCJ9,367
eyJqb2JfdGl0bGUiOiJBbmRyb2lkIERldmVsb3BlciIsImNvbXBhbnlfbmFtZSI6IkFMVEVOIFNwYWluIiwiYWRkcmVzc19jaXR5IjoiU3BhaW4iLCJodGlkb2NpZCI6IlZjRVNnMVdWRTBOUVk1a29BQUFBQUE9PSIsInV1bGUiOiJ3K0NBSVFJQ0lGVTNCaGFXNCJ9,128
eyJqb2JfdGl0bGUiOiJQcm9ncmFtYWRvciBpb3MiLCJjb21wYW55X25hbWUiOiJLcmVsbCBDb25zdWx0aW5nIFx1MDAyNkFtcDsgVHJhaW5pbmciLCJhZGRyZXNzX2NpdHkiOiJNYWRyaWQsIFNwYWluIiwiaHRpZG9jaWQiOiJaLWl0SE5iZWphRGhveXdXQUFBQUFBPT0iLCJ1dWxlIjoidytDQUlRSUNJRlUzQmhhVzQifQ==,579
eyJqb2JfdGl0bGUiOiJQcm9ncmFtYWRvciBTZW5pb3IgaU9TIiwiY29tcGFueV9uYW1lIjoiQ29tcGHDscOtYSBsw61kZXIgbXVuZGlhbCBlbiBzZXJ2aWNpb3MgZ2xvYmFsZXMgZGUgSVQiLCJhZGRyZXNzX2NpdHkiOiJNdXJjaWEsIFNwYWluIiwiaHRpZG9jaWQiOiJ1MExZRFdRV1VGeFNkWm9GQUFBQUFBPT0iLCJ1dWxlIjoidytDQUlRSUNJRlUzQmhhVzQifQ==,131
eyJqb2JfdGl0bGUiOiJQcm9ncmFtYWRvciBpb3Mgc3dpZnQiLCJjb21wYW55X25hbWUiOiJLcmVsbCBDb25zdWx0aW5nIFx1MDAyNkFtcDsgVHJhaW5pbmciLCJhZGRyZXNzX2NpdHkiOiJCYXJjZWxvbmEsIFNwYWluIiwiaHRpZG9jaWQiOiJUQ20xT1BFMEVMSnc3TlZBQUFBQUFBPT0iLCJ1dWxlIjoidytDQUlRSUNJRlUzQmhhVzQifQ==,312
eyJqb2JfdGl0bGUiOiJEZXNhcnJvbGxhZG9yIElPUyIsImNvbXBhbnlfbmFtZSI6IlplbXNhbmlhIiwiYWRkcmVzc19jaXR5IjoiU3BhaW4iLCJodGlkb2NpZCI6IjhiWHcwR3ZRenVwMHg1UDFBQUFBQUE9PSIsInV1bGUiOiJ3K0NBSVFJQ0lGVTNCaGFXNCJ9,298
eyJqb2JfdGl0bGUiOiJQcm9ncmFtbWVyIGFuYWx5c3QgaU9TIC8gMTAwJSByZW1vdGUiLCJjb21wYW55X25hbWUiOiJNQUxUSFVTIERBUldJTiIsImFkZHJlc3NfY2l0eSI6Ik1hZHJpZCwgU3BhaW4iLCJodGlkb2NpZCI6IkZidDVJeDRwVGo2UXRVNzhBQUFBQUE9PSIsInV1bGUiOiJ3K0NBSVFJQ0lGVTNCaGFXNCJ9,312
eyJqb2JfdGl0bGUiOiJQcm9ncmFtYWRvciBpT1MiLCJjb21wYW55X25hbWUiOiJlbXByZXNhIG11bHRpbmFjaW9uYWwiLCJhZGRyZXNzX2NpdHkiOiJPdmllZG8sIE11bmljaXBhbGl0eSBvZiBPdmllZG8sIFNwYWluIiwiaHRpZG9jaWQiOiJhMHoxdFFGT0kxZF9hbDNuQUFBQUFBPT0iLCJ1dWxlIjoidytDQUlRSUNJRlUzQmhhVzQifQ==,312
eyJqb2JfdGl0bGUiOiJEZXNhcnJvbGxhZG9yIGlPUyIsImNvbXBhbnlfbmFtZSI6Ik1DIEVuZ2luZWVyaW5nIiwiYWRkcmVzc19jaXR5IjoiQmFyY2Vsb25hLCBTcGFpbiIsImh0aWRvY2lkIjoiTi10a2VSek4tM1dkN1VHRUFBQUFBQT09IiwidXVsZSI6IncrQ0FJUUlDSUZVM0JoYVc0In0=,128
eyJqb2JfdGl0bGUiOiJBbmFsaXN0YSBwcm9ncmFtYWRvciBpb3MgMTAwIHJlbW90byIsImNvbXBhbnlfbmFtZSI6IkRpZ2l0YWwgVGFsZW50IEFnZW5jeSIsImFkZHJlc3NfY2l0eSI6IkJhcmNlbG9uYSwgU3BhaW4iLCJodGlkb2NpZCI6InFZRExUeHhoWGNjVXRkOVNBQUFBQUE9PSIsInV1bGUiOiJ3K0NBSVFJQ0lGVTNCaGFXNCJ9,312
eyJqb2JfdGl0bGUiOiJEZXNhcnJvbGxhZG9yIGlPUyIsImNvbXBhbnlfbmFtZSI6Ik0uQy4gRW5naW5lZXJpbmcgU3JsIiwiYWRkcmVzc19jaXR5IjoiQmFyY2Vsb25hLCBTcGFpbiIsImh0aWRvY2lkIjoiNTMzbmhHeHVKYlFyNEtGdEFBQUFBQT09IiwidXVsZSI6IncrQ0FJUUlDSUZVM0JoYVc0In0=,128
eyJqb2JfdGl0bGUiOiJQcm9ncmFtYWRvciBpT1MiLCJjb21wYW55X25hbWUiOiJlbXByZXNhIG11bHRpbmFjaW9uYWwiLCJhZGRyZXNzX2NpdHkiOiJTcGFpbiIsImh0aWRvY2lkIjoicm1ROWlKQkJMMV9CamJ1bEFBQUFBQT09IiwidXVsZSI6IncrQ0FJUUlDSUZVM0JoYVc0In0=,312
eyJqb2JfdGl0bGUiOiJJb3MgRGV2ZWxvcGVyIiwiY29tcGFueV9uYW1lIjoiTmV0cXVlc3QiLCJhZGRyZXNzX2NpdHkiOiJCYXJjZWxvbmEsIFNwYWluIiwiaHRpZG9jaWQiOiJhUXRZbmZwMlBHVzR5REd4QUFBQUFBPT0iLCJ1dWxlIjoidytDQUlRSUNJRlUzQmhhVzQifQ==,367
eyJqb2JfdGl0bGUiOiJpT1MgRGV2ZWxvcGVyIiwiY29tcGFueV9uYW1lIjoiU05HVUxBUiIsImFkZHJlc3NfY2l0eSI6IlNwYWluIiwiaHRpZG9jaWQiOiJsOG1oOTgxZjZQVHV3eWxEQUFBQUFBPT0iLCJ1dWxlIjoidytDQUlRSUNJRlUzQmhhVzQifQ==,235
eyJqb2JfdGl0bGUiOiJpb3MgZGV2ZWxvcGVyIiwiY29tcGFueV9uYW1lIjoiVGVsZWZvbmljYSBTLkEuIiwiYWRkcmVzc19jaXR5IjoiTWFkcmlkLCBTcGFpbiIsImh0aWRvY2lkIjoiWVlNSFVENEV0aHR0OGN5QUFBQUFBQT09IiwidXVsZSI6IncrQ0FJUUlDSUZVM0JoYVc0In0=,128
eyJqb2JfdGl0bGUiOiJQcm9ncmFtbWVyIGFuYWx5c3QgaU9TIC8gMTAwJSByZW1vdGUiLCJjb21wYW55X25hbWUiOiJNYWx0aHVzIERhcndpbiIsImFkZHJlc3NfY2l0eSI6Ik1hZHJpZCwgU3BhaW4iLCJodGlkb2NpZCI6IjF2MUd5VjA1WGFVLXJTb3BBQUFBQUE9PSIsInV1bGUiOiJ3K0NBSVFJQ0lGVTNCaGFXNCJ9,312
eyJqb2JfdGl0bGUiOiJBbmRyb2lkL2lvcyBkZXZlbG9wZXIiLCJjb21wYW55X25hbWUiOiJQYWdlIFBlcnNvbm5lbCIsImFkZHJlc3NfY2l0eSI6Ik1hZHJpZCwgU3BhaW4iLCJodGlkb2NpZCI6Iklua2dyNlU5d1cxd0JwLXpBQUFBQUE9PSIsInV1bGUiOiJ3K0NBSVFJQ0lGVTNCaGFXNCJ9,367
eyJqb2JfdGl0bGUiOiJDb25zdWx0b3IgQ2liZXJzZWd1cmlkYWQgT3QgU3BsdW5rIiwiY29tcGFueV9uYW1lIjoiTm92YW5vdGlvIiwiYWRkcmVzc19jaXR5IjoiTWFkcmlkLCBTcGFpbiIsImh0aWRvY2lkIjoidk1DV01hTVc0cEtFSWpMQUFBQUFBQT09IiwidXVsZSI6IncrQ0FJUUlDSUZVM0JoYVc0In0=,1075
eyJqb2JfdGl0bGUiOiJUw6ljbmljbyBzaXN0ZW1hcyBkZSBzZWd1cmlkYWQiLCJjb21wYW55X25hbWUiOiJNaWNyb3NlZ3VyIiwiYWRkcmVzc19jaXR5IjoiTWFkcmlkLCBTcGFpbiIsImh0aWRvY2lkIjoiajA0UEthQ09uVGF5bWNQNUFBQUFBQT09IiwidXVsZSI6IncrQ0FJUUlDSUZVM0JoYVc0In0=,579
eyJqb2JfdGl0bGUiOiJUw6ljbmljbyBEZSBQcm95ZWN0b3MgU2VndXJpZGFkIFkgQ2N0diIsImNvbXBhbnlfbmFtZSI6IlJhbmRzdGFkIFByb2Zlc3Npb25hbHMiLCJhZGRyZXNzX2NpdHkiOiJNYWRyaWQsIFNwYWluIiwiaHRpZG9jaWQiOiJDaDJLR25DdE8xZ0JoTlFzQUFBQUFBPT0iLCJ1dWxlIjoidytDQUlRSUNJRlUzQmhhVzQifQ==,411
eyJqb2JfdGl0bGUiOiJDb25zdWx0b3IgVMOpY25pY28gZGUgU2lzdGVtYXMgZGUgU2VndXJpZGFkIiwiY29tcGFueV9uYW1lIjoiUGFnZSBQZXJzb25uZWwiLCJhZGRyZXNzX2NpdHkiOiJNYWRyaWQsIFNwYWluIiwiaHRpZG9jaWQiOiJ0VmZWaE8yUkJrX0Vzb2pHQUFBQUFBPT0iLCJ1dWxlIjoidytDQUlRSUNJRlUzQmhhVzQifQ==,128
eyJqb2JfdGl0bGUiOiJUw6ljbmljby9hIGRlIFNpc3RlbWFzIGRlIFBDSSAoUHJvdGVjY2nDs24gQ29udHJhIEluY2VuZGlvcykiLCJjb21wYW55X25hbWUiOiJTZWN1cml0YXMgU2VndXJpZGFkIEVzcGHDsWEiLCJhZGRyZXNzX2NpdHkiOiJNw6FsYWdhLCBTcGFpbiIsImh0aWRvY2lkIjoiUW1NblRDeHFZVG56S2l5WUFBQUFBQT09IiwidXVsZSI6IncrQ0FJUUlDSUZVM0JoYVc0In0=,579
eyJqb2JfdGl0bGUiOiJBcnRpZmljaWFsIFZpc2lvbiBQcm9ncmFtbWVyIiwiY29tcGFueV9uYW1lIjoiSVQ4IiwiYWRkcmVzc19jaXR5IjoiQWxtdXNzYWZlcywgU3BhaW4iLCJodGlkb2NpZCI6Ik9abXd6SzJBV2cxUGtjZU1BQUFBQUE9PSIsInV1bGUiOiJ3K0NBSVFJQ0lGVTNCaGFXNCJ9,1
eyJqb2JfdGl0bGUiOiJUw6ljbmljby9hIFZpc2nDs24gQXJ0aWZpY2lhbCIsImNvbXBhbnlfbmFtZSI6IlVMTUEgUGFja2FnaW5nIiwiYWRkcmVzc19jaXR5IjoiT8OxYXRpLCBTcGFpbiIsImh0aWRvY2lkIjoiSXBMYnppTjJFbm8yaEFWNUFBQUFBQT09IiwidXVsZSI6IncrQ0FJUUlDSUZVM0JoYVc0In0=,128
eyJqb2JfdGl0bGUiOiJJQSAtIFZpc2lvbiBwb3IgY29tcHV0YWRvciB5IHByb2dyYW1hZG9yIiwiY29tcGFueV9uYW1lIjoiR1JVUE8gQ1JJVCIsImFkZHJlc3NfY2l0eSI6Ik1hcnRvcmVsbCwgU3BhaW4iLCJodGlkb2NpZCI6IlhtXzBvbmJXMXVFeUswM1hBQUFBQUE9PSIsInV1bGUiOiJ3K0NBSVFJQ0lGVTNCaGFXNCJ9,162
eyJqb2JfdGl0bGUiOiJBLiBwcm9ncmFtYWRvciAubmV0IGZyYW5jw6lzIGUgaW5nbMOpcyIsImNvbXBhbnlfbmFtZSI6IktyZWxsIENvbnN1bHRpbmcgXHUwMDI2QW1wOyBUcmFpbmluZyIsImFkZHJlc3NfY2l0eSI6IkFsaWNhbnRlLCBTcGFpbiIsImh0aWRvY2lkIjoiMi13OTBiUG5iN2ROcFU5VEFBQUFBQT09IiwidXVsZSI6IncrQ0FJUUlDSUZVM0JoYVc0In0=,400
eyJqb2JfdGl0bGUiOiJQcm9ncmFtYWRvci9hIChWaXN1YWwgQmFzaWMgLk5FVCkiLCJjb21wYW55X25hbWUiOiJJTUFOIFRFTVBPUklORyBFVFQsIFMuTC4iLCJhZGRyZXNzX2NpdHkiOiJHZWx2ZXMsIFNwYWluIiwiaHRpZG9jaWQiOiJObWNrVkRUMFc4d3A2UmdiQUFBQUFBPT0iLCJ1dWxlIjoidytDQUlRSUNJRlUzQmhhVzQifQ==,1
eyJqb2JfdGl0bGUiOiJQcm9ncmFtYWRvciAuTkVUIiwiY29tcGFueV9uYW1lIjoiVC1Jbm5vdmEiLCJhZGRyZXNzX2NpdHkiOiJCYXJjZWxvbmEsIFNwYWluIiwiaHRpZG9jaWQiOiJFc0M1ck41dEhfaHNEeVphQUFBQUFBPT0iLCJ1dWxlIjoidytDQUlRSUNJRlUzQmhhVzQifQ==,1
eyJqb2JfdGl0bGUiOiJBbmFsaXN0YSBQcm9ncmFtYWRvciAuTkVUIiwiY29tcGFueV9uYW1lIjoiVGFsZW50aXggRW5jbGF2ZSBkZSBTb2x1Y2lvbmVzLCBTLkwuTC4iLCJhZGRyZXNzX2NpdHkiOiJQYW1wbG9uYSwgU3BhaW4iLCJodGlkb2NpZCI6IkcxRlR5OFU3Nlg5bGZDUk1BQUFBQUE9PSIsInV1bGUiOiJ3K0NBSVFJQ0lGVTNCaGFXNCJ9,128
eyJqb2JfdGl0bGUiOiJQcm9ncmFtYWRvciAuTmV0IiwiY29tcGFueV9uYW1lIjoiSW52b2luIiwiYWRkcmVzc19jaXR5IjoiQmFyY2Vsb25hLCBTcGFpbiIsImh0aWRvY2lkIjoiY09BbFBwZG52THp3eGhlNkFBQUFBQT09IiwidXVsZSI6IncrQ0FJUUlDSUZVM0JoYVc0In0=,1
eyJqb2JfdGl0bGUiOiJBbmFsaXN0YSBQcm9ncmFtYWRvciBDT0JPTC9DSUNTL0RCMiIsImNvbXBhbnlfbmFtZSI6IkdydXBvIFRFQ0RBVEEgRW5naW5lZXJpbmciLCJhZGRyZXNzX2NpdHkiOiJTcGFpbiIsImh0aWRvY2lkIjoiTHExWFc1d3pjTWhLMXdQNEFBQUFBQT09IiwidXVsZSI6IncrQ0FJUUlDSUZVM0JoYVc0In0=,647
eyJqb2JfdGl0bGUiOiJQcm9ncmFtYWRvciAuTkVUIiwiY29tcGFueV9uYW1lIjoiS2VhcHBzIiwiYWRkcmVzc19jaXR5IjoiTWFkcmlkLCBTcGFpbiIsImh0aWRvY2lkIjoiMUZtVXVNT0xCVnV5UFNkdEFBQUFBQT09IiwidXVsZSI6IncrQ0FJUUlDSUZVM0JoYVc0In0=,400
eyJqb2JfdGl0bGUiOiJEZXNhcnJvbGxhZG9yZXMgSmF2YSAtIDUwJSBoaWJyaWRvIEdyYW5hZGEg4oCTIG1pY3Jvc2VydmljaW9zIE0vRiIsImNvbXBhbnlfbmFtZSI6IkFLS09ESVMiLCJhZGRyZXNzX2NpdHkiOiJTcGFpbiIsImh0aWRvY2lkIjoiM0tDWkRWOGJJcjlpRDByVEFBQUFBQT09IiwidXVsZSI6IncrQ0FJUUlDSUZVM0JoYVc0In0=,131
eyJqb2JfdGl0bGUiOiJQcm9ncmFtYWRvciBleHBlcnRvIGVuIHDDoWdpbmFzIHdlYiB5IHNpc3RlbWEgZGUgZ2VzdGnDs24iLCJjb21wYW55X25hbWUiOiJTa3lwb3J0dHJhbnNmZXJzIiwiYWRkcmVzc19jaXR5IjoiU2l0aW8gZGUgQ2FsYWhvbmRhLCBTcGFpbiIsImh0aWRvY2lkIjoiYmRvekpHbjhtR3RUR3R5N0FBQUFBQT09IiwidXVsZSI6IncrQ0FJUUlDSUZVM0JoYVc0In0=,98
eyJqb2JfdGl0bGUiOiJJbmdlbmllcm8vYSBBZXJvbsOhdXRpY28gSnVuaW9yIChHTkMpIiwiY29tcGFueV9uYW1lIjoiR01WIiwiYWRkcmVzc19jaXR5IjoiTWFkcmlkLCBTcGFpbiIsImh0aWRvY2lkIjoiRlZHTlRHbjVxSkJmcjNrUUFBQUFBQT09IiwidXVsZSI6IncrQ0FJUUlDSUZVM0JoYVc0In0=,168
eyJqb2JfdGl0bGUiOiJQcsOhY3RpY2FzIEFlcm9uw6F1dGljYSBBbGJhY2V0ZSIsImNvbXBhbnlfbmFtZSI6IkFpcmJ1cyBIZWxpY29wdGVycyBFc3Bhw7FhLCBTLkEiLCJhZGRyZXNzX2NpdHkiOiJBbGJhY2V0ZSwgU3BhaW4iLCJodGlkb2NpZCI6ImVSclQ5dENlRXZEbThXcGFBQUFBQUE9PSIsInV1bGUiOiJ3K0NBSVFJQ0lGVTNCaGFXNCJ9,366
eyJqb2JfdGl0bGUiOiJUw6ljbmljbyBTZWd1cmlkYWQgT3BlcmFjaW9uYWwgSGFuZGxpbmcgLSBBZXJvcHVlcnRvIGRlIFBhbG1hIGRlIE1hbGxvcmNhIiwiY29tcGFueV9uYW1lIjoiQUVSVEVDIFNvbHV0aW9ucyIsImFkZHJlc3NfY2l0eSI6IlNwYWluIiwiaHRpZG9jaWQiOiJKV0NHYVpVNDY0d2pMdW0wQUFBQUFBPT0iLCJ1dWxlIjoidytDQUlRSUNJRlUzQmhhVzQifQ==,128
eyJqb2JfdGl0bGUiOiJJbmdlbmllcm8vYSBkZSBTaXN0ZW1hcyBkZSBDb250cm9sIChFZGlmaWNpb3MpIiwiY29tcGFueV9uYW1lIjoiU21hcmtpYSIsImFkZHJlc3NfY2l0eSI6IlNwYWluIiwiaHRpZG9jaWQiOiJ2Q2VXSkZEVjBRaVhPYlF1QUFBQUFBPT0iLCJ1dWxlIjoidytDQUlRSUNJRlUzQmhhVzQifQ==,128
eyJqb2JfdGl0bGUiOiJJbmdlbmllcm8gZGUgUHJvY2Vzb3MiLCJjb21wYW55X25hbWUiOiJJREVBIiwiYWRkcmVzc19jaXR5IjoiQWxjb2JlbmRhcywgU3BhaW4iLCJodGlkb2NpZCI6IlNXRTBPNUYwQjJTWGVVLU5BQUFBQUE9PSIsInV1bGUiOiJ3K0NBSVFJQ0lGVTNCaGFXNCJ9,411
eyJqb2JfdGl0bGUiOiJJbmdlbmllcm8gZGUgcHJvY2Vzb3MiLCJjb21wYW55X25hbWUiOiJTRUJOIEVTIiwiYWRkcmVzc19jaXR5IjoiQ3VlbmNhLCBTcGFpbiIsImh0aWRvY2lkIjoiNXZrdmIycUJBRDVpWjVaYkFBQUFBQT09IiwidXVsZSI6IncrQ0FJUUlDSUZVM0JoYVc0In0=,411
eyJqb2JfdGl0bGUiOiJUw6ljbmljby9hIENhbGlkYWQiLCJjb21wYW55X25hbWUiOiJBZGVjY28iLCJhZGRyZXNzX2NpdHkiOiJJZ3VhbGFkYSwgU3BhaW4iLCJodGlkb2NpZCI6Ijg3MzlGcXh5eHZJcFFBaHhBQUFBQUE9PSIsInV1bGUiOiJ3K0NBSVFJQ0lGVTNCaGFXNCJ9,837
eyJqb2JfdGl0bGUiOiJUw6ljbmljby9hIGNvbnRyb2wgZGUgY2FsaWRhZCIsImNvbXBhbnlfbmFtZSI6IklNQU4gVEVNUE9SSU5HIEVUVCwgUy5MLiIsImFkZHJlc3NfY2l0eSI6IkJhcmNlbG9uYSwgU3BhaW4iLCJodGlkb2NpZCI6IjB1cVQyc2lXbFJtYjFMdjdBQUFBQUE9PSIsInV1bGUiOiJ3K0NBSVFJQ0lGVTNCaGFXNCJ9,579
eyJqb2JfdGl0bGUiOiJUw6ljbmljby9hIGRlIE1hbnRlbmltaWVudG8iLCJjb21wYW55X25hbWUiOiJBbHNhIiwiYWRkcmVzc19jaXR5IjoiVG9ycmVqw7NuIGRlIEFyZG96LCBTcGFpbiIsImh0aWRvY2lkIjoic2ZGaWNtRWtFOENHZW05S0FBQUFBQT09IiwidXVsZSI6IncrQ0FJUUlDSUZVM0JoYVc0In0=,579
eyJqb2JfdGl0bGUiOiJUw6ljbmljbyBNYW50ZW5pbWllbnRvIEVudG9ybm9zIENyw610aWNvcyB5IERhdGEgQ2VudGVyIiwiY29tcGFueV9uYW1lIjoiTEhIIiwiYWRkcmVzc19jaXR5IjoiTWFkcmlkLCBTcGFpbiIsImh0aWRvY2lkIjoiY3lKWmEwMTJoNzJYdng0eUFBQUFBQT09IiwidXVsZSI6IncrQ0FJUUlDSUZVM0JoYVc0In0=,837
eyJqb2JfdGl0bGUiOiJJbmdlbmllcm8gZGUgcm9iw7N0aWNhIiwiY29tcGFueV9uYW1lIjoiQ29uZmlkZW50aWFsIiwiYWRkcmVzc19jaXR5IjoiVmFsbHMsIFNwYWluIiwiaHRpZG9jaWQiOiJJTkZkRDNtUTJSOW1tSE8zQUFBQUFBPT0iLCJ1dWxlIjoidytDQUlRSUNJRlUzQmhhVzQifQ==,128
eyJqb2JfdGl0bGUiOiJUw6ljbmljbyBkZSBJbXBsYW50YWNpw7NuIHBhcmEgRXNwYcOxYSIsImNvbXBhbnlfbmFtZSI6IkFEUCIsImFkZHJlc3NfY2l0eSI6Ik1hZHJpZCwgU3BhaW4iLCJodGlkb2NpZCI6IkZ2X0tJd0FwQzNyZnJlay1BQUFBQUE9PSIsInV1bGUiOiJ3K0NBSVFJQ0lGVTNCaGFXNCJ9,513
eyJqb2JfdGl0bGUiOiJURUNOSUNPIFNPUE9SVEUgTklWRUwgMSIsImNvbXBhbnlfbmFtZSI6IkFWQUNDTyIsImFkZHJlc3NfY2l0eSI6Ik1hZHJpZCwgU3BhaW4iLCJodGlkb2NpZCI6IjYwS1d3Q0EwdXRfRmswWFZBQUFBQUE9PSIsInV1bGUiOiJ3K0NBSVFJQ0lGVTNCaGFXNCJ9,856
eyJqb2JfdGl0bGUiOiJUw6ljbmljby9hIHNvcG9ydGUgdXN1YXJpb3MvYXMiLCJjb21wYW55X25hbWUiOiJHcnVwbyBTZXJtaWNybyIsImFkZHJlc3NfY2l0eSI6Ik3DoWxhZ2EsIFNwYWluIiwiaHRpZG9jaWQiOiJVMWJXVWYxSDVrYW5SMDZBQUFBQUFBPT0iLCJ1dWxlIjoidytDQUlRSUNJRlUzQmhhVzQifQ==,856
eyJqb2JfdGl0bGUiOiJUw6ljbmljbyBIRUxQREVTSy9Tb3BvcnRlIFRlbGVmw7NuaWNvIiwiY29tcGFueV9uYW1lIjoiQUNSRUxFQyIsImFkZHJlc3NfY2l0eSI6Ik1hZHJpZCwgU3BhaW4iLCJodGlkb2NpZCI6IldHUFhERTBzUWNhRUczTDVBQUFBQUE9PSIsInV1bGUiOiJ3K0NBSVFJQ0lGVTNCaGFXNCJ9,721
eyJqb2JfdGl0bGUiOiJUw6ljbmljby9hIFNvcG9ydGUgVXN1YXJpb3MvYXMsIHByZXNlbmNpYWwiLCJjb21wYW55X25hbWUiOiJHcnVwbyBTZXJtaWNybyIsImFkZHJlc3NfY2l0eSI6Ik11cmNpYSwgU3BhaW4iLCJodGlkb2NpZCI6Im83VXl3c2NYWE13cFZZZnhBQUFBQUE9PSIsInV1bGUiOiJ3K0NBSVFJQ0lGVTNCaGFXNCJ9,856
eyJqb2JfdGl0bGUiOiJUw6ljbmljby9hIGRlIGF0ZW5jacOzbiBhIHVzdWFyaW9zIC0gQ0FVIGluZm9ybcOhdGljYSIsImNvbXBhbnlfbmFtZSI6IklNQU4gVEVNUE9SSU5HIEVUVCwgUy5MLiIsImFkZHJlc3NfY2l0eSI6IlRlcnJhc3NhLCBTcGFpbiIsImh0aWRvY2lkIjoiRHVmOG9xQVkzRWZTeHJiVEFBQUFBQT09IiwidXVsZSI6IncrQ0FJUUlDSUZVM0JoYVc0In0=,1031
eyJqb2JfdGl0bGUiOiJUw6ljbmljby9hIHNvcG9ydGUgaW5mb3Jtw6F0aWNvIHwgKFctNzAxKSIsImNvbXBhbnlfbmFtZSI6IkVpbnplbG5ldCBTeXN0ZW1zIiwiYWRkcmVzc19jaXR5IjoiU3BhaW4iLCJodGlkb2NpZCI6ImVuVjMzVVJMcDJycFdvM0JBQUFBQUE9PSIsInV1bGUiOiJ3K0NBSVFJQ0lGVTNCaGFXNCJ9,775
eyJqb2JfdGl0bGUiOiJUw6ljbmljbyBTb3BvcnRlIE4xIC0gSW1wb3J0YW50ZSBjb21wYcOxw61hLiBIw61icmlkbyIsImNvbXBhbnlfbmFtZSI6Ik5ldyBUYW5kZW0gU0lNIiwiYWRkcmVzc19jaXR5IjoiTWFkcmlkLCBTcGFpbiIsImh0aWRvY2lkIjoiTEZtWkw0RDdsN0drNFloZkFBQUFBQT09IiwidXVsZSI6IncrQ0FJUUlDSUZVM0JoYVc0In0=,856
eyJqb2JfdGl0bGUiOiJURUNOSUNBL08gREUgU09QT1JURSBBTCBVU1VBUklPIE1BRFJJRCIsImNvbXBhbnlfbmFtZSI6IkdydXBvIFNlcm1pY3JvIiwiYWRkcmVzc19jaXR5IjoiTWFkcmlkLCBTcGFpbiIsImh0aWRvY2lkIjoiaWJ3aWtfMFFjcG5MaU53ZkFBQUFBQT09IiwidXVsZSI6IncrQ0FJUUlDSUZVM0JoYVc0In0=,856
eyJqb2JfdGl0bGUiOiJUw6ljbmljby9hIFNvcG9ydGUgVXN1YXJpb3MvYXMsIHByZXNlbmNpYWwgQ01TNjQ1IiwiY29tcGFueV9uYW1lIjoiR3J1cG8gU2VybWljcm8iLCJhZGRyZXNzX2NpdHkiOiJNdXJjaWEsIFNwYWluIiwiaHRpZG9jaWQiOiJqX2JKdE1IaWJOamlBWWZEQUFBQUFBPT0iLCJ1dWxlIjoidytDQUlRSUNJRlUzQmhhVzQifQ==,856
eyJqb2JfdGl0bGUiOiJUw6ljbmljby9hIGRlIFNvcG9ydGUgVMOpY25pY28gSnVuaW9yIiwiY29tcGFueV9uYW1lIjoiU0VJRE9SIiwiYWRkcmVzc19jaXR5IjoiQmFyY2Vsb25hLCBTcGFpbiIsImh0aWRvY2lkIjoieW1qMXdUaHFiUk5UYW5QM0FBQUFBQT09IiwidXVsZSI6IncrQ0FJUUlDSUZVM0JoYVc0In0=,152
eyJqb2JfdGl0bGUiOiJTb3BvcnRlIFByZXNlbmNpYWwgeSBTb3BvcnRlIFTDqWNuaWNvIFLDoXBpZG8iLCJjb21wYW55X25hbWUiOiJHU0IgU29sdXRpb25zIiwiYWRkcmVzc19jaXR5IjoiU3BhaW4iLCJodGlkb2NpZCI6InlUODkxclFzcUlfdmxrX3BBQUFBQUE9PSIsInV1bGUiOiJ3K0NBSVFJQ0lGVTNCaGFXNCJ9,128
eyJqb2JfdGl0bGUiOiJUw4lDTklDTyBERSBNSUNST0lORk9Nw4FUSUNBIC0gQXRlbmNpw7NuIGRlIHByaW1lciBuaXZlbCBhIHVzdWFyaW9zIChDQVUpIiwiY29tcGFueV9uYW1lIjoiSU1BTiBURU1QT1JJTkcgRVRULCBTLkwuIiwiYWRkcmVzc19jaXR5IjoiTGzDrXJpYSwgU3BhaW4iLCJodGlkb2NpZCI6Im40T1BxTXBRMk1lY2xkSzFBQUFBQUE9PSIsInV1bGUiOiJ3K0NBSVFJQ0lGVTNCaGFXNCJ9,721
eyJqb2JfdGl0bGUiOiJUw6ljbmljbyBkZSBTaXN0ZW1hcyBJbmZvcm3DoXRpY29zIFNlbmlvciBjb24gU29wb3J0ZSBhIFVzdWFyaW9zIiwiY29tcGFueV9uYW1lIjoiQTE2QklUIiwiYWRkcmVzc19jaXR5IjoiTWFkcmlkLCBTcGFpbiIsImh0aWRvY2lkIjoiZS1WRGprSWJDLVB5SG9CZ0FBQUFBQT09IiwidXVsZSI6IncrQ0FJUUlDSUZVM0JoYVc0In0=,135
eyJqb2JfdGl0bGUiOiJUw4lDTklDTy9BIEhFTFAgREVTSyBJVCIsImNvbXBhbnlfbmFtZSI6IkdSVVAgSU1BVElDQSIsImFkZHJlc3NfY2l0eSI6Ikdpcm9uYSwgU3BhaW4iLCJodGlkb2NpZCI6Ikw5dWJ1RkdNbVdJZFI5SmVBQUFBQUE9PSIsInV1bGUiOiJ3K0NBSVFJQ0lGVTNCaGFXNCJ9,775
eyJqb2JfdGl0bGUiOiJUw6ljbmljby9hIEhlbHBkZXNrIFNvcG9ydGUgVXN1YXJpb3MvYXMiLCJjb21wYW55X25hbWUiOiJDb25maWRlbmNpYWwiLCJhZGRyZXNzX2NpdHkiOiJMYXMgUGFsbWFzIGRlIEdyYW4gQ2FuYXJpYSwgU3BhaW4iLCJodGlkb2NpZCI6IjB3UFRnb1BCeEFkc19YT25BQUFBQUE9PSIsInV1bGUiOiJ3K0NBSVFJQ0lGVTNCaGFXNCJ9,721
eyJqb2JfdGl0bGUiOiIoQUs5MjkpIC0gVMOpY25pY28gSW5mb3Jtw6F0aWNvIFNvcG9ydGUgVXN1YXJpb3MgKG1pY3JvKS4gUHJlc2VuY2lhbCBjb24gSW5nbMOpcyBhbHRvIiwiY29tcGFueV9uYW1lIjoiSEVNTUVSU0JBQ0ggSUJFUklBIiwiYWRkcmVzc19jaXR5IjoiU2FiacOxw6FuaWdvLCBTcGFpbiIsImh0aWRvY2lkIjoib1plWlgxaE15c3ltVlRuUUFBQUFBQT09IiwidXVsZSI6IncrQ0FJUUlDSUZVM0JoYVc0In0=,571
eyJqb2JfdGl0bGUiOiJUw6ljbmljby9hIFNvcG9ydGUgTWljcm9pbmZvcm3DoXRpY28gLSBPbnNpdGUiLCJjb21wYW55X25hbWUiOiJGRFMsIEEgRFhDIFRlY2hub2xvZ3kgQ29tcGFueSIsImFkZHJlc3NfY2l0eSI6IkxvcyBDb3JyYWxlcyBkZSBCdWVsbmEsIFNwYWluIiwiaHRpZG9jaWQiOiI1OFFYQ0Y0ZHVTZkFIbnFvQUFBQUFBPT0iLCJ1dWxlIjoidytDQUlRSUNJRlUzQmhhVzQifQ==,128
eyJqb2JfdGl0bGUiOiJUw6ljbmljbyBkZSBzb3BvcnRlIiwiY29tcGFueV9uYW1lIjoiUHVsc2lhIFRlY2hub2xvZ3kiLCJhZGRyZXNzX2NpdHkiOiJHcmFuYWRhLCBTcGFpbiIsImh0aWRvY2lkIjoiZWZIa3VsTE1iQk8wNXRSVUFBQUFBQT09IiwidXVsZSI6IncrQ0FJUUlDSUZVM0JoYVc0In0=,579
eyJqb2JfdGl0bGUiOiJUw6ljbmljby9hIGRlIFNvcG9ydGUiLCJjb21wYW55X25hbWUiOiJTaW4gZXNwZWNpZmljYXIiLCJhZGRyZXNzX2NpdHkiOiJTcGFpbiIsImh0aWRvY2lkIjoiM3VjaDQyaFA1UTI1anFSbUFBQUFBQT09IiwidXVsZSI6IncrQ0FJUUlDSUZVM0JoYVc0In0=,274
eyJqb2JfdGl0bGUiOiJTb3BvcnRlIElUIC0gTml2ZWwgMSAoSC9NL1gpIDEzMDIiLCJjb21wYW55X25hbWUiOiJWw6hyaW5nZXIgSW5nZW5pZXLDrWEgQXZhbnphZGEiLCJhZGRyZXNzX2NpdHkiOiJCYXJjZWxvbmEsIFNwYWluIiwiaHRpZG9jaWQiOiJQMWphWldkRkFCUjA4QnYyQUFBQUFBPT0iLCJ1dWxlIjoidytDQUlRSUNJRlUzQmhhVzQifQ==,579
eyJqb2JfdGl0bGUiOiJUw6ljbmljbyBkZSBzb3BvcnRlIGluZm9ybcOhdGljbyIsImNvbXBhbnlfbmFtZSI6IkRBVEFDWUwiLCJhZGRyZXNzX2NpdHkiOiJWYWxsYWRvbGlkLCBTcGFpbiIsImh0aWRvY2lkIjoiWmVBVDFQMG16VFVfUGFYMkFBQUFBQT09IiwidXVsZSI6IncrQ0FJUUlDSUZVM0JoYVc0In0=,856
eyJqb2JfdGl0bGUiOiJTb3BvcnRlIG9uc2l0ZSBoYXJkd2FyZSB5IHNvZnR3YXJlIiwiY29tcGFueV9uYW1lIjoiUGFnZSBQZXJzb25uZWwiLCJhZGRyZXNzX2NpdHkiOiJNYWRyaWQsIFNwYWluIiwiaHRpZG9jaWQiOiJGYWpWdFlDcUFKWVdJSFh6QUFBQUFBPT0iLCJ1dWxlIjoidytDQUlRSUNJRlUzQmhhVzQifQ==,721
eyJqb2JfdGl0bGUiOiJSZXNwb25zYWJsZSBkZSBOZWdvY2lvIGVuIEF1dG9tYXRpemFjacOzbiBJbmR1c3RyaWFsIChIL00pIiwiY29tcGFueV9uYW1lIjoiQWN0ZW1pdW0gU3BhaW4iLCJhZGRyZXNzX2NpdHkiOiJPcnR1ZWxsYSwgU3BhaW4iLCJodGlkb2NpZCI6IkFNbTE4Zk9YTFlyb2VQLXJBQUFBQUE9PSIsInV1bGUiOiJ3K0NBSVFJQ0lGVTNCaGFXNCJ9,1216
eyJqb2JfdGl0bGUiOiJUw6ljbmljbyBkZSBkaXNlw7FvIGRlIGVxdWlwb3MgZGUgZmlicmEiLCJjb21wYW55X25hbWUiOiJFbCBHcnVwbyBMUFMiLCJhZGRyZXNzX2NpdHkiOiJNYWRyaWQsIFNwYWluIiwiaHRpZG9jaWQiOiJpQ3dSa19rUndVQXA5TFJnQUFBQUFBPT0iLCJ1dWxlIjoidytDQUlRSUNJRlUzQmhhVzQifQ==,128
eyJqb2JfdGl0bGUiOiJQcm9ncmFtYWRvci9hIEluZHVzdHJpYWwgUm9iw7N0aWNhIHkgQXV0b23DoXRpY2EiLCJjb21wYW55X25hbWUiOiJBdGxhcyBSb2JvdHMiLCJhZGRyZXNzX2NpdHkiOiJWYWxkZW1vcm8sIFNwYWluIiwiaHRpZG9jaWQiOiJKSFNtcG9IcUlFdHVaRFJZQUFBQUFBPT0iLCJ1dWxlIjoidytDQUlRSUNJRlUzQmhhVzQifQ==,44
eyJqb2JfdGl0bGUiOiJJbnZlc3RpZ2Fkb3IvYSBkZSBSb2LDs3RpY2EiLCJjb21wYW55X25hbWUiOiJMZWl0YXQgLSBDZW50cm8gVGVjbm9sw7NnaWNvIiwiYWRkcmVzc19jaXR5IjoiQmFyY2Vsb25hLCBTcGFpbiIsImh0aWRvY2lkIjoiZnNJTVpweC1KUWw4dDFfa0FBQUFBQT09IiwidXVsZSI6IncrQ0FJUUlDSUZVM0JoYVc0In0=,152
eyJqb2JfdGl0bGUiOiJQcm9ncmFtYWRvci9hIGRlIFJvYm90cyBJbmR1c3RyaWFsZXMgKEtVS0EpIiwiY29tcGFueV9uYW1lIjoiQUxURU4gU1BBSU4iLCJhZGRyZXNzX2NpdHkiOiJTcGFpbiIsImh0aWRvY2lkIjoiV25za2p0ekx3TURsT3RpUEFBQUFBQT09IiwidXVsZSI6IncrQ0FJUUlDSUZVM0JoYVc0In0=,128
eyJqb2JfdGl0bGUiOiJQcm9ncmFtYWRvcuKAiy9hIGRlIFJvYm90cyBJbmR1c3RyaWFsZXPigIsvS1VLQSIsImNvbXBhbnlfbmFtZSI6IkFMVEVOIFNQQUlOIiwiYWRkcmVzc19jaXR5IjoiU3BhaW4iLCJodGlkb2NpZCI6IjM2U0F0UlMtbmVQRlMwY2dBQUFBQUE9PSIsInV1bGUiOiJ3K0NBSVFJQ0lGVTNCaGFXNCJ9,128
eyJqb2JfdGl0bGUiOiJEaXNlw7FhZG9yIGRlIE1hcXVpbmFyaWEgaW5kdXN0cmlhbCIsImNvbXBhbnlfbmFtZSI6IkF0bGFzIFJvYm90cyBTLkwuIiwiYWRkcmVzc19jaXR5IjoiTWFkcmlkLCBTcGFpbiIsImh0aWRvY2lkIjoiaVVBY094YWxSa09zd0lPY0FBQUFBQT09IiwidXVsZSI6IncrQ0FJUUlDSUZVM0JoYVc0In0=,1069
eyJqb2JfdGl0bGUiOiJEZXNhcnJvbGxhZG9yL2EgU1cgRW1iZWJpZG8iLCJjb21wYW55X25hbWUiOiJCZXR3ZWVuIFRlY2hub2xvZ3kiLCJhZGRyZXNzX2NpdHkiOiJTcGFpbiIsImh0aWRvY2lkIjoiWXoyNm5kR1kwamVMOUwxd0FBQUFBQT09IiwidXVsZSI6IncrQ0FJUUlDSUZVM0JoYVc0In0=,128
eyJqb2JfdGl0bGUiOiJJbmdlbmllcm8gZGUgc29mdHdhcmUgaW5jcnVzdGFkbyIsImNvbXBhbnlfbmFtZSI6IlRyaXBsZSBFIC0gRUVFU0EiLCJhZGRyZXNzX2NpdHkiOiJBbGNvYmVuZGFzLCBTcGFpbiIsImh0aWRvY2lkIjoiRjZ1NV81OXBJWGxSSnhGaEFBQUFBQT09IiwidXVsZSI6IncrQ0FJUUlDSUZVM0JoYVc0In0=,152
eyJqb2JfdGl0bGUiOiJEaXNlw7FhZG9yIGdyw6FmaWNvIHkgVVgiLCJjb21wYW55X25hbWUiOiJpVXJiYW4iLCJhZGRyZXNzX2NpdHkiOiJNw6FsYWdhLCBTcGFpbiIsImh0aWRvY2lkIjoiS2g3cUhiWUJub1ZFc2hkaUFBQUFBQT09IiwidXVsZSI6IncrQ0FJUUlDSUZVM0JoYVc0In0=,93
eyJqb2JfdGl0bGUiOiJEaXNlw7FvIFVYL1VJIC0gQmVjYSIsImNvbXBhbnlfbmFtZSI6IlRoZSBDb2NrdGFpbCIsImFkZHJlc3NfY2l0eSI6Ik1hZHJpZCwgU3BhaW4iLCJodGlkb2NpZCI6IjcwYTdyWXlGMWo1LWhRLUpBQUFBQUE9PSIsInV1bGUiOiJ3K0NBSVFJQ0lGVTNCaGFXNCJ9,574
eyJqb2JfdGl0bGUiOiJEaXNlw7FhZG9yIFVYL1VJIiwiY29tcGFueV9uYW1lIjoiRmlkZWx0b3VyIiwiYWRkcmVzc19jaXR5IjoiU3BhaW4iLCJodGlkb2NpZCI6IkZnMV9Gb1Z5aEdZVWtUMWNBQUFBQUE9PSIsInV1bGUiOiJ3K0NBSVFJQ0lGVTNCaGFXNCJ9,98
eyJqb2JfdGl0bGUiOiJVWC9VSSBEZXNpZ25lciIsImNvbXBhbnlfbmFtZSI6IkdydXBvIERpZ2l0YWwiLCJhZGRyZXNzX2NpdHkiOiJDYXN0aWxlLUxhIE1hbmNoYSwgU3BhaW4iLCJodGlkb2NpZCI6IldoOFhlTHVPRHZPNk9Ob3lBQUFBQUE9PSIsInV1bGUiOiJ3K0NBSVFJQ0lGVTNCaGFXNCJ9,574
eyJqb2JfdGl0bGUiOiJVWC9VSSBEZXNpZ25lciAoQXBwcykiLCJjb21wYW55X25hbWUiOiJJZGVhbGlzdGEiLCJhZGRyZXNzX2NpdHkiOiJNYWRyaWQsIFNwYWluIiwiaHRpZG9jaWQiOiJVdU1peVBNaExPcnc5VGJ1QUFBQUFBPT0iLCJ1dWxlIjoidytDQUlRSUNJRlUzQmhhVzQifQ==,367
eyJqb2JfdGl0bGUiOiJVeC91aSBkZXNpZ25lciIsImNvbXBhbnlfbmFtZSI6IkhheXMiLCJhZGRyZXNzX2NpdHkiOiJCYXJjZWxvbmEsIFNwYWluIiwiaHRpZG9jaWQiOiJoTFpERnJEUDhXSm9KVzhkQUFBQUFBPT0iLCJ1dWxlIjoidytDQUlRSUNJRlUzQmhhVzQifQ==,251
eyJqb2JfdGl0bGUiOiJVWC9VSSBEZXNpZ25lciIsImNvbXBhbnlfbmFtZSI6IkdhcmFqZSBkZSBpZGVhcyIsImFkZHJlc3NfY2l0eSI6Ik1hZHJpZCwgU3BhaW4iLCJodGlkb2NpZCI6Ik1YNGU5dHNsaXBNbDlWNmlBQUFBQUE9PSIsInV1bGUiOiJ3K0NBSVFJQ0lGVTNCaGFXNCJ9,579
eyJqb2JfdGl0bGUiOiJUw6ljbmljbyB0ZWxlY29tdW5pY2FjaW9uZXMgKHJlZCBtb3ZpbCkiLCJjb21wYW55X25hbWUiOiJPZmciLCJhZGRyZXNzX2NpdHkiOiJBc3R1cmlhcywgU3BhaW4iLCJodGlkb2NpZCI6ImN2U09LemxZT1p3NUdxRzNBQUFBQUE9PSIsInV1bGUiOiJ3K0NBSVFJQ0lGVTNCaGFXNCJ9,128
eyJqb2JfdGl0bGUiOiJUw4lDTklDTyBFTiBURUxFQ09NVU5JQ0FDSU9ORVMgKMOBTEFWQSkiLCJjb21wYW55X25hbWUiOiJHcnVwbyBFbmVydGVsIiwiYWRkcmVzc19jaXR5IjoiVml0b3JpYS1HYXN0ZWl6LCBTcGFpbiIsImh0aWRvY2lkIjoiV3NDb2k2XzBlX1JONjByX0FBQUFBQT09IiwidXVsZSI6IncrQ0FJUUlDSUZVM0JoYVc0In0=,152
eyJqb2JfdGl0bGUiOiJBbmFsaXN0YSBkZSBwcm9jZXNvcyIsImNvbXBhbnlfbmFtZSI6IlZvbGtzd2FnZW4gR3JvdXAgU2VydmljZXMgQmFyY2Vsb25hIiwiYWRkcmVzc19jaXR5IjoiTWFydG9yZWxsLCBTcGFpbiIsImh0aWRvY2lkIjoiNlVIYXZQaWVQYWw2REdXeEFBQUFBQT09IiwidXVsZSI6IncrQ0FJUUlDSUZVM0JoYVc0In0=,86
eyJqb2JfdGl0bGUiOiJBbmFsaXN0YSBkZSBQcm9jZXNvcyAtIFByb2Nlc3MgTWluaW5nIiwiY29tcGFueV9uYW1lIjoiTlRUIERhdGEiLCJhZGRyZXNzX2NpdHkiOiJNYWRyaWQsIFNwYWluIiwiaHRpZG9jaWQiOiJXYnZ2a012LWg3VWVrOXZGQUFBQUFBPT0iLCJ1dWxlIjoidytDQUlRSUNJRlUzQmhhVzQifQ==,274
eyJqb2JfdGl0bGUiOiJJbmdlbmllcm8vYSBkZSBwcm9jZXNvcyB5IHByb2R1Y2Npw7NuIiwiY29tcGFueV9uYW1lIjoiTEhIIiwiYWRkcmVzc19jaXR5IjoiVmFsZW5jaWEsIFNwYWluIiwiaHRpZG9jaWQiOiJNTUhKdHpqMkdVd0NaeWlyQUFBQUFBPT0iLCJ1dWxlIjoidytDQUlRSUNJRlUzQmhhVzQifQ==,1006
eyJqb2JfdGl0bGUiOiJJbmdlbmllcm8vYSBjYWxpZGFkIHNlY3RvciBhZXJvbsOhdXRpY28iLCJjb21wYW55X25hbWUiOiJUUklHTyBBZXJvc3BhY2UgRGVmZW5zZSBcdTAwMjYgUmFpbCIsImFkZHJlc3NfY2l0eSI6IkdldGFmZSwgU3BhaW4iLCJodGlkb2NpZCI6IlNQTGpzUmZzcGw0UHZ3SVNBQUFBQUE9PSIsInV1bGUiOiJ3K0NBSVFJQ0lGVTNCaGFXNCJ9,542
eyJqb2JfdGl0bGUiOiJJbmdlbmllcm8gUWEgU2VuaW9yIERlIENhbGlkYWQgRGUgU29mdHdhcmUiLCJjb21wYW55X25hbWUiOiJDcmVhcnRlIENvbnN1bHRpbmciLCJhZGRyZXNzX2NpdHkiOiJCYXJjZWxvbmEsIFNwYWluIiwiaHRpZG9jaWQiOiJPeTBVcm95T0UtLUpJOXAxQUFBQUFBPT0iLCJ1dWxlIjoidytDQUlRSUNJRlUzQmhhVzQifQ==,128
eyJqb2JfdGl0bGUiOiJJbmdlbmllcm8vYSBDYWxpZGFkIiwiY29tcGFueV9uYW1lIjoiVHJpZ28gR3JvdXAiLCJhZGRyZXNzX2NpdHkiOiJTcGFpbiIsImh0aWRvY2lkIjoiT0UtMWpxaVRzYjlkdVZKV0FBQUFBQT09IiwidXVsZSI6IncrQ0FJUUlDSUZVM0JoYVc0In0=,128
eyJqb2JfdGl0bGUiOiJUw4lDTklDTyBERSBTT1BPUlRFIE5JVkVMIElJIiwiY29tcGFueV9uYW1lIjoiYW50YWwuY29tIiwiYWRkcmVzc19jaXR5IjoiTWFkcmlkLCBTcGFpbiIsImh0aWRvY2lkIjoiVUFYYk9ib0hjcUxnaS1Qb0FBQUFBQT09IiwidXVsZSI6IncrQ0FJUUlDSUZVM0JoYVc0In0=,856
eyJqb2JfdGl0bGUiOiJUw6ljbmljbyBEZSBTb3BvcnRlIE5pdmVsIDEiLCJjb21wYW55X25hbWUiOiJQU1MiLCJhZGRyZXNzX2NpdHkiOiJTcGFpbiIsImh0aWRvY2lkIjoiXzBSQ29mVmpJSFQ5YmZvLUFBQUFBQT09IiwidXVsZSI6IncrQ0FJUUlDSUZVM0JoYVc0In0=,721
eyJqb2JfdGl0bGUiOiIoTS05NDEpIC0gQW5hbGlzdGEgRnVuY2lvbmFsIGNvbiBleHBlcmllbmNpYSBlbiBFc3RhZG9zIEZpbmFuY2llcm9zIiwiY29tcGFueV9uYW1lIjoiQXRtaXJhIiwiYWRkcmVzc19jaXR5IjoiVmlsYWZyYW5jYSBkZWwgUGVuZWTDqHMsIFNwYWluIiwiaHRpZG9jaWQiOiJQOWRVRzc5V3JiTHRJM1h5QUFBQUFBPT0iLCJ1dWxlIjoidytDQUlRSUNJRlUzQmhhVzQifQ==,98
eyJqb2JfdGl0bGUiOiJBbmFsaXN0YSBGaW5hbmNpZXJvIiwiY29tcGFueV9uYW1lIjoiR2VzIENvbnN1bHRvcmVzIiwiYWRkcmVzc19jaXR5IjoiU3BhaW4iLCJodGlkb2NpZCI6Ik9fYkRjcXlFMmh5ZzVwWGtBQUFBQUE9PSIsInV1bGUiOiJ3K0NBSVFJQ0lGVTNCaGFXNCJ9,86
eyJqb2JfdGl0bGUiOiJBbmFsaXN0YSBkZSBkYXRvcyBmaW5hbmNpZXJvcyIsImNvbXBhbnlfbmFtZSI6IkRYQyBUZWNobm9sb2d5IiwiYWRkcmVzc19jaXR5IjoiQ2F0YWxvbmlhLCBTcGFpbiIsImh0aWRvY2lkIjoidnZJM0JIYTd5b1JQdzUtN0FBQUFBQT09IiwidXVsZSI6IncrQ0FJUUlDSUZVM0JoYVc0In0=,86
eyJqb2JfdGl0bGUiOiJBbmFsaXN0YSBGaW5hbmNpZXJvIiwiY29tcGFueV9uYW1lIjoiR0VTIENPTlNVTFRPUkVTIiwiYWRkcmVzc19jaXR5IjoiQSBDb3J1w7FhLCBTcGFpbiIsImh0aWRvY2lkIjoidGhScEpKSU05bExlZzE0REFBQUFBQT09IiwidXVsZSI6IncrQ0FJUUlDSUZVM0JoYVc0In0=,86
eyJqb2JfdGl0bGUiOiJSaXZlOiBBbmFsaXN0YSBGaW5hbmNpZXJvIiwiY29tcGFueV9uYW1lIjoiam9pbi5jb20iLCJhZGRyZXNzX2NpdHkiOiJNYWRyaWQsIFNwYWluIiwiaHRpZG9jaWQiOiJSbWQtRHZGWTJtNlBnN0t1QUFBQUFBPT0iLCJ1dWxlIjoidytDQUlRSUNJRlUzQmhhVzQifQ==,86
eyJqb2JfdGl0bGUiOiJBbmFsaXN0YSBQbGFuaWZpY2FjacOzbiBGaW5hbmNpZXJhIiwiY29tcGFueV9uYW1lIjoiTGluZWEgRGlyZWN0YSBBc2VndXJhZG9yYSIsImFkZHJlc3NfY2l0eSI6Ik1hZHJpZCwgU3BhaW4iLCJodGlkb2NpZCI6ImVoYXpXdEI2QVhxVVJtbU1BQUFBQUE9PSIsInV1bGUiOiJ3K0NBSVFJQ0lGVTNCaGFXNCJ9,86
eyJqb2JfdGl0bGUiOiJDb250cm9sbGVyIGZpbmFuY2llcm8iLCJjb21wYW55X25hbWUiOiJGeXRlIiwiYWRkcmVzc19jaXR5IjoiU2FudCBDdWdhdCBkZWwgVmFsbMOocywgU3BhaW4iLCJodGlkb2NpZCI6IklFQkxacUVubUZiT2VDX1dBQUFBQUE9PSIsInV1bGUiOiJ3K0NBSVFJQ0lGVTNCaGFXNCJ9,856
eyJqb2JfdGl0bGUiOiJBbmFsaXN0YSBkZSBjb25jaWxpYWNpw7NuIGRlIGN1ZW50YXMgLSBTZXZpbGxhIiwiY29tcGFueV9uYW1lIjoiTkEiLCJhZGRyZXNzX2NpdHkiOiJCYXJjZWxvbmEsIFNwYWluIiwiaHRpZG9jaWQiOiJ0Q0FSQmhsYUhZbHhmYS1aQUFBQUFBPT0iLCJ1dWxlIjoidytDQUlRSUNJRlUzQmhhVzQifQ==,616
eyJqb2JfdGl0bGUiOiJBTkFMSVNUQSBESUdJVEFMIFNBTEVTIiwiY29tcGFueV9uYW1lIjoiQ0FJWEFCQU5LIFMuQS4iLCJhZGRyZXNzX2NpdHkiOiJCYXJjZWxvbmEsIFNwYWluIiwiaHRpZG9jaWQiOiJBV25Rd0ZNcWNOZTFJcTdJQUFBQUFBPT0iLCJ1dWxlIjoidytDQUlRSUNJRlUzQmhhVzQifQ==,274
eyJqb2JfdGl0bGUiOiJHRVNUT1IvQSBERSBBTkFMSVNJUyBZIFJFUE9SVElORyBQT1IgTkVHT0NJT1MgKEJBUkNFTE9OQS9NQURSSUQpIiwiY29tcGFueV9uYW1lIjoiQ2FpeGFCYW5rLCBTLkEiLCJhZGRyZXNzX2NpdHkiOiJBbmRhbHVzaWEsIFNwYWluIiwiaHRpZG9jaWQiOiJXWndReHBlTjI3b3hhT2N0QUFBQUFBPT0iLCJ1dWxlIjoidytDQUlRSUNJRlUzQmhhVzQifQ==,86
eyJqb2JfdGl0bGUiOiJBZG1pbmlzdHJhdGl2by9hIiwiY29tcGFueV9uYW1lIjoiTGV5dG9uIiwiYWRkcmVzc19jaXR5IjoiTcOhbGFnYSwgU3BhaW4iLCJodGlkb2NpZCI6IlZ0by1RdC1FU3FnNXZnU21BQUFBQUE9PSIsInV1bGUiOiJ3K0NBSVFJQ0lGVTNCaGFXNCJ9,86
eyJqb2JfdGl0bGUiOiIxMzcyIC0gVMOpY25pY28vYSBkZSBTaXN0ZW1hcyBMaW51eCIsImNvbXBhbnlfbmFtZSI6IkFsY29yY2UgVGVsZWNvbXVuaWNhY2lvbmVzIiwiYWRkcmVzc19jaXR5IjoiTWFkcmlkLCBTcGFpbiIsImh0aWRvY2lkIjoiU1dFZVVuaG1lemF2ZTNld0FBQUFBQT09IiwidXVsZSI6IncrQ0FJUUlDSUZVM0JoYVc0In0=,152
eyJqb2JfdGl0bGUiOiJUZWNuaWNvIGRlIHNpc3RlbWFzIGp1bmlvciBMaW51eC9XaW50ZWwiLCJjb21wYW55X25hbWUiOiJEaWdpdGFsIFRhbGVudCBBZ2VuY3kiLCJhZGRyZXNzX2NpdHkiOiJCYXJjZWxvbmEsIFNwYWluIiwiaHRpZG9jaWQiOiJ3Z2NxeUpfV1lDeUpjMmNLQUFBQUFBPT0iLCJ1dWxlIjoidytDQUlRSUNJRlUzQmhhVzQifQ==,152
eyJqb2JfdGl0bGUiOiJUw6ljbmljbyBkZSBTaXN0ZW1hcyBMSU5VWCIsImNvbXBhbnlfbmFtZSI6IkFkZWxhbnRUYSIsImFkZHJlc3NfY2l0eSI6Ik1hZHJpZCwgU3BhaW4iLCJodGlkb2NpZCI6IlBvRU9NXzc2RmJUblY4M2pBQUFBQUE9PSIsInV1bGUiOiJ3K0NBSVFJQ0lGVTNCaGFXNCJ9,152
eyJqb2JfdGl0bGUiOiJUw6ljbmljby9hIGRlIFNpc3RlbWFzIExpbnV4IiwiY29tcGFueV9uYW1lIjoiQ0FTIFRSQUlOSU5HIiwiYWRkcmVzc19jaXR5IjoiTWFkcmlkLCBTcGFpbiIsImh0aWRvY2lkIjoicmRZVDdIYTRtVWdvdXU1R0FBQUFBQT09IiwidXVsZSI6IncrQ0FJUUlDSUZVM0JoYVc0In0=,152
eyJqb2JfdGl0bGUiOiJUw6ljbmljbyBkZSBzaXN0ZW1hcyB1bml4L2xpbnV4IHJlbW90byIsImNvbXBhbnlfbmFtZSI6IlBzcyIsImFkZHJlc3NfY2l0eSI6Ik3DoWxhZ2EsIFNwYWluIiwiaHRpZG9jaWQiOiJzajdlXzM2Z3JoVUhZZFhjQUFBQUFBPT0iLCJ1dWxlIjoidytDQUlRSUNJRlUzQmhhVzQifQ==,152
eyJqb2JfdGl0bGUiOiJUw6ljbmljbyBTaXN0ZW1hcyBTZW5pb3IgTGludXhcdFx0XHRcdFx0XHRcdFx0XHJcblx0XHRcdFx0XHRcdFx0XHRcclxuXHRcdFx0XHRcdFx0XHRcdFx0KE1hZHJpZCkiLCJjb21wYW55X25hbWUiOiJTZWx0aW1lIiwiYWRkcmVzc19jaXR5IjoiTWFkcmlkLCBTcGFpbiIsImh0aWRvY2lkIjoiTWhWVTFIWUt6emJ0TG5nTUFBQUFBQT09IiwidXVsZSI6IncrQ0FJUUlDSUZVM0JoYVc0In0=,152
eyJqb2JfdGl0bGUiOiJBZG1pbmlzdHJhZG9yL2EgU1FMIiwiY29tcGFueV9uYW1lIjoiSU9PTiIsImFkZHJlc3NfY2l0eSI6IlNwYWluIiwiaHRpZG9jaWQiOiJUaF9KWi0zLVR2LS1CTDFhQUFBQUFBPT0iLCJ1dWxlIjoidytDQUlRSUNJRlUzQmhhVzQifQ==,274
eyJqb2JfdGl0bGUiOiJBZG1pbmlzdHJhZG9yIGRlIEJhc2VzIGRlIERhdG9zIFNRTCIsImNvbXBhbnlfbmFtZSI6ImVYcGVyaWVuY2UiLCJhZGRyZXNzX2NpdHkiOiJNYWRyaWQsIFNwYWluIiwiaHRpZG9jaWQiOiJxMWM4VGRzQVc2M2JmTVhxQUFBQUFBPT0iLCJ1dWxlIjoidytDQUlRSUNJRlUzQmhhVzQifQ==,274
eyJqb2JfdGl0bGUiOiJBZG1pbmlzdHJhZG9yIGRlIEJhc2VzIGRlIERhdG9zLyBTeWJhc2UiLCJjb21wYW55X25hbWUiOiJBTFZFQSBTT0xVQ0lPTkVTIFRFQ05PTE9HSUNBUywgUy5MLiIsImFkZHJlc3NfY2l0eSI6Ik1hZHJpZCwgU3BhaW4iLCJodGlkb2NpZCI6ImJGcFZPRVpGUkpsSmM1Z3FBQUFBQUE9PSIsInV1bGUiOiJ3K0NBSVFJQ0lGVTNCaGFXNCJ9,274
eyJqb2JfdGl0bGUiOiJBZG1pbmlzdHJhZG9yIGRlIEJhc2VzIGRlIGRhdG9zIE9yYWNsZSIsImNvbXBhbnlfbmFtZSI6IkxpbmVjb20gTmV0d29ya3MgU0wiLCJhZGRyZXNzX2NpdHkiOiJCYXJjZWxvbmEsIFNwYWluIiwiaHRpZG9jaWQiOiJVdU5hckhqbm1NbFVoU2V3QUFBQUFBPT0iLCJ1dWxlIjoidytDQUlRSUNJRlUzQmhhVzQifQ==,202
eyJqb2JfdGl0bGUiOiJBZG1pbmlzdHJhZG9yIGJhc2VzIGRlIGRhdG9zIFNRTCBTZXJ2ZXIgU2VuaW9yIChyZW1vdG8pIiwiY29tcGFueV9uYW1lIjoiTcOpdHJpY2EgQ29uc3VsdGluZyIsImFkZHJlc3NfY2l0eSI6IlNwYWluIiwiaHRpZG9jaWQiOiJqaVBxdzExZUlUT2RkYnpzQUFBQUFBPT0iLCJ1dWxlIjoidytDQUlRSUNJRlUzQmhhVzQifQ==,274
eyJqb2JfdGl0bGUiOiJBZG1pbmlzdHJhZG9yIGRlIEJhc2VzIGRlIERhdG9zIiwiY29tcGFueV9uYW1lIjoiVmFzdGJvdXciLCJhZGRyZXNzX2NpdHkiOiJTcGFpbiIsImh0aWRvY2lkIjoiLWwxWnNOVVU2Vk9KU3JrWkFBQUFBQT09IiwidXVsZSI6IncrQ0FJUUlDSUZVM0JoYVc0In0=,274
eyJqb2JfdGl0bGUiOiJBZG1pbmlzdHJhZG9yIERlIEJhc2UgRGF0b3MgU3FsIFNlcnZlciIsImNvbXBhbnlfbmFtZSI6IkNzYSBBc3NvY2lhdHMiLCJhZGRyZXNzX2NpdHkiOiJCYXJjZWxvbmEsIFNwYWluIiwiaHRpZG9jaWQiOiJPcTF6ZGVyUXZBWmUtVVEyQUFBQUFBPT0iLCJ1dWxlIjoidytDQUlRSUNJRlUzQmhhVzQifQ==,274
eyJqb2JfdGl0bGUiOiJEQkHigIsvYWRtaW5pc3RyYWRvcuKAiy9hIGRlIGRlIGRhdG9zIiwiY29tcGFueV9uYW1lIjoiU3VienplZHVjYXRpb24iLCJhZGRyZXNzX2NpdHkiOiJBIENvcnXDsWEsIFNwYWluIiwiaHRpZG9jaWQiOiJnSzZVNFUyZHpyN2NtdGFGQUFBQUFBPT0iLCJ1dWxlIjoidytDQUlRSUNJRlUzQmhhVzQifQ==,274
eyJqb2JfdGl0bGUiOiJBZG1pbmlzdHJhZG9yL0EgQmJkZCBTcWwgU2VydmVyIiwiY29tcGFueV9uYW1lIjoiTG9naWNhbGlzIFNwYWluIiwiYWRkcmVzc19jaXR5IjoiQmFyY2Vsb25hLCBTcGFpbiIsImh0aWRvY2lkIjoiR0tydko5ckZON0FxMC1LUEFBQUFBQT09IiwidXVsZSI6IncrQ0FJUUlDSUZVM0JoYVc0In0=,274
eyJqb2JfdGl0bGUiOiJEQkEgU1FMIFNlcnZlciwgcHJlc2VuY2lhbCBNYWRyaWQgTWFkcmlkLCBNYWRyaWQsIEVTIiwiY29tcGFueV9uYW1lIjoiU2VsdGltZSIsImFkZHJlc3NfY2l0eSI6Ik1hZHJpZCwgU3BhaW4iLCJodGlkb2NpZCI6Ilo5N3pNWmI0bjVoeDI1YWFBQUFBQUE9PSIsInV1bGUiOiJ3K0NBSVFJQ0lGVTNCaGFXNCJ9,274
eyJqb2JfdGl0bGUiOiJBbmFsaXN0YSBzZWd1cmlkYWQiLCJjb21wYW55X25hbWUiOiJDYXMgVHJhaW5pbmciLCJhZGRyZXNzX2NpdHkiOiJNYWRyaWQsIFNwYWluIiwiaHRpZG9jaWQiOiJsZndLTE96VndOMXVuemp2QUFBQUFBPT0iLCJ1dWxlIjoidytDQUlRSUNJRlUzQmhhVzQifQ==,128
eyJqb2JfdGl0bGUiOiJBbmFsaXN0YSBkZSBTZWd1cmlkYWQiLCJjb21wYW55X25hbWUiOiJJTk5PVkFTVVIiLCJhZGRyZXNzX2NpdHkiOiJKYcOpbiwgU3BhaW4iLCJodGlkb2NpZCI6IlVNVVlUZ21DcFRBNUxycnJBQUFBQUE9PSIsInV1bGUiOiJ3K0NBSVFJQ0lGVTNCaGFXNCJ9,128
eyJqb2JfdGl0bGUiOiJBbmFsaXN0YSBkZSBjaWJlcnNlZ3VyaWRhZCIsImNvbXBhbnlfbmFtZSI6IkhheXMiLCJhZGRyZXNzX2NpdHkiOiJCYXJjZWxvbmEsIFNwYWluIiwiaHRpZG9jaWQiOiIxa1pxeXJfMkk5LXlkTmgzQUFBQUFBPT0iLCJ1dWxlIjoidytDQUlRSUNJRlUzQmhhVzQifQ==,856
eyJqb2JfdGl0bGUiOiJDb25zdWx0b3IgVMOpY25pY28vQW5hbGlzdGEgVMOpY25pY28gSGFzaGlDb3JwIiwiY29tcGFueV9uYW1lIjoiTWluc2FpdCIsImFkZHJlc3NfY2l0eSI6Ik1hZHJpZCwgU3BhaW4iLCJodGlkb2NpZCI6IkgyVXlXZFpKYXRWZk5vZ25BQUFBQUE9PSIsInV1bGUiOiJ3K0NBSVFJQ0lGVTNCaGFXNCJ9,128
eyJqb2JfdGl0bGUiOiJBbmFsaXN0YSBzZWd1cmlkYWQgTjMgU01FIFByb3RlY3QiLCJjb21wYW55X25hbWUiOiJHcnVwbyBTSUEiLCJhZGRyZXNzX2NpdHkiOiJCaWxiYW8sIFNwYWluIiwiaHRpZG9jaWQiOiJ3R2lGQ2syejBpSXFEclpGQUFBQUFBPT0iLCJ1dWxlIjoidytDQUlRSUNJRlUzQmhhVzQifQ==,30
eyJqb2JfdGl0bGUiOiJUw6ljbmljbyBkZSBzaXN0ZW1hcyBXSU5ET1dTIHkgTElOVVgiLCJjb21wYW55X25hbWUiOiJjbGlja2lUUG9pbnQiLCJhZGRyZXNzX2NpdHkiOiJNYWRyaWQsIFNwYWluIiwiaHRpZG9jaWQiOiJhVDdEenhTd1BlTTBPZW1xQUFBQUFBPT0iLCJ1dWxlIjoidytDQUlRSUNJRlUzQmhhVzQifQ==,152
eyJqb2JfdGl0bGUiOiJUw6ljbmljbyBlbiBBZG1pbmlzdHJhY2nDs24gZGUgU2lzdGVtYXMgV2luZG93cyIsImNvbXBhbnlfbmFtZSI6ImlUUmVjcnVpdGVyIiwiYWRkcmVzc19jaXR5IjoiU2V2aWxsZSwgU3BhaW4iLCJodGlkb2NpZCI6IlQyVkZkb1N6SnZMSGpIdXpBQUFBQUE9PSIsInV1bGUiOiJ3K0NBSVFJQ0lGVTNCaGFXNCJ9,856
eyJqb2JfdGl0bGUiOiJUw6ljbmljbyBkZSBzaXN0ZW1hcyBXaW5kb3dzIGNvbiBpbmdsw6lzIiwiY29tcGFueV9uYW1lIjoiUGFnZSBQZXJzb25uZWwgRVRUIiwiYWRkcmVzc19jaXR5IjoiTWFkcmlkLCBTcGFpbiIsImh0aWRvY2lkIjoidG9xRXlyaUQzZklBb1ozWUFBQUFBQT09IiwidXVsZSI6IncrQ0FJUUlDSUZVM0JoYVc0In0=,274
eyJqb2JfdGl0bGUiOiJUw6ljbmljbyBJbmZvcm3DoXRpY28vQWRtaW5pc3RyYWNpw7NuIFdpbmRvd3MgKEgvTS9YKSBIw61icmlkbyBNYWphZGFob25kYSIsImNvbXBhbnlfbmFtZSI6Ik1hbnBvd2VyIFNwYWluIiwiYWRkcmVzc19jaXR5IjoiQWxiYWNldGUsIFNwYWluIiwiaHRpZG9jaWQiOiIydlpXeHBRU0Z1RFNwUU96QUFBQUFBPT0iLCJ1dWxlIjoidytDQUlRSUNJRlUzQmhhVzQifQ==,856
eyJqb2JfdGl0bGUiOiJUw6ljbmljbyBTaXN0ZW1hcyIsImNvbXBhbnlfbmFtZSI6IkFkNCBPY3RvZ29ubyIsImFkZHJlc3NfY2l0eSI6Ik1hZHJpZCwgU3BhaW4iLCJodGlkb2NpZCI6ImJPR3RoMjV2S2tHR20wWDBBQUFBQUE9PSIsInV1bGUiOiJ3K0NBSVFJQ0lGVTNCaGFXNCJ9,856
eyJqb2JfdGl0bGUiOiJUw6ljbmljbyBkZSBTaXN0ZW1hcyBTw6luaW9yIE1pY3Jvc29mdCIsImNvbXBhbnlfbmFtZSI6IkV0eGVzb2Z0IFRlY2hub2xvZ2llcyBcdTAwMjYgQ29uc3VsdGluZyIsImFkZHJlc3NfY2l0eSI6Ik1hZHJpZCwgU3BhaW4iLCJodGlkb2NpZCI6IldqbFB1ZWowRnVmdFlSTktBQUFBQUE9PSIsInV1bGUiOiJ3K0NBSVFJQ0lGVTNCaGFXNCJ9,856
eyJqb2JfdGl0bGUiOiJJbmdlbmllcm8gZGUgRmlybXdhcmUgU3IuIHwgSW1wb3J0YW50ZSBFbXByZXNhIiwiY29tcGFueV9uYW1lIjoiSU5IQVVTIiwiYWRkcmVzc19jaXR5IjoiTWFkcmlkLCBTcGFpbiIsImh0aWRvY2lkIjoiTTQ4bERXWGFnUndoM05GUUFBQUFBQT09IiwidXVsZSI6IncrQ0FJUUlDSUZVM0JoYVc0In0=,1023
eyJqb2JfdGl0bGUiOiJBbmFsaXN0YSBQZW9wbGUgRGF0YSIsImNvbXBhbnlfbmFtZSI6Ik11bHRpbmFjaW9uYWwiLCJhZGRyZXNzX2NpdHkiOiJTZXZpbGxlLCBTcGFpbiIsImh0aWRvY2lkIjoidjQ2YjVQUFN2MGJseXk1N0FBQUFBQT09IiwidXVsZSI6IncrQ0FJUUlDSUZVM0JoYVc0In0=,366
eyJqb2JfdGl0bGUiOiJbVzY5OF0gfCBBbmFsaXN0YSBkZSBEYXRvcyBSZWN1cnNvcyBIdW1hbm9zIiwiY29tcGFueV9uYW1lIjoiTGFMaWdhIiwiYWRkcmVzc19jaXR5IjoiTWFkcmlkLCBTcGFpbiIsImh0aWRvY2lkIjoiWHYzX2xpckVaV0ZZRGVhUkFBQUFBQT09IiwidXVsZSI6IncrQ0FJUUlDSUZVM0JoYVc0In0=,151
eyJqb2JfdGl0bGUiOiJBbmFsaXN0YSBwcm9ncmFtYWRvciBDT0JPTC9BUzQwMCIsImNvbXBhbnlfbmFtZSI6IkJhYmVsIFNpc3RlbWFzIiwiYWRkcmVzc19jaXR5IjoiTWFkcmlkLCBTcGFpbiIsImh0aWRvY2lkIjoiLVdzVU1FbUlvX05CcHJWaUFBQUFBQT09IiwidXVsZSI6IncrQ0FJUUlDSUZVM0JoYVc0In0=,513
eyJqb2JfdGl0bGUiOiJQcm9ncmFtYWRvciBDb2JvbC8gTWljcm9mb2N1cyIsImNvbXBhbnlfbmFtZSI6IlNvcHJhIFN0ZXJpYSIsImFkZHJlc3NfY2l0eSI6Ik1hZHJpZCwgU3BhaW4iLCJodGlkb2NpZCI6InZKS2RqSVBsLW5yaDhjb0JBQUFBQUE9PSIsInV1bGUiOiJ3K0NBSVFJQ0lGVTNCaGFXNCJ9,513
eyJqb2JfdGl0bGUiOiJQcm9ncmFtYWRvciBDb2JvbCwgMTAwJSBFbiByZW1vdG8iLCJjb21wYW55X25hbWUiOiJDTVYgQ29uc3VsdG9yZXMiLCJhZGRyZXNzX2NpdHkiOiJNYWRyaWQsIFNwYWluIiwiaHRpZG9jaWQiOiJkbVcyZ3BIal9BYnpjSUFQQUFBQUFBPT0iLCJ1dWxlIjoidytDQUlRSUNJRlUzQmhhVzQifQ==,513
eyJqb2JfdGl0bGUiOiJBbmFsaXN0YSBQcm9ncmFtYWRvciBDb2JvbCBSZW1vdG8uIiwiY29tcGFueV9uYW1lIjoic2cgdGVjaCIsImFkZHJlc3NfY2l0eSI6Ik1hZHJpZCwgU3BhaW4iLCJodGlkb2NpZCI6IkRvRDYzTGFUZjgxSVo3aG5BQUFBQUE9PSIsInV1bGUiOiJ3K0NBSVFJQ0lGVTNCaGFXNCJ9,513
eyJqb2JfdGl0bGUiOiJQcm9ncmFtYWRvciBDb2JvbCIsImNvbXBhbnlfbmFtZSI6Ik1pY2hhZWwgUGFnZSIsImFkZHJlc3NfY2l0eSI6IkRvbm9zdGlhLVNhbiBTZWJhc3RpYW4sIFNwYWluIiwiaHRpZG9jaWQiOiJNWEhVTG1zSFk3SHh2VmViQUFBQUFBPT0iLCJ1dWxlIjoidytDQUlRSUNJRlUzQmhhVzQifQ==,513
eyJqb2JfdGl0bGUiOiJQcm9ncmFtYWRvciBjb2JvbCAvIG1pY3JvZm9jdXMiLCJjb21wYW55X25hbWUiOiJUdXnDuiBUZWNobm9sb2d5IiwiYWRkcmVzc19jaXR5IjoiTWFkcmlkLCBTcGFpbiIsImh0aWRvY2lkIjoiVnZTaFVaRjBaQ2JBMDR3RkFBQUFBQT09IiwidXVsZSI6IncrQ0FJUUlDSUZVM0JoYVc0In0=,513
eyJqb2JfdGl0bGUiOiJQcm9ncmFtYWRvciBjb2JvbCBhcy80MDAiLCJjb21wYW55X25hbWUiOiJBcmVsYW5jZSIsImFkZHJlc3NfY2l0eSI6Ik1hZHJpZCwgU3BhaW4iLCJodGlkb2NpZCI6ImJfRHoxT2pXdG9DSGNxcFhBQUFBQUE9PSIsInV1bGUiOiJ3K0NBSVFJQ0lGVTNCaGFXNCJ9,513
eyJqb2JfdGl0bGUiOiJQcm9ncmFtYWRvci9hIGNvYm9sIGp1bmlvciIsImNvbXBhbnlfbmFtZSI6IlR1ecO6IFRlY2hub2xvZ3kiLCJhZGRyZXNzX2NpdHkiOiJDw6FjZXJlc+KAjiwgU3BhaW4iLCJodGlkb2NpZCI6Inh0M0RrMEhaNG9UeTZlRjBBQUFBQUE9PSIsInV1bGUiOiJ3K0NBSVFJQ0lGVTNCaGFXNCJ9,513
eyJqb2JfdGl0bGUiOiJBbmFsaXN0YSAvIFByb2dyYW1hZG9yIENvYm9sIiwiY29tcGFueV9uYW1lIjoiQmV0dGVyIENvbnN1bHRhbnRzIiwiYWRkcmVzc19jaXR5IjoiWmFyYWdvemEsIFNwYWluIiwiaHRpZG9jaWQiOiJsNjEwSzdFQjJlX2J4SEVjQUFBQUFBPT0iLCJ1dWxlIjoidytDQUlRSUNJRlUzQmhhVzQifQ==,513
eyJqb2JfdGl0bGUiOiJBbmFsaXN0YSBQcm9ncmFtYWRvciBDT0JPTC80MDAiLCJjb21wYW55X25hbWUiOiJBcmVsYW5jZSIsImFkZHJlc3NfY2l0eSI6Ik1hZHJpZCwgU3BhaW4iLCJodGlkb2NpZCI6IkFWdE9GUnhITjBIWkk1Sk9BQUFBQUE9PSIsInV1bGUiOiJ3K0NBSVFJQ0lGVTNCaGFXNCJ9,513
eyJqb2JfdGl0bGUiOiJQcm9ncmFtYWRvciBjb2JvbC9hczQwMCIsImNvbXBhbnlfbmFtZSI6IktyZWxsIENvbnN1bHRpbmcgXHUwMDI2QW1wOyBUcmFpbmluZyIsImFkZHJlc3NfY2l0eSI6IkFsaWNhbnRlLCBTcGFpbiIsImh0aWRvY2lkIjoiY003LW9aX1JBMTRmejNvSUFBQUFBQT09IiwidXVsZSI6IncrQ0FJUUlDSUZVM0JoYVc0In0=,513
eyJqb2JfdGl0bGUiOiJQcm9ncmFtYWRvcmVzIENvYm9sIFBhcnRlbm9uXHRcdFx0XHRcdFx0XHRcdFxyXG5cdFx0XHRcdFx0XHRcdFx0XHJcblx0XHRcdFx0XHRcdFx0XHRcdChNYWRyaWQpIiwiY29tcGFueV9uYW1lIjoiR3J1cG8gTlMiLCJhZGRyZXNzX2NpdHkiOiJNYWRyaWQsIFNwYWluIiwiaHRpZG9jaWQiOiJmR0c4ckhfS1lpR1lfZnlqQUFBQUFBPT0iLCJ1dWxlIjoidytDQUlRSUNJRlUzQmhhVzQifQ==,513
eyJqb2JfdGl0bGUiOiJBbmFsaXN0YS9wcm9ncmFtYWRvciBjb2JvbCIsImNvbXBhbnlfbmFtZSI6IkdydXBvIE5zIiwiYWRkcmVzc19jaXR5IjoiTWFkcmlkLCBTcGFpbiIsImh0aWRvY2lkIjoieUhhbU11WEs5Z3Y4Rm5OVUFBQUFBQT09IiwidXVsZSI6IncrQ0FJUUlDSUZVM0JoYVc0In0=,513
eyJqb2JfdGl0bGUiOiJBbmFsaXN0YSBQcm9ncmFtYWRvciBDb2JvbC80MDAiLCJjb21wYW55X25hbWUiOiJHcnVwbyBBcmVsYW5jZSIsImFkZHJlc3NfY2l0eSI6IlphcmFnb3phLCBTcGFpbiIsImh0aWRvY2lkIjoiS0c5bFdtNERUSnV0Snl5VUFBQUFBQT09IiwidXVsZSI6IncrQ0FJUUlDSUZVM0JoYVc0In0=,513
eyJqb2JfdGl0bGUiOiJBbmFsaXN0YSBQcm9ncmFtYWRvci9hIENvYm9sIiwiY29tcGFueV9uYW1lIjoiWmVtc2FuaWEiLCJhZGRyZXNzX2NpdHkiOiJNYWRyaWQsIFNwYWluIiwiaHRpZG9jaWQiOiIyQkkzX1ZfWUhMOTBsWlRYQUFBQUFBPT0iLCJ1dWxlIjoidytDQUlRSUNJRlUzQmhhVzQifQ==,513
eyJqb2JfdGl0bGUiOiJBbmFsaXN0YSAvIFByb2dyYW1hZG9yIENPQk9MIiwiY29tcGFueV9uYW1lIjoiQmV0dGVyIENvbnN1bHRhbnRzIiwiYWRkcmVzc19jaXR5IjoiQmFyY2Vsb25hLCBTcGFpbiIsImh0aWRvY2lkIjoiT0FkMXpFcklvSktfazNhbEFBQUFBQT09IiwidXVsZSI6IncrQ0FJUUlDSUZVM0JoYVc0In0=,513
eyJqb2JfdGl0bGUiOiJBbmFsaXN0YSBQcm9ncmFtYWRvciBDT0JPTC80MDAiLCJjb21wYW55X25hbWUiOiJQQU5FTCBTaXN0ZW1hcyBJbmZvcm3DoXRpY29zIiwiYWRkcmVzc19jaXR5IjoiTWFkcmlkLCBTcGFpbiIsImh0aWRvY2lkIjoiUURJaVFXRWlxMUQ2YlhrUkFBQUFBQT09IiwidXVsZSI6IncrQ0FJUUlDSUZVM0JoYVc0In0=,513
eyJqb2JfdGl0bGUiOiJBbmFsaXN0YSBwcm9ncmFtYWRvciBjb2JvbCIsImNvbXBhbnlfbmFtZSI6IktyZWxsIENvbnN1bHRpbmcgXHUwMDI2QW1wOyBUcmFpbmluZyIsImFkZHJlc3NfY2l0eSI6Ik1hZHJpZCwgU3BhaW4iLCJodGlkb2NpZCI6ImY0YW95UHhncUhXbENsQ0lBQUFBQUE9PSIsInV1bGUiOiJ3K0NBSVFJQ0lGVTNCaGFXNCJ9,513
eyJqb2JfdGl0bGUiOiJQcm9ncmFtYWRvciBDb2JvbCwgaGlicmlkbyIsImNvbXBhbnlfbmFtZSI6Ik1pY2hhZWwgUGFnZSIsImFkZHJlc3NfY2l0eSI6IkJhc3F1ZSBDb3VudHJ5LCBTcGFpbiIsImh0aWRvY2lkIjoiWHlPLU1ZLXBPVk1OUEtCSEFBQUFBQT09IiwidXVsZSI6IncrQ0FJUUlDSUZVM0JoYVc0In0=,513
eyJqb2JfdGl0bGUiOiJBbmFsaXN0YSBwcm9ncmFtYWRvci9hIGNvYm9sLzQwMCwgMTAwJSBlbiByZW1vdG8iLCJjb21wYW55X25hbWUiOiJBcmVsYW5jZSIsImFkZHJlc3NfY2l0eSI6IlNwYWluIiwiaHRpZG9jaWQiOiJJaFFNT2NzNmh2Z1lRN0ZYQUFBQUFBPT0iLCJ1dWxlIjoidytDQUlRSUNJRlUzQmhhVzQifQ==,513
eyJqb2JfdGl0bGUiOiJQcm9ncmFtYWRvciBTZW5pb3IgQ29ib2wvNDAwIFJlbW90by4iLCJjb21wYW55X25hbWUiOiJTZyBUZWNoIiwiYWRkcmVzc19jaXR5IjoiWmFyYWdvemEsIFNwYWluIiwiaHRpZG9jaWQiOiJXQlVWU0FWWjhSd3o1ektkQUFBQUFBPT0iLCJ1dWxlIjoidytDQUlRSUNJRlUzQmhhVzQifQ==,513
eyJqb2JfdGl0bGUiOiJQcm9ncmFtYWRvciBjb2JvbCIsImNvbXBhbnlfbmFtZSI6IktyZWxsIENvbnN1bHRpbmcgXHUwMDI2IFRyYWluaW5nIiwiYWRkcmVzc19jaXR5IjoiTWFkcmlkLCBTcGFpbiIsImh0aWRvY2lkIjoiTk5sR1dkQVR4QTRDbUFiRUFBQUFBQT09IiwidXVsZSI6IncrQ0FJUUlDSUZVM0JoYVc0In0=,251
eyJqb2JfdGl0bGUiOiJJbmdlbmllcm8vYSBkZSBBdXRvbWF0aXphY2nDs24geSBTaXN0ZW1hcyBkZSBDb250cm9sIiwiY29tcGFueV9uYW1lIjoiRXhvbHVtIiwiYWRkcmVzc19jaXR5IjoiTWFkcmlkLCBTcGFpbiIsImh0aWRvY2lkIjoicFE4azBEWVp2aGVhRUdacUFBQUFBQT09IiwidXVsZSI6IncrQ0FJUUlDSUZVM0JoYVc0In0=,856
eyJqb2JfdGl0bGUiOiJTb3BvcnRlIHTDqWNuaWNvIGEgY2xpZW50ZXMiLCJjb21wYW55X25hbWUiOiJadWNjaGV0dGkgU3BhaW4sIFNvbHVjaW9uZXMgVEkiLCJhZGRyZXNzX2NpdHkiOiJQb3p1ZWxvIGRlIEFsYXJjw7NuLCBTcGFpbiIsImh0aWRvY2lkIjoiZDdOQnpJRzF1bXpWMWRqQUFBQUFBQT09IiwidXVsZSI6IncrQ0FJUUlDSUZVM0JoYVc0In0=,1126
eyJqb2JfdGl0bGUiOiJUw6ljbmljbyBkZSBzb3BvcnRlIE4yIEFwbGljYWNpb25lcyIsImNvbXBhbnlfbmFtZSI6IkxBVURFIiwiYWRkcmVzc19jaXR5IjoiTWFkcmlkLCBTcGFpbiIsImh0aWRvY2lkIjoiOFVyVElrWkZXTkZXYk1WZkFBQUFBQT09IiwidXVsZSI6IncrQ0FJUUlDSUZVM0JoYVc0In0=,274
eyJqb2JfdGl0bGUiOiJBZG1pbmlzdHJhZG9yIGRlIEJhc2VzIGRlIERhdG9zIE9yYWNsZSIsImNvbXBhbnlfbmFtZSI6IkdSVVBPIE9FU8ONQSIsImFkZHJlc3NfY2l0eSI6IlZhbGxhZG9saWQsIFNwYWluIiwiaHRpZG9jaWQiOiI4R2RGRFAxNVk3ck5wVWVLQUFBQUFBPT0iLCJ1dWxlIjoidytDQUlRSUNJRlUzQmhhVzQifQ==,202
eyJqb2JfdGl0bGUiOiJBZG1pbmlzdHJhZG9yL0EgQmFzZSBEZSBEYXRvcyBPcmFjbGUgSnVuaW9yIiwiY29tcGFueV9uYW1lIjoiS2Vub3MgVGVjaG5vbG9neSIsImFkZHJlc3NfY2l0eSI6IkJhcmNlbG9uYSwgU3BhaW4iLCJodGlkb2NpZCI6IjN3TXJLbUNjekVyMUthN1pBQUFBQUE9PSIsInV1bGUiOiJ3K0NBSVFJQ0lGVTNCaGFXNCJ9,202
eyJqb2JfdGl0bGUiOiJBZG1pbmlzdHJhZG9yL0EgRGUgQmFzZXMgRGUgRGF0b3MgT3JhY2xlIFNlbmlvciIsImNvbXBhbnlfbmFtZSI6IlNhbmRhdiIsImFkZHJlc3NfY2l0eSI6Ik1hZHJpZCwgU3BhaW4iLCJodGlkb2NpZCI6IkQxN0R2QVBmLXRnSWlfQWRBQUFBQUE9PSIsInV1bGUiOiJ3K0NBSVFJQ0lGVTNCaGFXNCJ9,202
eyJqb2JfdGl0bGUiOiJBZG1pbmlzdHJhZG9yL2EgYmFzZXMgZGUgZGF0b3MgT3JhY2xlIiwiY29tcGFueV9uYW1lIjoiR3J1cG8gT2VzaWEiLCJhZGRyZXNzX2NpdHkiOiJNYWRyaWQsIFNwYWluIiwiaHRpZG9jaWQiOiJtV2dtaWNyXzkxNEhGSGVjQUFBQUFBPT0iLCJ1dWxlIjoidytDQUlRSUNJRlUzQmhhVzQifQ==,202
eyJqb2JfdGl0bGUiOiJEQkEgT1JBQ0xFIiwiY29tcGFueV9uYW1lIjoiSURlbnRpYWwgR2xvYmFsIENvbnN1bHRpbmciLCJhZGRyZXNzX2NpdHkiOiJNYWRyaWQsIFNwYWluIiwiaHRpZG9jaWQiOiJuVV9hQmdfZ1YwVHpjZC1zQUFBQUFBPT0iLCJ1dWxlIjoidytDQUlRSUNJRlUzQmhhVzQifQ==,202
eyJqb2JfdGl0bGUiOiJBZG1pbmlzdHJhZG9yIEJhc2VzIERlIERhdG9zIE9yYWNsZSBScmhoIMK3IE1hZHJpZCDCtyBDb21wbGV0YW1lbnRlIFJlbW90byIsImNvbXBhbnlfbmFtZSI6IlRlY2RhdGEgRW5naW5lZXJpbmciLCJhZGRyZXNzX2NpdHkiOiJNYWRyaWQsIFNwYWluIiwiaHRpZG9jaWQiOiI5SUxDMTZLSnlOQlFBbkdGQUFBQUFBPT0iLCJ1dWxlIjoidytDQUlRSUNJRlUzQmhhVzQifQ==,202
eyJqb2JfdGl0bGUiOiJEQkEgT1JBQ0xFIiwiY29tcGFueV9uYW1lIjoiQ09TIEdsb2JhbCBTZXJ2aWNlcyIsImFkZHJlc3NfY2l0eSI6IlNwYWluIiwiaHRpZG9jaWQiOiJlaXIzbUhDdVhWTVZvN3p6QUFBQUFBPT0iLCJ1dWxlIjoidytDQUlRSUNJRlUzQmhhVzQifQ==,113
eyJqb2JfdGl0bGUiOiJBZG1pbmlzdHJhZG9yL0EgQmJkZCBPcmFjbGUgU3IiLCJjb21wYW55X25hbWUiOiJMb2dpY2FsaXMgU3BhaW4iLCJhZGRyZXNzX2NpdHkiOiJNYWRyaWQsIFNwYWluIiwiaHRpZG9jaWQiOiJmWG9RQlNxRnBZeFJnX3J1QUFBQUFBPT0iLCJ1dWxlIjoidytDQUlRSUNJRlUzQmhhVzQifQ==,202
eyJqb2JfdGl0bGUiOiJBZG1pbmlzdHJhZG9yIFNlbmlvciBkZSBCYXNlcyBkZSBEYXRvcyBPcmFjbGUiLCJjb21wYW55X25hbWUiOiJULVN5c3RlbXMgSWJlcmlhIiwiYWRkcmVzc19jaXR5IjoiU3BhaW4iLCJodGlkb2NpZCI6IjJaWDNKQVl3V2Z0c1dTSWNBQUFBQUE9PSIsInV1bGUiOiJ3K0NBSVFJQ0lGVTNCaGFXNCJ9,1143
eyJqb2JfdGl0bGUiOiJBZG1pbmlzdHJhZG9yIGRlIHNpc3RlbWFzIFVOSVgiLCJjb21wYW55X25hbWUiOiJSYW5kc3RhZCBFc3Bhw7FhIiwiYWRkcmVzc19jaXR5IjoiTWFkcmlkLCBTcGFpbiIsImh0aWRvY2lkIjoienpaYWVtYnZ4UVhVNnR3QkFBQUFBQT09IiwidXVsZSI6IncrQ0FJUUlDSUZVM0JoYVc0In0=,1143
eyJqb2JfdGl0bGUiOiJUw6ljbmljb3MgZGUgc2lzdGVtYXMgdW5peCAvIGxpbnV4IiwiY29tcGFueV9uYW1lIjoiQXJlbGFuY2UiLCJhZGRyZXNzX2NpdHkiOiJNYWRyaWQsIFNwYWluIiwiaHRpZG9jaWQiOiJSczU1U2pVNUlZRjdkajRNQUFBQUFBPT0iLCJ1dWxlIjoidytDQUlRSUNJRlUzQmhhVzQifQ==,1143
eyJqb2JfdGl0bGUiOiJBZG1pbmlzdHJhZG9yL2EgZGUgU2lzdGVtYXMgVU5JWCBKdW5pb3IiLCJjb21wYW55X25hbWUiOiJTZWlkb3IiLCJhZGRyZXNzX2NpdHkiOiJCYXJjZWxvbmEsIFNwYWluIiwiaHRpZG9jaWQiOiJQZU9DTGJDUk9NazI1MkFfQUFBQUFBPT0iLCJ1dWxlIjoidytDQUlRSUNJRlUzQmhhVzQifQ==,1143
eyJqb2JfdGl0bGUiOiJBZG1pbmlzdHJhZG9yIGRlIHNpc3RlbWFzIHVuaXggKHJlbW90bykiLCJjb21wYW55X25hbWUiOiJLcmVsbCBDb25zdWx0aW5nIFx1MDAyNkFtcDsgVHJhaW5pbmciLCJhZGRyZXNzX2NpdHkiOiJNYWRyaWQsIFNwYWluIiwiaHRpZG9jaWQiOiJEb1hVeU9BeUNUTzVGbVpmQUFBQUFBPT0iLCJ1dWxlIjoidytDQUlRSUNJRlUzQmhhVzQifQ==,1143
eyJqb2JfdGl0bGUiOiJBZG1pbmlzdHJhZG9yIExpbnV4L1VuaXgiLCJjb21wYW55X25hbWUiOiJUUlMgU3RhZmZpbmcgU29sdXRpb25zIiwiYWRkcmVzc19jaXR5IjoiTWFkcmlkLCBTcGFpbiIsImh0aWRvY2lkIjoiYW9Hc056b290bnIzazFTUEFBQUFBQT09IiwidXVsZSI6IncrQ0FJUUlDSUZVM0JoYVc0In0=,579
eyJqb2JfdGl0bGUiOiJFc3BlY2lhbGlzdGEgZW4gUHJ1ZWJhcyBFbGVjdHLDs25pY2FzIGRlIEF1dG9tb2Npw7NuIiwiY29tcGFueV9uYW1lIjoiQmVydHJhbmR0IiwiYWRkcmVzc19jaXR5IjoiVmFsbGFkb2xpZCwgU3BhaW4iLCJodGlkb2NpZCI6IlRNczBLNUU3eklrRzhFOTJBQUFBQUE9PSIsInV1bGUiOiJ3K0NBSVFJQ0lGVTNCaGFXNCJ9,44
eyJqb2JfdGl0bGUiOiJCRUNBUyBUQUxFTlRVTSBURUxFRk9OSUNBIEVTUEHDkUEgQW5hbGlzdGEgZGUgRGF0b3MgZW4gSUEgeSBDYWxpZGFkIiwiY29tcGFueV9uYW1lIjoiVGVsZWbDs25pY2EiLCJhZGRyZXNzX2NpdHkiOiJNYWRyaWQsIFNwYWluIiwiaHRpZG9jaWQiOiJYcFdWOEptbmlBUVYxYmtBQUFBQUFBPT0iLCJ1dWxlIjoidytDQUlRSUNJRlUzQmhhVzQifQ==,86
eyJqb2JfdGl0bGUiOiJEYXRhIFF1YWxpdHkgQW5hbHlzdCIsImNvbXBhbnlfbmFtZSI6IlRoZSBDb2NrdGFpbCIsImFkZHJlc3NfY2l0eSI6Ik1hZHJpZCwgU3BhaW4iLCJodGlkb2NpZCI6Ilg3RDRfbEFvNkJaRTcxc3hBQUFBQUE9PSIsInV1bGUiOiJ3K0NBSVFJQ0lGVTNCaGFXNCJ9,579
eyJqb2JfdGl0bGUiOiJCZWNhIEFuYWxpc3RhIERlIEdvYmllcm5vIFkgQ2FsaWRhZCBEZSBEYXRvcyIsImNvbXBhbnlfbmFtZSI6IlRyYW5zYW1lcmljYSBDb3Jwb3JhdGlvbiIsImFkZHJlc3NfY2l0eSI6Ik1hZHJpZCwgU3BhaW4iLCJodGlkb2NpZCI6Il9BUTROQkFRa1IxODVpS0pBQUFBQUE9PSIsInV1bGUiOiJ3K0NBSVFJQ0lGVTNCaGFXNCJ9,579
eyJqb2JfdGl0bGUiOiJCZWNhIEFuYWxpc3RhIGRlIGdvYmllcm5vIHkgY2FsaWRhZCBkZSBEYXRvcyIsImNvbXBhbnlfbmFtZSI6IlRyYW5zYW1lcmljYSBDb3Jwb3JhdGlvbiIsImFkZHJlc3NfY2l0eSI6IlNwYWluIiwiaHRpZG9jaWQiOiJ3NDNHS0RJUFNCRTJzUVc4QUFBQUFBPT0iLCJ1dWxlIjoidytDQUlRSUNJRlUzQmhhVzQifQ==,579
eyJqb2JfdGl0bGUiOiJUw6ljbmljbyBkZSBTb3BvcnRlIHJlbW90byBIZWxwZGVza1x0XHRcdFx0XHRcdFx0XHRcclxuXHRcdFx0XHRcdFx0XHRcdFxyXG5cdFx0XHRcdFx0XHRcdFx0XHQoTWFkcmlkKSIsImNvbXBhbnlfbmFtZSI6IkFDUkVMRUMiLCJhZGRyZXNzX2NpdHkiOiJTYW4gU2ViYXN0acOhbiBkZSBsb3MgUmV5ZXMsIFNwYWluIiwiaHRpZG9jaWQiOiJCd05saWY2NmhuR0xtWUNzQUFBQUFBPT0iLCJ1dWxlIjoidytDQUlRSUNJRlUzQmhhVzQifQ==,579
eyJqb2JfdGl0bGUiOiJTb3BvcnRlIFTDqWNuaWNvIElUIDI0eDcgLSAxMDAlIHJlbW90by4gSW5nbMOpcyBBdmFuemFkbyIsImNvbXBhbnlfbmFtZSI6IkRldm90ZWFtIFNwYWluIiwiYWRkcmVzc19jaXR5IjoiTWFkcmlkLCBTcGFpbiIsImh0aWRvY2lkIjoiUF9vVklfemJncGxnX3Q3NkFBQUFBQT09IiwidXVsZSI6IncrQ0FJUUlDSUZVM0JoYVc0In0=,579
eyJqb2JfdGl0bGUiOiJUw4lDTklDTyBERSBTT1BPUlRFIC8gSEVMUERFU0sgMTAwJSBSRU1PVE8gQ09OIEZSQU5Dw4lTIE0vRiIsImNvbXBhbnlfbmFtZSI6IkFra2EgVGVjaG5vbG9naWVzIiwiYWRkcmVzc19jaXR5IjoiU3BhaW4iLCJodGlkb2NpZCI6Im5NSnJ3cUN4RGZlS05FcWhBQUFBQUE9PSIsInV1bGUiOiJ3K0NBSVFJQ0lGVTNCaGFXNCJ9,856
eyJqb2JfdGl0bGUiOiJUw6ljbmljbyBIRUxQREVTSy9Tb3BvcnRlIFRlbGVmw7NuaWNvLCBoaWJyaWRvIiwiY29tcGFueV9uYW1lIjoiQUNSRUxFQyIsImFkZHJlc3NfY2l0eSI6Ik1hZHJpZCwgU3BhaW4iLCJodGlkb2NpZCI6ImhOcjdLRzN0N1dISHVLQUpBQUFBQUE9PSIsInV1bGUiOiJ3K0NBSVFJQ0lGVTNCaGFXNCJ9,721
eyJqb2JfdGl0bGUiOiJFc3BlY2lhbGlzdGEgZW4gSW5zdGFsYWNpb25lcyBkZSBSZWRlcyBkZSBDb211bmljYWNpw7NuIiwiY29tcGFueV9uYW1lIjoiSW5mb3JtYXRpY2EgQXN0cm9uIE11bHRpbWVkaWEiLCJhZGRyZXNzX2NpdHkiOiJDw6FjZXJlc+KAjiwgU3BhaW4iLCJodGlkb2NpZCI6IlA2V0NOXy1YUzg4VTYzc1BBQUFBQUE9PSIsInV1bGUiOiJ3K0NBSVFJQ0lGVTNCaGFXNCJ9,775
eyJqb2JfdGl0bGUiOiJUw4lDTklDTyBFTiBJVCIsImNvbXBhbnlfbmFtZSI6IkxhdXJhIiwiYWRkcmVzc19jaXR5IjoiTGFzIFBhbG1hcyBkZSBHcmFuIENhbmFyaWEsIFNwYWluIiwiaHRpZG9jaWQiOiI1V2FZRlliMUFuU1lDUUx5QUFBQUFBPT0iLCJ1dWxlIjoidytDQUlRSUNJRlUzQmhhVzQifQ==,721
eyJqb2JfdGl0bGUiOiJFc3BlY2lhbGlzdGEgZW4gU29wb3J0ZSBUw6ljbmljbyBkZSBNaWNyb2luZm9ybcOhdGljYSIsImNvbXBhbnlfbmFtZSI6IlNlcmVzY28iLCJhZGRyZXNzX2NpdHkiOiJPdmllZG8sIE11bmljaXBhbGl0eSBvZiBPdmllZG8sIFNwYWluIiwiaHRpZG9jaWQiOiJJOTNkQ3dDRmFoa3hEbnNUQUFBQUFBPT0iLCJ1dWxlIjoidytDQUlRSUNJRlUzQmhhVzQifQ==,128
