job_id,N2 Especialidad
eyJqb2JfdGl0bGUiOiJDb25zdWx0b3IgdGVjbm9sw7NnaWNvIiwiY29tcGFueV9uYW1lIjoiQXRvcyIsImFkZHJlc3NfY2l0eSI6Ik1hZHJpZCwgU3BhaW4iLCJodGlkb2NpZCI6IjNUSzNuRlFhR3VMVTdPT0VBQUFBQUE9PSIsInV1bGUiOiJ3K0NBSVFJQ0lGVTNCaGFXNCJ9,Seguridad
eyJqb2JfdGl0bGUiOiJDb25zdWx0b3IvYSBmdW5jaW9uYWwgU0FQIFNEL01NIiwiY29tcGFueV9uYW1lIjoiREVTSUMgfCBDb25zdWx0b3JhIFRlY25vbMOzZ2ljYSIsImFkZHJlc3NfY2l0eSI6IlNwYWluIiwiaHRpZG9jaWQiOiI2djZQMG9BQkhuTGhLSlZ3QUFBQUFBPT0iLCJ1dWxlIjoidytDQUlRSUNJRlUzQmhhVzQifQ==,Integración
eyJqb2JfdGl0bGUiOiJDb25zdWx0b3IgRGlnaXRhbCAtIE11dHVhQ2l0eSIsImNvbXBhbnlfbmFtZSI6Ik11dHVhIE1hZHJpbGXDsWEiLCJhZGRyZXNzX2NpdHkiOiJDb21tdW5pdHkgb2YgTWFkcmlkLCBTcGFpbiIsImh0aWRvY2lkIjoiN2YxZWN1QUR5bEZvRUZyMUFBQUFBQT09IiwidXVsZSI6IncrQ0FJUUlDSUZVM0JoYVc0In0=,Integración
eyJqb2JfdGl0bGUiOiJDb25zdWx0b3IvYSBTZW5pb3IgU2VjdG9yIFRNVCAoVGVsZWNvbSwgTWVkaWEsIFRlY25vbG9nw61hKSIsImNvbXBhbnlfbmFtZSI6IkVZIiwiYWRkcmVzc19jaXR5IjoiTWFkcmlkLCBTcGFpbiIsImh0aWRvY2lkIjoidC1DYW9seW5ZOEN3YmUwREFBQUFBQT09IiwidXVsZSI6IncrQ0FJUUlDSUZVM0JoYVc0In0=,Seguridad
eyJqb2JfdGl0bGUiOiJDT05TVUxUT1IgREUgTlVFVkFTIFRFQ05PTE9Hw41BUyBZIFRSQU5TRk9STUFDScOTTiBESUdJVEFMIE1BRFJJRCIsImNvbXBhbnlfbmFtZSI6Ik1hbmFnZW1lbnQgU29sdXRpb25zIiwiYWRkcmVzc19jaXR5IjoiTWFkcmlkLCBTcGFpbiIsImh0aWRvY2lkIjoicWF0R2RZRE1FdmRUZEZRN0FBQUFBQT09IiwidXVsZSI6IncrQ0FJUUlDSUZVM0JoYVc0In0=,Seguridad
eyJqb2JfdGl0bGUiOiJDT05TVUxUT1IgREUgTlVFVkFTIFRFQ05PTE9Hw41BUyBZIFRSQU5TRk9STUFDScOTTiBESUdJVEFMIE1BRFJJRCIsImNvbXBhbnlfbmFtZSI6Ik1hbmFnZW1lbnQgU29sdXRpb25zIiwiYWRkcmVzc19jaXR5IjoiTWFkcmlkLCBTcGFpbiIsImh0aWRvY2lkIjoicWF0R2RZRE1FdmRUZEZRN0FBQUFBQT09IiwidXVsZSI6IncrQ0FJUUlDSUZVM0JoYVc0In0=,Integración
eyJqb2JfdGl0bGUiOiJFU1BFQ0lBTElTVEEgVMOJQ05JQ08gRU4gU0VHVVJJREFEIERJR0lUQUwiLCJjb21wYW55X25hbWUiOiJUZWxlZsOzbmljYSIsImFkZHJlc3NfY2l0eSI6Ik1hZHJpZCwgU3BhaW4iLCJodGlkb2NpZCI6Ing0UGZwcF9xOW1iVURvalBBQUFBQUE9PSIsInV1bGUiOiJ3K0NBSVFJQ0lGVTNCaGFXNCJ9,Seguridad
eyJqb2JfdGl0bGUiOiJFc3BlY2lhbGlzdGEgZW4gU2VndXJpZGFkIEluZm9ybcOhdGljYSB5IEN1bXBsaW1pZW50byBOb3JtYXRpdm8iLCJjb21wYW55X25hbWUiOiJNZXJjYWRvbmEiLCJhZGRyZXNzX2NpdHkiOiJQYXRlcm5hLCBTcGFpbiIsImh0aWRvY2lkIjoib1FXN0N2anJjaWRFQTRTX0FBQUFBQT09IiwidXVsZSI6IncrQ0FJUUlDSUZVM0JoYVc0In0=,Seguridad
eyJqb2JfdGl0bGUiOiJUw4lDTklDTy9BIEVTUEVDSUFMSVNUQSBFTiBDSUJFUlNFR1VSSURBRCIsImNvbXBhbnlfbmFtZSI6IkNPTkdBTFNBLCBTLkwuIiwiYWRkcmVzc19jaXR5IjoiQSBQb2JyYSBkbyBDYXJhbWnDsWFsLCBTcGFpbiIsImh0aWRvY2lkIjoianF4aXA1aS14c1c0ZXhsb0FBQUFBQT09IiwidXVsZSI6IncrQ0FJUUlDSUZVM0JoYVc0In0=,Seguridad
eyJqb2JfdGl0bGUiOiJFc3BlY2lhbGlzdGEgZW4gY2liZXJzZWd1cmlkYWQiLCJjb21wYW55X25hbWUiOiJNQUlOSk9CUyBJTlRFUk5BQ0lPTkFMIEVEVUNBVElWQSBZIFRFQ05PTMOTR0lDQSBTLkEuVSIsImFkZHJlc3NfY2l0eSI6IkJhcmNlbG9uYSwgU3BhaW4iLCJodGlkb2NpZCI6IkRWTVF6RFQ0VHlON0NaWHdBQUFBQUE9PSIsInV1bGUiOiJ3K0NBSVFJQ0lGVTNCaGFXNCJ9,Seguridad
eyJqb2JfdGl0bGUiOiJLRVkgQUNDT1VOVCBNQU5BR0VSIEVTUEVDSUFMSVNUQSBDSUJFUlNFR1VSSURBRCBFTiBCQVJDRUxPTkEiLCJjb21wYW55X25hbWUiOiJUZWxlZsOzbmljYSIsImFkZHJlc3NfY2l0eSI6IkJhcmNlbG9uYSwgU3BhaW4iLCJodGlkb2NpZCI6IjdDSEdRSDlJRkhaMVBUS1FBQUFBQUE9PSIsInV1bGUiOiJ3K0NBSVFJQ0lGVTNCaGFXNCJ9,Seguridad
eyJqb2JfdGl0bGUiOiJFc3BlY2lhbGlzdGEgZW4gU2VndXJpZGFkIEluZm9ybcOhdGljYSB8IEV2YWx1YWRvciBkZSBWdWxuZXJhYmlsaWRhZGVzIiwiY29tcGFueV9uYW1lIjoiUHdDIiwiYWRkcmVzc19jaXR5IjoiTWFkcmlkLCBTcGFpbiIsImh0aWRvY2lkIjoid21wa1M3ZU8ybjJ4bkFUckFBQUFBQT09IiwidXVsZSI6IncrQ0FJUUlDSUZVM0JoYVc0In0=,Seguridad
eyJqb2JfdGl0bGUiOiJFc3BlY2lhbGlzdGEgU2VndXJpZGFkIGRlIGxhIEluZm9ybWFjacOzbiAtIE1hZHJpZCIsImNvbXBhbnlfbmFtZSI6IlJlYWxlIFNlZ3Vyb3MiLCJhZGRyZXNzX2NpdHkiOiJNYWRyaWQsIFNwYWluIiwiaHRpZG9jaWQiOiJNUm04MlVvTjBiZm9GeERfQUFBQUFBPT0iLCJ1dWxlIjoidytDQUlRSUNJRlUzQmhhVzQifQ==,Seguridad
eyJqb2JfdGl0bGUiOiJFc3BlY2lhbGlzdGEgZW4gU2VndXJpZGFkIFBlcmltZXRyYWwiLCJjb21wYW55X25hbWUiOiJJbmV0dW0iLCJhZGRyZXNzX2NpdHkiOiJUb21hcmVzLCBTcGFpbiIsImh0aWRvY2lkIjoiSUw5Zk1qV0ZFb0YwY2ZJZUFBQUFBQT09IiwidXVsZSI6IncrQ0FJUUlDSUZVM0JoYVc0In0=,Seguridad
eyJqb2JfdGl0bGUiOiJFc3BlY2lhbGlzdGEgZW4gU2VndXJpZGFkIEluZm9ybcOhdGljYSBwYXJhIEFzaXN0ZW5jaWEgYSBDSVNPIiwiY29tcGFueV9uYW1lIjoiVGVsZWbDs25pY2EgVGVjaCAtIEdvdmVydGlzIiwiYWRkcmVzc19jaXR5IjoiQmFyY2Vsb25hLCBTcGFpbiIsImh0aWRvY2lkIjoiR0FBMWgwOG1WNVRuVFFNQkFBQUFBQT09IiwidXVsZSI6IncrQ0FJUUlDSUZVM0JoYVc0In0=,Seguridad
eyJqb2JfdGl0bGUiOiJBZG1pbmlzdHJhZG9yIGRlIGJhc2VzIGRlIGRhdG9zIGRlIE9yYWNsZSIsImNvbXBhbnlfbmFtZSI6IklPT04iLCJhZGRyZXNzX2NpdHkiOiJTcGFpbiIsImh0aWRvY2lkIjoibWU5QkJ6WXA5a2E3aFJ0SEFBQUFBQT09IiwidXVsZSI6IncrQ0FJUUlDSUZVM0JoYVc0In0=,Mantenimiento y Soporte
eyJqb2JfdGl0bGUiOiJBZG1pbmlzdHJhZG9yIGRlIGJhc2VzIGRlIGRhdG9zIGRlIE9yYWNsZSIsImNvbXBhbnlfbmFtZSI6IklPT04iLCJhZGRyZXNzX2NpdHkiOiJTcGFpbiIsImh0aWRvY2lkIjoibWU5QkJ6WXA5a2E3aFJ0SEFBQUFBQT09IiwidXVsZSI6IncrQ0FJUUlDSUZVM0JoYVc0In0=,Seguridad
eyJqb2JfdGl0bGUiOiJBZG1pbmlzdHJhZG9yIGRlIGJhc2VzIGRlIGRhdG9zIGRlIE9yYWNsZSIsImNvbXBhbnlfbmFtZSI6IklPT04iLCJhZGRyZXNzX2NpdHkiOiJTcGFpbiIsImh0aWRvY2lkIjoibWU5QkJ6WXA5a2E3aFJ0SEFBQUFBQT09IiwidXVsZSI6IncrQ0FJUUlDSUZVM0JoYVc0In0=,Integración
eyJqb2JfdGl0bGUiOiJBZG1pbmlzdHJhZG9yIGRlIGJhc2VzIGRlIGRhdG9zIGRlIE9yYWNsZSIsImNvbXBhbnlfbmFtZSI6IklPT04iLCJhZGRyZXNzX2NpdHkiOiJTcGFpbiIsImh0aWRvY2lkIjoibWU5QkJ6WXA5a2E3aFJ0SEFBQUFBQT09IiwidXVsZSI6IncrQ0FJUUlDSUZVM0JoYVc0In0=,Base de datos
eyJqb2JfdGl0bGUiOiIoSERPMzI2KSB8IEFkbWluaXN0cmFkb3IgZGUgQmFzZSBkZSBEYXRvcyBOb1NRTCIsImNvbXBhbnlfbmFtZSI6IkFyYXRlY2giLCJhZGRyZXNzX2NpdHkiOiJDb21tdW5pdHkgb2YgTWFkcmlkLCBTcGFpbiIsImh0aWRvY2lkIjoiX3dwUE5NRVUtQ1pYTjFkaUFBQUFBQT09IiwidXVsZSI6IncrQ0FJUUlDSUZVM0JoYVc0In0=,Base de datos
eyJqb2JfdGl0bGUiOiJBZG1pbmlzdHJhZG9yIEJiZGQgRW50b3JubyBEaXN0cmlidWlkbyBIL00iLCJjb21wYW55X25hbWUiOiJTaXRpbyBSb3lhbHRpZXMiLCJhZGRyZXNzX2NpdHkiOiJaYXJhZ296YSwgU3BhaW4iLCJodGlkb2NpZCI6IkJNMUNxN3dmNzdYckl1d0xBQUFBQUE9PSIsInV1bGUiOiJ3K0NBSVFJQ0lGVTNCaGFXNCJ9,Base de datos
eyJqb2JfdGl0bGUiOiJBZG1pbmlzdHJhZG9yIGRlIEJhc2VzIGRlIERhdG9zIFNRTCB8IEjDrWJyaWRvIGVuIE1hZHJpZCB8ICBHYW1pbmcgQ29tcGFueSIsImNvbXBhbnlfbmFtZSI6IjEwRm9sZGVycyIsImFkZHJlc3NfY2l0eSI6Ik1hZHJpZCwgU3BhaW4iLCJodGlkb2NpZCI6IkRHNW5iUmJqUW9nQk1OMmVBQUFBQUE9PSIsInV1bGUiOiJ3K0NBSVFJQ0lGVTNCaGFXNCJ9,Seguridad
eyJqb2JfdGl0bGUiOiJBZG1pbmlzdHJhZG9yIGRlIEJhc2VzIGRlIERhdG9zIGRlIFNvcG9ydGUgZGUgUGxhdGFmb3JtYSBJSUkiLCJjb21wYW55X25hbWUiOiJHdWlkZXdpcmUgU29mdHdhcmUgKFNwYWluKSBTLkwiLCJhZGRyZXNzX2NpdHkiOiJNYWRyaWQsIFNwYWluIiwiaHRpZG9jaWQiOiJuVHRfMWtvNERBYXQ5cWNUQUFBQUFBPT0iLCJ1dWxlIjoidytDQUlRSUNJRlUzQmhhVzQifQ==,Seguridad
eyJqb2JfdGl0bGUiOiJBZG1pbmlzdHJhZG9yIGRlIGJhc2UgZGUgZGF0b3MiLCJjb21wYW55X25hbWUiOiJNw6l0cmljYSBDb25zdWx0aW5nIiwiYWRkcmVzc19jaXR5IjoiTWFkcmlkLCBTcGFpbiIsImh0aWRvY2lkIjoiZW1BREFseThmZ3l6TUs4MEFBQUFBQT09IiwidXVsZSI6IncrQ0FJUUlDSUZVM0JoYVc0In0=,Base de datos
eyJqb2JfdGl0bGUiOiJUw6ljbmljbyBkZSBSZWRlcyIsImNvbXBhbnlfbmFtZSI6Ik1pY2hhZWwgUGFnZSIsImFkZHJlc3NfY2l0eSI6IlphcmFnb3phLCBTcGFpbiIsImh0aWRvY2lkIjoieDJXM3FqVlhoeVpkcklDM0FBQUFBQT09IiwidXVsZSI6IncrQ0FJUUlDSUZVM0JoYVc0In0=,Seguridad
eyJqb2JfdGl0bGUiOiJUw6ljbmljbyAvIFTDqWNuaWNhIGRlIHByb3llY3RvcyBkZSByZWQgeSBzZWd1cmlkYWQiLCJjb21wYW55X25hbWUiOiJUcmVudGlhIENvbnN1bHRpbmciLCJhZGRyZXNzX2NpdHkiOiJCYXJjZWxvbmEsIFNwYWluIiwiaHRpZG9jaWQiOiJvcTU2R1VnVllYOU92bEJxQUFBQUFBPT0iLCJ1dWxlIjoidytDQUlRSUNJRlUzQmhhVzQifQ==,Seguridad
eyJqb2JfdGl0bGUiOiJUw6ljbmljby9hIE4xIFJlZCBUZWxlY29tdW5pY2FjaW9uZXMiLCJjb21wYW55X25hbWUiOiJBY2NlbnR1cmUiLCJhZGRyZXNzX2NpdHkiOiJNw6FsYWdhLCBTcGFpbiIsImh0aWRvY2lkIjoialMwUDgwN01WZ3Y0QkRlRUFBQUFBQT09IiwidXVsZSI6IncrQ0FJUUlDSUZVM0JoYVc0In0=,Seguridad
eyJqb2JfdGl0bGUiOiJUw6ljbmljbyBkZSBSZWRlcyIsImNvbXBhbnlfbmFtZSI6Ik1lbHQgR3JvdXAiLCJhZGRyZXNzX2NpdHkiOiJTcGFpbiIsImh0aWRvY2lkIjoiMFBVLU5KcW82eVNjZnY0dUFBQUFBQT09IiwidXVsZSI6IncrQ0FJUUlDSUZVM0JoYVc0In0=,Seguridad
eyJqb2JfdGl0bGUiOiJUw6ljbmljbyBlbiBSZWRlcyBOaXZlbCAyIiwiY29tcGFueV9uYW1lIjoiQ2Vub3JtYSIsImFkZHJlc3NfY2l0eSI6Ik5hdmFycmUsIFNwYWluIiwiaHRpZG9jaWQiOiJhZ3l1QmFyRVRMbUN3b0NMQUFBQUFBPT0iLCJ1dWxlIjoidytDQUlRSUNJRlUzQmhhVzQifQ==,Seguridad
eyJqb2JfdGl0bGUiOiJUw4lDTklDTy9BIERFIFRFTEVDT01VTklDQUNJT05FUyIsImNvbXBhbnlfbmFtZSI6Ikdsb2JhbCBIdW1hbiBDb25zdWx0YW50cyIsImFkZHJlc3NfY2l0eSI6IkJhcmNlbG9uYSwgU3BhaW4iLCJodGlkb2NpZCI6IjZ4VU0ySnZrNGN5cF9EcV9BQUFBQUE9PSIsInV1bGUiOiJ3K0NBSVFJQ0lGVTNCaGFXNCJ9,Seguridad
eyJqb2JfdGl0bGUiOiJUw6ljbmljbyBkZSByZWRlcyB5IGNpYmVyc2VndXJpZGFkIiwiY29tcGFueV9uYW1lIjoiTmV0aWNzIENvbW11bmljYXRpb25zIiwiYWRkcmVzc19jaXR5IjoiVGFycmFnb25hLCBTcGFpbiIsImh0aWRvY2lkIjoiRzc2cVk0encxbmFLY0ZtUUFBQUFBQT09IiwidXVsZSI6IncrQ0FJUUlDSUZVM0JoYVc0In0=,Seguridad
eyJqb2JfdGl0bGUiOiJUw6ljbmljby9hIGRlIHNvcG9ydGUgZGUgY29uZWN0aXZpZGFkIiwiY29tcGFueV9uYW1lIjoiQW9uIENvcnBvcmF0aW9uIiwiYWRkcmVzc19jaXR5IjoiTWFkcmlkLCBTcGFpbiIsImh0aWRvY2lkIjoielhNZ2tQMTZJTGgyOHB3UkFBQUFBQT09IiwidXVsZSI6IncrQ0FJUUlDSUZVM0JoYVc0In0=,Seguridad
eyJqb2JfdGl0bGUiOiJUw6ljbmljby9hIGRlIHNvcG9ydGUgSVQiLCJjb21wYW55X25hbWUiOiJFWSIsImFkZHJlc3NfY2l0eSI6Ik1hZHJpZCwgU3BhaW4iLCJodGlkb2NpZCI6ImhCOHRoT3NjT0NrcjVTSkFBQUFBQUE9PSIsInV1bGUiOiJ3K0NBSVFJQ0lGVTNCaGFXNCJ9,Seguridad
eyJqb2JfdGl0bGUiOiJUw4lDTklDTyBERSBTT1BPUlRFIElORk9STUFUSUNPIiwiY29tcGFueV9uYW1lIjoiR0lPUyIsImFkZHJlc3NfY2l0eSI6IkJhcmNlbG9uYSwgU3BhaW4iLCJodGlkb2NpZCI6IkF1ZE9EcDFaeEM1cFBBM1VBQUFBQUE9PSIsInV1bGUiOiJ3K0NBSVFJQ0lGVTNCaGFXNCJ9,Seguridad
eyJqb2JfdGl0bGUiOiJUw4lDTklDTyBERSBTT1BPUlRFIElORk9STUFUSUNPIiwiY29tcGFueV9uYW1lIjoiR0lPUyIsImFkZHJlc3NfY2l0eSI6IkJhcmNlbG9uYSwgU3BhaW4iLCJodGlkb2NpZCI6IkF1ZE9EcDFaeEM1cFBBM1VBQUFBQUE9PSIsInV1bGUiOiJ3K0NBSVFJQ0lGVTNCaGFXNCJ9,Mantenimiento y Soporte
eyJqb2JfdGl0bGUiOiJUw6ljbmljby9hIGRlIFNvcG9ydGUgUmVtb3RvIiwiY29tcGFueV9uYW1lIjoiSm9obnNvbiBDb250cm9scyBJbnRlcm5hdGlvbmFsIiwiYWRkcmVzc19jaXR5IjoiTGFzIFJvemFzIGRlIE1hZHJpZCwgU3BhaW4iLCJodGlkb2NpZCI6IkZZaGFWUEpHaDZfc3hzT21BQUFBQUE9PSIsInV1bGUiOiJ3K0NBSVFJQ0lGVTNCaGFXNCJ9,Seguridad
eyJqb2JfdGl0bGUiOiJEaXNlw7FhZG9yIEdyw6FmaWNvIERpZ2l0YWwiLCJjb21wYW55X25hbWUiOiJJTUFHSU5BIiwiYWRkcmVzc19jaXR5IjoiTWFkcmlkLCBTcGFpbiIsImh0aWRvY2lkIjoiYjJKd1ZJN04zNjFYREFsSUFBQUFBQT09IiwidXVsZSI6IncrQ0FJUUlDSUZVM0JoYVc0In0=,Diseñador Gráfico
eyJqb2JfdGl0bGUiOiJEaXNlw7FhZG9yIGdyw6FmaWNvIiwiY29tcGFueV9uYW1lIjoiU0lFVEUgTUFSS0VUSU5HIERJR0lUQUwgWSBFVkVOVE9TIFNMIiwiYWRkcmVzc19jaXR5IjoiTWFkcmlkLCBTcGFpbiIsImh0aWRvY2lkIjoiV1BEUlk0NzVYOHpDVTRfOEFBQUFBQT09IiwidXVsZSI6IncrQ0FJUUlDSUZVM0JoYVc0In0=,Mobile
eyJqb2JfdGl0bGUiOiJEaXJlY3Rvci9hIEFydGUgZ3LDoWZpY28gZGlnaXRhbCBKdW5pb3IiLCJjb21wYW55X25hbWUiOiJPSCBTdHJhdGVneSIsImFkZHJlc3NfY2l0eSI6Ik1hdGFyw7MsIFNwYWluIiwiaHRpZG9jaWQiOiIxa1U3RURCMmpuLTFURU44QUFBQUFBPT0iLCJ1dWxlIjoidytDQUlRSUNJRlUzQmhhVzQifQ==,Diseñador Gráfico
eyJqb2JfdGl0bGUiOiJEaXNlw7FhZG9yIGdyw6FmaWNvIiwiY29tcGFueV9uYW1lIjoiQW5pbWEgQ29uc3VtZXIgRGlnaXRhbCBTZXJ2aWNlcywgU0wiLCJhZGRyZXNzX2NpdHkiOiJMYXMgUGFsbWFzIGRlIEdyYW4gQ2FuYXJpYSwgU3BhaW4iLCJodGlkb2NpZCI6Imtrdm9uamdJQk9udW1HYU9BQUFBQUE9PSIsInV1bGUiOiJ3K0NBSVFJQ0lGVTNCaGFXNCJ9,Seguridad
eyJqb2JfdGl0bGUiOiJEaXNlw7FhZG9yIGdyw6FmaWNvIiwiY29tcGFueV9uYW1lIjoiQW5pbWEgQ29uc3VtZXIgRGlnaXRhbCBTZXJ2aWNlcywgU0wiLCJhZGRyZXNzX2NpdHkiOiJMYXMgUGFsbWFzIGRlIEdyYW4gQ2FuYXJpYSwgU3BhaW4iLCJodGlkb2NpZCI6Imtrdm9uamdJQk9udW1HYU9BQUFBQUE9PSIsInV1bGUiOiJ3K0NBSVFJQ0lGVTNCaGFXNCJ9,Diseñador Gráfico
eyJqb2JfdGl0bGUiOiJBbmFsaXN0YSBkZSBDaWJlcnNlZ3VyaWRhZCIsImNvbXBhbnlfbmFtZSI6Ik5UVCBEQVRBIEV1cm9wZSBcdTAwMjYgTGF0YW0iLCJhZGRyZXNzX2NpdHkiOiJNYWRyaWQsIFNwYWluIiwiaHRpZG9jaWQiOiJ6RzZ0a2hwMU5iQURMQXZXQUFBQUFBPT0iLCJ1dWxlIjoidytDQUlRSUNJRlUzQmhhVzQifQ==,Seguridad
eyJqb2JfdGl0bGUiOiJBbmFsaXN0YSBkZSBjaWJlcnNlZ3VyaWRhZCBOMi9OMyIsImNvbXBhbnlfbmFtZSI6IkRlbG9pdHRlIiwiYWRkcmVzc19jaXR5IjoiQmFyY2Vsb25hLCBTcGFpbiIsImh0aWRvY2lkIjoidkkteXAxaklaczBrZ19qS0FBQUFBQT09IiwidXVsZSI6IncrQ0FJUUlDSUZVM0JoYVc0In0=,Seguridad
eyJqb2JfdGl0bGUiOiJUVGVjaF9USC1BbmFsaXN0YSBGb3JlbnNlIFNyIENpYmVyc2VndXJpZGFkIiwiY29tcGFueV9uYW1lIjoiVGVsZWbDs25pY2EiLCJhZGRyZXNzX2NpdHkiOiJNYWRyaWQsIFNwYWluIiwiaHRpZG9jaWQiOiJkRWVIakxaXzlEd1FMMjZfQUFBQUFBPT0iLCJ1dWxlIjoidytDQUlRSUNJRlUzQmhhVzQifQ==,Seguridad
eyJqb2JfdGl0bGUiOiJBTkFMSVNUQSBERSBHT0JJRVJOTyBDSUJFUlNFR1VSSURBRCIsImNvbXBhbnlfbmFtZSI6IkNBU0VSIiwiYWRkcmVzc19jaXR5IjoiTWFkcmlkLCBTcGFpbiIsImh0aWRvY2lkIjoiNUlXeG1ETHJEVHphVHkwc0FBQUFBQT09IiwidXVsZSI6IncrQ0FJUUlDSUZVM0JoYVc0In0=,Seguridad
eyJqb2JfdGl0bGUiOiJBbmFsaXN0YSBDaWJlcnNlZ3VyaWRhZCBTT0MiLCJjb21wYW55X25hbWUiOiJQdWJsaXBlZ2EuY29tIiwiYWRkcmVzc19jaXR5IjoiTWFkcmlkLCBTcGFpbiIsImh0aWRvY2lkIjoieFFzZGMwLUhqX3k5MWFHd0FBQUFBQT09IiwidXVsZSI6IncrQ0FJUUlDSUZVM0JoYVc0In0=,Seguridad
eyJqb2JfdGl0bGUiOiJBbmFsaXN0YSBkZSBDaWJlcnNlZ3VyaWRhZCIsImNvbXBhbnlfbmFtZSI6IldlSHVudCBFc3Bhw7FhIiwiYWRkcmVzc19jaXR5IjoiQmFyY2Vsb25hLCBTcGFpbiIsImh0aWRvY2lkIjoib0I2RFVrb2RpWWg5QVEtd0FBQUFBQT09IiwidXVsZSI6IncrQ0FJUUlDSUZVM0JoYVc0In0=,Seguridad
eyJqb2JfdGl0bGUiOiJBbmFsaXN0YSBkZSBSZWRlcyB5IFNlZ3VyaWRhZCBJbmZvcm3DoXRpY2EiLCJjb21wYW55X25hbWUiOiJDSURFVEVDIiwiYWRkcmVzc19jaXR5IjoiRG9ub3N0aWEtU2FuIFNlYmFzdGlhbiwgU3BhaW4iLCJodGlkb2NpZCI6IllES0tCVjVtNk1Sa3ZLaUpBQUFBQUE9PSIsInV1bGUiOiJ3K0NBSVFJQ0lGVTNCaGFXNCJ9,Seguridad
eyJqb2JfdGl0bGUiOiJBbmFsaXN0YSBkZSBDaWJlcnNlZ3VyaWRhZCIsImNvbXBhbnlfbmFtZSI6IkFMU0EiLCJhZGRyZXNzX2NpdHkiOiJNYWRyaWQsIFNwYWluIiwiaHRpZG9jaWQiOiIwbFlKa3pXMF8yQzd0MlNlQUFBQUFBPT0iLCJ1dWxlIjoidytDQUlRSUNJRlUzQmhhVzQifQ==,Seguridad
eyJqb2JfdGl0bGUiOiJBbmFsaXN0YSBkZSBDaWJlcnNlZ3VyaWRhZCBlIElTTVMiLCJjb21wYW55X25hbWUiOiJIZWx2ZXRpYSBTZWd1cm9zIEVzcGHDsWEiLCJhZGRyZXNzX2NpdHkiOiJQYW1wbG9uYSwgU3BhaW4iLCJodGlkb2NpZCI6IjhxVHhKQUxTeTlncmxoOXFBQUFBQUE9PSIsInV1bGUiOiJ3K0NBSVFJQ0lGVTNCaGFXNCJ9,Seguridad
eyJqb2JfdGl0bGUiOiJBbmFsaXN0YSBTT0MgQ2liZXJzZWd1cmlkYWQgKHJlbW90bykiLCJjb21wYW55X25hbWUiOiJJbmZvcmdlcyIsImFkZHJlc3NfY2l0eSI6Ik11cmNpYSwgU3BhaW4iLCJodGlkb2NpZCI6Ikt5cXd6djBMdTh6UjNHWEJBQUFBQUE9PSIsInV1bGUiOiJ3K0NBSVFJQ0lGVTNCaGFXNCJ9,Seguridad
eyJqb2JfdGl0bGUiOiJBbmFsaXN0YSBkZSBTZWd1cmlkYWQgLyBBbmFsaXN0YSBOT0MvU09DIiwiY29tcGFueV9uYW1lIjoiQ29ydGVsY28gU3lzdGVtcyIsImFkZHJlc3NfY2l0eSI6IlNwYWluIiwiaHRpZG9jaWQiOiJfbTNCTHlTb2xGTXJtTDEtQUFBQUFBPT0iLCJ1dWxlIjoidytDQUlRSUNJRlUzQmhhVzQifQ==,Seguridad
eyJqb2JfdGl0bGUiOiJBbmFsaXN0YSBDaWJlcnNlZ3VyaWRhZCBOMiIsImNvbXBhbnlfbmFtZSI6IkdydXBvIFNJQSIsImFkZHJlc3NfY2l0eSI6Ik1hZHJpZCwgU3BhaW4iLCJodGlkb2NpZCI6Ikc4VWxZTFVPNGhvZzlud3NBQUFBQUE9PSIsInV1bGUiOiJ3K0NBSVFJQ0lGVTNCaGFXNCJ9,Seguridad
eyJqb2JfdGl0bGUiOiJBbmFsaXN0YSBkZSBTZWd1cmlkYWQgQ2xvdWQgLSAxMDAlIFRlbGV0cmFiYWpvIiwiY29tcGFueV9uYW1lIjoiQXplcnRpdW0gSVQgR2xvYmFsIFNlcnZpY2VzIFNMIiwiYWRkcmVzc19jaXR5IjoiTWFkcmlkLCBTcGFpbiIsImh0aWRvY2lkIjoieGxESHhHaWkxcG52RDVCdUFBQUFBQT09IiwidXVsZSI6IncrQ0FJUUlDSUZVM0JoYVc0In0=,Seguridad
eyJqb2JfdGl0bGUiOiJBbmFsaXN0YSBkZSBDaWJlcnNlZ3VyaWRhZCIsImNvbXBhbnlfbmFtZSI6IlBhZ2UgUGVyc29ubmVsIiwiYWRkcmVzc19jaXR5IjoiQmFyY2Vsb25hLCBTcGFpbiIsImh0aWRvY2lkIjoidFdRZURJYi1fOWUtU3d5U0FBQUFBQT09IiwidXVsZSI6IncrQ0FJUUlDSUZVM0JoYVc0In0=,Seguridad
eyJqb2JfdGl0bGUiOiJUw6ljbmljYS9vIEluZ2VuaWVyYS9vIGRlIENpYmVyc2VndXJpZGFkIChBbmFsaXN0YSBTT0MgTjEpIiwiY29tcGFueV9uYW1lIjoiQWxoYW1icmEgSVQiLCJhZGRyZXNzX2NpdHkiOiJNYWRyaWQsIFNwYWluIiwiaHRpZG9jaWQiOiJVeW4tbnNDX2JCcXpnMGJTQUFBQUFBPT0iLCJ1dWxlIjoidytDQUlRSUNJRlUzQmhhVzQifQ==,Seguridad
eyJqb2JfdGl0bGUiOiJBbmFsaXN0YSBkZSBzZWd1cmlkYWQiLCJjb21wYW55X25hbWUiOiJJTkNJREUgRGlnaXRhbCBEYXRhIFNMIiwiYWRkcmVzc19jaXR5IjoiQmFyY2Vsb25hLCBTcGFpbiIsImh0aWRvY2lkIjoiM1htWWdMTFBrcXFINXlvUkFBQUFBQT09IiwidXVsZSI6IncrQ0FJUUlDSUZVM0JoYVc0In0=,Seguridad
eyJqb2JfdGl0bGUiOiJBbmFsaXN0YSBkZSBDaWJlcnNlZ3VyaWRhZCIsImNvbXBhbnlfbmFtZSI6IkFsc2EiLCJhZGRyZXNzX2NpdHkiOiJNYWRyaWQsIFNwYWluIiwiaHRpZG9jaWQiOiJNemE3MUJUZ1I0aHEteEotQUFBQUFBPT0iLCJ1dWxlIjoidytDQUlRSUNJRlUzQmhhVzQifQ==,Seguridad
eyJqb2JfdGl0bGUiOiJBbmFsaXN0YSBkZSBTZWd1cmlkYWQgKEgvTSkiLCJjb21wYW55X25hbWUiOiJHcnVwbyBPZXNpYSIsImFkZHJlc3NfY2l0eSI6IlRyZXMgQ2FudG9zLCBTcGFpbiIsImh0aWRvY2lkIjoiQ1ozellJTDJTbHlMd0tQcUFBQUFBQT09IiwidXVsZSI6IncrQ0FJUUlDSUZVM0JoYVc0In0=,Seguridad
eyJqb2JfdGl0bGUiOiJBbmFsaXN0YSBkZSBDaWJlcnNlZ3VyaWRhZC4iLCJjb21wYW55X25hbWUiOiJTT0NJQUwgVEVDIEhVTlRJTkciLCJhZGRyZXNzX2NpdHkiOiJCYXJjZWxvbmEsIFNwYWluIiwiaHRpZG9jaWQiOiJQVGFpRUNBbW0tR2NOR2JXQUFBQUFBPT0iLCJ1dWxlIjoidytDQUlRSUNJRlUzQmhhVzQifQ==,Seguridad
eyJqb2JfdGl0bGUiOiJBbmFsaXN0YSBkZSBJbmZyYWVzdHJ1Y3R1cmEgZGUgVElDcyIsImNvbXBhbnlfbmFtZSI6IkNJREVURUMiLCJhZGRyZXNzX2NpdHkiOiJEb25vc3RpYS1TYW4gU2ViYXN0aWFuLCBTcGFpbiIsImh0aWRvY2lkIjoiZ2FmVGc0TTV4cnBJaUFJY0FBQUFBQT09IiwidXVsZSI6IncrQ0FJUUlDSUZVM0JoYVc0In0=,Seguridad
eyJqb2JfdGl0bGUiOiJBcnF1aXRlY3RvIFNlZ3VyaWRhZCBJbmZvcm3DoXRpY2EgLSBHZXN0acOzbiBkZSBJZGVudGlkYWRlcyIsImNvbXBhbnlfbmFtZSI6IlNwcmluZyBQcm9mZXNzaW9uYWwiLCJhZGRyZXNzX2NpdHkiOiJCYXJjZWxvbmEsIFNwYWluIiwiaHRpZG9jaWQiOiJ4ekhrd2Jsc0xYbjlob3p1QUFBQUFBPT0iLCJ1dWxlIjoidytDQUlRSUNJRlUzQmhhVzQifQ==,Seguridad
eyJqb2JfdGl0bGUiOiJhbmFsaXN0YS1kZS1jaWJlcnNlZ3VyaWRhZC1zYW50YW5kZXItZGlnaXRhbC1zZXJ2aWNlcyIsImNvbXBhbnlfbmFtZSI6IkJBTkNPIFNBTlRBTkRFUiBTLkEuIiwiYWRkcmVzc19jaXR5IjoiQm9hZGlsbGEgZGVsIE1vbnRlLCBTcGFpbiIsImh0aWRvY2lkIjoiWGhHYl9qa184S04yMkFKM0FBQUFBQT09IiwidXVsZSI6IncrQ0FJUUlDSUZVM0JoYVc0In0=,Seguridad
eyJqb2JfdGl0bGUiOiJBbmFsaXN0YSBTT0MgQ2liZXJzZWd1cmlkYWQgKHJlbW90bykiLCJjb21wYW55X25hbWUiOiJJbmZvcmdlcyIsImFkZHJlc3NfY2l0eSI6Ik11cmNpYSwgU3BhaW4iLCJodGlkb2NpZCI6Ikl5Zmk2LUhLaXU2N2tXMERBQUFBQUE9PSIsInV1bGUiOiJ3K0NBSVFJQ0lGVTNCaGFXNCJ9,Seguridad
eyJqb2JfdGl0bGUiOiJBbmFsaXN0YSBDaWJlcnNlZ3VyaWRhZCIsImNvbXBhbnlfbmFtZSI6IkVtcHJlc2EgZGUgVGVjbm9sb2fDrWFzIGRlIGxhIEluZm9ybWFjacOzbiB5IENvbXVuaWNhY2lvbmVzIChUSUMpIiwiYWRkcmVzc19jaXR5IjoiTWFkcmlkLCBTcGFpbiIsImh0aWRvY2lkIjoia0lCOE5JVUtYT3JwWXY5MEFBQUFBQT09IiwidXVsZSI6IncrQ0FJUUlDSUZVM0JoYVc0In0=,Seguridad
eyJqb2JfdGl0bGUiOiJBbmFsaXN0YSBkZSBzaXN0ZW1hcyBNaWNyb3NvZnQiLCJjb21wYW55X25hbWUiOiJFdm90ZWMgQ29uc3VsdGluZyIsImFkZHJlc3NfY2l0eSI6Ik1hZHJpZCwgU3BhaW4iLCJodGlkb2NpZCI6IjN4OWhrQXRKODE0WjhGUUhBQUFBQUE9PSIsInV1bGUiOiJ3K0NBSVFJQ0lGVTNCaGFXNCJ9,Seguridad
eyJqb2JfdGl0bGUiOiJBbmFsaXN0YSBkZSBzaXN0ZW1hcyBNaWNyb3NvZnQiLCJjb21wYW55X25hbWUiOiJFdm90ZWMgQ29uc3VsdGluZyIsImFkZHJlc3NfY2l0eSI6Ik1hZHJpZCwgU3BhaW4iLCJodGlkb2NpZCI6IjN4OWhrQXRKODE0WjhGUUhBQUFBQUE9PSIsInV1bGUiOiJ3K0NBSVFJQ0lGVTNCaGFXNCJ9,Mantenimiento y Soporte
eyJqb2JfdGl0bGUiOiJBbmFsaXN0YSBFRFIgZW5kcG9pbnQgIHwgQ2liZXJzZWd1cmlkYWQgfCBUZWxldHJhYmFqbyIsImNvbXBhbnlfbmFtZSI6IkFMVEVOIFNwYWluIiwiYWRkcmVzc19jaXR5IjoiU3BhaW4iLCJodGlkb2NpZCI6InRiMFpYNEktZFMzWnE5bXBBQUFBQUE9PSIsInV1bGUiOiJ3K0NBSVFJQ0lGVTNCaGFXNCJ9,Seguridad
eyJqb2JfdGl0bGUiOiJBbmFsaXN0YSBFRFIgZW5kcG9pbnQgIHwgQ2liZXJzZWd1cmlkYWQgfCBUZWxldHJhYmFqbyIsImNvbXBhbnlfbmFtZSI6IkFMVEVOIFNwYWluIiwiYWRkcmVzc19jaXR5IjoiU3BhaW4iLCJodGlkb2NpZCI6InRiMFpYNEktZFMzWnE5bXBBQUFBQUE9PSIsInV1bGUiOiJ3K0NBSVFJQ0lGVTNCaGFXNCJ9,Integración
eyJqb2JfdGl0bGUiOiJBbmFsaXN0YSBTZW5pb3IgLyBDaWJlcnNlZ3VyaWRhZCIsImNvbXBhbnlfbmFtZSI6IlplbXNhbmlhIiwiYWRkcmVzc19jaXR5IjoiTWFkcmlkLCBTcGFpbiIsImh0aWRvY2lkIjoiRjVMQWdZa2lnbW9lVTFKMkFBQUFBQT09IiwidXVsZSI6IncrQ0FJUUlDSUZVM0JoYVc0In0=,Seguridad
eyJqb2JfdGl0bGUiOiJBbmFsaXN0YSBkZSBDaWJlcnNlZ3VyaWRhZCBJbmR1c3RyaWFsIE4yIiwiY29tcGFueV9uYW1lIjoiVkFTUyIsImFkZHJlc3NfY2l0eSI6Ik1hZHJpZCwgU3BhaW4iLCJodGlkb2NpZCI6IkVIRHdURnpTaHFOeWZBbElBQUFBQUE9PSIsInV1bGUiOiJ3K0NBSVFJQ0lGVTNCaGFXNCJ9,Seguridad
eyJqb2JfdGl0bGUiOiJBbmFsaXN0YSBkZSBHZXN0acOzbiBkZSBWdWxuZXJhYmlsaWRhZGVzIiwiY29tcGFueV9uYW1lIjoiTlRUIERBVEEgRXVyb3BlIFx1MDAyNiBMYXRhbSIsImFkZHJlc3NfY2l0eSI6IlNwYWluIiwiaHRpZG9jaWQiOiJLTF9yNHlYN3lra0p6R2V2QUFBQUFBPT0iLCJ1dWxlIjoidytDQUlRSUNJRlUzQmhhVzQifQ==,Seguridad
eyJqb2JfdGl0bGUiOiJUZWNuaWNvIGRlIFNpc3RlbWFzIiwiY29tcGFueV9uYW1lIjoiQXV0b21hdGljYSBJbnRlbGxpZ2VuY2UiLCJhZGRyZXNzX2NpdHkiOiJNYWRyaWQsIFNwYWluIiwiaHRpZG9jaWQiOiI3alZvT2V4RGNYLWtsZUkwQUFBQUFBPT0iLCJ1dWxlIjoidytDQUlRSUNJRlUzQmhhVzQifQ==,Seguridad
eyJqb2JfdGl0bGUiOiJUw6ljbmljbyBkZSBzaXN0ZW1hcyIsImNvbXBhbnlfbmFtZSI6IkFwaXV4IFRlY2giLCJhZGRyZXNzX2NpdHkiOiJNYWRyaWQsIFNwYWluIiwiaHRpZG9jaWQiOiJRVXNQWlEyTGlLczRjLWNTQUFBQUFBPT0iLCJ1dWxlIjoidytDQUlRSUNJRlUzQmhhVzQifQ==,Seguridad
eyJqb2JfdGl0bGUiOiJUw6ljbmljbyBkZSBzaXN0ZW1hcyIsImNvbXBhbnlfbmFtZSI6IkFwaXV4IFRlY2giLCJhZGRyZXNzX2NpdHkiOiJNYWRyaWQsIFNwYWluIiwiaHRpZG9jaWQiOiJRVXNQWlEyTGlLczRjLWNTQUFBQUFBPT0iLCJ1dWxlIjoidytDQUlRSUNJRlUzQmhhVzQifQ==,Integración
eyJqb2JfdGl0bGUiOiJDb25zdWx0b3IgZGUgVHJhbnNmb3JtYWNpw7NuIERpZ2l0YWwiLCJjb21wYW55X25hbWUiOiJJTk5PVkFTVVIiLCJhZGRyZXNzX2NpdHkiOiJKYcOpbiwgU3BhaW4iLCJodGlkb2NpZCI6InNGOGhkUWdqZTd0SUxGaWZBQUFBQUE9PSIsInV1bGUiOiJ3K0NBSVFJQ0lGVTNCaGFXNCJ9,Seguridad
eyJqb2JfdGl0bGUiOiJDb25zdWx0b3IvYSBwcm9jZXNvcyB5IHRyYW5zZm9ybWFjacOzbiBkaWdpdGFsIiwiY29tcGFueV9uYW1lIjoiRFhDIFRlY2hub2xvZ3kiLCJhZGRyZXNzX2NpdHkiOiJMYXMgUm96YXMgZGUgTWFkcmlkLCBTcGFpbiIsImh0aWRvY2lkIjoiNDB4eEI4Q0d1MzhyZ0k5SEFBQUFBQT09IiwidXVsZSI6IncrQ0FJUUlDSUZVM0JoYVc0In0=,Integración
eyJqb2JfdGl0bGUiOiJDb25zdWx0b3IvYSBUcmFuc2Zvcm1hY2nDs24gRGlnaXRhbCBKdW5pb3IiLCJjb21wYW55X25hbWUiOiJTT0xVVElPIiwiYWRkcmVzc19jaXR5IjoiTWFkcmlkLCBTcGFpbiIsImh0aWRvY2lkIjoiX1d4OWtJcDFCb0V4V2dIY0FBQUFBQT09IiwidXVsZSI6IncrQ0FJUUlDSUZVM0JoYVc0In0=,Integración
eyJqb2JfdGl0bGUiOiJDb25zdWx0b3IvYSBTZW5pb3IgZGUgVHJhbnNmb3JtYWNpw7NuIERpZ2l0YWwiLCJjb21wYW55X25hbWUiOiJJTk5PVkEgQURWQU5DRUQgQ09OU1VMVElORyIsImFkZHJlc3NfY2l0eSI6IlZhbGVuY2lhLCBTcGFpbiIsImh0aWRvY2lkIjoibUw4ZVA5d2pBaUVfcEhfdUFBQUFBQT09IiwidXVsZSI6IncrQ0FJUUlDSUZVM0JoYVc0In0=,Seguridad
eyJqb2JfdGl0bGUiOiJDb25zdWx0b3IvQSBUcmFuc2Zvcm1hY2nDs24gRGlnaXRhbCIsImNvbXBhbnlfbmFtZSI6IkdydXBvIERpZ2l0YWwiLCJhZGRyZXNzX2NpdHkiOiJNYWRyaWQsIFNwYWluIiwiaHRpZG9jaWQiOiI3bmJBM1lVbkZ1N0pNdWRoQUFBQUFBPT0iLCJ1dWxlIjoidytDQUlRSUNJRlUzQmhhVzQifQ==,Integración
eyJqb2JfdGl0bGUiOiJPLTUyMSB8IENvbnN1bHRvci9hIEp1bmlvciBlbiBUcmFuc2Zvcm1hY2nDs24gRGlnaXRhbCIsImNvbXBhbnlfbmFtZSI6IkJsdWVsZWFkZXJzIiwiYWRkcmVzc19jaXR5IjoiTm9yb2VzdGUsIFNwYWluIiwiaHRpZG9jaWQiOiJyQUo2QjU4blRyOHFtMnpJQUFBQUFBPT0iLCJ1dWxlIjoidytDQUlRSUNJRlUzQmhhVzQifQ==,Seguridad
eyJqb2JfdGl0bGUiOiJBc3N1cmFuY2UgfCBCZWNhIFRyYW5zZm9ybWFjacOzbiBEaWdpdGFsIEZZMjUiLCJjb21wYW55X25hbWUiOiJQd0MgRXNwYcOxYSIsImFkZHJlc3NfY2l0eSI6Ik1hZHJpZCwgU3BhaW4iLCJodGlkb2NpZCI6InBSRnZpYU1fZlk3UUl3NjJBQUFBQUE9PSIsInV1bGUiOiJ3K0NBSVFJQ0lGVTNCaGFXNCJ9,Integración
eyJqb2JfdGl0bGUiOiJDb25zdWx0b3IvQSBQcmV2ZW50YSBUcmFuc2Zvcm1hY2lvbiBEaWdpdGFsIChFTS0zNzApIiwiY29tcGFueV9uYW1lIjoiSWJlcm3DoXRpY2EiLCJhZGRyZXNzX2NpdHkiOiJNYWRyaWQsIFNwYWluIiwiaHRpZG9jaWQiOiJaSkk4UDJyX2xNQm9qSFhDQUFBQUFBPT0iLCJ1dWxlIjoidytDQUlRSUNJRlUzQmhhVzQifQ==,Mobile
eyJqb2JfdGl0bGUiOiJDb25zdWx0b3IvYSBTZXJ2aWNlTm93IiwiY29tcGFueV9uYW1lIjoiRVkiLCJhZGRyZXNzX2NpdHkiOiJNYWRyaWQsIFNwYWluIiwiaHRpZG9jaWQiOiJFRlRScHV3MlpyRVpxbEpOQUFBQUFBPT0iLCJ1dWxlIjoidytDQUlRSUNJRlUzQmhhVzQifQ==,Seguridad
eyJqb2JfdGl0bGUiOiJBNjExIHwgQ29uc3VsdG9yL0EgVHJhbnNmb3JtYWNpb24gRGlnaXRhbCIsImNvbXBhbnlfbmFtZSI6IipOb21icmUgT2N1bHRvKiIsImFkZHJlc3NfY2l0eSI6IlNwYWluIiwiaHRpZG9jaWQiOiJJMlVyZXg3MjZIc05JMUZOQUFBQUFBPT0iLCJ1dWxlIjoidytDQUlRSUNJRlUzQmhhVzQifQ==,Seguridad
eyJqb2JfdGl0bGUiOiJDb25zdWx0b3IgSnIgRGUgVHJhbnNmb3JtYWNpw7NuIERpZ2l0YWwgODAlIiwiY29tcGFueV9uYW1lIjoiU2VjdG9yZWEiLCJhZGRyZXNzX2NpdHkiOiJNYWRyaWQsIFNwYWluIiwiaHRpZG9jaWQiOiJEbmZVdXNUWjJ2a0NhMmRHQUFBQUFBPT0iLCJ1dWxlIjoidytDQUlRSUNJRlUzQmhhVzQifQ==,Integración
eyJqb2JfdGl0bGUiOiJDb25zdWx0b3IgRGUgVHJhbnNmb3JtYWNpb24gRGlnaXRhbCIsImNvbXBhbnlfbmFtZSI6Ik5ldGNoZWNrIiwiYWRkcmVzc19jaXR5IjoiTWFkcmlkLCBTcGFpbiIsImh0aWRvY2lkIjoiTHpoN0xHZHg5OFZxWjdRUEFBQUFBQT09IiwidXVsZSI6IncrQ0FJUUlDSUZVM0JoYVc0In0=,Seguridad
eyJqb2JfdGl0bGUiOiJDT05TVUxUT1IgTlVFVkFTIFRFQ05PTE9Hw41BUyBZIFRSQU5TRk9STUFDScOTTiBESUdJVEFMIEJJTEJBTyIsImNvbXBhbnlfbmFtZSI6Ik1hbmFnZW1lbnQgU29sdXRpb25zIiwiYWRkcmVzc19jaXR5IjoiU3BhaW4iLCJodGlkb2NpZCI6Ikd5a05iSllnUWotNlBqYUVBQUFBQUE9PSIsInV1bGUiOiJ3K0NBSVFJQ0lGVTNCaGFXNCJ9,Seguridad
eyJqb2JfdGl0bGUiOiJDT05TVUxUT1IgTlVFVkFTIFRFQ05PTE9Hw41BUyBZIFRSQU5TRk9STUFDScOTTiBESUdJVEFMIEJJTEJBTyIsImNvbXBhbnlfbmFtZSI6Ik1hbmFnZW1lbnQgU29sdXRpb25zIiwiYWRkcmVzc19jaXR5IjoiU3BhaW4iLCJodGlkb2NpZCI6Ikd5a05iSllnUWotNlBqYUVBQUFBQUE9PSIsInV1bGUiOiJ3K0NBSVFJQ0lGVTNCaGFXNCJ9,Integración
eyJqb2JfdGl0bGUiOiJDb25zdWx0b3IvYSBTZW5pb3IgVHJhbnNmb3JtYWNpw7NuIERpZ2l0YWwiLCJjb21wYW55X25hbWUiOiJLUE1HIEVzcGHDsWEiLCJhZGRyZXNzX2NpdHkiOiJNYWRyaWQsIFNwYWluIiwiaHRpZG9jaWQiOiJtU1ZRNTRWWUF5OGlwTmw0QUFBQUFBPT0iLCJ1dWxlIjoidytDQUlRSUNJRlUzQmhhVzQifQ==,Seguridad
eyJqb2JfdGl0bGUiOiJUw6ljbmljbyBkZSBUZWxlY29tdW5pY2FjaW9uZXMiLCJjb21wYW55X25hbWUiOiJSYWRpbWVyIiwiYWRkcmVzc19jaXR5IjoiVmFsbGUgZGUgVHLDoXBhZ2EtVHJhcGFnYXJhbiwgU3BhaW4iLCJodGlkb2NpZCI6IkVaUG9OdVVIcFBST3pDa0xBQUFBQUE9PSIsInV1bGUiOiJ3K0NBSVFJQ0lGVTNCaGFXNCJ9,Seguridad
eyJqb2JfdGl0bGUiOiJUw6ljbmljbyBkZSBUZWxlY29tdW5pY2FjaW9uZXMiLCJjb21wYW55X25hbWUiOiJJUlVOVEVMIFMuTC4iLCJhZGRyZXNzX2NpdHkiOiJJcnVuLCBTcGFpbiIsImh0aWRvY2lkIjoiSXg2RzhJQW13WElmWXc5SUFBQUFBQT09IiwidXVsZSI6IncrQ0FJUUlDSUZVM0JoYVc0In0=,Seguridad
eyJqb2JfdGl0bGUiOiJDb25zdWx0b3IgZGUgU2VndXJpZGFkIE1pY3Jvc29mdCIsImNvbXBhbnlfbmFtZSI6Ildlc3Rjb24tQ29tc3RvciIsImFkZHJlc3NfY2l0eSI6IlNwYWluIiwiaHRpZG9jaWQiOiJGc3A2ZkVGb1Nyb0lhLVJMQUFBQUFBPT0iLCJ1dWxlIjoidytDQUlRSUNJRlUzQmhhVzQifQ==,Seguridad
eyJqb2JfdGl0bGUiOiJDb25zdWx0b3IgZGUgU2VndXJpZGFkIERlZmVuc2l2YSIsImNvbXBhbnlfbmFtZSI6IkJldGFuY291cnQiLCJhZGRyZXNzX2NpdHkiOiJNYWRyaWQsIFNwYWluIiwiaHRpZG9jaWQiOiJVSUtMTUlTOHoxNWw1dno2QUFBQUFBPT0iLCJ1dWxlIjoidytDQUlRSUNJRlUzQmhhVzQifQ==,Seguridad
eyJqb2JfdGl0bGUiOiJDb25zdWx0b3IvYSBkZSBUZWNub2xvZ8OtYSBSZWdpb25hbCBfIEFsaWNhbnRlIiwiY29tcGFueV9uYW1lIjoiU2VjdXJpdGFzIFNlZ3VyaWRhZCBFc3Bhw7FhIiwiYWRkcmVzc19jaXR5IjoiQWxpY2FudGUsIFNwYWluIiwiaHRpZG9jaWQiOiJadTJfbkw1RHpEZDZTa2NYQUFBQUFBPT0iLCJ1dWxlIjoidytDQUlRSUNJRlUzQmhhVzQifQ==,Seguridad
eyJqb2JfdGl0bGUiOiJDb25zdWx0b3IgZGUgU2VndXJpZGFkIiwiY29tcGFueV9uYW1lIjoiRGV2b3RlYW0gU3BhaW4iLCJhZGRyZXNzX2NpdHkiOiJNYWRyaWQsIFNwYWluIiwiaHRpZG9jaWQiOiJtN1NSS2s4SDIwVkZ4czFtQUFBQUFBPT0iLCJ1dWxlIjoidytDQUlRSUNJRlUzQmhhVzQifQ==,Seguridad
eyJqb2JfdGl0bGUiOiJDb25zdWx0b3IvYSBTQVAgU2VndXJpZGFkIChSb2xlcyB5IEF1dG9yaXphY2lvbmVzKSAoZi9tKSIsImNvbXBhbnlfbmFtZSI6IlQtU3lzdGVtcyBJYmVyaWEiLCJhZGRyZXNzX2NpdHkiOiJNYWRyaWQsIFNwYWluIiwiaHRpZG9jaWQiOiJfbW1sZE81T1lyQjM2M1JSQUFBQUFBPT0iLCJ1dWxlIjoidytDQUlRSUNJRlUzQmhhVzQifQ==,Seguridad
eyJqb2JfdGl0bGUiOiJDb25zdWx0b3IgU2VndXJpZGFkIENsb3VkIE5hdGl2ZS8gQ29uc3VsdGFudCBTZWN1cml0eSBDbG91ZCBOYXRpdmUiLCJjb21wYW55X25hbWUiOiJEZXZvdGVhbSIsImFkZHJlc3NfY2l0eSI6Ik1hZHJpZCwgU3BhaW4iLCJodGlkb2NpZCI6InhENFg3T1RmSUxUbkhPWTNBQUFBQUE9PSIsInV1bGUiOiJ3K0NBSVFJQ0lGVTNCaGFXNCJ9,Seguridad
eyJqb2JfdGl0bGUiOiJDb25zdWx0b3IgU2VndXJpZGFkIENsb3VkIE5hdGl2ZS8gQ29uc3VsdGFudCBTZWN1cml0eSBDbG91ZCBOYXRpdmUiLCJjb21wYW55X25hbWUiOiJEZXZvdGVhbSIsImFkZHJlc3NfY2l0eSI6Ik1hZHJpZCwgU3BhaW4iLCJodGlkb2NpZCI6InhENFg3T1RmSUxUbkhPWTNBQUFBQUE9PSIsInV1bGUiOiJ3K0NBSVFJQ0lGVTNCaGFXNCJ9,Infraestructura cloud
eyJqb2JfdGl0bGUiOiJDb25zdWx0b3IgZGUgU2VndXJpZGFkIiwiY29tcGFueV9uYW1lIjoiVG9CZUlUIiwiYWRkcmVzc19jaXR5IjoiQmFyY2Vsb25hLCBTcGFpbiIsImh0aWRvY2lkIjoiYUFGdzFIc3B1dkdrODhLMkFBQUFBQT09IiwidXVsZSI6IncrQ0FJUUlDSUZVM0JoYVc0In0=,Seguridad
eyJqb2JfdGl0bGUiOiJDb25zdWx0b3IgU2VndXJpZGFkIGRlIFNXIiwiY29tcGFueV9uYW1lIjoiQWRlcmVuIiwiYWRkcmVzc19jaXR5IjoiTWFkcmlkLCBTcGFpbiIsImh0aWRvY2lkIjoiMG45UEtCM1dYdlpTazZYX0FBQUFBQT09IiwidXVsZSI6IncrQ0FJUUlDSUZVM0JoYVc0In0=,Seguridad
eyJqb2JfdGl0bGUiOiJDb25zdWx0b3IgU2VndXJpZGFkIiwiY29tcGFueV9uYW1lIjoiUGxleHVzIFRlY2giLCJhZGRyZXNzX2NpdHkiOiJNYWRyaWQsIFNwYWluIiwiaHRpZG9jaWQiOiJ5V2FPM0g2SjJkZjUzZmtBQUFBQUFBPT0iLCJ1dWxlIjoidytDQUlRSUNJRlUzQmhhVzQifQ==,Seguridad
eyJqb2JfdGl0bGUiOiJFc3BlY2lhbGlzdGEgcmVkZXMgeSBzZWd1cmlkYWQiLCJjb21wYW55X25hbWUiOiJFTUVURUwiLCJhZGRyZXNzX2NpdHkiOiJBIENvcnXDsWEsIFNwYWluIiwiaHRpZG9jaWQiOiJoWUhqd2NGZThId05WeW12QUFBQUFBPT0iLCJ1dWxlIjoidytDQUlRSUNJRlUzQmhhVzQifQ==,Seguridad
eyJqb2JfdGl0bGUiOiJFc3BlY2lhbGlzdGEgZW4gUmVkZXMgZGUgVGVsZWNvbXVuaWNhY2lvbmVzIiwiY29tcGFueV9uYW1lIjoiWmVtc2FuaWEiLCJhZGRyZXNzX2NpdHkiOiJBIENvcnXDsWEsIFNwYWluIiwiaHRpZG9jaWQiOiJTNHBldmtDeDBoY1FtX1M3QUFBQUFBPT0iLCJ1dWxlIjoidytDQUlRSUNJRlUzQmhhVzQifQ==,Integración
eyJqb2JfdGl0bGUiOiJUw6ljbmljby9hIFJlZGVzIHkgU2VndXJpZGFkIC0gTml2ZWwgMiIsImNvbXBhbnlfbmFtZSI6Ik1pbnNhaXQiLCJhZGRyZXNzX2NpdHkiOiJHZXRhZmUsIFNwYWluIiwiaHRpZG9jaWQiOiJMY3BGbENoMnJiQmVpeXJQQUFBQUFBPT0iLCJ1dWxlIjoidytDQUlRSUNJRlUzQmhhVzQifQ==,Seguridad
eyJqb2JfdGl0bGUiOiJFc3BlY2lhbGlzdGEgZW4gc2VndXJpZGFkIGRlIHJlZGVzIiwiY29tcGFueV9uYW1lIjoiWmVtc2FuaWEiLCJhZGRyZXNzX2NpdHkiOiJNYWRyaWQsIFNwYWluIiwiaHRpZG9jaWQiOiJZUlE0UENsWkU0dk5uTnF5QUFBQUFBPT0iLCJ1dWxlIjoidytDQUlRSUNJRlUzQmhhVzQifQ==,Seguridad
eyJqb2JfdGl0bGUiOiJFc3BlY2lhbGlzdGEgZW4gUmVkZXMgZGUgQ29tdW5pY2FjaW9uZXMgTjIiLCJjb21wYW55X25hbWUiOiJDSVZJUiIsImFkZHJlc3NfY2l0eSI6Ik1hZHJpZCwgU3BhaW4iLCJodGlkb2NpZCI6IjZ2OGJuWVBTRUhlUDZsZnFBQUFBQUE9PSIsInV1bGUiOiJ3K0NBSVFJQ0lGVTNCaGFXNCJ9,Seguridad
eyJqb2JfdGl0bGUiOiJFU1BFQ0lBTElTVEEgSU5HRU5JRVLDjUEgU09MVUNJT05FUyBNSUxJVEFSRVMgWSBSRURFUyBERSBFTUVSR0VOQ0lBUyBbVi02MTRdIiwiY29tcGFueV9uYW1lIjoiVGVsZWbDs25pY2EgUy4gQS4iLCJhZGRyZXNzX2NpdHkiOiJDb21tdW5pdHkgb2YgTWFkcmlkLCBTcGFpbiIsImh0aWRvY2lkIjoicTN5WTBKekt0ZUdiemJTZUFBQUFBQT09IiwidXVsZSI6IncrQ0FJUUlDSUZVM0JoYVc0In0=,Seguridad
eyJqb2JfdGl0bGUiOiJFU1BFQ0lBTElTVEEgSU5HRU5JRVLDjUEgU09MVUNJT05FUyBNSUxJVEFSRVMgWSBSRURFUyBERSBFTUVSR0VOQ0lBUyBbVi02MTRdIiwiY29tcGFueV9uYW1lIjoiVGVsZWbDs25pY2EgUy4gQS4iLCJhZGRyZXNzX2NpdHkiOiJDb21tdW5pdHkgb2YgTWFkcmlkLCBTcGFpbiIsImh0aWRvY2lkIjoicTN5WTBKekt0ZUdiemJTZUFBQUFBQT09IiwidXVsZSI6IncrQ0FJUUlDSUZVM0JoYVc0In0=,Integración
eyJqb2JfdGl0bGUiOiJUw6ljbmljby9hIEVzcGVjaWFsaXN0YSBlbiBUZWxlY29tdW5pY2FjaW9uZXMgTjIvTjMiLCJjb21wYW55X25hbWUiOiJTRUlET1IiLCJhZGRyZXNzX2NpdHkiOiJaYXJhZ296YSwgU3BhaW4iLCJodGlkb2NpZCI6InFoM29JVVk2eHZGTHdZZ09BQUFBQUE9PSIsInV1bGUiOiJ3K0NBSVFJQ0lGVTNCaGFXNCJ9,Seguridad
eyJqb2JfdGl0bGUiOiJJbmdlbmllcmEvbyBFc3BlY2lhbGlzdGEgZW4gUmVkZXMgZGUgRGlzdHJpYnVjacOzbiAtIENlcnRpZmljYWRvIGRlIGRpc2NhcGFjaWRhZCIsImNvbXBhbnlfbmFtZSI6Ik5hdHVyZ3kiLCJhZGRyZXNzX2NpdHkiOiJWYWxlbmNpYW4gQ29tbXVuaXR5LCBTcGFpbiIsImh0aWRvY2lkIjoicFMxekdpUnN6MmxUZkROS0FBQUFBQT09IiwidXVsZSI6IncrQ0FJUUlDSUZVM0JoYVc0In0=,Integración
eyJqb2JfdGl0bGUiOiJFc3BlY2lhbGlzdGEgZW4gUmVkZXMgeSBTZWd1cmlkYWQgTjIiLCJjb21wYW55X25hbWUiOiJTaXJ0IiwiYWRkcmVzc19jaXR5IjoiTWFydG9yZWxsLCBTcGFpbiIsImh0aWRvY2lkIjoiX0Nwa1NUd1JtS09LbjAzaEFBQUFBQT09IiwidXVsZSI6IncrQ0FJUUlDSUZVM0JoYVc0In0=,Seguridad
eyJqb2JfdGl0bGUiOiJFc3BlY2lhbGlzdGEgZW4gUmVkZXMgeSBTaXN0ZW1hcywgaGlicmlkbyIsImNvbXBhbnlfbmFtZSI6IkhBWVMiLCJhZGRyZXNzX2NpdHkiOiJDb3J2ZXJhIGRlIEFzdHVyaWFzLCBTcGFpbiIsImh0aWRvY2lkIjoiRVVLQlZUTmVRZGRLNHM0VUFBQUFBQT09IiwidXVsZSI6IncrQ0FJUUlDSUZVM0JoYVc0In0=,Seguridad
eyJqb2JfdGl0bGUiOiJDb211bml0ZWxpYSBDb211bmljYWNpb25lczogVMOpY25pY28gZXNwZWNpYWxpc3RhIGVuIHJlZGVzIHkgc2VndXJpZGFkIGdlc3Rpb25hZGEiLCJjb21wYW55X25hbWUiOiJqb2luLmNvbSIsImFkZHJlc3NfY2l0eSI6IlRvbWVsbG9zbywgU3BhaW4iLCJodGlkb2NpZCI6IkRpQnE0VmJ2NG5oWGpra2NBQUFBQUE9PSIsInV1bGUiOiJ3K0NBSVFJQ0lGVTNCaGFXNCJ9,Seguridad
eyJqb2JfdGl0bGUiOiJFc3BlY2lhbGlzdGEgZW4gUmVkZXMgcGFyYSBJbnRlZ3JhY2nDs24gZGUgQ2VudHJvcyBkZSBEYXRvcyIsImNvbXBhbnlfbmFtZSI6IlRlY2h1bnRpbmciLCJhZGRyZXNzX2NpdHkiOiJNYWRyaWQsIFNwYWluIiwiaHRpZG9jaWQiOiJEekEzYWxrOTBRZ1FlOE1mQUFBQUFBPT0iLCJ1dWxlIjoidytDQUlRSUNJRlUzQmhhVzQifQ==,Integración
eyJqb2JfdGl0bGUiOiJJbmdlbmllcmEvbyBFc3BlY2lhbGlzdGEgZW4gUmVkZXMgZGUgRGlzdHJpYnVjacOzbiAtIENlcnRpZmljYWRvIGRlIGRpc2NhcGFjaWRhZCAoVmFsZW5jaWEpIiwiY29tcGFueV9uYW1lIjoiTmF0dXJneSIsImFkZHJlc3NfY2l0eSI6IlZhbGVuY2lhLCBTcGFpbiIsImh0aWRvY2lkIjoiTlhpMEFZR1JSV0RWMWZHb0FBQUFBQT09IiwidXVsZSI6IncrQ0FJUUlDSUZVM0JoYVc0In0=,Integración
eyJqb2JfdGl0bGUiOiJFc3BlY2lhbGlzdGEgQ2l2aWwgM0QgKFJlZGVzIGVudGVycmFkYXMpIiwiY29tcGFueV9uYW1lIjoiU2VuZXIiLCJhZGRyZXNzX2NpdHkiOiJUcmVzIENhbnRvcywgU3BhaW4iLCJodGlkb2NpZCI6ImRQQkVQQTdqUHNIY0NEWDVBQUFBQUE9PSIsInV1bGUiOiJ3K0NBSVFJQ0lGVTNCaGFXNCJ9,Integración
eyJqb2JfdGl0bGUiOiJFc3BlY2lhbGlzdGEgZW4gU29wb3J0ZSBUw6ljbmljbyB5IFJlZGVzIEluZm9ybcOhdGljYXMiLCJjb21wYW55X25hbWUiOiJHT0kgUmVjdXJzb3MgSHVtYW5vcyIsImFkZHJlc3NfY2l0eSI6IlRvbG9zYSwgU3BhaW4iLCJodGlkb2NpZCI6ImZURWNQZU1yWGw4SHFUVVNBQUFBQUE9PSIsInV1bGUiOiJ3K0NBSVFJQ0lGVTNCaGFXNCJ9,Seguridad
eyJqb2JfdGl0bGUiOiJFc3BlY2lhbGlzdGEgRGUgQXJxdWl0ZWN0dXJhIERlIFNvbHVjaW9uZXMiLCJjb21wYW55X25hbWUiOiJFY29lbWJlcyIsImFkZHJlc3NfY2l0eSI6Ik1hZHJpZCwgU3BhaW4iLCJodGlkb2NpZCI6ImZJSHBpYmgySWxSTlZmRGlBQUFBQUE9PSIsInV1bGUiOiJ3K0NBSVFJQ0lGVTNCaGFXNCJ9,Seguridad
eyJqb2JfdGl0bGUiOiJBcnF1aXRlY3RvIGRlIHNpc3RlbWFzIGVuIGxhIG51YmUiLCJjb21wYW55X25hbWUiOiJzZXJlbS4gQ29uc3VsdG9yw61hIGVtcHJlc2FyaWFsIiwiYWRkcmVzc19jaXR5IjoiTWFkcmlkLCBTcGFpbiIsImh0aWRvY2lkIjoiZEQ3ZDlKMW0tTmVKSmJ0aUFBQUFBQT09IiwidXVsZSI6IncrQ0FJUUlDSUZVM0JoYVc0In0=,Seguridad
eyJqb2JfdGl0bGUiOiJBcnF1aXRlY3RvIGRlIHNvbHVjaW9uZXMiLCJjb21wYW55X25hbWUiOiJzZXJlbS4gQ29uc3VsdG9yw61hIGVtcHJlc2FyaWFsIiwiYWRkcmVzc19jaXR5IjoiTWFkcmlkLCBTcGFpbiIsImh0aWRvY2lkIjoiWHNSY3ZpSDBwLTc1TzY2T0FBQUFBQT09IiwidXVsZSI6IncrQ0FJUUlDSUZVM0JoYVc0In0=,Seguridad
eyJqb2JfdGl0bGUiOiJBcnF1aXRlY3RvL2EgRW1wcmVzYXJpYWwvTW9kZXJuaXphY2nDs24iLCJjb21wYW55X25hbWUiOiJWSUVXTkVYVCIsImFkZHJlc3NfY2l0eSI6Ik11cmNpYSwgU3BhaW4iLCJodGlkb2NpZCI6ImRnemNRQUxmQkw0c0N3WFBBQUFBQUE9PSIsInV1bGUiOiJ3K0NBSVFJQ0lGVTNCaGFXNCJ9,Seguridad
eyJqb2JfdGl0bGUiOiJBcnF1aXRlY3RvL2EgRW1wcmVzYXJpYWwvTW9kZXJuaXphY2nDs24iLCJjb21wYW55X25hbWUiOiJWSUVXTkVYVCIsImFkZHJlc3NfY2l0eSI6Ik11cmNpYSwgU3BhaW4iLCJodGlkb2NpZCI6ImRnemNRQUxmQkw0c0N3WFBBQUFBQUE9PSIsInV1bGUiOiJ3K0NBSVFJQ0lGVTNCaGFXNCJ9,Integración
eyJqb2JfdGl0bGUiOiJBcnF1aXRlY3RvIGRlIHNvbHVjaW9uZXMiLCJjb21wYW55X25hbWUiOiJzZXJlbS4gQ29uc3VsdG9yw61hIGVtcHJlc2FyaWFsIiwiYWRkcmVzc19jaXR5IjoiTWFkcmlkLCBTcGFpbiIsImh0aWRvY2lkIjoiUUtBamg1Q3hwSU5TR1YwcEFBQUFBQT09IiwidXVsZSI6IncrQ0FJUUlDSUZVM0JoYVc0In0=,Integración
eyJqb2JfdGl0bGUiOiJBcnF1aXRlY3RvIGRlIFNvbHVjaW9uZXMiLCJjb21wYW55X25hbWUiOiJzZXJlbS4gQ29uc3VsdG9yw61hIGVtcHJlc2FyaWFsIiwiYWRkcmVzc19jaXR5IjoiTWFkcmlkLCBTcGFpbiIsImh0aWRvY2lkIjoiX2gtVzU0UGx0Z0FkbUE5cEFBQUFBQT09IiwidXVsZSI6IncrQ0FJUUlDSUZVM0JoYVc0In0=,Integración
eyJqb2JfdGl0bGUiOiJBcnF1aXRlY3RvIGRlIHNvbHVjaW9uZXMgKDEwMCUgcmVtb3RvKSIsImNvbXBhbnlfbmFtZSI6IlRpZ2xvbyIsImFkZHJlc3NfY2l0eSI6Ik1hZHJpZCwgU3BhaW4iLCJodGlkb2NpZCI6IlQtLVU4eWpjRzhSd0ZsdERBQUFBQUE9PSIsInV1bGUiOiJ3K0NBSVFJQ0lGVTNCaGFXNCJ9,Seguridad
eyJqb2JfdGl0bGUiOiJUw6ljbmljbyBpbmZvcm3DoXRpY28gaGFyZHdhcmUgeSByZWRlcyIsImNvbXBhbnlfbmFtZSI6IlRlY25vQnJhdm8iLCJhZGRyZXNzX2NpdHkiOiJUYXJyYWdvbmEsIFNwYWluIiwiaHRpZG9jaWQiOiJsakZBRnE0QlR1OVZRUWZzQUFBQUFBPT0iLCJ1dWxlIjoidytDQUlRSUNJRlUzQmhhVzQifQ==,Seguridad
eyJqb2JfdGl0bGUiOiJUw6ljbmljbyBpbmZvcm3DoXRpY28gaGFyZHdhcmUgeSByZWRlcyIsImNvbXBhbnlfbmFtZSI6IlRlY25vQnJhdm8iLCJhZGRyZXNzX2NpdHkiOiJUYXJyYWdvbmEsIFNwYWluIiwiaHRpZG9jaWQiOiJsakZBRnE0QlR1OVZRUWZzQUFBQUFBPT0iLCJ1dWxlIjoidytDQUlRSUNJRlUzQmhhVzQifQ==,Integración
eyJqb2JfdGl0bGUiOiJUw6ljbmljbyBJbmZvcm3DoXRpY28gRGUgSGFyZHdhcmUgWSBTb2Z0d2FyZSIsImNvbXBhbnlfbmFtZSI6IlNvcyBJbmZvcm1hdGljYSBIZWxtw6FudGljYSBTbCIsImFkZHJlc3NfY2l0eSI6IlNhbGFtYW5jYSwgU3BhaW4iLCJodGlkb2NpZCI6IlYxQnIyZjhLdXhzV1dhSWlBQUFBQUE9PSIsInV1bGUiOiJ3K0NBSVFJQ0lGVTNCaGFXNCJ9,Seguridad
eyJqb2JfdGl0bGUiOiJUw6ljbmljby9hIE1hbnRlbmltaWVudG8gSW5mb3Jtw6F0aWNvIiwiY29tcGFueV9uYW1lIjoieGF2aXJvY2EuY29tIiwiYWRkcmVzc19jaXR5IjoiTGxlaWRhLCBTcGFpbiIsImh0aWRvY2lkIjoieFFGQmdTRnJVaTV2VTVTR0FBQUFBQT09IiwidXVsZSI6IncrQ0FJUUlDSUZVM0JoYVc0In0=,Seguridad
eyJqb2JfdGl0bGUiOiJUw6ljbmljbyBkZSBzaXN0ZW1hcyIsImNvbXBhbnlfbmFtZSI6IlRoZSBXaGl0ZWFtIiwiYWRkcmVzc19jaXR5IjoiQWxpY2FudGUsIFNwYWluIiwiaHRpZG9jaWQiOiIydzhTYnh3Y190ODlLdzhBQUFBQUFBPT0iLCJ1dWxlIjoidytDQUlRSUNJRlUzQmhhVzQifQ==,Seguridad
eyJqb2JfdGl0bGUiOiJUw6ljbmljbyBkZSBzaXN0ZW1hcyIsImNvbXBhbnlfbmFtZSI6IlRoZSBXaGl0ZWFtIiwiYWRkcmVzc19jaXR5IjoiQWxpY2FudGUsIFNwYWluIiwiaHRpZG9jaWQiOiIydzhTYnh3Y190ODlLdzhBQUFBQUFBPT0iLCJ1dWxlIjoidytDQUlRSUNJRlUzQmhhVzQifQ==,Base de datos
eyJqb2JfdGl0bGUiOiJUw4lDTklDTy9BIElORk9STcOBVElDTyIsImNvbXBhbnlfbmFtZSI6IlJBUyBFc3Bhw7FhIiwiYWRkcmVzc19jaXR5IjoiR3Jhbm9sbGVycywgU3BhaW4iLCJodGlkb2NpZCI6Inh5OFFhdUYwVDNHN3o3Mk5BQUFBQUE9PSIsInV1bGUiOiJ3K0NBSVFJQ0lGVTNCaGFXNCJ9,Seguridad
eyJqb2JfdGl0bGUiOiJTb3BvcnRlIHTDqWNuaWNvIGRlIHNpc3RlbWEoQ2hpbm8pIiwiY29tcGFueV9uYW1lIjoiTWFpbiBQYXBlciIsImFkZHJlc3NfY2l0eSI6IlNlc2XDsWEgTnVldm8sIFNwYWluIiwiaHRpZG9jaWQiOiJBMXpjVnZYUVVKRHNYeFRxQUFBQUFBPT0iLCJ1dWxlIjoidytDQUlRSUNJRlUzQmhhVzQifQ==,Seguridad
eyJqb2JfdGl0bGUiOiJUw6ljbmljby9hIGRlIGFuw6FsaXNpcyBkZSBzb3BvcnRlIiwiY29tcGFueV9uYW1lIjoiR01WIiwiYWRkcmVzc19jaXR5IjoiTWFkcmlkLCBTcGFpbiIsImh0aWRvY2lkIjoiMUFXcWt6cVU4dEFLMl8zZUFBQUFBQT09IiwidXVsZSI6IncrQ0FJUUlDSUZVM0JoYVc0In0=,Base de datos
eyJqb2JfdGl0bGUiOiJUw4lDTklDTy9BIERFIElORk9STcOBVElDQSIsImNvbXBhbnlfbmFtZSI6IklNQU4gVEVNUE9SSU5HIEVUVCwgUy5MLiIsImFkZHJlc3NfY2l0eSI6IkJhcmNlbG9uYSwgU3BhaW4iLCJodGlkb2NpZCI6IjBzTW95QW5NUmJTQ2NzRlVBQUFBQUE9PSIsInV1bGUiOiJ3K0NBSVFJQ0lGVTNCaGFXNCJ9,Seguridad
eyJqb2JfdGl0bGUiOiJTb3BvcnRlIHTDqWNuaWNvIGRlIHNpc3RlbWEoQ2hpbm8pIiwiY29tcGFueV9uYW1lIjoiTWFpbiBQYXBlciIsImFkZHJlc3NfY2l0eSI6IlNwYWluIiwiaHRpZG9jaWQiOiI0QXpGaEtTQWVOb0tQcmVnQUFBQUFBPT0iLCJ1dWxlIjoidytDQUlRSUNJRlUzQmhhVzQifQ==,Seguridad
eyJqb2JfdGl0bGUiOiJUZWNuaWNvL2EgaW5mb3JtYXRpY28iLCJjb21wYW55X25hbWUiOiJhbmdlbCIsImFkZHJlc3NfY2l0eSI6IlphcmFnb3phLCBTcGFpbiIsImh0aWRvY2lkIjoiREladTJKcFlMamtJNmp0X0FBQUFBQT09IiwidXVsZSI6IncrQ0FJUUlDSUZVM0JoYVc0In0=,Seguridad
eyJqb2JfdGl0bGUiOiJUw6ljbmljbyBkZSBTb3BvcnRlIHkgUHVlc3RhIGVuIG1hcmNoYSAtIFNpc3RlbWFzIHkgSGFyZHdhcmUgZGUgU2VndXJpZGFkIiwiY29tcGFueV9uYW1lIjoiQnkgLSBTaXN0ZW1hcyBkZSBDb250cm9sIGRlIEFjY2Vzb3MiLCJhZGRyZXNzX2NpdHkiOiJTcGFpbiIsImh0aWRvY2lkIjoiOTYyYVlxTy1TR1ZrVmwwREFBQUFBQT09IiwidXVsZSI6IncrQ0FJUUlDSUZVM0JoYVc0In0=,Seguridad
eyJqb2JfdGl0bGUiOiJBbmFsaXN0YSBkZSBOZWdvY2lvIERpZ2l0YWwiLCJjb21wYW55X25hbWUiOiJPZmljaW5hcyBDZW50cmFsZXMiLCJhZGRyZXNzX2NpdHkiOiJBbGNvYmVuZGFzLCBTcGFpbiIsImh0aWRvY2lkIjoibUszNGVoR1F5MXFPMjIyaEFBQUFBQT09IiwidXVsZSI6IncrQ0FJUUlDSUZVM0JoYVc0In0=,Integración
eyJqb2JfdGl0bGUiOiJBbmFsaXN0YSBkZSBOZWdvY2lvIERpZ2l0YWwiLCJjb21wYW55X25hbWUiOiJPZmljaW5hcyBDZW50cmFsZXMiLCJhZGRyZXNzX2NpdHkiOiJBbGNvYmVuZGFzLCBTcGFpbiIsImh0aWRvY2lkIjoibUszNGVoR1F5MXFPMjIyaEFBQUFBQT09IiwidXVsZSI6IncrQ0FJUUlDSUZVM0JoYVc0In0=,Full Stack
eyJqb2JfdGl0bGUiOiJBbmFsaXN0YSBEaWdpdGFsIiwiY29tcGFueV9uYW1lIjoiQnlzaWRlY2FyIiwiYWRkcmVzc19jaXR5IjoiTWFkcmlkLCBTcGFpbiIsImh0aWRvY2lkIjoiVW95dDJJX0JSdk9yTXF3aUFBQUFBQT09IiwidXVsZSI6IncrQ0FJUUlDSUZVM0JoYVc0In0=,Integración
eyJqb2JfdGl0bGUiOiJBbmFsaXN0YSBEaWdpdGFsIEFkb2JlIChUZWxldHJhYmFqbykiLCJjb21wYW55X25hbWUiOiJDRSBDb25zdWx0aW5nIiwiYWRkcmVzc19jaXR5IjoiTWFkcmlkLCBTcGFpbiIsImh0aWRvY2lkIjoiaTE4cW5XXzNDNmllNmgydkFBQUFBQT09IiwidXVsZSI6IncrQ0FJUUlDSUZVM0JoYVc0In0=,Mobile
eyJqb2JfdGl0bGUiOiJDb25zdWx0b3IgQkkiLCJjb21wYW55X25hbWUiOiJCYWJlbCIsImFkZHJlc3NfY2l0eSI6IlNwYWluIiwiaHRpZG9jaWQiOiJuZk9PZGNzeWFkdERRbVZwQUFBQUFBPT0iLCJ1dWxlIjoidytDQUlRSUNJRlUzQmhhVzQifQ==,Integración
eyJqb2JfdGl0bGUiOiJDT05TVUxUT1IgREUgREFUQSBWSVNVQUxJWkFDScOTTiAoUE9XRVIgQkkpIiwiY29tcGFueV9uYW1lIjoiRGV2b3RlYW0iLCJhZGRyZXNzX2NpdHkiOiJNYWRyaWQsIFNwYWluIiwiaHRpZG9jaWQiOiJvVDRmdUgyZEZldHZyM21JQUFBQUFBPT0iLCJ1dWxlIjoidytDQUlRSUNJRlUzQmhhVzQifQ==,Seguridad
eyJqb2JfdGl0bGUiOiJDb25zdWx0b3IgQmkgLSBCODIwIiwiY29tcGFueV9uYW1lIjoiWDI1SW5mb3Jtw6F0aWNhIiwiYWRkcmVzc19jaXR5IjoiQ29tbXVuaXR5IG9mIE1hZHJpZCwgU3BhaW4iLCJodGlkb2NpZCI6IndoUWtHZFZEV3FpVC1xajFBQUFBQUE9PSIsInV1bGUiOiJ3K0NBSVFJQ0lGVTNCaGFXNCJ9,Base de datos
eyJqb2JfdGl0bGUiOiJBbmFsaXN0YSBkZSBDaWJlcnNlZ3VyaWRhZCIsImNvbXBhbnlfbmFtZSI6IlBhZ2UgUGVyc29ubmVsIiwiYWRkcmVzc19jaXR5IjoiQmFyY2Vsb25hLCBTcGFpbiIsImh0aWRvY2lkIjoicUk4MTlVVmVUazhCTVlOTEFBQUFBQT09IiwidXVsZSI6IncrQ0FJUUlDSUZVM0JoYVc0In0=,Seguridad
eyJqb2JfdGl0bGUiOiJBbmFsaXN0YSBkZSBTZWd1cmlkYWQgQ2xvdWQgLSAxMDAlIFRlbGV0cmFiYWpvIiwiY29tcGFueV9uYW1lIjoiQXplcnRpdW0gSVQiLCJhZGRyZXNzX2NpdHkiOiJNYWRyaWQsIFNwYWluIiwiaHRpZG9jaWQiOiI5QUtQSnVTNGN4al8xbnR1QUFBQUFBPT0iLCJ1dWxlIjoidytDQUlRSUNJRlUzQmhhVzQifQ==,Seguridad
eyJqb2JfdGl0bGUiOiJBbmFsaXN0YSBDaWJlcnNlZ3VyaWRhZCBlbiBSZW1vdG8iLCJjb21wYW55X25hbWUiOiJBTFRFTiBTcGFpbiIsImFkZHJlc3NfY2l0eSI6Ik1hZHJpZCwgU3BhaW4iLCJodGlkb2NpZCI6ImFUMFBuU1pqSzJQY2lUeG5BQUFBQUE9PSIsInV1bGUiOiJ3K0NBSVFJQ0lGVTNCaGFXNCJ9,Seguridad
eyJqb2JfdGl0bGUiOiJBbmFsaXN0YSBDaWJlcnNlZ3VyaWRhZCBlbiBSZW1vdG8iLCJjb21wYW55X25hbWUiOiJBTFRFTiBTcGFpbiIsImFkZHJlc3NfY2l0eSI6Ik1hZHJpZCwgU3BhaW4iLCJodGlkb2NpZCI6ImFUMFBuU1pqSzJQY2lUeG5BQUFBQUE9PSIsInV1bGUiOiJ3K0NBSVFJQ0lGVTNCaGFXNCJ9,Integración
eyJqb2JfdGl0bGUiOiJUw6ljbmljby9hbmFsaXN0YSBkZSBzZWd1cmlkYWQgU09DIiwiY29tcGFueV9uYW1lIjoiU2Vjb25kIFdpbmRvdyIsImFkZHJlc3NfY2l0eSI6Ik1hZHJpZCwgU3BhaW4iLCJodGlkb2NpZCI6IlRub3VSYjVJQjVQVlMwblZBQUFBQUE9PSIsInV1bGUiOiJ3K0NBSVFJQ0lGVTNCaGFXNCJ9,Seguridad
eyJqb2JfdGl0bGUiOiJBbmFsaXN0YSBTZW5pb3IgLyBDaWJlcnNlZ3VyaWRhZCIsImNvbXBhbnlfbmFtZSI6IlplbXNhbmlhIiwiYWRkcmVzc19jaXR5IjoiTWFkcmlkLCBTcGFpbiIsImh0aWRvY2lkIjoiTlBsOFFoUzI3Z2xCMk1kNkFBQUFBQT09IiwidXVsZSI6IncrQ0FJUUlDSUZVM0JoYVc0In0=,Seguridad
eyJqb2JfdGl0bGUiOiJUw4lDTklDTy9BIENJQkVSU0VHVVJJREFEIiwiY29tcGFueV9uYW1lIjoiSWJlcmRyb2xhIiwiYWRkcmVzc19jaXR5IjoiQmlsYmFvLCBTcGFpbiIsImh0aWRvY2lkIjoiMmtJdW1OYTBoX3hRNzBEX0FBQUFBQT09IiwidXVsZSI6IncrQ0FJUUlDSUZVM0JoYVc0In0=,Seguridad
eyJqb2JfdGl0bGUiOiJ0w6ljbmljby9hIHNlZ3VyaWRhZCBpbmZvcm3DoXRpY2EgY3VtcGxpbWllbnRvIHkgZGxwIiwiY29tcGFueV9uYW1lIjoiTWVyY2Fkb25hIiwiYWRkcmVzc19jaXR5IjoiUGF0ZXJuYSwgU3BhaW4iLCJodGlkb2NpZCI6IktjTEg0X2kzRlMxb2tDbFRBQUFBQUE9PSIsInV1bGUiOiJ3K0NBSVFJQ0lGVTNCaGFXNCJ9,Seguridad
eyJqb2JfdGl0bGUiOiJUw6ljbmljbyBTZWd1cmlkYWQgZGUgbGEgSW5mb3JtYWNpw7NuIiwiY29tcGFueV9uYW1lIjoiUGFnZSBQZXJzb25uZWwiLCJhZGRyZXNzX2NpdHkiOiJNYWRyaWQsIFNwYWluIiwiaHRpZG9jaWQiOiJTSmFJMUs4SXNHc1BfLUNaQUFBQUFBPT0iLCJ1dWxlIjoidytDQUlRSUNJRlUzQmhhVzQifQ==,Seguridad
eyJqb2JfdGl0bGUiOiJUw6ljbmljbyBlbiBjaWJlcnNlZ3VyaWRhZCIsImNvbXBhbnlfbmFtZSI6IkNJU0VUIiwiYWRkcmVzc19jaXR5IjoiTWFkcmlkLCBTcGFpbiIsImh0aWRvY2lkIjoiM0hKNGdYM0xnWnE4ajNhSkFBQUFBQT09IiwidXVsZSI6IncrQ0FJUUlDSUZVM0JoYVc0In0=,Seguridad
eyJqb2JfdGl0bGUiOiJUw4lDTklDTy9BIEdSQywgQ0VSVElGSUNBQ0lPTkVTIFkgQ0lCRVJTRUdVUklEQUQiLCJjb21wYW55X25hbWUiOiJJYmVyZHJvbGEiLCJhZGRyZXNzX2NpdHkiOiJCaWxiYW8sIFNwYWluIiwiaHRpZG9jaWQiOiJMNGtObEV0akdiQzVzYnBDQUFBQUFBPT0iLCJ1dWxlIjoidytDQUlRSUNJRlUzQmhhVzQifQ==,Seguridad
eyJqb2JfdGl0bGUiOiJUw6ljbmljbyBTZWd1cmlkYWQgSW5mb3Jtw6F0aWNhIChIL00vWCkgUi0wNjQiLCJjb21wYW55X25hbWUiOiIqTm9tYnJlIE9jdWx0byoiLCJhZGRyZXNzX2NpdHkiOiJNYWRyaWQsIFNwYWluIiwiaHRpZG9jaWQiOiJuNVZVcm1fNWNTVVdXbXpCQUFBQUFBPT0iLCJ1dWxlIjoidytDQUlRSUNJRlUzQmhhVzQifQ==,Seguridad
eyJqb2JfdGl0bGUiOiJUZWNuaWNvL2EganVuaW9yIHNlZ3VyaWRhZCBwZXJpbWV0cmFsIiwiY29tcGFueV9uYW1lIjoiR3J1cG8gU0lBIiwiYWRkcmVzc19jaXR5IjoiQXN0dXJpYXMsIFNwYWluIiwiaHRpZG9jaWQiOiJzQkN3WklNS3p0T0F1cDdDQUFBQUFBPT0iLCJ1dWxlIjoidytDQUlRSUNJRlUzQmhhVzQifQ==,Seguridad
eyJqb2JfdGl0bGUiOiJUw6ljbmljbyBlbiBjeWJlcnNlZ3VyaWRhZCIsImNvbXBhbnlfbmFtZSI6Ik9SQklLIEN5YmVyc2VjdXJpdHkiLCJhZGRyZXNzX2NpdHkiOiJBcnJhc2F0ZSwgU3BhaW4iLCJodGlkb2NpZCI6InZGbk91VUQzd0w3eUE2WWJBQUFBQUE9PSIsInV1bGUiOiJ3K0NBSVFJQ0lGVTNCaGFXNCJ9,Seguridad
eyJqb2JfdGl0bGUiOiJUw6ljbmljbyBSZWRlcyB5IFNlZ3VyaWRhZCIsImNvbXBhbnlfbmFtZSI6IkFwb2xvIElUIEdyb3VwIiwiYWRkcmVzc19jaXR5IjoiTWFkcmlkLCBTcGFpbiIsImh0aWRvY2lkIjoiem5LRndOTXN3STVxdlNZTUFBQUFBQT09IiwidXVsZSI6IncrQ0FJUUlDSUZVM0JoYVc0In0=,Seguridad
eyJqb2JfdGl0bGUiOiJUw6ljbmljby9hIGRlIENpYmVyc2VndXJpZGFkIENPQVMgKENsb3VkIHkgQ3VlbnRhcyBQcml2aWxlZ2lhZGFzKSIsImNvbXBhbnlfbmFtZSI6Ik1BUEZSRSBJbnN1cmFuY2UiLCJhZGRyZXNzX2NpdHkiOiJNYWRyaWQsIFNwYWluIiwiaHRpZG9jaWQiOiJQLTBWRzl0b1liSTMxWC1yQUFBQUFBPT0iLCJ1dWxlIjoidytDQUlRSUNJRlUzQmhhVzQifQ==,Seguridad
eyJqb2JfdGl0bGUiOiJ0w6ljbmljby9hIHNlZ3VyaWRhZCBpbmZvcm3DoXRpY2EgY29tdW5pY2FjaW9uZXMiLCJjb21wYW55X25hbWUiOiJNZXJjYWRvbmEiLCJhZGRyZXNzX2NpdHkiOiJQYXRlcm5hLCBTcGFpbiIsImh0aWRvY2lkIjoiV29DNDU1aTBpNkU4dnF6WUFBQUFBQT09IiwidXVsZSI6IncrQ0FJUUlDSUZVM0JoYVc0In0=,Seguridad
eyJqb2JfdGl0bGUiOiJ0w6ljbmljby9hIHNlZ3VyaWRhZCBpbmZvcm3DoXRpY2EgY29tdW5pY2FjaW9uZXMiLCJjb21wYW55X25hbWUiOiJNZXJjYWRvbmEiLCJhZGRyZXNzX2NpdHkiOiJQYXRlcm5hLCBTcGFpbiIsImh0aWRvY2lkIjoiV29DNDU1aTBpNkU4dnF6WUFBQUFBQT09IiwidXVsZSI6IncrQ0FJUUlDSUZVM0JoYVc0In0=,Base de datos
eyJqb2JfdGl0bGUiOiJUw4lDTklDTyBERSBTT1BPUlRFIE4yIFNPQyBDSUJFUlNFR1VSSURBRCIsImNvbXBhbnlfbmFtZSI6IlNlY3VyZVx1MDAyNklUIiwiYWRkcmVzc19jaXR5IjoiTGFzIFJvemFzIGRlIE1hZHJpZCwgU3BhaW4iLCJodGlkb2NpZCI6IjBFUXdoZUNIellFc2F2aTJBQUFBQUE9PSIsInV1bGUiOiJ3K0NBSVFJQ0lGVTNCaGFXNCJ9,Seguridad
eyJqb2JfdGl0bGUiOiJUw6ljbmljby9hIGluZm9ybcOhdGljby9hIiwiY29tcGFueV9uYW1lIjoiSU1BTiBURU1QT1JJTkcgRVRULCBTLkwuIiwiYWRkcmVzc19jaXR5IjoiU2FudCBKb2FuIERlc3DDrSwgU3BhaW4iLCJodGlkb2NpZCI6IkRTMjFEUGQ5NU1fVUFERHhBQUFBQUE9PSIsInV1bGUiOiJ3K0NBSVFJQ0lGVTNCaGFXNCJ9,Seguridad
eyJqb2JfdGl0bGUiOiJUw6ljbmljby9hIGluZm9ybcOhdGljby9hIiwiY29tcGFueV9uYW1lIjoiSU1BTiBURU1QT1JJTkcgRVRULCBTLkwuIiwiYWRkcmVzc19jaXR5IjoiU2FudCBKb2FuIERlc3DDrSwgU3BhaW4iLCJodGlkb2NpZCI6IkRTMjFEUGQ5NU1fVUFERHhBQUFBQUE9PSIsInV1bGUiOiJ3K0NBSVFJQ0lGVTNCaGFXNCJ9,Base de datos
eyJqb2JfdGl0bGUiOiJ0w6ljbmljby9hIHNlZ3VyaWRhZCBpbmZvcm3DoXRpY2EgYWNjZXNvcyIsImNvbXBhbnlfbmFtZSI6Ik1lcmNhZG9uYSIsImFkZHJlc3NfY2l0eSI6IlBhdGVybmEsIFNwYWluIiwiaHRpZG9jaWQiOiJiVFRUclRhblloVjdFUWlVQUFBQUFBPT0iLCJ1dWxlIjoidytDQUlRSUNJRlUzQmhhVzQifQ==,Seguridad
eyJqb2JfdGl0bGUiOiJUw6ljbmljbyByZWRlcyBpbmZvcm3DoXRpY2FzIiwiY29tcGFueV9uYW1lIjoiTm9rcmEiLCJhZGRyZXNzX2NpdHkiOiJDYXN0cm8gVXJkaWFsZXMsIFNwYWluIiwiaHRpZG9jaWQiOiJsRGFJbFBpOHZRdVBnX2pWQUFBQUFBPT0iLCJ1dWxlIjoidytDQUlRSUNJRlUzQmhhVzQifQ==,Seguridad
eyJqb2JfdGl0bGUiOiJUw6ljbmljbyBkZSByZWRlcyB5IHNlZ3VyaWRhZCIsImNvbXBhbnlfbmFtZSI6IkNhcGdlbWluaSIsImFkZHJlc3NfY2l0eSI6Ik1hZHJpZCwgU3BhaW4iLCJodGlkb2NpZCI6IlkzckszdFQ1ZTdNTmVtLXhBQUFBQUE9PSIsInV1bGUiOiJ3K0NBSVFJQ0lGVTNCaGFXNCJ9,Seguridad
eyJqb2JfdGl0bGUiOiJUw6ljbmljbyBkZSBDaWJlcnNlZ3VyaWRhZCIsImNvbXBhbnlfbmFtZSI6IlJlY2x1dCIsImFkZHJlc3NfY2l0eSI6Ik11cmNpYSwgU3BhaW4iLCJodGlkb2NpZCI6IllXNVZoeUQ2ZkMxbm51dGxBQUFBQUE9PSIsInV1bGUiOiJ3K0NBSVFJQ0lGVTNCaGFXNCJ9,Seguridad
eyJqb2JfdGl0bGUiOiJUZWNuaWNvL2EgU2VuaW9yIGRlIFNlZ3VyaWRhZCBQZXJpbWV0cmFsIiwiY29tcGFueV9uYW1lIjoiR3J1cG8gU0lBIiwiYWRkcmVzc19jaXR5IjoiQXN0dXJpYXMsIFNwYWluIiwiaHRpZG9jaWQiOiJlYjdHSlJDZG10eHJDc2lSQUFBQUFBPT0iLCJ1dWxlIjoidytDQUlRSUNJRlUzQmhhVzQifQ==,Seguridad
eyJqb2JfdGl0bGUiOiJHZXN0b3IgZGUgU2VndXJpZGFkIEluZm9ybcOhdGljYSIsImNvbXBhbnlfbmFtZSI6IkdSVVBPIENSSVQiLCJhZGRyZXNzX2NpdHkiOiJWYWxlbmNpYSwgU3BhaW4iLCJodGlkb2NpZCI6IlRKdmxRVENfSTJNaEVMa0lBQUFBQUE9PSIsInV1bGUiOiJ3K0NBSVFJQ0lGVTNCaGFXNCJ9,Seguridad
eyJqb2JfdGl0bGUiOiJUw6ljbmljbyBDaWJlcnNlZ3VyaWRhZCAoaC9tKSwgaGlicmlkbyIsImNvbXBhbnlfbmFtZSI6Ik1pY2hhZWwgUGFnZSIsImFkZHJlc3NfY2l0eSI6IkJhc3F1ZSBDb3VudHJ5LCBTcGFpbiIsImh0aWRvY2lkIjoiSzlhS2pfbWs4NHdOVF8tM0FBQUFBQT09IiwidXVsZSI6IncrQ0FJUUlDSUZVM0JoYVc0In0=,Seguridad
eyJqb2JfdGl0bGUiOiJUw6ljbmljbyBkZSBjaWJlcnNlZ3VyaWRhZCAoanVuaW9yKSIsImNvbXBhbnlfbmFtZSI6IlNlcmVtIiwiYWRkcmVzc19jaXR5IjoiTWFkcmlkLCBTcGFpbiIsImh0aWRvY2lkIjoiSEUyM0M2aVZsaDhEYWtuZ0FBQUFBQT09IiwidXVsZSI6IncrQ0FJUUlDSUZVM0JoYVc0In0=,Seguridad
eyJqb2JfdGl0bGUiOiJFc3BlY2lhbGlzdGEgZW4gU2VndXJpZGFkIEluZm9ybcOhdGljYSIsImNvbXBhbnlfbmFtZSI6IktyZWxsLWNvbnN1bHRpbmciLCJhZGRyZXNzX2NpdHkiOiJCYXJjZWxvbmEsIFNwYWluIiwiaHRpZG9jaWQiOiJualgzTGNQckFQYVlXTkZtQUFBQUFBPT0iLCJ1dWxlIjoidytDQUlRSUNJRlUzQmhhVzQifQ==,Seguridad
eyJqb2JfdGl0bGUiOiJGQUxUQSBUw4lDTklDTyBJTkZPUk3DgVRJQ08gUEFSQSBTRUdVUklEQUQiLCJjb21wYW55X25hbWUiOiJJbmljaWF0aXZhcyBlY29sw7NnaWNhcyIsImFkZHJlc3NfY2l0eSI6IkJhcmNlbG9uYSwgU3BhaW4iLCJodGlkb2NpZCI6InNuVm10M2pmd3Zudm5YMHRBQUFBQUE9PSIsInV1bGUiOiJ3K0NBSVFJQ0lGVTNCaGFXNCJ9,Seguridad
eyJqb2JfdGl0bGUiOiJUw6ljbmljbyBOMSBkZSBDaWJlcnNlZ3VyaWRhZCIsImNvbXBhbnlfbmFtZSI6IklhYVMgMzY1IiwiYWRkcmVzc19jaXR5IjoiTcOhbGFnYSwgU3BhaW4iLCJodGlkb2NpZCI6IlpReldLSllHQmE4NUtMeENBQUFBQUE9PSIsInV1bGUiOiJ3K0NBSVFJQ0lGVTNCaGFXNCJ9,Seguridad
eyJqb2JfdGl0bGUiOiJUw6ljbmljbyBOMSBkZSBDaWJlcnNlZ3VyaWRhZCIsImNvbXBhbnlfbmFtZSI6IklhYVMgMzY1IiwiYWRkcmVzc19jaXR5IjoiTcOhbGFnYSwgU3BhaW4iLCJodGlkb2NpZCI6IlpReldLSllHQmE4NUtMeENBQUFBQUE9PSIsInV1bGUiOiJ3K0NBSVFJQ0lGVTNCaGFXNCJ9,Mantenimiento y Soporte
eyJqb2JfdGl0bGUiOiJUw6ljbmljbyBPcGVyYXRpdm8gZGUgQ2liZXJzZWd1cmlkYWQiLCJjb21wYW55X25hbWUiOiJQbGVub2lsIiwiYWRkcmVzc19jaXR5IjoiTWFkcmlkLCBTcGFpbiIsImh0aWRvY2lkIjoiY0d2VUNxNFlVNFRTRG9hX0FBQUFBQT09IiwidXVsZSI6IncrQ0FJUUlDSUZVM0JoYVc0In0=,Seguridad
eyJqb2JfdGl0bGUiOiJUw6ljbmljbyBkZSBjaWJlcnNlZ3VyaWRhZCAgKEgvTSkiLCJjb21wYW55X25hbWUiOiJHcnVwbyBPZXPDrWEiLCJhZGRyZXNzX2NpdHkiOiJNYWRyaWQsIFNwYWluIiwiaHRpZG9jaWQiOiIxVExKQjBJYnUxREFtblJHQUFBQUFBPT0iLCJ1dWxlIjoidytDQUlRSUNJRlUzQmhhVzQifQ==,Seguridad
eyJqb2JfdGl0bGUiOiJUw6ljbmljbyBEZSBDaWJlcnNlZ3VyaWRhZCIsImNvbXBhbnlfbmFtZSI6IktleSBUYWxlbnQgSW5kaWNhdG9yIiwiYWRkcmVzc19jaXR5IjoiQWxlbGxhLCBTcGFpbiIsImh0aWRvY2lkIjoiQVJlVXFLaVpfcFc4UDNLOUFBQUFBQT09IiwidXVsZSI6IncrQ0FJUUlDSUZVM0JoYVc0In0=,Seguridad
eyJqb2JfdGl0bGUiOiJUw6ljbmljbyBDaWJlcnNlZ3VyaWRhZCAoaC9tKSIsImNvbXBhbnlfbmFtZSI6Ik1pY2hhZWwgUGFnZSIsImFkZHJlc3NfY2l0eSI6IlNwYWluIiwiaHRpZG9jaWQiOiIzN3o1Tkdnck4tZndqM0VSQUFBQUFBPT0iLCJ1dWxlIjoidytDQUlRSUNJRlUzQmhhVzQifQ==,Seguridad
eyJqb2JfdGl0bGUiOiJDb25zdWx0b3IvYSB0ZWNuaWNvL2EgSGFja2luZyBldGljbyIsImNvbXBhbnlfbmFtZSI6IkdydXBvIFNJQSIsImFkZHJlc3NfY2l0eSI6IkJpc2NheSwgU3BhaW4iLCJodGlkb2NpZCI6IkdNenZWbDRFUXF2dzA0STZBQUFBQUE9PSIsInV1bGUiOiJ3K0NBSVFJQ0lGVTNCaGFXNCJ9,Seguridad
eyJqb2JfdGl0bGUiOiJBdWRpdG9yIHTDqWNuaWNvIC0gQ2liZXJzZWd1cmlkYWQgKEgvTSkiLCJjb21wYW55X25hbWUiOiJHcnVwbyBPZXNpYSIsImFkZHJlc3NfY2l0eSI6IlZhbGxhZG9saWQsIFNwYWluIiwiaHRpZG9jaWQiOiJVMDJZaTVHVVpwUWVPREQyQUFBQUFBPT0iLCJ1dWxlIjoidytDQUlRSUNJRlUzQmhhVzQifQ==,Seguridad
eyJqb2JfdGl0bGUiOiJDb3N1bHRvcsOtYSBJQSBhcGxpY2FkYSBhIGNpYmVyc2VndXJpZGFkIiwiY29tcGFueV9uYW1lIjoiVkFTUyIsImFkZHJlc3NfY2l0eSI6IkFsY29iZW5kYXMsIFNwYWluIiwiaHRpZG9jaWQiOiJOY3BGcHRTUHJicjZ4R19EQUFBQUFBPT0iLCJ1dWxlIjoidytDQUlRSUNJRlUzQmhhVzQifQ==,Seguridad
eyJqb2JfdGl0bGUiOiJUZWNuaWNvL2EganVuaW9yIHNlZ3VyaWRhZCBwZXJpbWV0cmFsIiwiY29tcGFueV9uYW1lIjoiR3J1cG8gU0lBIiwiYWRkcmVzc19jaXR5IjoiT3ZpZWRvLCBNdW5pY2lwYWxpdHkgb2YgT3ZpZWRvLCBTcGFpbiIsImh0aWRvY2lkIjoicVkzNU4yTEhrQWY4MnI4YkFBQUFBQT09IiwidXVsZSI6IncrQ0FJUUlDSUZVM0JoYVc0In0=,Seguridad
eyJqb2JfdGl0bGUiOiJTT1MgSW5mb3JtYXRpY2EgSGVsbcOhbnRpY2EgU0w6IFTDqWNuaWNvIEluZm9ybcOhdGljbyBkZSBIYXJkd2FyZSB5IFNvZnR3YXJlIiwiY29tcGFueV9uYW1lIjoiam9pbi5jb20iLCJhZGRyZXNzX2NpdHkiOiJDYWJyZXJpem9zLCBTcGFpbiIsImh0aWRvY2lkIjoiazdYMkhoeDdYX2pHRU1zaEFBQUFBQT09IiwidXVsZSI6IncrQ0FJUUlDSUZVM0JoYVc0In0=,Seguridad
eyJqb2JfdGl0bGUiOiIoMDAxLzAwMykgRXNwZWNpYWxpc3RhIFNlZ3VyaWRhZCBJbmZvcm3DoXRpY2EiLCJjb21wYW55X25hbWUiOiJHcnVwbyBTYWYiLCJhZGRyZXNzX2NpdHkiOiJaYXJhZ296YSwgU3BhaW4iLCJodGlkb2NpZCI6ImhCOU5FQVhmR0h2WHZSeW1BQUFBQUE9PSIsInV1bGUiOiJ3K0NBSVFJQ0lGVTNCaGFXNCJ9,Seguridad
eyJqb2JfdGl0bGUiOiJUw6ljbmljbyBDaWJlcnNlZ3VyaWRhZCwgaGlicmlkbyIsImNvbXBhbnlfbmFtZSI6Ik1pY2hhZWwgUGFnZSIsImFkZHJlc3NfY2l0eSI6Ik1hZHJpZCwgU3BhaW4iLCJodGlkb2NpZCI6InFHcWlxaXNwb3ZQdVpDNEVBQUFBQUE9PSIsInV1bGUiOiJ3K0NBSVFJQ0lGVTNCaGFXNCJ9,Seguridad
eyJqb2JfdGl0bGUiOiJFc3BlY2lhbGlzdGEgZW4gY2liZXJzZWd1cmlkYWQiLCJjb21wYW55X25hbWUiOiJNQUlOSk9CUyBJTlRFUk5BQ0lPTkFMIEVEVUNBVElWQSBZIFRFQ05PTMOTR0lDQSBTLkEuVSIsImFkZHJlc3NfY2l0eSI6IlNldmlsbGUsIFNwYWluIiwiaHRpZG9jaWQiOiJUVi1YdTBkb21Ccm50bmwxQUFBQUFBPT0iLCJ1dWxlIjoidytDQUlRSUNJRlUzQmhhVzQifQ==,Seguridad
eyJqb2JfdGl0bGUiOiJFeHBlcnRvIGVuIFNlZ3VyaWRhZCBJbmZvcm3DoXRpY2EiLCJjb21wYW55X25hbWUiOiJFY2l4IFRlY2giLCJhZGRyZXNzX2NpdHkiOiJNYWRyaWQsIFNwYWluIiwiaHRpZG9jaWQiOiJfQmxNY3AtcHNlODFsWGMzQUFBQUFBPT0iLCJ1dWxlIjoidytDQUlRSUNJRlUzQmhhVzQifQ==,Seguridad
eyJqb2JfdGl0bGUiOiJUw6ljbmljby9hIGRlIFNpc3RlbWFzIGRlIGFwbGljYWNpb25lcyIsImNvbXBhbnlfbmFtZSI6IkdydXBvIFNJQSIsImFkZHJlc3NfY2l0eSI6Ik1hZHJpZCwgU3BhaW4iLCJodGlkb2NpZCI6InhvY0JMU1o0dG1wSW5pZHdBQUFBQUE9PSIsInV1bGUiOiJ3K0NBSVFJQ0lGVTNCaGFXNCJ9,Seguridad
eyJqb2JfdGl0bGUiOiJUw6ljbmljby9hIGRlIFNpc3RlbWFzIGRlIGFwbGljYWNpb25lcyIsImNvbXBhbnlfbmFtZSI6IkdydXBvIFNJQSIsImFkZHJlc3NfY2l0eSI6Ik1hZHJpZCwgU3BhaW4iLCJodGlkb2NpZCI6InhvY0JMU1o0dG1wSW5pZHdBQUFBQUE9PSIsInV1bGUiOiJ3K0NBSVFJQ0lGVTNCaGFXNCJ9,Integración
eyJqb2JfdGl0bGUiOiJUw6ljbmljby9hIGVuIFByb3RlY2Npw7NuIGRlIERhdG9zIHkgRExQIiwiY29tcGFueV9uYW1lIjoiTWVyY2Fkb25hIiwiYWRkcmVzc19jaXR5IjoiUGF0ZXJuYSwgU3BhaW4iLCJodGlkb2NpZCI6Ikd4V3hiOXdiX2IxZHJ2TjZBQUFBQUE9PSIsInV1bGUiOiJ3K0NBSVFJQ0lGVTNCaGFXNCJ9,Seguridad
eyJqb2JfdGl0bGUiOiJFc3BlY2lhbGlzdGEgZW4gQXJxdWl0ZWN0dXJhIGRlIFNlZ3VyaWRhZCBJbmZvcm3DoXRpY2EiLCJjb21wYW55X25hbWUiOiJLcmVsbC1jb25zdWx0aW5nIiwiYWRkcmVzc19jaXR5IjoiTWFkcmlkLCBTcGFpbiIsImh0aWRvY2lkIjoiZTh3RHI0a0Q5a0o2UXp4QkFBQUFBQT09IiwidXVsZSI6IncrQ0FJUUlDSUZVM0JoYVc0In0=,Seguridad
eyJqb2JfdGl0bGUiOiJFc3BlY2lhbGlzdGEgZW4gQ3VlbnRhcyAtIFNlZ3VyaWRhZCBJbmZvcm3DoXRpY2EiLCJjb21wYW55X25hbWUiOiJUZWxlZm9uaWNhIFMuQS4iLCJhZGRyZXNzX2NpdHkiOiJNYWRyaWQsIFNwYWluIiwiaHRpZG9jaWQiOiI1TjdoV0R0Z2FDX2xZQk1qQUFBQUFBPT0iLCJ1dWxlIjoidytDQUlRSUNJRlUzQmhhVzQifQ==,Seguridad
eyJqb2JfdGl0bGUiOiJBdWRpdG9yL2EgU2VuaW9yIGRlIFNlZ3VyaWRhZC9QZW50ZXN0ZXIiLCJjb21wYW55X25hbWUiOiJHcnVwbyBTSUEiLCJhZGRyZXNzX2NpdHkiOiJNYWRyaWQsIFNwYWluIiwiaHRpZG9jaWQiOiIwNEt3cEluczlLSmZsSHppQUFBQUFBPT0iLCJ1dWxlIjoidytDQUlRSUNJRlUzQmhhVzQifQ==,Seguridad
eyJqb2JfdGl0bGUiOiJEaXJlY3RvciBkZSBDdWVudGFzIGVuIFRlY25vbG9nw61hIHkgU2VndXJpZGFkIEluZm9ybcOhdGljYSIsImNvbXBhbnlfbmFtZSI6Ik5leFRSZVQsIFMuTC4iLCJhZGRyZXNzX2NpdHkiOiJNYWRyaWQsIFNwYWluIiwiaHRpZG9jaWQiOiJ2cENnTlBIeFp0cmtwazd2QUFBQUFBPT0iLCJ1dWxlIjoidytDQUlRSUNJRlUzQmhhVzQifQ==,Seguridad
eyJqb2JfdGl0bGUiOiJEZXNhcnJvbGxvIGRlIG5lZ29jaW8gVElDIiwiY29tcGFueV9uYW1lIjoiRHVybklBIFRJIiwiYWRkcmVzc19jaXR5IjoiU3BhaW4iLCJodGlkb2NpZCI6IkV6QnEzV2N2TlZlV3k1MThBQUFBQUE9PSIsInV1bGUiOiJ3K0NBSVFJQ0lGVTNCaGFXNCJ9,Seguridad
eyJqb2JfdGl0bGUiOiJERVNBUlJPTExBRE9SL0EgREUgU09GVFdBUkUiLCJjb21wYW55X25hbWUiOiJZb3VyIFRBTEVOVCBzaWRFIiwiYWRkcmVzc19jaXR5IjoiU2FudCBDdWdhdCBkZWwgVmFsbMOocywgU3BhaW4iLCJodGlkb2NpZCI6ImxKR242MmUyaDBvbHItUW1BQUFBQUE9PSIsInV1bGUiOiJ3K0NBSVFJQ0lGVTNCaGFXNCJ9,Seguridad
eyJqb2JfdGl0bGUiOiJERVNBUlJPTExBRE9SL1BST0dSQU1BRE9SIFNFTklPUiIsImNvbXBhbnlfbmFtZSI6IkdydXBvIElPRSAtIEZvcm1hY2nDs24gZGUgY2FsaWRhZCBwYXJhIGVtcHJlc2FzIiwiYWRkcmVzc19jaXR5IjoiU3BhaW4iLCJodGlkb2NpZCI6IjJmNEM5SGo1T25VZjU0bW5BQUFBQUE9PSIsInV1bGUiOiJ3K0NBSVFJQ0lGVTNCaGFXNCJ9,Integración
eyJqb2JfdGl0bGUiOiJEZXNhcnJvbGxhZG9yL2EgQmFjayBlbmQiLCJjb21wYW55X25hbWUiOiJzZXJlbS4gQ29uc3VsdG9yw61hIGVtcHJlc2FyaWFsIiwiYWRkcmVzc19jaXR5IjoiU3BhaW4iLCJodGlkb2NpZCI6InFkNFF6bEJBWnhzQl9Yb3lBQUFBQUE9PSIsInV1bGUiOiJ3K0NBSVFJQ0lGVTNCaGFXNCJ9,Base de datos
eyJqb2JfdGl0bGUiOiJEZXNhcnJvbGxhZG9yIC5OZXQiLCJjb21wYW55X25hbWUiOiJzZXJlbS4gQ29uc3VsdG9yw61hIGVtcHJlc2FyaWFsIiwiYWRkcmVzc19jaXR5IjoiTWFkcmlkLCBTcGFpbiIsImh0aWRvY2lkIjoiM1dDY0ZfNkdOMlhwYmpNMUFBQUFBQT09IiwidXVsZSI6IncrQ0FJUUlDSUZVM0JoYVc0In0=,Base de datos
eyJqb2JfdGl0bGUiOiJEZXNhcnJvbGxhZG9yIC5OZXQiLCJjb21wYW55X25hbWUiOiJzZXJlbS4gQ29uc3VsdG9yw61hIGVtcHJlc2FyaWFsIiwiYWRkcmVzc19jaXR5IjoiTWFkcmlkLCBTcGFpbiIsImh0aWRvY2lkIjoiM1dDY0ZfNkdOMlhwYmpNMUFBQUFBQT09IiwidXVsZSI6IncrQ0FJUUlDSUZVM0JoYVc0In0=,Integración
eyJqb2JfdGl0bGUiOiJJbmdlbmllcm8vYSBkZSBSZWRlcyIsImNvbXBhbnlfbmFtZSI6IktyZWxsIENvbnN1bHRpbmciLCJhZGRyZXNzX2NpdHkiOiJCYXJjZWxvbmEsIFNwYWluIiwiaHRpZG9jaWQiOiIxRUV2bGJMSEl4SHNsWFJMQUFBQUFBPT0iLCJ1dWxlIjoidytDQUlRSUNJRlUzQmhhVzQifQ==,Seguridad
eyJqb2JfdGl0bGUiOiJJbmdlbmllcm8gTmV0d29yayAvIFJlZGVzIENDTlAgRW50ZXJwcmlzZSIsImNvbXBhbnlfbmFtZSI6IkNhcGdlbWluaSIsImFkZHJlc3NfY2l0eSI6Ik1hZHJpZCwgU3BhaW4iLCJodGlkb2NpZCI6IktDaWczZ0xRcU9zaWxTU2xBQUFBQUE9PSIsInV1bGUiOiJ3K0NBSVFJQ0lGVTNCaGFXNCJ9,Seguridad
eyJqb2JfdGl0bGUiOiJJbmdlbmllcm8vYSBSZWQgTcOzdmlsIiwiY29tcGFueV9uYW1lIjoiR3J1cG8gbHBzIiwiYWRkcmVzc19jaXR5IjoiVmFsZW5jaWEsIFNwYWluIiwiaHRpZG9jaWQiOiI4N1JaeXBySXIyVGNQNWtpQUFBQUFBPT0iLCJ1dWxlIjoidytDQUlRSUNJRlUzQmhhVzQifQ==,Seguridad
eyJqb2JfdGl0bGUiOiJJbmdlbmllcm8vYSBkZSBSZWRlcyIsImNvbXBhbnlfbmFtZSI6Ik51bnN5cyIsImFkZHJlc3NfY2l0eSI6IlBhdGVybmEsIFNwYWluIiwiaHRpZG9jaWQiOiJ3SUVTa3pNMW9DT0pELWdiQUFBQUFBPT0iLCJ1dWxlIjoidytDQUlRSUNJRlUzQmhhVzQifQ==,Seguridad
eyJqb2JfdGl0bGUiOiJJbmdlbmllcm8vYSBkZSBSZWRlcyIsImNvbXBhbnlfbmFtZSI6IlJvYmVydCBXYWx0ZXJzIiwiYWRkcmVzc19jaXR5IjoiVmFsZW5jaWEsIFNwYWluIiwiaHRpZG9jaWQiOiJFNkRFSjRIMVpKYzRfMUdyQUFBQUFBPT0iLCJ1dWxlIjoidytDQUlRSUNJRlUzQmhhVzQifQ==,Seguridad
eyJqb2JfdGl0bGUiOiJJbmdlbmllcm8vYSBlbiBSZWRlcywgQ29tdW5pY2FjaW9uZXMgeSBTZWd1cmlkYWQgUGVyaW1ldHJhbCIsImNvbXBhbnlfbmFtZSI6Ik1pbnNhaXQiLCJhZGRyZXNzX2NpdHkiOiJBbGNvYmVuZGFzLCBTcGFpbiIsImh0aWRvY2lkIjoieWhnNWJyNmFiT2tkVFN3WkFBQUFBQT09IiwidXVsZSI6IncrQ0FJUUlDSUZVM0JoYVc0In0=,Seguridad
eyJqb2JfdGl0bGUiOiJJbmdlbmllcm8vYSBkZSB0ZWxlY29tdW5pY2FjaW9uZXMgLSBBIENvcnXDsWEiLCJjb21wYW55X25hbWUiOiJaZW1zYW5pYSBHbG9iYWwgR3JvdXAiLCJhZGRyZXNzX2NpdHkiOiJBIENvcnXDsWEsIFNwYWluIiwiaHRpZG9jaWQiOiI1YkVFdGFhd3ZLSTU0RGFVQUFBQUFBPT0iLCJ1dWxlIjoidytDQUlRSUNJRlUzQmhhVzQifQ==,Integración
eyJqb2JfdGl0bGUiOiJJbmdlbmllcm8vYSBkZSBUZWxlY29tdW5pY2FjaW9uZXMgcGFyYSBwcm95ZWN0b3MgZGUgSUNUIiwiY29tcGFueV9uYW1lIjoiV1NQIFNwYWluIiwiYWRkcmVzc19jaXR5IjoiTWFkcmlkLCBTcGFpbiIsImh0aWRvY2lkIjoiSWJDTEVUZ3ZEY0wtNU80LUFBQUFBQT09IiwidXVsZSI6IncrQ0FJUUlDSUZVM0JoYVc0In0=,Seguridad
eyJqb2JfdGl0bGUiOiJJbmdlbmllcm8gZGUgUmVkZXMgKEFXUykiLCJjb21wYW55X25hbWUiOiJYMjVpbmZvcm3DoXRpY2EiLCJhZGRyZXNzX2NpdHkiOiJTcGFpbiIsImh0aWRvY2lkIjoiUDVTLWtFeFp4WjhudVlKQkFBQUFBQT09IiwidXVsZSI6IncrQ0FJUUlDSUZVM0JoYVc0In0=,Seguridad
eyJqb2JfdGl0bGUiOiJJbmdlbmllcm8vYSBDb29yZGluYWRvci9hIFRDUCAtIFJlZGVzIE9UIChIL00vWCkgMTE2NCIsImNvbXBhbnlfbmFtZSI6IlbDqHJpbmdlciBJbmdlbmllcsOtYSBBdmFuemFkYSIsImFkZHJlc3NfY2l0eSI6IlRhcnJhZ29uYSwgU3BhaW4iLCJodGlkb2NpZCI6IjZ3VzdoZVdTVUZabVhjZlZBQUFBQUE9PSIsInV1bGUiOiJ3K0NBSVFJQ0lGVTNCaGFXNCJ9,Seguridad
eyJqb2JfdGl0bGUiOiJJbmdlbmllcm8gLyBJbmdlbmllcmEgcHJldmVudGEgZGUgcmVkIHkgc2VndXJpZGFkIiwiY29tcGFueV9uYW1lIjoiVHJlbnRpYSBDb25zdWx0aW5nIiwiYWRkcmVzc19jaXR5IjoiQmFyY2Vsb25hLCBTcGFpbiIsImh0aWRvY2lkIjoiaWlmc2VLckpvR2RPOFhsQ0FBQUFBQT09IiwidXVsZSI6IncrQ0FJUUlDSUZVM0JoYVc0In0=,Seguridad
eyJqb2JfdGl0bGUiOiJJbmdlbmllcm8vYSBqdW5pb3IgfCBSYW1hIGVsZWN0csOzbmljYSB5IHRlbGVjb211bmljYWNpb25lcyIsImNvbXBhbnlfbmFtZSI6IkNBRiBHcm91cCIsImFkZHJlc3NfY2l0eSI6Ik1hZHJpZCwgU3BhaW4iLCJodGlkb2NpZCI6InJEXzVhWEZObjlrbFZISHdBQUFBQUE9PSIsInV1bGUiOiJ3K0NBSVFJQ0lGVTNCaGFXNCJ9,Integración
eyJqb2JfdGl0bGUiOiJJbmdlbmllcm8gTmV0d29yayAvIFJlZGVzIENDTlAgRW50ZXJwcmlzZSIsImNvbXBhbnlfbmFtZSI6IkNhcGdlbWluaSBFbmdpbmVlcmluZyIsImFkZHJlc3NfY2l0eSI6Ik1hZHJpZCwgU3BhaW4iLCJodGlkb2NpZCI6IjJhTUpoM0VXOVhBNnEzaEtBQUFBQUE9PSIsInV1bGUiOiJ3K0NBSVFJQ0lGVTNCaGFXNCJ9,Seguridad
eyJqb2JfdGl0bGUiOiJJbmdlbmllcm8vYSBSZWRlcyB5IFNlZ3VyaWRhZCIsImNvbXBhbnlfbmFtZSI6Ik1pbnNhaXQiLCJhZGRyZXNzX2NpdHkiOiJBbGNvYmVuZGFzLCBTcGFpbiIsImh0aWRvY2lkIjoibTFFbWN5S3NwM1pzTGZQUUFBQUFBQT09IiwidXVsZSI6IncrQ0FJUUlDSUZVM0JoYVc0In0=,Seguridad
eyJqb2JfdGl0bGUiOiJFSEItMjIxIEluZ2VuaWVyby9hIGRlIFJlZGVzIiwiY29tcGFueV9uYW1lIjoiR1JVUE8gQ1JJVCIsImFkZHJlc3NfY2l0eSI6IlZhbGVuY2lhLCBTcGFpbiIsImh0aWRvY2lkIjoidEVNQ04zaE1jNG1rZm1yYUFBQUFBQT09IiwidXVsZSI6IncrQ0FJUUlDSUZVM0JoYVc0In0=,Seguridad
eyJqb2JfdGl0bGUiOiJJbmdlbmllcm8vYSBOZXR3b3JraW5nIHwgU2VjdG9yIFRlbGVjb211bmljYWNpb25lcyAoQmFyY2Vsb25hKSIsImNvbXBhbnlfbmFtZSI6IkNlbnR1bSIsImFkZHJlc3NfY2l0eSI6IkJhcmNlbG9uYSwgU3BhaW4iLCJodGlkb2NpZCI6InNXMWIxTG5xTlZUUk1GNEpBQUFBQUE9PSIsInV1bGUiOiJ3K0NBSVFJQ0lGVTNCaGFXNCJ9,Seguridad
eyJqb2JfdGl0bGUiOiJJbmdlbmllcm8vYSBFbGVjdHLDs25pY28vVGVsZWNvbXVuaWNhY2lvbmVzIEp1bmlvciBjb24gQWxlbcOhbiB5L28gRnJhbmPDqXMiLCJjb21wYW55X25hbWUiOiJDQUYgR3JvdXAiLCJhZGRyZXNzX2NpdHkiOiJCZWFzYWluLCBTcGFpbiIsImh0aWRvY2lkIjoiZzY1UkRNc0Fzck9qV1VIYUFBQUFBQT09IiwidXVsZSI6IncrQ0FJUUlDSUZVM0JoYVc0In0=,Seguridad
eyJqb2JfdGl0bGUiOiJJbmdlbmllcm8vYSBkZSBUZWxlY29tdW5pY2FjaW9uZXMgLSBQZXJmaWwgaW50ZWdyYWNpw7NuIGRlIHNpc3RlbWFzIGRlIGNvbXVuaWNhY2lvbmVzIHJhZGlvIiwiY29tcGFueV9uYW1lIjoiRW5naW5lZXJzIFNvdXJjaW5nIiwiYWRkcmVzc19jaXR5IjoiVG9ycmVqw7NuIGRlIEFyZG96LCBTcGFpbiIsImh0aWRvY2lkIjoib3owV00ybFBHTGsya2MxdkFBQUFBQT09IiwidXVsZSI6IncrQ0FJUUlDSUZVM0JoYVc0In0=,Integración
eyJqb2JfdGl0bGUiOiIwOS0gIEluZ2VuaWVybyBkZSByZWRlcyBTRFdBTiB5IEZpcmV3YWxsIEZvcnRpbmV0IiwiY29tcGFueV9uYW1lIjoiQkFPU1MiLCJhZGRyZXNzX2NpdHkiOiJTcGFpbiIsImh0aWRvY2lkIjoiZWZiYldVbkRtSmhwb05fTEFBQUFBQT09IiwidXVsZSI6IncrQ0FJUUlDSUZVM0JoYVc0In0=,Seguridad
eyJqb2JfdGl0bGUiOiJFc3BlY2lhbGlzdGEgRW4gVmlydHVhbGl6YWNpw7NuIiwiY29tcGFueV9uYW1lIjoiQXJlbGFuY2UiLCJhZGRyZXNzX2NpdHkiOiJNYWRyaWQsIFNwYWluIiwiaHRpZG9jaWQiOiJ0R1BRaWNwbWw1LW9xeGVsQUFBQUFBPT0iLCJ1dWxlIjoidytDQUlRSUNJRlUzQmhhVzQifQ==,Seguridad
eyJqb2JfdGl0bGUiOiJFc3BlY2lhbGlzdGEgRW4gVmlydHVhbGl6YWNpw7NuIiwiY29tcGFueV9uYW1lIjoiQXJlbGFuY2UiLCJhZGRyZXNzX2NpdHkiOiJNYWRyaWQsIFNwYWluIiwiaHRpZG9jaWQiOiJjczFpOWRLSjZGWTRxbWpUQUFBQUFBPT0iLCJ1dWxlIjoidytDQUlRSUNJRlUzQmhhVzQifQ==,Seguridad
eyJqb2JfdGl0bGUiOiJJbmdlbmllcm8vYSBXb3JrcGxhY2UgVmlydHVhbGl6YWNpw7NuIiwiY29tcGFueV9uYW1lIjoiSW5ldHVtIiwiYWRkcmVzc19jaXR5IjoiTWFkcmlkLCBTcGFpbiIsImh0aWRvY2lkIjoiUUdRUlVzakZVd3JvNTBJZUFBQUFBQT09IiwidXVsZSI6IncrQ0FJUUlDSUZVM0JoYVc0In0=,Seguridad
eyJqb2JfdGl0bGUiOiJJbmdlbmllcm8vYSBXb3JrcGxhY2UgVmlydHVhbGl6YWNpw7NuIiwiY29tcGFueV9uYW1lIjoiSW5ldHVtIiwiYWRkcmVzc19jaXR5IjoiTWFkcmlkLCBTcGFpbiIsImh0aWRvY2lkIjoiUUdRUlVzakZVd3JvNTBJZUFBQUFBQT09IiwidXVsZSI6IncrQ0FJUUlDSUZVM0JoYVc0In0=,Backend
eyJqb2JfdGl0bGUiOiJFc3BlY2lhbGlzdGEgRW4gVmlydHVhbGl6YWNpw7NuIFkgQWxtYWNlbmFtaWVudG8iLCJjb21wYW55X25hbWUiOiJJbnljb20iLCJhZGRyZXNzX2NpdHkiOiJBbGF2YSwgU2FsYXMsIFNwYWluIiwiaHRpZG9jaWQiOiJkejNEZXc5ZDFfTmpBV2d3QUFBQUFBPT0iLCJ1dWxlIjoidytDQUlRSUNJRlUzQmhhVzQifQ==,Seguridad
eyJqb2JfdGl0bGUiOiJFc3BlY2lhbGlzdGEgRW4gVmlydHVhbGl6YWNpw7NuIFkgQWxtYWNlbmFtaWVudG8iLCJjb21wYW55X25hbWUiOiJJbnljb20iLCJhZGRyZXNzX2NpdHkiOiJBbGF2YSwgU2FsYXMsIFNwYWluIiwiaHRpZG9jaWQiOiJkejNEZXc5ZDFfTmpBV2d3QUFBQUFBPT0iLCJ1dWxlIjoidytDQUlRSUNJRlUzQmhhVzQifQ==,Mantenimiento y Soporte
eyJqb2JfdGl0bGUiOiJBZG1pbmlzdHJhZG9yIGRlIFNTT08geSBWaXJ0dWFsaXphY2nDs24gU3BlY2lhbGlzdCIsImNvbXBhbnlfbmFtZSI6IkFjY2VudHVyZSBFc3Bhw7FhIiwiYWRkcmVzc19jaXR5IjoiTWFkcmlkLCBTcGFpbiIsImh0aWRvY2lkIjoieHVxZGhPRVJsTXptX3Aya0FBQUFBQT09IiwidXVsZSI6IncrQ0FJUUlDSUZVM0JoYVc0In0=,Seguridad
eyJqb2JfdGl0bGUiOiJFc3BlY2lhbGlzdGEgRW4gQnVzaW5lc3MgSW50ZWxsaWdlbmNlIiwiY29tcGFueV9uYW1lIjoiSGF5cyIsImFkZHJlc3NfY2l0eSI6IkFsYmFjZXRlLCBTcGFpbiIsImh0aWRvY2lkIjoib1BKcVFjd1NiQmZIOTFYS0FBQUFBQT09IiwidXVsZSI6IncrQ0FJUUlDSUZVM0JoYVc0In0=,Base de datos
eyJqb2JfdGl0bGUiOiJDT05TVUxUT1IgQkkgRVhQRVJUTyBFTiBUQUJMRUFVIiwiY29tcGFueV9uYW1lIjoiRGF0YSBBZHZpc2VyIiwiYWRkcmVzc19jaXR5IjoiTWFkcmlkLCBTcGFpbiIsImh0aWRvY2lkIjoidFJEMEJvZlZnbkR3Q1dtUEFBQUFBQT09IiwidXVsZSI6IncrQ0FJUUlDSUZVM0JoYVc0In0=,Seguridad
eyJqb2JfdGl0bGUiOiJQb3dlciBCSSBEYXRhT3BzIiwiY29tcGFueV9uYW1lIjoiRkRTLCBBIERYQyBUZWNobm9sb2d5IENvbXBhbnkiLCJhZGRyZXNzX2NpdHkiOiJTYW50aWFnbyBkZSBDb21wb3N0ZWxhLCBNdW5pY2lwYWxpdHkgb2YgU2FudGlhZ28gZGUgQ29tcG9zdGVsYSwgU3BhaW4iLCJodGlkb2NpZCI6IjZOb2xaQW1KdUdXVXcyYTNBQUFBQUE9PSIsInV1bGUiOiJ3K0NBSVFJQ0lGVTNCaGFXNCJ9,Integración
eyJqb2JfdGl0bGUiOiJFc3BlY2lhbGlzdGEgRnVuY2lvbmFsIEJ1c2luZXNzIEludGVsbGlnZW5jZSIsImNvbXBhbnlfbmFtZSI6IkxpbmVhIERpcmVjdGEiLCJhZGRyZXNzX2NpdHkiOiJNYWRyaWQsIFNwYWluIiwiaHRpZG9jaWQiOiItbndwNmU4RWdfbXRqenoxQUFBQUFBPT0iLCJ1dWxlIjoidytDQUlRSUNJRlUzQmhhVzQifQ==,Integración
eyJqb2JfdGl0bGUiOiJEZXNhcnJvbGxhZG9yIEJJIiwiY29tcGFueV9uYW1lIjoiWU4rIiwiYWRkcmVzc19jaXR5IjoiTWFkcmlkLCBTcGFpbiIsImh0aWRvY2lkIjoiQ0ZPaXh3UTl5bTIwZWFLc0FBQUFBQT09IiwidXVsZSI6IncrQ0FJUUlDSUZVM0JoYVc0In0=,Integración
eyJqb2JfdGl0bGUiOiJFc3BlY2lhbGlzdGEgQnVzaW5lc3MgSW50ZWxsaWdlbmNlIERhdGEgT3BzIiwiY29tcGFueV9uYW1lIjoiTMOtbmVhIERpcmVjdGEgQXNlZ3VyYWRvcmEgUy4gQS4iLCJhZGRyZXNzX2NpdHkiOiJNYWRyaWQsIFNwYWluIiwiaHRpZG9jaWQiOiJOS3RFX2ZmeGM4N0NoTUIxQUFBQUFBPT0iLCJ1dWxlIjoidytDQUlRSUNJRlUzQmhhVzQifQ==,Base de datos
eyJqb2JfdGl0bGUiOiJQUk9DRVNPIERFIFNFTEVDQ0nDk04gQ0VSUkFETy4gQkVDQSBCVVNJTkVTUyBJTlRFTExJR0VOQ0UiLCJjb21wYW55X25hbWUiOiJFVURFIEJ1c2luZXNzIFNjaG9vbCIsImFkZHJlc3NfY2l0eSI6Ik1hZHJpZCwgU3BhaW4iLCJodGlkb2NpZCI6Im9wZjNjbklxdkg3aDVfX3hBQUFBQUE9PSIsInV1bGUiOiJ3K0NBSVFJQ0lGVTNCaGFXNCJ9,Integración
eyJqb2JfdGl0bGUiOiJCdXNpbmVzcyBJbnRlbGxpZ2VuY2UgQ29uc3VsdGFudCIsImNvbXBhbnlfbmFtZSI6Ik1pcmF2aWEiLCJhZGRyZXNzX2NpdHkiOiJNYWRyaWQsIFNwYWluIiwiaHRpZG9jaWQiOiJyeFlocFJJeG9mU3JNeVBxQUFBQUFBPT0iLCJ1dWxlIjoidytDQUlRSUNJRlUzQmhhVzQifQ==,Mobile
eyJqb2JfdGl0bGUiOiJFc3BlY2lhbGlzdGEgQkkgR2VzdGlvbiBEYXRhIiwiY29tcGFueV9uYW1lIjoibGluZWEgZGlyZWN0YSIsImFkZHJlc3NfY2l0eSI6IlNwYWluIiwiaHRpZG9jaWQiOiJiSks4U0lOemRvMDRnaUFSQUFBQUFBPT0iLCJ1dWxlIjoidytDQUlRSUNJRlUzQmhhVzQifQ==,Integración
eyJqb2JfdGl0bGUiOiJDb21lcmNpYWwgZGUgU29mdHdhcmUgZGUgSW50ZWxpZ2VuY2lhIEFydGlmaWNpYWwiLCJjb21wYW55X25hbWUiOiJJU1BST1giLCJhZGRyZXNzX2NpdHkiOiJTYWJhZGVsbCwgU3BhaW4iLCJodGlkb2NpZCI6ImJBOTIyM0Fha19HTGU4TDNBQUFBQUE9PSIsInV1bGUiOiJ3K0NBSVFJQ0lGVTNCaGFXNCJ9,Seguridad
eyJqb2JfdGl0bGUiOiJCdXNpbmVzcyBJbnRlbGxpZ2VuY2UgRGV2ZWxvcGVyIiwiY29tcGFueV9uYW1lIjoiQ2xlYXJQZWFrcyIsImFkZHJlc3NfY2l0eSI6IkJhcmNlbG9uYSwgU3BhaW4iLCJodGlkb2NpZCI6IlIza3hkajQ2SnJUTkczRUJBQUFBQUE9PSIsInV1bGUiOiJ3K0NBSVFJQ0lGVTNCaGFXNCJ9,Mobile
eyJqb2JfdGl0bGUiOiJTZW5pb3IgQnVzaW5lc3MgSW50ZWxsaWdlbmNlIENvbnN1bHRhbnQiLCJjb21wYW55X25hbWUiOiJDbGVhclBlYWtzIiwiYWRkcmVzc19jaXR5IjoiQmFyY2Vsb25hLCBTcGFpbiIsImh0aWRvY2lkIjoiUktiRHRCSHU3cndFRVZQeEFBQUFBQT09IiwidXVsZSI6IncrQ0FJUUlDSUZVM0JoYVc0In0=,Mobile
eyJqb2JfdGl0bGUiOiJCdXNpbmVzcyBJbnRlbGxpZ2VuY2UgRGV2ZWxvcGVyIiwiY29tcGFueV9uYW1lIjoiTlRUIERBVEEgRXVyb3BlIFx1MDAyNiBMYXRhbSIsImFkZHJlc3NfY2l0eSI6IlNwYWluIiwiaHRpZG9jaWQiOiJhTEt2WG5aOHlySGhoenlVQUFBQUFBPT0iLCJ1dWxlIjoidytDQUlRSUNJRlUzQmhhVzQifQ==,Integración
eyJqb2JfdGl0bGUiOiJBZG1pbmlzdHJhZG9yL2EgZGUgc2lzdGVtYXMgTGludXggKEo4MjcpIiwiY29tcGFueV9uYW1lIjoiR3J1cG8gU2lhIiwiYWRkcmVzc19jaXR5IjoiQ29tbXVuaXR5IG9mIE1hZHJpZCwgU3BhaW4iLCJodGlkb2NpZCI6IkV2NmxzbDI2VnpiWFd4N0NBQUFBQUE9PSIsInV1bGUiOiJ3K0NBSVFJQ0lGVTNCaGFXNCJ9,Seguridad
eyJqb2JfdGl0bGUiOiJBZG1pbmlzdHJhZG9yL2EgU2lzdGVtYXMgTGludXgiLCJjb21wYW55X25hbWUiOiJBZGdsb3ciLCJhZGRyZXNzX2NpdHkiOiJCYXJjZWxvbmEsIFNwYWluIiwiaHRpZG9jaWQiOiJ3RTRKWjN0Y0d1Q2VLZGl1QUFBQUFBPT0iLCJ1dWxlIjoidytDQUlRSUNJRlUzQmhhVzQifQ==,Seguridad
eyJqb2JfdGl0bGUiOiJBZG1pbmlzdHJhZG9yIGRlIFNpc3RlbWFzIExpbnV4LVByb3llY3RvIiwiY29tcGFueV9uYW1lIjoiVGhlIFdoaXRlYW0iLCJhZGRyZXNzX2NpdHkiOiJNYWRyaWQsIFNwYWluIiwiaHRpZG9jaWQiOiJJbFhyMGlESDJDcmhZUEVhQUFBQUFBPT0iLCJ1dWxlIjoidytDQUlRSUNJRlUzQmhhVzQifQ==,Seguridad
eyJqb2JfdGl0bGUiOiJBZG1pbmlzdHJhZG9yIGRlIHNpc3RlbWFzIExpbnV4IGNvbiBBbnNpYmxlIEluZ2zDqXMgQWx0byIsImNvbXBhbnlfbmFtZSI6IlJhbmRzdGFkIERpZ2l0YWwgRXNwYcOxYSIsImFkZHJlc3NfY2l0eSI6IlNwYWluIiwiaHRpZG9jaWQiOiI4U19tOUp4dlM3N0tyNWNiQUFBQUFBPT0iLCJ1dWxlIjoidytDQUlRSUNJRlUzQmhhVzQifQ==,Seguridad
eyJqb2JfdGl0bGUiOiIoU29sbyBRdWVkYW4gMjRoKSBBZG1pbmlzdHJhZG9yL2EgZGUgU2lzdGVtYXMgd2ViL0xpbnV4IHwgW1ROOTU2XSIsImNvbXBhbnlfbmFtZSI6IktleSBUYWxlbnQgSW5kaWNhdG9yIiwiYWRkcmVzc19jaXR5IjoiQ29tbXVuaXR5IG9mIE1hZHJpZCwgU3BhaW4iLCJodGlkb2NpZCI6Ik5aNWpSZElzeDZzR19nVTBBQUFBQUE9PSIsInV1bGUiOiJ3K0NBSVFJQ0lGVTNCaGFXNCJ9,Seguridad
eyJqb2JfdGl0bGUiOiJBZG1pbmlzdHJhZG9yIGRlIFNpc3RlbWFzIExpbnV4IiwiY29tcGFueV9uYW1lIjoiQUxURU4gU3BhaW4iLCJhZGRyZXNzX2NpdHkiOiJNYWRyaWQsIFNwYWluIiwiaHRpZG9jaWQiOiJhWmpWX3YxQlJGWnZ2alh0QUFBQUFBPT0iLCJ1dWxlIjoidytDQUlRSUNJRlUzQmhhVzQifQ==,Seguridad
eyJqb2JfdGl0bGUiOiJBZG1pbmlzdHJhZG9yIGRlIFNpc3RlbWFzIExpbnV4IiwiY29tcGFueV9uYW1lIjoiQUxURU4gU3BhaW4iLCJhZGRyZXNzX2NpdHkiOiJNYWRyaWQsIFNwYWluIiwiaHRpZG9jaWQiOiJhWmpWX3YxQlJGWnZ2alh0QUFBQUFBPT0iLCJ1dWxlIjoidytDQUlRSUNJRlUzQmhhVzQifQ==,Integración
eyJqb2JfdGl0bGUiOiJBZG1pbmlzdHJhZG9yIGRlIFNpc3RlbWFzIExpbnV4IiwiY29tcGFueV9uYW1lIjoiQUxURU4gU3BhaW4iLCJhZGRyZXNzX2NpdHkiOiJNYWRyaWQsIFNwYWluIiwiaHRpZG9jaWQiOiJhWmpWX3YxQlJGWnZ2alh0QUFBQUFBPT0iLCJ1dWxlIjoidytDQUlRSUNJRlUzQmhhVzQifQ==,Servidores y aplicaciones
eyJqb2JfdGl0bGUiOiJBRE1JTklTVFJBRE9SL0EgU0lTVEVNQVMgVU5JWCIsImNvbXBhbnlfbmFtZSI6IlMyIEdydXBvIiwiYWRkcmVzc19jaXR5IjoiTWFkcmlkLCBTcGFpbiIsImh0aWRvY2lkIjoiVTI5S1hMV3lPLW1rb1JkX0FBQUFBQT09IiwidXVsZSI6IncrQ0FJUUlDSUZVM0JoYVc0In0=,Seguridad
eyJqb2JfdGl0bGUiOiJBRE1JTklTVFJBRE9SL0EgU0lTVEVNQVMgVU5JWCIsImNvbXBhbnlfbmFtZSI6IlMyIEdydXBvIiwiYWRkcmVzc19jaXR5IjoiTWFkcmlkLCBTcGFpbiIsImh0aWRvY2lkIjoiVTI5S1hMV3lPLW1rb1JkX0FBQUFBQT09IiwidXVsZSI6IncrQ0FJUUlDSUZVM0JoYVc0In0=,Integración
eyJqb2JfdGl0bGUiOiJBZG1pbmlzdHJhZG9yIGRlIFNpc3RlbWFzIExpbnV4L1JlZEhhdCIsImNvbXBhbnlfbmFtZSI6IkNEUyBIZXdsZXR0IFBhY2thcmQiLCJhZGRyZXNzX2NpdHkiOiJMYXMgUm96YXMgZGUgTWFkcmlkLCBTcGFpbiIsImh0aWRvY2lkIjoiZ0U5anlYUy1fSFVCeHlybUFBQUFBQT09IiwidXVsZSI6IncrQ0FJUUlDSUZVM0JoYVc0In0=,Integración
eyJqb2JfdGl0bGUiOiJBZG1pbmlzdHJhZG9yIGRlIFNpc3RlbWFzIExpbnV4IiwiY29tcGFueV9uYW1lIjoic2VyZW0uIENvbnN1bHRvcsOtYSBlbXByZXNhcmlhbCIsImFkZHJlc3NfY2l0eSI6Ik1hZHJpZCwgU3BhaW4iLCJodGlkb2NpZCI6Im1MV0JjOGV1MTUzRXBmeGRBQUFBQUE9PSIsInV1bGUiOiJ3K0NBSVFJQ0lGVTNCaGFXNCJ9,Seguridad
eyJqb2JfdGl0bGUiOiJBZG1pbmlzdHJhZG9yIExpbnV4IFNlbmlvciAoZW50b3Jub3Mgd2ViKSIsImNvbXBhbnlfbmFtZSI6IlN5c0FkbWluT0siLCJhZGRyZXNzX2NpdHkiOiJNYWRyaWQsIFNwYWluIiwiaHRpZG9jaWQiOiJ2Tkd0a215RkRoVFVZR3BHQUFBQUFBPT0iLCJ1dWxlIjoidytDQUlRSUNJRlUzQmhhVzQifQ==,Seguridad
eyJqb2JfdGl0bGUiOiJBZG1pbmlzdHJhZG9yIGRlIHNpc3RlbWFzIExpbnV4IEJpbGJhbyIsImNvbXBhbnlfbmFtZSI6IkVkdWNhZWR1IiwiYWRkcmVzc19jaXR5IjoiQmlsYmFvLCBTcGFpbiIsImh0aWRvY2lkIjoiSVlIWkNlOXlFNUVqa2lMTUFBQUFBQT09IiwidXVsZSI6IncrQ0FJUUlDSUZVM0JoYVc0In0=,Seguridad
eyJqb2JfdGl0bGUiOiJBZG1pbmlzdHJhZG9yIGRlIHNpc3RlbWFzIExpbnV4IEJpbGJhbyIsImNvbXBhbnlfbmFtZSI6IkVkdWNhZWR1IiwiYWRkcmVzc19jaXR5IjoiQmlsYmFvLCBTcGFpbiIsImh0aWRvY2lkIjoiSVlIWkNlOXlFNUVqa2lMTUFBQUFBQT09IiwidXVsZSI6IncrQ0FJUUlDSUZVM0JoYVc0In0=,Integración
eyJqb2JfdGl0bGUiOiJBZG1pbmlzdHJhZG9yIGRlIFNpc3RlbWFzIFdpbmRvd3MvTGludXgiLCJjb21wYW55X25hbWUiOiJCbyBHcm93dGgiLCJhZGRyZXNzX2NpdHkiOiJWYWxlbmNpYSwgU3BhaW4iLCJodGlkb2NpZCI6ImhQbzMxWDlONG9XTGFTcGdBQUFBQUE9PSIsInV1bGUiOiJ3K0NBSVFJQ0lGVTNCaGFXNCJ9,Seguridad
eyJqb2JfdGl0bGUiOiJBZG1pbmlzdHJhZG9yIHNpc3RlbWFzIGxpbnV4IHkgY2xvdWQiLCJjb21wYW55X25hbWUiOiJQYWdlIFBlcnNvbm5lbCIsImFkZHJlc3NfY2l0eSI6Ik1hZHJpZCwgU3BhaW4iLCJodGlkb2NpZCI6IjZjQ2hoaWlfdWxyOXFwRk1BQUFBQUE9PSIsInV1bGUiOiJ3K0NBSVFJQ0lGVTNCaGFXNCJ9,Seguridad
eyJqb2JfdGl0bGUiOiJBZG1pbmlzdHJhZG9yIHNpc3RlbWFzIGxpbnV4IHkgY2xvdWQiLCJjb21wYW55X25hbWUiOiJQYWdlIFBlcnNvbm5lbCIsImFkZHJlc3NfY2l0eSI6Ik1hZHJpZCwgU3BhaW4iLCJodGlkb2NpZCI6IjZjQ2hoaWlfdWxyOXFwRk1BQUFBQUE9PSIsInV1bGUiOiJ3K0NBSVFJQ0lGVTNCaGFXNCJ9,Base de datos
eyJqb2JfdGl0bGUiOiJBZG1pbmlzdHJhZG9yIHNpc3RlbWFzIGxpbnV4IHkgY2xvdWQiLCJjb21wYW55X25hbWUiOiJQYWdlIFBlcnNvbm5lbCIsImFkZHJlc3NfY2l0eSI6Ik1hZHJpZCwgU3BhaW4iLCJodGlkb2NpZCI6IjZjQ2hoaWlfdWxyOXFwRk1BQUFBQUE9PSIsInV1bGUiOiJ3K0NBSVFJQ0lGVTNCaGFXNCJ9,Integración
eyJqb2JfdGl0bGUiOiJBZG1pbmlzdHJhZG9yIGRlIFNpc3RlbWFzIErDum5pb3IiLCJjb21wYW55X25hbWUiOiJOYXdlYiIsImFkZHJlc3NfY2l0eSI6Ik1hZHJpZCwgU3BhaW4iLCJodGlkb2NpZCI6Im9Mbmdpb3k1UEpIS3I0Um9BQUFBQUE9PSIsInV1bGUiOiJ3K0NBSVFJQ0lGVTNCaGFXNCJ9,Seguridad
eyJqb2JfdGl0bGUiOiJBZG1pbmlzdHJhZG9yIGRlIFNpc3RlbWFzIErDum5pb3IiLCJjb21wYW55X25hbWUiOiJOYXdlYiIsImFkZHJlc3NfY2l0eSI6Ik1hZHJpZCwgU3BhaW4iLCJodGlkb2NpZCI6Im9Mbmdpb3k1UEpIS3I0Um9BQUFBQUE9PSIsInV1bGUiOiJ3K0NBSVFJQ0lGVTNCaGFXNCJ9,Integración
eyJqb2JfdGl0bGUiOiJBZG1pbmlzdHJhZG9yIERlIFNpc3RlbWFzIExpbnV4IEJpbGJhbyIsImNvbXBhbnlfbmFtZSI6Ikxqc2VsZWN0aW9uIiwiYWRkcmVzc19jaXR5IjoiQWxhdmEsIFNhbGFzLCBTcGFpbiIsImh0aWRvY2lkIjoiS01qTHJmNkZyMUV6NC1WU0FBQUFBQT09IiwidXVsZSI6IncrQ0FJUUlDSUZVM0JoYVc0In0=,Seguridad
eyJqb2JfdGl0bGUiOiJBZG1pbmlzdHJhZG9yIERlIFNpc3RlbWFzIExpbnV4IEJpbGJhbyIsImNvbXBhbnlfbmFtZSI6Ikxqc2VsZWN0aW9uIiwiYWRkcmVzc19jaXR5IjoiQWxhdmEsIFNhbGFzLCBTcGFpbiIsImh0aWRvY2lkIjoiS01qTHJmNkZyMUV6NC1WU0FBQUFBQT09IiwidXVsZSI6IncrQ0FJUUlDSUZVM0JoYVc0In0=,Integración
eyJqb2JfdGl0bGUiOiJBZG1pbmlzdHJhZG9yIGRlIHNpc3RlbWFzIExpbnV4L1Ztd2FyZSIsImNvbXBhbnlfbmFtZSI6IkNpdmlyIiwiYWRkcmVzc19jaXR5IjoiTWFkcmlkLCBTcGFpbiIsImh0aWRvY2lkIjoiTXlWMDZDelNvUW9RX1RheEFBQUFBQT09IiwidXVsZSI6IncrQ0FJUUlDSUZVM0JoYVc0In0=,Seguridad
eyJqb2JfdGl0bGUiOiJBTkFMSVNUQSBERSBDSUJFUlNFR1VSSURBRC9JTkZSQUVTVFJVQ1RVUkEiLCJjb21wYW55X25hbWUiOiJSRVNBIC0gUmVzaWRlbmNpYXMgZGUgRXN0dWRpYW50ZXMiLCJhZGRyZXNzX2NpdHkiOiJCYXJjZWxvbmEsIFNwYWluIiwiaHRpZG9jaWQiOiJuMTVCamR4ZnhuTUpwRHZxQUFBQUFBPT0iLCJ1dWxlIjoidytDQUlRSUNJRlUzQmhhVzQifQ==,Seguridad
eyJqb2JfdGl0bGUiOiJBbmFsaXN0YSBkZSBNYWx3YXJlIiwiY29tcGFueV9uYW1lIjoiQUxURU4gU3BhaW4iLCJhZGRyZXNzX2NpdHkiOiJTcGFpbiIsImh0aWRvY2lkIjoiQ2pEVUVVRU5RS1ZiSVlKdEFBQUFBQT09IiwidXVsZSI6IncrQ0FJUUlDSUZVM0JoYVc0In0=,Seguridad
eyJqb2JfdGl0bGUiOiJBbmFsaXN0YSBkZSBNYWx3YXJlIiwiY29tcGFueV9uYW1lIjoiQUxURU4gU3BhaW4iLCJhZGRyZXNzX2NpdHkiOiJTcGFpbiIsImh0aWRvY2lkIjoiQ2pEVUVVRU5RS1ZiSVlKdEFBQUFBQT09IiwidXVsZSI6IncrQ0FJUUlDSUZVM0JoYVc0In0=,Integración
eyJqb2JfdGl0bGUiOiJHZXN0acOzbiBEZSBLcGlzLCBDaWJlcnNlZ3VyaWRhZCwgMTAwJSBFbiBSZW1vdG8gfCIsImNvbXBhbnlfbmFtZSI6IkNhcyBUcmFpbmluZyIsImFkZHJlc3NfY2l0eSI6Ik1hZHJpZCwgU3BhaW4iLCJodGlkb2NpZCI6IktRMkpQMmJRTWxBRlFpYXZBQUFBQUE9PSIsInV1bGUiOiJ3K0NBSVFJQ0lGVTNCaGFXNCJ9,Seguridad
eyJqb2JfdGl0bGUiOiJFc3BlY2lhbGlzdGEgZW4gY2liZXJzZWd1cmlkYWQiLCJjb21wYW55X25hbWUiOiJOZW90YWxlbnQgQ29uY2x1c2lvbiIsImFkZHJlc3NfY2l0eSI6Ik1hZHJpZCwgU3BhaW4iLCJodGlkb2NpZCI6InRVR3BnMFA5a3ZUYkg3aUpBQUFBQUE9PSIsInV1bGUiOiJ3K0NBSVFJQ0lGVTNCaGFXNCJ9,Seguridad
eyJqb2JfdGl0bGUiOiJFc3BlY2lhbGlzdGEgZW4gY2liZXJzZWd1cmlkYWQiLCJjb21wYW55X25hbWUiOiJDVCBTT0xVVElPTlMiLCJhZGRyZXNzX2NpdHkiOiJTcGFpbiIsImh0aWRvY2lkIjoiczhNY01VUmFIZjdpQmRWYUFBQUFBQT09IiwidXVsZSI6IncrQ0FJUUlDSUZVM0JoYVc0In0=,Seguridad
eyJqb2JfdGl0bGUiOiJBTkFMSVNUQSBERSBHT0JJRVJOTyBDSUJFUlNFR1VSSURBRCIsImNvbXBhbnlfbmFtZSI6IlNpbiBlc3BlY2lmaWNhciIsImFkZHJlc3NfY2l0eSI6IlNwYWluIiwiaHRpZG9jaWQiOiJMcmpCWTdsZzJNRHh2dC1OQUFBQUFBPT0iLCJ1dWxlIjoidytDQUlRSUNJRlUzQmhhVzQifQ==,Seguridad
eyJqb2JfdGl0bGUiOiJFc3BlY2lhbGlzdGEgZW4gSW5mcmFlc3RydWN0dXJhIGRlIFJlZGVzIiwiY29tcGFueV9uYW1lIjoiS3JlbGwgQ29uc3VsdGluZyBcdTAwMjYgVHJhaW5pbmciLCJhZGRyZXNzX2NpdHkiOiJNYWRyaWQsIFNwYWluIiwiaHRpZG9jaWQiOiJ4QXowNWZRNDBPcjNqb0F6QUFBQUFBPT0iLCJ1dWxlIjoidytDQUlRSUNJRlUzQmhhVzQifQ==,Seguridad
eyJqb2JfdGl0bGUiOiJFc3BlY2lhbGlzdGEgZW4gSW5mcmFlc3RydWN0dXJhIGRlIFJlZGVzIiwiY29tcGFueV9uYW1lIjoiS3JlbGwgQ29uc3VsdGluZyBcdTAwMjYgVHJhaW5pbmciLCJhZGRyZXNzX2NpdHkiOiJNYWRyaWQsIFNwYWluIiwiaHRpZG9jaWQiOiJ4QXowNWZRNDBPcjNqb0F6QUFBQUFBPT0iLCJ1dWxlIjoidytDQUlRSUNJRlUzQmhhVzQifQ==,Integración
eyJqb2JfdGl0bGUiOiJJbmdlbmllcsOtYSBJbmZyYWVzdHJ1Y3R1cmEgZGUgU2lzdGVtYXMgTGludXgsIFZpcnR1YWxpemFjacOzbiB5IFJlZGVzIiwiY29tcGFueV9uYW1lIjoiSW5kcmEiLCJhZGRyZXNzX2NpdHkiOiJCYXJjZWxvbmEsIFNwYWluIiwiaHRpZG9jaWQiOiJ2cklGdTB0LWRLelpYYlJDQUFBQUFBPT0iLCJ1dWxlIjoidytDQUlRSUNJRlUzQmhhVzQifQ==,Seguridad
eyJqb2JfdGl0bGUiOiJFc3BlY2lhbGlzdGEgZW4gSW5mcmFlc3RydWN0dXJhIElUIiwiY29tcGFueV9uYW1lIjoiYWZmaW5pcyIsImFkZHJlc3NfY2l0eSI6IkdyYW5vbGxlcnMsIFNwYWluIiwiaHRpZG9jaWQiOiJyWlM4aUdacHRxTnRPUlVfQUFBQUFBPT0iLCJ1dWxlIjoidytDQUlRSUNJRlUzQmhhVzQifQ==,Seguridad
eyJqb2JfdGl0bGUiOiJQUkVWRU5UQSBERSBJTkZSQUVTVFJVQ1RVUkEgREUgQ0FCTEVBRE8gRVNUUlVDVFVSQURPIFZPWiBZIERBVE9TIiwiY29tcGFueV9uYW1lIjoiSEggaHVudGVycyIsImFkZHJlc3NfY2l0eSI6IkFsY29yY8OzbiwgU3BhaW4iLCJodGlkb2NpZCI6Ik9XbTV5dUdKdngzVnVCRERBQUFBQUE9PSIsInV1bGUiOiJ3K0NBSVFJQ0lGVTNCaGFXNCJ9,Integración
eyJqb2JfdGl0bGUiOiJJbmdlbmllcm8gZGUgc2VndXJpZGFkIGRlIFRJIiwiY29tcGFueV9uYW1lIjoiQXllc2EiLCJhZGRyZXNzX2NpdHkiOiJNYWRyaWQsIFNwYWluIiwiaHRpZG9jaWQiOiJIMmVOdVdPbjRmMzF6N3ZlQUFBQUFBPT0iLCJ1dWxlIjoidytDQUlRSUNJRlUzQmhhVzQifQ==,Seguridad
eyJqb2JfdGl0bGUiOiJJbmdlbmllcm8vYSBTZWd1cmlkYWQgRU5TIiwiY29tcGFueV9uYW1lIjoiTWluc2FpdCIsImFkZHJlc3NfY2l0eSI6Ik1hZHJpZCwgU3BhaW4iLCJodGlkb2NpZCI6Iks5Vzc4NWNSMGh5ZU5PSnBBQUFBQUE9PSIsInV1bGUiOiJ3K0NBSVFJQ0lGVTNCaGFXNCJ9,Seguridad
eyJqb2JfdGl0bGUiOiJJbmdlbmllcm8vYSBKdW5pb3IgZW4gU2VndXJpZGFkIiwiY29tcGFueV9uYW1lIjoiR01WIiwiYWRkcmVzc19jaXR5IjoiTWFkcmlkLCBTcGFpbiIsImh0aWRvY2lkIjoiM2xQX0tPN2pUYXBYc2dvRkFBQUFBQT09IiwidXVsZSI6IncrQ0FJUUlDSUZVM0JoYVc0In0=,Seguridad
eyJqb2JfdGl0bGUiOiJJbmdlbmllcm8gZGUgU2VndXJpZGFkIGRlIFNpc3RlbWFzIiwiY29tcGFueV9uYW1lIjoiQUVDT00iLCJhZGRyZXNzX2NpdHkiOiJNYWRyaWQsIFNwYWluIiwiaHRpZG9jaWQiOiJwZXRPUVJBOVNzQTRrVDliQUFBQUFBPT0iLCJ1dWxlIjoidytDQUlRSUNJRlUzQmhhVzQifQ==,Seguridad
eyJqb2JfdGl0bGUiOiJJbmdlbmllcm8gZGUgU2VndXJpZGFkIGRlIFNpc3RlbWFzIiwiY29tcGFueV9uYW1lIjoiQUVDT00iLCJhZGRyZXNzX2NpdHkiOiJNYWRyaWQsIFNwYWluIiwiaHRpZG9jaWQiOiJwZXRPUVJBOVNzQTRrVDliQUFBQUFBPT0iLCJ1dWxlIjoidytDQUlRSUNJRlUzQmhhVzQifQ==,Integración
eyJqb2JfdGl0bGUiOiJJbmdlbmllcm8vYSBkZSBSZWRlcyB5IFNlZ3VyaWRhZCIsImNvbXBhbnlfbmFtZSI6IkFkaXRlbHNhIiwiYWRkcmVzc19jaXR5IjoiTWFkcmlkLCBTcGFpbiIsImh0aWRvY2lkIjoiUjVuMHFOZTllWlJoSkVtM0FBQUFBQT09IiwidXVsZSI6IncrQ0FJUUlDSUZVM0JoYVc0In0=,Seguridad
eyJqb2JfdGl0bGUiOiJJbmdlbmllcm8gU2VndXJpZGFkIGRlIEluZm9ybWFjacOzbiIsImNvbXBhbnlfbmFtZSI6IlZlcmludGVsIiwiYWRkcmVzc19jaXR5IjoiTWFkcmlkLCBTcGFpbiIsImh0aWRvY2lkIjoicy0xSUdZVDU1bkUwWlhaT0FBQUFBQT09IiwidXVsZSI6IncrQ0FJUUlDSUZVM0JoYVc0In0=,Seguridad
eyJqb2JfdGl0bGUiOiJJbmdlbmllcm8gL2EgU2VuaW9yIGRlIFNlZ3VyaWRhZCBlbiBSZWRlcyIsImNvbXBhbnlfbmFtZSI6IkluZXR1bSIsImFkZHJlc3NfY2l0eSI6Ik1hZHJpZCwgU3BhaW4iLCJodGlkb2NpZCI6IjhyZ2I5MkxzTE9EVWhIeXRBQUFBQUE9PSIsInV1bGUiOiJ3K0NBSVFJQ0lGVTNCaGFXNCJ9,Seguridad
eyJqb2JfdGl0bGUiOiJJbmdlbmllcm8vYSBlbiBzZWd1cmlkYWQgLSBNL0giLCJjb21wYW55X25hbWUiOiJFdXJvcGVhbiBTYXRlbGxpdGUgU2VydmljZXMgUHJvdmlkZXIiLCJhZGRyZXNzX2NpdHkiOiJUb3JyZWrDs24gZGUgQXJkb3osIFNwYWluIiwiaHRpZG9jaWQiOiJiTXVwZEdUenFFRWxFeHJzQUFBQUFBPT0iLCJ1dWxlIjoidytDQUlRSUNJRlUzQmhhVzQifQ==,Seguridad
eyJqb2JfdGl0bGUiOiJJbmdlbmllcm8vYSBlbiBzZWd1cmlkYWQgLSBNL0giLCJjb21wYW55X25hbWUiOiJFdXJvcGVhbiBTYXRlbGxpdGUgU2VydmljZXMgUHJvdmlkZXIiLCJhZGRyZXNzX2NpdHkiOiJUb3JyZWrDs24gZGUgQXJkb3osIFNwYWluIiwiaHRpZG9jaWQiOiJiTXVwZEdUenFFRWxFeHJzQUFBQUFBPT0iLCJ1dWxlIjoidytDQUlRSUNJRlUzQmhhVzQifQ==,Integración
eyJqb2JfdGl0bGUiOiJJbmdlbmllcm8vYSBkZSBTZWd1cmlkYWQgTDIiLCJjb21wYW55X25hbWUiOiJBeWVzYSIsImFkZHJlc3NfY2l0eSI6IkJhcmNlbG9uYSwgU3BhaW4iLCJodGlkb2NpZCI6ImowaHpscmNFTEh0dFBoZFRBQUFBQUE9PSIsInV1bGUiOiJ3K0NBSVFJQ0lGVTNCaGFXNCJ9,Seguridad
eyJqb2JfdGl0bGUiOiJJbmdlbmllcm8vYSBkZSBTZWd1cmlkYWQgeSBOZXR3b3JraW5nIC0gTUFEUklEIiwiY29tcGFueV9uYW1lIjoiVkFTUyIsImFkZHJlc3NfY2l0eSI6Ik1hZHJpZCwgU3BhaW4iLCJodGlkb2NpZCI6IkNwTUpoanNsMklGRVFxanBBQUFBQUE9PSIsInV1bGUiOiJ3K0NBSVFJQ0lGVTNCaGFXNCJ9,Seguridad
eyJqb2JfdGl0bGUiOiJVQi0xOTUgfCBJbmdlbmllcm8gZGUgU2VndXJpZGFkIGRlIFNpc3RlbWFzIiwiY29tcGFueV9uYW1lIjoiQWVjb20iLCJhZGRyZXNzX2NpdHkiOiJDb21tdW5pdHkgb2YgTWFkcmlkLCBTcGFpbiIsImh0aWRvY2lkIjoia0gtZ2szdEZvRkE1eFZPNkFBQUFBQT09IiwidXVsZSI6IncrQ0FJUUlDSUZVM0JoYVc0In0=,Seguridad
eyJqb2JfdGl0bGUiOiJVQi0xOTUgfCBJbmdlbmllcm8gZGUgU2VndXJpZGFkIGRlIFNpc3RlbWFzIiwiY29tcGFueV9uYW1lIjoiQWVjb20iLCJhZGRyZXNzX2NpdHkiOiJDb21tdW5pdHkgb2YgTWFkcmlkLCBTcGFpbiIsImh0aWRvY2lkIjoia0gtZ2szdEZvRkE1eFZPNkFBQUFBQT09IiwidXVsZSI6IncrQ0FJUUlDSUZVM0JoYVc0In0=,Integración
eyJqb2JfdGl0bGUiOiJJbmdlbmllcm8vYSBkZSBTZWd1cmlkYWQgZGUgU2lzdGVtYXMiLCJjb21wYW55X25hbWUiOiJFbWJlbnRpb24iLCJhZGRyZXNzX2NpdHkiOiJBbGljYW50ZSwgU3BhaW4iLCJodGlkb2NpZCI6Im82eTBlLTQza2N1UkYzRjVBQUFBQUE9PSIsInV1bGUiOiJ3K0NBSVFJQ0lGVTNCaGFXNCJ9,Seguridad
eyJqb2JfdGl0bGUiOiJBcnF1aXRlY3RvIFNlZ3VyaWRhZCBJbmZvcm3DoXRpY2EgLSBDcmlwdG9ncmFmw61hIHkgQ2VydGlmaWNhZG9zIiwiY29tcGFueV9uYW1lIjoiU3ByaW5nIFByb2Zlc3Npb25hbCIsImFkZHJlc3NfY2l0eSI6Ik1hZHJpZCwgU3BhaW4iLCJodGlkb2NpZCI6IkpzcEZtMGNfRmFmNVBxZFVBQUFBQUE9PSIsInV1bGUiOiJ3K0NBSVFJQ0lGVTNCaGFXNCJ9,Seguridad
eyJqb2JfdGl0bGUiOiJJbmdlbmllcm8gU2VndXJpZGFkIENsb3VkIiwiY29tcGFueV9uYW1lIjoiUGFyYWRpZ21hIERpZ2l0YWwiLCJhZGRyZXNzX2NpdHkiOiJQb3p1ZWxvIGRlIEFsYXJjw7NuLCBTcGFpbiIsImh0aWRvY2lkIjoiXzBsY3FYMUpPTlVWNXBUNEFBQUFBQT09IiwidXVsZSI6IncrQ0FJUUlDSUZVM0JoYVc0In0=,Seguridad
eyJqb2JfdGl0bGUiOiJDb25zdWx0b3IgZGUgc2VndXJpZGFkIGluZm9ybcOhdGljYSB5IGFkbWluaXN0cmFjacOzbiBkZSBzaXN0ZW1hcy4iLCJjb21wYW55X25hbWUiOiJBcGl1eCBUZWNoIiwiYWRkcmVzc19jaXR5IjoiTWFkcmlkLCBTcGFpbiIsImh0aWRvY2lkIjoiZ1FubTVPNXJ2LUN3VmxUdkFBQUFBQT09IiwidXVsZSI6IncrQ0FJUUlDSUZVM0JoYVc0In0=,Seguridad
eyJqb2JfdGl0bGUiOiJJbmdlbmllcm8gZGUgSW5ub3ZhY2nDs24gc2VuaW9yIGVuIENpYmVyc2VndXJpZGFkIChNYWRyaWQpIiwiY29tcGFueV9uYW1lIjoiQm8gR3Jvd3RoIiwiYWRkcmVzc19jaXR5IjoiTWFkcmlkLCBTcGFpbiIsImh0aWRvY2lkIjoiVDREd1djeEFsdHBMSmgycUFBQUFBQT09IiwidXVsZSI6IncrQ0FJUUlDSUZVM0JoYVc0In0=,Seguridad
eyJqb2JfdGl0bGUiOiJJbmdlbmllcm8gSUEgQ2liZXJzZWd1cmlkYWQiLCJjb21wYW55X25hbWUiOiJZZWVwbHkiLCJhZGRyZXNzX2NpdHkiOiJNYWRyaWQsIFNwYWluIiwiaHRpZG9jaWQiOiJ2VFc4b0NwZEI4Tml0a253QUFBQUFBPT0iLCJ1dWxlIjoidytDQUlRSUNJRlUzQmhhVzQifQ==,Seguridad
eyJqb2JfdGl0bGUiOiJJbmdlbmllcm8gZW4gQ2liZXJzZWd1cmlkYWQgaW5kdXN0cmlhbCIsImNvbXBhbnlfbmFtZSI6IkhIIEhVTlRFUlMiLCJhZGRyZXNzX2NpdHkiOiJWYWxlbmNpYSwgU3BhaW4iLCJodGlkb2NpZCI6InlUVUxyVzNCSWZHUkZWXzhBQUFBQUE9PSIsInV1bGUiOiJ3K0NBSVFJQ0lGVTNCaGFXNCJ9,Seguridad
eyJqb2JfdGl0bGUiOiJJTkdFTklFUkAgRU4gUkVERVMgREUgQ0lCRVJTRUdVUklEQUQgWSBDT01VTklDQUNJT05FUyIsImNvbXBhbnlfbmFtZSI6IlN0YWRsZXIgVmFsZW5jaWEiLCJhZGRyZXNzX2NpdHkiOiJTcGFpbiIsImh0aWRvY2lkIjoiVTRqLUJvSmNJSnBMNkgzN0FBQUFBQT09IiwidXVsZSI6IncrQ0FJUUlDSUZVM0JoYVc0In0=,Seguridad
eyJqb2JfdGl0bGUiOiJJTkdFTklFUkAgRU4gUkVERVMgREUgQ0lCRVJTRUdVUklEQUQgWSBDT01VTklDQUNJT05FUyIsImNvbXBhbnlfbmFtZSI6IlN0YWRsZXIgVmFsZW5jaWEiLCJhZGRyZXNzX2NpdHkiOiJTcGFpbiIsImh0aWRvY2lkIjoiVTRqLUJvSmNJSnBMNkgzN0FBQUFBQT09IiwidXVsZSI6IncrQ0FJUUlDSUZVM0JoYVc0In0=,Integración
eyJqb2JfdGl0bGUiOiJJbmdlbmllcm8gZW4gU29mdHdhcmUiLCJjb21wYW55X25hbWUiOiJUYWxlbnRIdW50ZXIiLCJhZGRyZXNzX2NpdHkiOiJNYWRyaWQsIFNwYWluIiwiaHRpZG9jaWQiOiJxdkJYMUxnLTlVRV82OFpIQUFBQUFBPT0iLCJ1dWxlIjoidytDQUlRSUNJRlUzQmhhVzQifQ==,Seguridad
eyJqb2JfdGl0bGUiOiJJbmdlbmllcm8gZW4gU29mdHdhcmUiLCJjb21wYW55X25hbWUiOiJUYWxlbnRIdW50ZXIiLCJhZGRyZXNzX2NpdHkiOiJNYWRyaWQsIFNwYWluIiwiaHRpZG9jaWQiOiJxdkJYMUxnLTlVRV82OFpIQUFBQUFBPT0iLCJ1dWxlIjoidytDQUlRSUNJRlUzQmhhVzQifQ==,Full Stack
eyJqb2JfdGl0bGUiOiJUw6ljbmljbyBDaWJlcnNlZ3VyaWRhZCAoaC9tKSIsImNvbXBhbnlfbmFtZSI6Ik1pY2hhZWwgUGFnZSIsImFkZHJlc3NfY2l0eSI6IkJpc2NheSwgU3BhaW4iLCJodGlkb2NpZCI6IjljTEtEYy1tTUo3anVVbUFBQUFBQUE9PSIsInV1bGUiOiJ3K0NBSVFJQ0lGVTNCaGFXNCJ9,Seguridad
eyJqb2JfdGl0bGUiOiJJbmdlbmllcm8vYSBkZSBDaWJlcnNlZ3VyaWRhZCBpbmR1c3RyaWFsIChPVCkiLCJjb21wYW55X25hbWUiOiJHZXRyb25pY3MiLCJhZGRyZXNzX2NpdHkiOiJTcGFpbiIsImh0aWRvY2lkIjoiM0ttS21IUk1WMXo4amdQc0FBQUFBQT09IiwidXVsZSI6IncrQ0FJUUlDSUZVM0JoYVc0In0=,Seguridad
eyJqb2JfdGl0bGUiOiJJbmdlbmllcm8vYSBkZSBDaWJlcnNlZ3VyaWRhZCBpbmR1c3RyaWFsIChPVCkiLCJjb21wYW55X25hbWUiOiJHZXRyb25pY3MiLCJhZGRyZXNzX2NpdHkiOiJTcGFpbiIsImh0aWRvY2lkIjoiM0ttS21IUk1WMXo4amdQc0FBQUFBQT09IiwidXVsZSI6IncrQ0FJUUlDSUZVM0JoYVc0In0=,Integración
eyJqb2JfdGl0bGUiOiJBZG1pbmlzdHJhZG9yIHJlZGVzIHkgc2VndXJpZGFkIChGL00pIiwiY29tcGFueV9uYW1lIjoiVC1TeXN0ZW1zIEliZXJpYSIsImFkZHJlc3NfY2l0eSI6Ik1hZHJpZCwgU3BhaW4iLCJodGlkb2NpZCI6IlJEcnBIU01UWDVBUzlWZS1BQUFBQUE9PSIsInV1bGUiOiJ3K0NBSVFJQ0lGVTNCaGFXNCJ9,Seguridad
eyJqb2JfdGl0bGUiOiJJbmdlbmllcm8gZGUgU2VndXJpZGFkIGVuIEVuZXJnw61hcyBSZW5vdmFibGVzIiwiY29tcGFueV9uYW1lIjoiQXplcnRpdW0gSVQgR2xvYmFsIFNlcnZpY2VzIFNMIiwiYWRkcmVzc19jaXR5IjoiTWFkcmlkLCBTcGFpbiIsImh0aWRvY2lkIjoiU19Fb0I2cmpCQnJSODFuakFBQUFBQT09IiwidXVsZSI6IncrQ0FJUUlDSUZVM0JoYVc0In0=,Seguridad
eyJqb2JfdGl0bGUiOiJJbmdlbmllcm8gY29uIENvbm9jaW1pZW50b3MgZGUgRGVzYXJyb2xsbyBTVy9IVyB5IENpYmVyc2VndXJpZGFkIiwiY29tcGFueV9uYW1lIjoiTWVsdCBHcm91cCIsImFkZHJlc3NfY2l0eSI6IlNldmlsbGUsIFNwYWluIiwiaHRpZG9jaWQiOiJyMzdEZjVvRGp5QWo2WFJ2QUFBQUFBPT0iLCJ1dWxlIjoidytDQUlRSUNJRlUzQmhhVzQifQ==,Seguridad
eyJqb2JfdGl0bGUiOiJJbmdlbmllcm8gY29uIENvbm9jaW1pZW50b3MgZGUgRGVzYXJyb2xsbyBTVy9IVyB5IENpYmVyc2VndXJpZGFkIiwiY29tcGFueV9uYW1lIjoiTWVsdCBHcm91cCIsImFkZHJlc3NfY2l0eSI6IlNldmlsbGUsIFNwYWluIiwiaHRpZG9jaWQiOiJyMzdEZjVvRGp5QWo2WFJ2QUFBQUFBPT0iLCJ1dWxlIjoidytDQUlRSUNJRlUzQmhhVzQifQ==,Integración
eyJqb2JfdGl0bGUiOiJJbmdlbmllcm8vYSBlbiBjaWJlcnNlZ3VyaWRhZCIsImNvbXBhbnlfbmFtZSI6IlRoZSBBZGVjY28gR3JvdXAiLCJhZGRyZXNzX2NpdHkiOiJTZXZpbGxlLCBTcGFpbiIsImh0aWRvY2lkIjoiX1gydkNkUU5JN1JZR01qMkFBQUFBQT09IiwidXVsZSI6IncrQ0FJUUlDSUZVM0JoYVc0In0=,Seguridad
eyJqb2JfdGl0bGUiOiJJbmdlbmllcm8vYSBkZSBjaWJlcnNlZ3VyaWRhZCAoU2VuaW9yKSIsImNvbXBhbnlfbmFtZSI6IkFudGFsIEludGVybmF0aW9uYWwiLCJhZGRyZXNzX2NpdHkiOiJNYWRyaWQsIFNwYWluIiwiaHRpZG9jaWQiOiJRdnp0ME5wQTRKWVlYR1hmQUFBQUFBPT0iLCJ1dWxlIjoidytDQUlRSUNJRlUzQmhhVzQifQ==,Seguridad
eyJqb2JfdGl0bGUiOiJwcm9ncmFtYWRvciBqYXZhIiwiY29tcGFueV9uYW1lIjoiR3J1cG8gVEVDREFUQSBFbmdpbmVlcmluZyIsImFkZHJlc3NfY2l0eSI6Ik1hZHJpZCwgU3BhaW4iLCJodGlkb2NpZCI6IkRGX3QzaGFzRVl5b1M1ZFFBQUFBQUE9PSIsInV1bGUiOiJ3K0NBSVFJQ0lGVTNCaGFXNCJ9,Integración
eyJqb2JfdGl0bGUiOiJQcm9ncmFtYWRvciBKYXZhIEp1bmlvciAoY29uIEZyYW5jw6lzIG8gSW5nbMOpcykgLSBIw61icmlkbyAtIFNldmlsbGEsIEVzcGHDsWEiLCJjb21wYW55X25hbWUiOiJTYW5kYXYiLCJhZGRyZXNzX2NpdHkiOiJTZXZpbGxlLCBTcGFpbiIsImh0aWRvY2lkIjoiUkdTRF8zZUwyMVhGOU1MaEFBQUFBQT09IiwidXVsZSI6IncrQ0FJUUlDSUZVM0JoYVc0In0=,Integración
eyJqb2JfdGl0bGUiOiJQcm9ncmFtYWRvciBKYXZhIEp1bmlvciAoY29uIEZyYW5jw6lzIG8gSW5nbMOpcykgLSBIw61icmlkbyAtIFNldmlsbGEsIEVzcGHDsWEiLCJjb21wYW55X25hbWUiOiJTYW5kYXYiLCJhZGRyZXNzX2NpdHkiOiJTZXZpbGxlLCBTcGFpbiIsImh0aWRvY2lkIjoiUkdTRF8zZUwyMVhGOU1MaEFBQUFBQT09IiwidXVsZSI6IncrQ0FJUUlDSUZVM0JoYVc0In0=,Backend
eyJqb2JfdGl0bGUiOiJQcm9ncmFtYWRvci9hIEphdmEgKyBTcHJpbmcgY29uIEZyYW5jw6lzIiwiY29tcGFueV9uYW1lIjoiSW5ldHVtIiwiYWRkcmVzc19jaXR5IjoiQWxpY2FudGUsIFNwYWluIiwiaHRpZG9jaWQiOiJjNUw4WWtiZUp5dllnUXdjQUFBQUFBPT0iLCJ1dWxlIjoidytDQUlRSUNJRlUzQmhhVzQifQ==,Seguridad
eyJqb2JfdGl0bGUiOiJQcm9ncmFtYWRvciBKYXZhIMOBZ2lsLCBNYWRyaWQiLCJjb21wYW55X25hbWUiOiJXb3JsZCBQcmVtaXVtIFJhdGVzIiwiYWRkcmVzc19jaXR5IjoiTWFkcmlkLCBTcGFpbiIsImh0aWRvY2lkIjoiWGRRbUJlaVVkTEFIVFZKWkFBQUFBQT09IiwidXVsZSI6IncrQ0FJUUlDSUZVM0JoYVc0In0=,Integración
eyJqb2JfdGl0bGUiOiJQcm9ncmFtYWRvciBKYXZhIERldk9wcyAoMTAwJSByZW1vdG8pIChNYWRyaWQpIiwiY29tcGFueV9uYW1lIjoiR3J1cG8gRGlnaXRhbCIsImFkZHJlc3NfY2l0eSI6Ik1hZHJpZCwgU3BhaW4iLCJodGlkb2NpZCI6IkpwUm9JLWRjWVFoOFRLOWhBQUFBQUE9PSIsInV1bGUiOiJ3K0NBSVFJQ0lGVTNCaGFXNCJ9,Analisis de Datos
eyJqb2JfdGl0bGUiOiJQcm9ncmFtYWRvciBKYXZhIERldk9wcyAoMTAwJSByZW1vdG8pIChNYWRyaWQpIiwiY29tcGFueV9uYW1lIjoiR3J1cG8gRGlnaXRhbCIsImFkZHJlc3NfY2l0eSI6Ik1hZHJpZCwgU3BhaW4iLCJodGlkb2NpZCI6IkpwUm9JLWRjWVFoOFRLOWhBQUFBQUE9PSIsInV1bGUiOiJ3K0NBSVFJQ0lGVTNCaGFXNCJ9,Integración
eyJqb2JfdGl0bGUiOiJQcm9ncmFtYWRvci9hIEphdmEvQW5ndWxhciAtIEp1bmlvciIsImNvbXBhbnlfbmFtZSI6IkdydXBvIE9lc8OtYSIsImFkZHJlc3NfY2l0eSI6Ik11cmNpYSwgU3BhaW4iLCJodGlkb2NpZCI6IlRKaU5rWkluRTFHT0VMa1RBQUFBQUE9PSIsInV1bGUiOiJ3K0NBSVFJQ0lGVTNCaGFXNCJ9,Seguridad
eyJqb2JfdGl0bGUiOiJJbmdlbmllcm8gZGUgc2lzdGVtYXMgKFZNd2FyZSB5IEF6dXJlKSIsImNvbXBhbnlfbmFtZSI6Ik1pY2hhZWwgUGFnZSIsImFkZHJlc3NfY2l0eSI6Ik1hZHJpZCwgU3BhaW4iLCJodGlkb2NpZCI6ImpzeEh2RVlZdkJZM01JaWJBQUFBQUE9PSIsInV1bGUiOiJ3K0NBSVFJQ0lGVTNCaGFXNCJ9,Seguridad
eyJqb2JfdGl0bGUiOiJJbmdlbmllcm8gZGUgc2lzdGVtYXMgKFZNd2FyZSB5IEF6dXJlKSIsImNvbXBhbnlfbmFtZSI6Ik1pY2hhZWwgUGFnZSIsImFkZHJlc3NfY2l0eSI6Ik1hZHJpZCwgU3BhaW4iLCJodGlkb2NpZCI6ImpzeEh2RVlZdkJZM01JaWJBQUFBQUE9PSIsInV1bGUiOiJ3K0NBSVFJQ0lGVTNCaGFXNCJ9,Integración
eyJqb2JfdGl0bGUiOiJFeHBlcnRvIEVuIFZpcnR1YWxpemFjacOzbiBJdCAtIEk0ODciLCJjb21wYW55X25hbWUiOiIqTm9tYnJlIE9jdWx0byoiLCJhZGRyZXNzX2NpdHkiOiJNYWRyaWQsIFNwYWluIiwiaHRpZG9jaWQiOiJIR3hKNDdaRS1fSDRadzVmQUFBQUFBPT0iLCJ1dWxlIjoidytDQUlRSUNJRlUzQmhhVzQifQ==,Seguridad
eyJqb2JfdGl0bGUiOiJFeHBlcnRvIEVuIFZpcnR1YWxpemFjacOzbiBJdCAtIEk0ODciLCJjb21wYW55X25hbWUiOiIqTm9tYnJlIE9jdWx0byoiLCJhZGRyZXNzX2NpdHkiOiJNYWRyaWQsIFNwYWluIiwiaHRpZG9jaWQiOiJIR3hKNDdaRS1fSDRadzVmQUFBQUFBPT0iLCJ1dWxlIjoidytDQUlRSUNJRlUzQmhhVzQifQ==,Base de datos
eyJqb2JfdGl0bGUiOiIoR2VkMTUpIEVzcGVjaWFsaXN0YSBFbiBWaXJ0dWFsaXphY2nDs24gWSBBbG1hY2VuYW1pZW50byIsImNvbXBhbnlfbmFtZSI6IkltcG9ydGFudGUgRW1wcmVzYSIsImFkZHJlc3NfY2l0eSI6IlRvcnJlY2lsbGEgZW4gQ2FtZXJvcywgU3BhaW4iLCJodGlkb2NpZCI6IjVCcTNwQ3ctRzh6UmhSdlVBQUFBQUE9PSIsInV1bGUiOiJ3K0NBSVFJQ0lGVTNCaGFXNCJ9,Seguridad
eyJqb2JfdGl0bGUiOiIoR2VkMTUpIEVzcGVjaWFsaXN0YSBFbiBWaXJ0dWFsaXphY2nDs24gWSBBbG1hY2VuYW1pZW50byIsImNvbXBhbnlfbmFtZSI6IkltcG9ydGFudGUgRW1wcmVzYSIsImFkZHJlc3NfY2l0eSI6IlRvcnJlY2lsbGEgZW4gQ2FtZXJvcywgU3BhaW4iLCJodGlkb2NpZCI6IjVCcTNwQ3ctRzh6UmhSdlVBQUFBQUE9PSIsInV1bGUiOiJ3K0NBSVFJQ0lGVTNCaGFXNCJ9,Mantenimiento y Soporte
eyJqb2JfdGl0bGUiOiJFc3BlY2lhbGlzdGEgZW4gR2VzdGnDs24gZGUgUmVkZXMiLCJjb21wYW55X25hbWUiOiJaZW1zYW5pYSIsImFkZHJlc3NfY2l0eSI6Ik92aWVkbywgTXVuaWNpcGFsaXR5IG9mIE92aWVkbywgU3BhaW4iLCJodGlkb2NpZCI6InkwaTMtckVTNGZ2aEhwUkFBQUFBQUE9PSIsInV1bGUiOiJ3K0NBSVFJQ0lGVTNCaGFXNCJ9,Seguridad
eyJqb2JfdGl0bGUiOiJFc3BlY2lhbGlzdGEgZW4gUmVkZXMgeSBTZWd1cmlkYWQgSC9NIiwiY29tcGFueV9uYW1lIjoiQXhpYW5zIiwiYWRkcmVzc19jaXR5IjoiTWFkcmlkLCBTcGFpbiIsImh0aWRvY2lkIjoicFU5TENIclc3Vnhtb19OUUFBQUFBQT09IiwidXVsZSI6IncrQ0FJUUlDSUZVM0JoYVc0In0=,Seguridad
eyJqb2JfdGl0bGUiOiJDYy0zMjIgRXNwZWNpYWxpc3RhIEVuIENvbXVuaWNhY2lvbmVzIEl0IENvcnBvcmF0aXZhcyIsImNvbXBhbnlfbmFtZSI6Ikl0cCBBZXJvIiwiYWRkcmVzc19jaXR5IjoiUGFsZW5jaWEsIFNwYWluIiwiaHRpZG9jaWQiOiJ3REFVWVdPRkZDeGpSSGpSQUFBQUFBPT0iLCJ1dWxlIjoidytDQUlRSUNJRlUzQmhhVzQifQ==,Seguridad
eyJqb2JfdGl0bGUiOiJFc3BlY2lhbGlzdGEgZW4gUmVkZXMgeSBTZWd1cmlkYWQgU2VuaW9yIiwiY29tcGFueV9uYW1lIjoiUGFnZSBQZXJzb25uZWwgRXNwYcOxYSIsImFkZHJlc3NfY2l0eSI6Ik1hZHJpZCwgU3BhaW4iLCJodGlkb2NpZCI6IkRQOUMyNlJvLTFmMWpNNUVBQUFBQUE9PSIsInV1bGUiOiJ3K0NBSVFJQ0lGVTNCaGFXNCJ9,Seguridad
eyJqb2JfdGl0bGUiOiJUw6ljbmljbyBFc3BlY2lhbGlzdGEgU2VuaW9yIEVuIENvbXVuaWNhY2lvbmVzLCBSZWRlcyBZIFNlZ3VyaWRhZCIsImNvbXBhbnlfbmFtZSI6IkNldSIsImFkZHJlc3NfY2l0eSI6Ik1hZHJpZCwgU3BhaW4iLCJodGlkb2NpZCI6InBocS1UdHNfYmxrTG1iRXFBQUFBQUE9PSIsInV1bGUiOiJ3K0NBSVFJQ0lGVTNCaGFXNCJ9,Seguridad
eyJqb2JfdGl0bGUiOiJUw6ljbmljbyBkZSByZWRlcyB5IGNvbXVuaWNhY2lvbmVzIiwiY29tcGFueV9uYW1lIjoiSm9ib3NzIiwiYWRkcmVzc19jaXR5IjoiTWFkcmlkLCBTcGFpbiIsImh0aWRvY2lkIjoiNXlEcW0xZXpNWDFncF92YkFBQUFBQT09IiwidXVsZSI6IncrQ0FJUUlDSUZVM0JoYVc0In0=,Seguridad
eyJqb2JfdGl0bGUiOiJUw6ljbmljby9hIGRlIFJlZGVzIHkgQ29tdW5pY2FjaW9uZXMiLCJjb21wYW55X25hbWUiOiJOVU5TWVMiLCJhZGRyZXNzX2NpdHkiOiJTZXZpbGxlLCBTcGFpbiIsImh0aWRvY2lkIjoiOWp4Sk1mNzF0TU9xY3lvbkFBQUFBQT09IiwidXVsZSI6IncrQ0FJUUlDSUZVM0JoYVc0In0=,Seguridad
eyJqb2JfdGl0bGUiOiJFc3BlY2lhbGlzdGEgUmVkZXMiLCJjb21wYW55X25hbWUiOiJsaW5lYSBkaXJlY3RhIiwiYWRkcmVzc19jaXR5IjoiU3BhaW4iLCJodGlkb2NpZCI6ImNlS2FuS1BFeGNRSkhUQmhBQUFBQUE9PSIsInV1bGUiOiJ3K0NBSVFJQ0lGVTNCaGFXNCJ9,Seguridad
eyJqb2JfdGl0bGUiOiJJTkdFTklFUsONQSBERSBTSVNURU1BUyAtIEluZ2VuaWVybyBFeHBlcnRvIGRlIFRlbGVjb211bmljYWNpb25lcyBjb24gZXhwZXJpZW5jaWEgZW4gUmFkaW8gZGVmaW5pZGEgcG9yIFNvZnR3YXJlIChTRFIpIiwiY29tcGFueV9uYW1lIjoiSW5kcmEiLCJhZGRyZXNzX2NpdHkiOiJUb3JyZWrDs24gZGUgQXJkb3osIFNwYWluIiwiaHRpZG9jaWQiOiJvSFMwWG5ocGxYQzVod2xBQUFBQUFBPT0iLCJ1dWxlIjoidytDQUlRSUNJRlUzQmhhVzQifQ==,Integración
eyJqb2JfdGl0bGUiOiJUw6ljbmljby9hIGRlIFJlZGVzIHkgQ29tdW5pY2FjaW9uZXMiLCJjb21wYW55X25hbWUiOiJJUE0sIGEgUmljb2ggQ29tcGFueSIsImFkZHJlc3NfY2l0eSI6Ik92aWVkbywgTXVuaWNpcGFsaXR5IG9mIE92aWVkbywgU3BhaW4iLCJodGlkb2NpZCI6ImtDaHk1ZjlPUDU4MnFrR2JBQUFBQUE9PSIsInV1bGUiOiJ3K0NBSVFJQ0lGVTNCaGFXNCJ9,Seguridad
eyJqb2JfdGl0bGUiOiJURUNOSUNPIERFIFRFTEVDT01VTklDQUNJT05FUyIsImNvbXBhbnlfbmFtZSI6IkF2YWNjbyBuZXcgaW5mb3JtYXRpb24gdGVjaG5vbG9naWVzLHMubC4iLCJhZGRyZXNzX2NpdHkiOiJNYWRyaWQsIFNwYWluIiwiaHRpZG9jaWQiOiJCVGxGanMxcDRxUENvYVJnQUFBQUFBPT0iLCJ1dWxlIjoidytDQUlRSUNJRlUzQmhhVzQifQ==,Seguridad
eyJqb2JfdGl0bGUiOiJUZWNuaWNvIERlIFJlZGVzIFkgQ29tdW5pY2FjaW9uZXMiLCJjb21wYW55X25hbWUiOiJTZWxlY2Npw7NuIC1JdCIsImFkZHJlc3NfY2l0eSI6Ik1hZHJpZCwgU3BhaW4iLCJodGlkb2NpZCI6IjNSRUo3NFlQam80Rmh6bS1BQUFBQUE9PSIsInV1bGUiOiJ3K0NBSVFJQ0lGVTNCaGFXNCJ9,Seguridad
eyJqb2JfdGl0bGUiOiJJbmZvcm3DoXRpY2EgWSBUZWxlY29tdW5pY2FjaW9uZXMgSW5nZW5pZXJvL0EgUmVkZXMgWSBDb211bmljYWNpb25lcyBaYXJhZ296YSIsImNvbXBhbnlfbmFtZSI6IkdydXBvIEludGVncmEgWHhpIFNvY2llZGFkIExpbWl0YWRhIiwiYWRkcmVzc19jaXR5IjoiWmFyYWdvemEsIFNwYWluIiwiaHRpZG9jaWQiOiJ2akF0LUdNZ3RpUEswdzJQQUFBQUFBPT0iLCJ1dWxlIjoidytDQUlRSUNJRlUzQmhhVzQifQ==,Seguridad
eyJqb2JfdGl0bGUiOiJUw6ljbmljbyBkZSBjb211bmljYWNpb25lcyIsImNvbXBhbnlfbmFtZSI6IkF5ZXNhIiwiYWRkcmVzc19jaXR5IjoiU3BhaW4iLCJodGlkb2NpZCI6InRXTU12LXZGcUJxbkhLOGVBQUFBQUE9PSIsInV1bGUiOiJ3K0NBSVFJQ0lGVTNCaGFXNCJ9,Seguridad
eyJqb2JfdGl0bGUiOiJUw6ljbmljbyBkZSByZWRlcyB5IHNlZ3VyaWRhZCBwZXJpbWV0cmFsIE4yIiwiY29tcGFueV9uYW1lIjoiTUlBIEFkdmFuY2VkIFN5c3RlbXMiLCJhZGRyZXNzX2NpdHkiOiJNYWRyaWQsIFNwYWluIiwiaHRpZG9jaWQiOiJDTHZJc0FkdWVjWktvYThRQUFBQUFBPT0iLCJ1dWxlIjoidytDQUlRSUNJRlUzQmhhVzQifQ==,Seguridad
eyJqb2JfdGl0bGUiOiJJbmdlbmllcm8gSnVuaW9yIFRlbGVjb211bmljYWNpb25lcyAvIEluZHVzdHJpYWwgLyBBZXJvbsOhdXRpY28gKEjDrWJyaWRvIC0gTWFkcmlkKSIsImNvbXBhbnlfbmFtZSI6IkV4cGVyaXMgRXNwYcOxYSIsImFkZHJlc3NfY2l0eSI6Ik1hZHJpZCwgU3BhaW4iLCJodGlkb2NpZCI6IlN5NzZYc08zNElLWmJnaktBQUFBQUE9PSIsInV1bGUiOiJ3K0NBSVFJQ0lGVTNCaGFXNCJ9,Seguridad
eyJqb2JfdGl0bGUiOiJURUNOSUNPIElOU1RBTEFET1IgVEVMRUNPIChVU0FfRkxPUklEQS9PSElPKSIsImNvbXBhbnlfbmFtZSI6Ik9GRyIsImFkZHJlc3NfY2l0eSI6Ik1hZHJpZCwgU3BhaW4iLCJodGlkb2NpZCI6ImZoVUp0cl92UENGeEk2MnBBQUFBQUE9PSIsInV1bGUiOiJ3K0NBSVFJQ0lGVTNCaGFXNCJ9,Integración
eyJqb2JfdGl0bGUiOiJQcm9ncmFtYWRvci9hIEMrKyB8IEjDrWJyaWRvICgyIGTDrWFzIHRlbGV0cmFiYWpvKSIsImNvbXBhbnlfbmFtZSI6Ikhhc3RlbiBncm91cCIsImFkZHJlc3NfY2l0eSI6IlNhbiBGZXJuYW5kbyBkZSBIZW5hcmVzLCBTcGFpbiIsImh0aWRvY2lkIjoiUEVqSkVpSDluVzgwLWRjVEFBQUFBQT09IiwidXVsZSI6IncrQ0FJUUlDSUZVM0JoYVc0In0=,Integración
eyJqb2JfdGl0bGUiOiJQcm9ncmFtYWRvciBjKysgKGxpbnV4KSIsImNvbXBhbnlfbmFtZSI6IkhheXMiLCJhZGRyZXNzX2NpdHkiOiJWYWxlbmNpYSwgU3BhaW4iLCJodGlkb2NpZCI6Im5qbzJOQmVJN3l0anktNUdBQUFBQUE9PSIsInV1bGUiOiJ3K0NBSVFJQ0lGVTNCaGFXNCJ9,Seguridad
eyJqb2JfdGl0bGUiOiJQcm9ncmFtYWRvci9hIEMrKyBlbiBJbm5vdmFjacOzbiBJbmR1c3RyaWFsIiwiY29tcGFueV9uYW1lIjoiTWVjYWx1eCIsImFkZHJlc3NfY2l0eSI6IkNvcm5lbGzDoCBkZSBMbG9icmVnYXQsIFNwYWluIiwiaHRpZG9jaWQiOiJpZDJHZDhjU1ItSEpUcG9PQUFBQUFBPT0iLCJ1dWxlIjoidytDQUlRSUNJRlUzQmhhVzQifQ==,Integración
eyJqb2JfdGl0bGUiOiJBbmFsaXN0YSBQcm9ncmFtYWRvci9hIEMrKyIsImNvbXBhbnlfbmFtZSI6Ik1lY2FsdXgiLCJhZGRyZXNzX2NpdHkiOiJDb3JuZWxsw6AgZGUgTGxvYnJlZ2F0LCBTcGFpbiIsImh0aWRvY2lkIjoid3JwM1h1dXozS25lekx1OUFBQUFBQT09IiwidXVsZSI6IncrQ0FJUUlDSUZVM0JoYVc0In0=,Integración
eyJqb2JfdGl0bGUiOiJQcm9ncmFtYWRvciBDKyssIFRvbGVkbyIsImNvbXBhbnlfbmFtZSI6Ik1pY2hhZWwgUGFnZSIsImFkZHJlc3NfY2l0eSI6IlRvbGVkbywgU3BhaW4iLCJodGlkb2NpZCI6IkVWU08zOVk3Z2dVbURqNWxBQUFBQUE9PSIsInV1bGUiOiJ3K0NBSVFJQ0lGVTNCaGFXNCJ9,Seguridad
eyJqb2JfdGl0bGUiOiJQcm9ncmFtYWRvci9hIHNlbmlvciBDKysgKDEwMCUgcHJlc2VuY2lhbCkiLCJjb21wYW55X25hbWUiOiJFeGNlbSBUZWNobm9sb2dpZXMiLCJhZGRyZXNzX2NpdHkiOiJNYWRyaWQsIFNwYWluIiwiaHRpZG9jaWQiOiJUUlVtR1BwWGVPSzh6NHozQUFBQUFBPT0iLCJ1dWxlIjoidytDQUlRSUNJRlUzQmhhVzQifQ==,Seguridad
eyJqb2JfdGl0bGUiOiIoTlctMzk4KSBBbmFsaXN0YSBwcm9ncmFtYWRvci9hIEMgeSBDKywgTWFkcmlkIiwiY29tcGFueV9uYW1lIjoiS1RJIFRhbGVudCBJbmRpY2F0b3IiLCJhZGRyZXNzX2NpdHkiOiJDb21tdW5pdHkgb2YgTWFkcmlkLCBTcGFpbiIsImh0aWRvY2lkIjoieVllWEhJZlIyWHMtQ3VZdUFBQUFBQT09IiwidXVsZSI6IncrQ0FJUUlDSUZVM0JoYVc0In0=,Base de datos
eyJqb2JfdGl0bGUiOiIoTlctMzk4KSBBbmFsaXN0YSBwcm9ncmFtYWRvci9hIEMgeSBDKywgTWFkcmlkIiwiY29tcGFueV9uYW1lIjoiS1RJIFRhbGVudCBJbmRpY2F0b3IiLCJhZGRyZXNzX2NpdHkiOiJDb21tdW5pdHkgb2YgTWFkcmlkLCBTcGFpbiIsImh0aWRvY2lkIjoieVllWEhJZlIyWHMtQ3VZdUFBQUFBQT09IiwidXVsZSI6IncrQ0FJUUlDSUZVM0JoYVc0In0=,Integración
eyJqb2JfdGl0bGUiOiJQcm9ncmFtYWRvci9BIEVuIEMrKyIsImNvbXBhbnlfbmFtZSI6IkN0IEluZ2VuaWVyb3MiLCJhZGRyZXNzX2NpdHkiOiJMZcOzbiwgU3BhaW4iLCJodGlkb2NpZCI6IkNOazN6ZWlmYXc2bmsxd0RBQUFBQUE9PSIsInV1bGUiOiJ3K0NBSVFJQ0lGVTNCaGFXNCJ9,Integración
eyJqb2JfdGl0bGUiOiJQcm9ncmFtYWRvci9hIEMrKyAoUmVtb3RvKSIsImNvbXBhbnlfbmFtZSI6IkFsY29yY2UgVGVsZWNvbXVuaWNhY2lvbmVzIFMuTC4iLCJhZGRyZXNzX2NpdHkiOiJNYWRyaWQsIFNwYWluIiwiaHRpZG9jaWQiOiI1TzZ1VTlSZ1hTY2stMHM5QUFBQUFBPT0iLCJ1dWxlIjoidytDQUlRSUNJRlUzQmhhVzQifQ==,Base de datos
eyJqb2JfdGl0bGUiOiJQcm9ncmFtYWRvci9hIGMrKyAocmVtb3RvKSIsImNvbXBhbnlfbmFtZSI6IkFsY29yY2UgVGVsZWNvbXVuaWNhY2lvbmVzIiwiYWRkcmVzc19jaXR5IjoiTWFkcmlkLCBTcGFpbiIsImh0aWRvY2lkIjoiMlltRDM5dzRSeTFzZVFvMUFBQUFBQT09IiwidXVsZSI6IncrQ0FJUUlDSUZVM0JoYVc0In0=,Base de datos
eyJqb2JfdGl0bGUiOiJQcm9ncmFtYWRvci9hIEMrKyBTZW5pb3IiLCJjb21wYW55X25hbWUiOiJJU0NBUkVNIEhVTUFOIFJFU09VUkNFUyIsImFkZHJlc3NfY2l0eSI6Ik1hZHJpZCwgU3BhaW4iLCJodGlkb2NpZCI6IldwVlB4NkFPbTNFY0x6dDNBQUFBQUE9PSIsInV1bGUiOiJ3K0NBSVFJQ0lGVTNCaGFXNCJ9,Integración
eyJqb2JfdGl0bGUiOiJQcm9ncmFtYWRvci9hIEMrKyBTZW5pb3IiLCJjb21wYW55X25hbWUiOiJJU0NBUkVNIEhVTUFOIFJFU09VUkNFUyIsImFkZHJlc3NfY2l0eSI6Ik1hZHJpZCwgU3BhaW4iLCJodGlkb2NpZCI6IldwVlB4NkFPbTNFY0x6dDNBQUFBQUE9PSIsInV1bGUiOiJ3K0NBSVFJQ0lGVTNCaGFXNCJ9,Backend
eyJqb2JfdGl0bGUiOiJQcm9ncmFtYWRvci9hIEMrKyBwYXJhIElubm92YWNpw7NuIFRlY25vbMOzZ2ljYSIsImNvbXBhbnlfbmFtZSI6IklTQ0FSRU0gSFVNQU4gUkVTT1VSQ0VTIiwiYWRkcmVzc19jaXR5IjoiTWFkcmlkLCBTcGFpbiIsImh0aWRvY2lkIjoiczFpX2JXOWtWSGs3aE0yVUFBQUFBQT09IiwidXVsZSI6IncrQ0FJUUlDSUZVM0JoYVc0In0=,Integración
eyJqb2JfdGl0bGUiOiJQcm9ncmFtYWRvci9hIEMrKyBwYXJhIElubm92YWNpw7NuIFRlY25vbMOzZ2ljYSIsImNvbXBhbnlfbmFtZSI6IklTQ0FSRU0gSFVNQU4gUkVTT1VSQ0VTIiwiYWRkcmVzc19jaXR5IjoiTWFkcmlkLCBTcGFpbiIsImh0aWRvY2lkIjoiczFpX2JXOWtWSGs3aE0yVUFBQUFBQT09IiwidXVsZSI6IncrQ0FJUUlDSUZVM0JoYVc0In0=,Backend
eyJqb2JfdGl0bGUiOiJEZXNhcnJvbGxhZG9yL2EgQysrIEluZ2zDqXMgQjIuIiwiY29tcGFueV9uYW1lIjoiU2Vjb25kIFdpbmRvdyIsImFkZHJlc3NfY2l0eSI6Ik1hZHJpZCwgU3BhaW4iLCJodGlkb2NpZCI6ImZwZnBzWUhPeEx5aVk2RmdBQUFBQUE9PSIsInV1bGUiOiJ3K0NBSVFJQ0lGVTNCaGFXNCJ9,Seguridad
eyJqb2JfdGl0bGUiOiJBcCBDL0MrKyIsImNvbXBhbnlfbmFtZSI6Ikhhc3RlbiBHcm91cCIsImFkZHJlc3NfY2l0eSI6IlNhbiBGZXJuYW5kbyBkZSBIZW5hcmVzLCBTcGFpbiIsImh0aWRvY2lkIjoiMTJaenJtcFNLbnE0Y2p1aEFBQUFBQT09IiwidXVsZSI6IncrQ0FJUUlDSUZVM0JoYVc0In0=,Integración
eyJqb2JfdGl0bGUiOiJTZW5pb3IgQysrIFByb2dyYW1tZXIiLCJjb21wYW55X25hbWUiOiJQcm9ncmFtLUFjZSIsImFkZHJlc3NfY2l0eSI6IlNwYWluIiwiaHRpZG9jaWQiOiJ1QWtUZ0V2UDhmTFEtaXUzQUFBQUFBPT0iLCJ1dWxlIjoidytDQUlRSUNJRlUzQmhhVzQifQ==,Mobile
eyJqb2JfdGl0bGUiOiJJbmdlbmllcm8gZGUgRGVzYXJyb2xsbyBDKysgYmFqbyBMaW51eCAoRW1iZWJpZG9zKSAoQmFyY2Vsb25hIC0gSMOtYnJpZG8pIiwiY29tcGFueV9uYW1lIjoiSVNTIFByb2Zlc2lvbmFsaWEiLCJhZGRyZXNzX2NpdHkiOiJDYXRhbG9uaWEsIFNwYWluIiwiaHRpZG9jaWQiOiJjZHIzTzcwSHVlRGRGdDlQQUFBQUFBPT0iLCJ1dWxlIjoidytDQUlRSUNJRlUzQmhhVzQifQ==,Integración
eyJqb2JfdGl0bGUiOiJEZXNhcnJvbGxhZG9yIFPDqW5pb3IgQysrIiwiY29tcGFueV9uYW1lIjoiYXJlbGFuY2UiLCJhZGRyZXNzX2NpdHkiOiJNw6FsYWdhLCBTcGFpbiIsImh0aWRvY2lkIjoidmVXLU5BSk5MZU82WlhKWUFBQUFBQT09IiwidXVsZSI6IncrQ0FJUUlDSUZVM0JoYVc0In0=,Integración
eyJqb2JfdGl0bGUiOiJBcCBDL0MrKyIsImNvbXBhbnlfbmFtZSI6IlVuc3BlY2lmaWVkIiwiYWRkcmVzc19jaXR5IjoiTWFkcmlkLCBTcGFpbiIsImh0aWRvY2lkIjoibG9vdlNuY1NRVkQ4NlhhSUFBQUFBQT09IiwidXVsZSI6IncrQ0FJUUlDSUZVM0JoYVc0In0=,Integración
eyJqb2JfdGl0bGUiOiJBbmFsaXN0YSBwcm9ncmFtYWRvciBlbiBDIHkgQysrIHBhcmEgZW50b3Jub3MgTGludXgiLCJjb21wYW55X25hbWUiOiJKb2Jvc3MiLCJhZGRyZXNzX2NpdHkiOiJMZWdhbsOpcywgU3BhaW4iLCJodGlkb2NpZCI6IjllOWl2MlRFQU4weWRzT2xBQUFBQUE9PSIsInV1bGUiOiJ3K0NBSVFJQ0lGVTNCaGFXNCJ9,Base de datos
eyJqb2JfdGl0bGUiOiJBbmFsaXN0YSBwcm9ncmFtYWRvciBlbiBDIHkgQysrIHBhcmEgZW50b3Jub3MgTGludXgiLCJjb21wYW55X25hbWUiOiJKb2Jvc3MiLCJhZGRyZXNzX2NpdHkiOiJMZWdhbsOpcywgU3BhaW4iLCJodGlkb2NpZCI6IjllOWl2MlRFQU4weWRzT2xBQUFBQUE9PSIsInV1bGUiOiJ3K0NBSVFJQ0lGVTNCaGFXNCJ9,Integración
eyJqb2JfdGl0bGUiOiJDKysgZGV2ZWxvcGVyIiwiY29tcGFueV9uYW1lIjoiTWFybGV4IiwiYWRkcmVzc19jaXR5IjoiWmFyYWdvemEsIFNwYWluIiwiaHRpZG9jaWQiOiJDYkF0Sjg5bTdBTFk0X3RHQUFBQUFBPT0iLCJ1dWxlIjoidytDQUlRSUNJRlUzQmhhVzQifQ==,Integración
eyJqb2JfdGl0bGUiOiJBbmFsaXN0YSBQcm9ncmFtYWRvci9BIEMrKyIsImNvbXBhbnlfbmFtZSI6Ikdyb3VwIE1lY2FsdXgiLCJhZGRyZXNzX2NpdHkiOiJCYXJjZWxvbmEsIFNwYWluIiwiaHRpZG9jaWQiOiJDVnR5ZlJHcVZ2SnZYdFZmQUFBQUFBPT0iLCJ1dWxlIjoidytDQUlRSUNJRlUzQmhhVzQifQ==,Integración
eyJqb2JfdGl0bGUiOiJQcm9ncmFtYWRvciBjKysiLCJjb21wYW55X25hbWUiOiJQc3MiLCJhZGRyZXNzX2NpdHkiOiJNYWRyaWQsIFNwYWluIiwiaHRpZG9jaWQiOiIzd2dmai1BOUc1STl2QXpsQUFBQUFBPT0iLCJ1dWxlIjoidytDQUlRSUNJRlUzQmhhVzQifQ==,Integración
eyJqb2JfdGl0bGUiOiJURVNUIEFVVE9NQVRJT04gU1BFQ0lBTElTVF9NQURSSUQiLCJjb21wYW55X25hbWUiOiJSZWFsZSBTZWd1cm9zIiwiYWRkcmVzc19jaXR5IjoiTWFkcmlkLCBTcGFpbiIsImh0aWRvY2lkIjoiV2JrZXdvaWZxVGpXQnlELUFBQUFBQT09IiwidXVsZSI6IncrQ0FJUUlDSUZVM0JoYVc0In0=,Base de datos
eyJqb2JfdGl0bGUiOiJJbmdlbmllcm8vYSBwcnVlYmFzIGF1dG9tYXRpemFkYXMiLCJjb21wYW55X25hbWUiOiJUaGUgQWRlY2NvIEdyb3VwIiwiYWRkcmVzc19jaXR5IjoiTWFkcmlkLCBTcGFpbiIsImh0aWRvY2lkIjoia1NDMllTc09MZGRlT1Z0Y0FBQUFBQT09IiwidXVsZSI6IncrQ0FJUUlDSUZVM0JoYVc0In0=,Integración
eyJqb2JfdGl0bGUiOiJUZXN0IEF1dG9tYXRpb24gU3BlY2lhbGlzdCIsImNvbXBhbnlfbmFtZSI6IkdGVCBUZWNobm9sb2dpZXMiLCJhZGRyZXNzX2NpdHkiOiJWYWxlbmNpYSwgU3BhaW4iLCJodGlkb2NpZCI6ImpJY1ZLd0F6VzRjaDZFRU9BQUFBQUE9PSIsInV1bGUiOiJ3K0NBSVFJQ0lGVTNCaGFXNCJ9,Integración
eyJqb2JfdGl0bGUiOiJTb2Z0d2FyZSBRQSB0ZXN0ZXIiLCJjb21wYW55X25hbWUiOiJNYWRyaWphIENvbnN1bHRvcsOtYSIsImFkZHJlc3NfY2l0eSI6IlNwYWluIiwiaHRpZG9jaWQiOiJVN3pzcGo4ZmFKbmlFM09YQUFBQUFBPT0iLCJ1dWxlIjoidytDQUlRSUNJRlUzQmhhVzQifQ==,Integración
eyJqb2JfdGl0bGUiOiJUZXN0IEF1dG9tYXRpb24gRW5naW5lZXIiLCJjb21wYW55X25hbWUiOiJOVFQgREFUQSBFdXJvcGUgXHUwMDI2IExhdGFtIiwiYWRkcmVzc19jaXR5IjoiTWFkcmlkLCBTcGFpbiIsImh0aWRvY2lkIjoiaUdkODJpRmE0VTNMME5lTEFBQUFBQT09IiwidXVsZSI6IncrQ0FJUUlDSUZVM0JoYVc0In0=,Integración
eyJqb2JfdGl0bGUiOiJUZXN0IEF1dG9tYXRpb24gRW5naW5lZXIiLCJjb21wYW55X25hbWUiOiJOVFQgREFUQSBFdXJvcGUgXHUwMDI2IExhdGFtIiwiYWRkcmVzc19jaXR5IjoiTWFkcmlkLCBTcGFpbiIsImh0aWRvY2lkIjoiaUdkODJpRmE0VTNMME5lTEFBQUFBQT09IiwidXVsZSI6IncrQ0FJUUlDSUZVM0JoYVc0In0=,Backend
eyJqb2JfdGl0bGUiOiJQcm9ncmFtYWRvciBpT1MgeSBBbmRyb2lkIiwiY29tcGFueV9uYW1lIjoiT2Zmc2hvcmUgVGVjaCIsImFkZHJlc3NfY2l0eSI6IlNhbnQgQ3VnYXQgZGVsIFZhbGzDqHMsIFNwYWluIiwiaHRpZG9jaWQiOiJMeWNWYlUwVXJLN2wyTFctQUFBQUFBPT0iLCJ1dWxlIjoidytDQUlRSUNJRlUzQmhhVzQifQ==,Integración
eyJqb2JfdGl0bGUiOiJQcm9ncmFtYWRvciBpT1MgeSBBbmRyb2lkIiwiY29tcGFueV9uYW1lIjoiT2Zmc2hvcmUgVGVjaCIsImFkZHJlc3NfY2l0eSI6IlNhbnQgQ3VnYXQgZGVsIFZhbGzDqHMsIFNwYWluIiwiaHRpZG9jaWQiOiJMeWNWYlUwVXJLN2wyTFctQUFBQUFBPT0iLCJ1dWxlIjoidytDQUlRSUNJRlUzQmhhVzQifQ==,Backend
eyJqb2JfdGl0bGUiOiJBTkFMSVNUQSBQUk9HUkFNQURPUiBNw5NWSUxFUyAoQU5EUk9JRCBFIElPcykiLCJjb21wYW55X25hbWUiOiJRdUVTVCBHbG9iYWwiLCJhZGRyZXNzX2NpdHkiOiJNYWRyaWQsIFNwYWluIiwiaHRpZG9jaWQiOiJVa2cwcXVYN0g4Qlg3X1RUQUFBQUFBPT0iLCJ1dWxlIjoidytDQUlRSUNJRlUzQmhhVzQifQ==,Seguridad
eyJqb2JfdGl0bGUiOiJBbmFsaXN0YSBQcm9ncmFtYWRvciBBbmRyb2lkIC8gaU9zIiwiY29tcGFueV9uYW1lIjoiVkFTUyIsImFkZHJlc3NfY2l0eSI6IkFsY29iZW5kYXMsIFNwYWluIiwiaHRpZG9jaWQiOiJwdVlrcGVWRU9leFRIbkp6QUFBQUFBPT0iLCJ1dWxlIjoidytDQUlRSUNJRlUzQmhhVzQifQ==,Mobile
eyJqb2JfdGl0bGUiOiJBZ2VudGUgU29wb3J0ZSBUw6ljbmljbyBJVElMIDMwSCBNQcORQU5BIiwiY29tcGFueV9uYW1lIjoiU2VydmluZm9ybSIsImFkZHJlc3NfY2l0eSI6Ik1hZHJpZCwgU3BhaW4iLCJodGlkb2NpZCI6IlprTk1mN1E5SmxWVjVMMzFBQUFBQUE9PSIsInV1bGUiOiJ3K0NBSVFJQ0lGVTNCaGFXNCJ9,Integración
eyJqb2JfdGl0bGUiOiJKZWZlIGRlIFByb3llY3Rvcy8gSVRJTCIsImNvbXBhbnlfbmFtZSI6Ik5ldENoZWNrIiwiYWRkcmVzc19jaXR5IjoiTWFkcmlkLCBTcGFpbiIsImh0aWRvY2lkIjoiXzdoc0N5VnRJMl9YMlNxYkFBQUFBQT09IiwidXVsZSI6IncrQ0FJUUlDSUZVM0JoYVc0In0=,Seguridad
eyJqb2JfdGl0bGUiOiJJdHwgVMOpY25pY28gRGUgSGVscGRlc2sgQ2VydGlmaWNhZG8gSXRpbCIsImNvbXBhbnlfbmFtZSI6IkFsdGVuIiwiYWRkcmVzc19jaXR5IjoiU2V2aWxsZSwgU3BhaW4iLCJodGlkb2NpZCI6Im1VS1RXVmNKcXR0cEJwSjdBQUFBQUE9PSIsInV1bGUiOiJ3K0NBSVFJQ0lGVTNCaGFXNCJ9,Integración
eyJqb2JfdGl0bGUiOiJDb25zdWx0b3IvQSBJdGlsIFkgQ21kYiIsImNvbXBhbnlfbmFtZSI6IkR0YWdlbmN5IiwiYWRkcmVzc19jaXR5IjoiQmFyY2Vsb25hLCBTcGFpbiIsImh0aWRvY2lkIjoiSnFJeDhUVDNLVllGTVFKVEFBQUFBQT09IiwidXVsZSI6IncrQ0FJUUlDSUZVM0JoYVc0In0=,Seguridad
eyJqb2JfdGl0bGUiOiJDb25zdWx0b3IvQSBJdGlsIFkgQ21kYiIsImNvbXBhbnlfbmFtZSI6IkR0YWdlbmN5IiwiYWRkcmVzc19jaXR5IjoiQmFyY2Vsb25hLCBTcGFpbiIsImh0aWRvY2lkIjoiSnFJeDhUVDNLVllGTVFKVEFBQUFBQT09IiwidXVsZSI6IncrQ0FJUUlDSUZVM0JoYVc0In0=,Base de datos
eyJqb2JfdGl0bGUiOiJUw6ljbmljby9hIGVzcGVjaWFsaXN0YSBhbG1hY2VuYW1pZW50byB5IEJhY2t1cCIsImNvbXBhbnlfbmFtZSI6IkF5ZXNhIiwiYWRkcmVzc19jaXR5IjoiTWFkcmlkLCBTcGFpbiIsImh0aWRvY2lkIjoiWnBJSUhRNkMtMThFRTE2T0FBQUFBQT09IiwidXVsZSI6IncrQ0FJUUlDSUZVM0JoYVc0In0=,Integración
eyJqb2JfdGl0bGUiOiJFc3BlY2lhbGlzdGEgZW4gR2VzdGnDs24gZGUgQWxtYWNlbmFtaWVudG8iLCJjb21wYW55X25hbWUiOiJSaWNvaCIsImFkZHJlc3NfY2l0eSI6IkJhcmNlbG9uYSwgU3BhaW4iLCJodGlkb2NpZCI6Imc3c2ZseEVkdEtOYnk0OVVBQUFBQUE9PSIsInV1bGUiOiJ3K0NBSVFJQ0lGVTNCaGFXNCJ9,Seguridad
eyJqb2JfdGl0bGUiOiJFc3BlY2lhbGlzdGEgZW4gR2VzdGnDs24gZGUgQWxtYWNlbmFtaWVudG8iLCJjb21wYW55X25hbWUiOiJSaWNvaCIsImFkZHJlc3NfY2l0eSI6IkJhcmNlbG9uYSwgU3BhaW4iLCJodGlkb2NpZCI6Imc3c2ZseEVkdEtOYnk0OVVBQUFBQUE9PSIsInV1bGUiOiJ3K0NBSVFJQ0lGVTNCaGFXNCJ9,Integración
eyJqb2JfdGl0bGUiOiJFc3BlY2lhbGlzdGEgZW4gR2VzdGnDs24gZGUgQWxtYWNlbmFtaWVudG8iLCJjb21wYW55X25hbWUiOiJSaWNvaCIsImFkZHJlc3NfY2l0eSI6IlNhbnQgQ3VnYXQgZGVsIFZhbGzDqHMsIFNwYWluIiwiaHRpZG9jaWQiOiJsWHJMQ1BRWUVaLTdCbHNxQUFBQUFBPT0iLCJ1dWxlIjoidytDQUlRSUNJRlUzQmhhVzQifQ==,Seguridad
eyJqb2JfdGl0bGUiOiJFc3BlY2lhbGlzdGEgZW4gR2VzdGnDs24gZGUgQWxtYWNlbmFtaWVudG8iLCJjb21wYW55X25hbWUiOiJSaWNvaCIsImFkZHJlc3NfY2l0eSI6IlNhbnQgQ3VnYXQgZGVsIFZhbGzDqHMsIFNwYWluIiwiaHRpZG9jaWQiOiJsWHJMQ1BRWUVaLTdCbHNxQUFBQUFBPT0iLCJ1dWxlIjoidytDQUlRSUNJRlUzQmhhVzQifQ==,Integración
eyJqb2JfdGl0bGUiOiJFc3BlY2lhbGlzdGEgZW4gVmlydHVhbGl6YWNpw7NuIHkgQWxtYWNlbmFtaWVudG8iLCJjb21wYW55X25hbWUiOiJJbnljb20iLCJhZGRyZXNzX2NpdHkiOiJCaWxiYW8sIFNwYWluIiwiaHRpZG9jaWQiOiJNTDJIc2gxTHFxdmZyNm5ZQUFBQUFBPT0iLCJ1dWxlIjoidytDQUlRSUNJRlUzQmhhVzQifQ==,Seguridad
eyJqb2JfdGl0bGUiOiJFc3BlY2lhbGlzdGEgZW4gVmlydHVhbGl6YWNpw7NuIHkgQWxtYWNlbmFtaWVudG8iLCJjb21wYW55X25hbWUiOiJJbnljb20iLCJhZGRyZXNzX2NpdHkiOiJCaWxiYW8sIFNwYWluIiwiaHRpZG9jaWQiOiJNTDJIc2gxTHFxdmZyNm5ZQUFBQUFBPT0iLCJ1dWxlIjoidytDQUlRSUNJRlUzQmhhVzQifQ==,Mantenimiento y Soporte
eyJqb2JfdGl0bGUiOiJFc3BlY2lhbGlzdGEgZW4gT3BlcmFjaW9uZXMiLCJjb21wYW55X25hbWUiOiJUaGUgRmxleCBMaXZpbmciLCJhZGRyZXNzX2NpdHkiOiJUcmVzIENhbnRvcywgU3BhaW4iLCJodGlkb2NpZCI6IjBNVGxZSFFHcVVNSXRnc1BBQUFBQUE9PSIsInV1bGUiOiJ3K0NBSVFJQ0lGVTNCaGFXNCJ9,Seguridad
eyJqb2JfdGl0bGUiOiJJbmdlbmllcm8vYSBlc3BlY2lhbGlzdGEgZW4gYWxtYWNlbmFtaWVudG8gZW4gU0FMRVMgRlVORElEQVMgLSAoSVpHMDExKSIsImNvbXBhbnlfbmFtZSI6IkVBRyAoRW1wcmVzYXJpb3MgQWdydXBhZG9zIC0gR0hFU0EpIiwiYWRkcmVzc19jaXR5IjoiU3BhaW4iLCJodGlkb2NpZCI6InBrZGI5NndrekpZNG13WkFBQUFBQUE9PSIsInV1bGUiOiJ3K0NBSVFJQ0lGVTNCaGFXNCJ9,Integración
eyJqb2JfdGl0bGUiOiJFc3BlY2lhbGlzdGEgZW4gc2VndXJpZGFkIGRlIGxhIGluZm9ybWFjacOzbiIsImNvbXBhbnlfbmFtZSI6IkljYWxpYSBTb2x1dGlvbnMiLCJhZGRyZXNzX2NpdHkiOiJCYXJjZWxvbmEsIFNwYWluIiwiaHRpZG9jaWQiOiJoVmtnYmFQdGtUQWRfaXg1QUFBQUFBPT0iLCJ1dWxlIjoidytDQUlRSUNJRlUzQmhhVzQifQ==,Seguridad
eyJqb2JfdGl0bGUiOiJFc3BlY2lhbGlzdGEgZW4gZ29iaWVybm8sIHJpZXNnbyB5IGN1bXBsaW1pZW50byBkZSBsYSBzZWd1cmlkYWQiLCJjb21wYW55X25hbWUiOiJVbml2ZXJzaXRhdCBPYmVydGEgZGUgQ2F0YWx1bnlhIiwiYWRkcmVzc19jaXR5IjoiQmFyY2Vsb25hLCBTcGFpbiIsImh0aWRvY2lkIjoiUkpfUWRXUEJPVXEtdi1EUEFBQUFBQT09IiwidXVsZSI6IncrQ0FJUUlDSUZVM0JoYVc0In0=,Seguridad
eyJqb2JfdGl0bGUiOiJFc3BlY2lhbGlzdGEgZW4gZ29iaWVybm8sIHJpZXNnbyB5IGN1bXBsaW1pZW50byBkZSBsYSBzZWd1cmlkYWQiLCJjb21wYW55X25hbWUiOiJVbml2ZXJzaXRhdCBPYmVydGEgZGUgQ2F0YWx1bnlhIiwiYWRkcmVzc19jaXR5IjoiQmFyY2Vsb25hLCBTcGFpbiIsImh0aWRvY2lkIjoiUkpfUWRXUEJPVXEtdi1EUEFBQUFBQT09IiwidXVsZSI6IncrQ0FJUUlDSUZVM0JoYVc0In0=,Integración
eyJqb2JfdGl0bGUiOiJFc3BlY2lhbGlzdGEgQ29udHJvbCB5IEN1bXBsaW1pZW50byBkZSBDaWJlcnNlZ3VyaWRhZCAtIFNlZ3VyaWRhZCBlbiBEZXNhcnJvbGxvIiwiY29tcGFueV9uYW1lIjoiUmVwc29sIiwiYWRkcmVzc19jaXR5IjoiU3BhaW4iLCJodGlkb2NpZCI6Ik9ZMnRHbzdWZERYZ3pCMEpBQUFBQUE9PSIsInV1bGUiOiJ3K0NBSVFJQ0lGVTNCaGFXNCJ9,Seguridad
eyJqb2JfdGl0bGUiOiJFc3BlY2lhbGlzdGEgZW4gY2liZXJzZWd1cmlkYWQgKEgvTS9YKSIsImNvbXBhbnlfbmFtZSI6IkV4cGVyaXMgRXNwYcOxYSIsImFkZHJlc3NfY2l0eSI6Ik1hZHJpZCwgU3BhaW4iLCJodGlkb2NpZCI6Il8zS29MMFZyUWN6elNBWExBQUFBQUE9PSIsInV1bGUiOiJ3K0NBSVFJQ0lGVTNCaGFXNCJ9,Seguridad
eyJqb2JfdGl0bGUiOiJFc3BlY2lhbGlzdGEgQ29udHJvbCB5IEN1bXBsaW1pZW50byBkZSBDaWJlcnNlZ3VyaWRhZCAtIFNlZ3VyaWRhZCBlbiBEZXNhcnJvbGxvIiwiY29tcGFueV9uYW1lIjoiUmVwc29sIiwiYWRkcmVzc19jaXR5IjoiVHJlcyBDYW50b3MsIFNwYWluIiwiaHRpZG9jaWQiOiJtMzF3NFFSbl8yY1BYclpDQUFBQUFBPT0iLCJ1dWxlIjoidytDQUlRSUNJRlUzQmhhVzQifQ==,Seguridad
eyJqb2JfdGl0bGUiOiJFc3BlY2lhbGlzdGEgR1JDIFNlZ3VyaWRhZCBJVCIsImNvbXBhbnlfbmFtZSI6IkdydXBvIE5TIiwiYWRkcmVzc19jaXR5IjoiTWFkcmlkLCBTcGFpbiIsImh0aWRvY2lkIjoiQVlXMjVWalNHYWRJeU5EX0FBQUFBQT09IiwidXVsZSI6IncrQ0FJUUlDSUZVM0JoYVc0In0=,Seguridad
eyJqb2JfdGl0bGUiOiJFc3BlY2lhbGlzdGEgZW4gRGlzZcOxbyBHcsOhZmljbyIsImNvbXBhbnlfbmFtZSI6IlB1YmxpcGVnYS5jb20iLCJhZGRyZXNzX2NpdHkiOiJNYWRyaWQsIFNwYWluIiwiaHRpZG9jaWQiOiI3ZU5zNEQwMTF6QXZYZmFJQUFBQUFBPT0iLCJ1dWxlIjoidytDQUlRSUNJRlUzQmhhVzQifQ==,Diseñador Gráfico
eyJqb2JfdGl0bGUiOiJEZXBhcnRhbWVudG8gZGUgRGlzZcOxbyBHcsOhZmljbyAvIFdlYiIsImNvbXBhbnlfbmFtZSI6IkdlbmlhbGlkYWRlcyBTTCIsImFkZHJlc3NfY2l0eSI6IkJhcmNlbG9uYSwgU3BhaW4iLCJodGlkb2NpZCI6IjlvdmdEU1VCWTBLNFVHb1hBQUFBQUE9PSIsInV1bGUiOiJ3K0NBSVFJQ0lGVTNCaGFXNCJ9,Diseñador Gráfico
eyJqb2JfdGl0bGUiOiJEZXBhcnRhbWVudG8gZGUgRGlzZcOxbyBHcsOhZmljbyAvIFdlYiIsImNvbXBhbnlfbmFtZSI6IkdlbmlhbGlkYWRlcyBTTCIsImFkZHJlc3NfY2l0eSI6IkJhcmNlbG9uYSwgU3BhaW4iLCJodGlkb2NpZCI6IjlvdmdEU1VCWTBLNFVHb1hBQUFBQUE9PSIsInV1bGUiOiJ3K0NBSVFJQ0lGVTNCaGFXNCJ9,Base de datos
eyJqb2JfdGl0bGUiOiJEZWxpbmVhbnRlLCBleHBlcnRvIGVuIGRpc2XDsW8gZ3JhZmljbywgdGVjbmljbyBwcm95ZWN0aXN0YSIsImNvbXBhbnlfbmFtZSI6IlBsYW5FdmVudCIsImFkZHJlc3NfY2l0eSI6IkPDs3Jkb2JhLCBTcGFpbiIsImh0aWRvY2lkIjoiTUtnbGh0SGNPSkVXaDRfY0FBQUFBQT09IiwidXVsZSI6IncrQ0FJUUlDSUZVM0JoYVc0In0=,Seguridad
eyJqb2JfdGl0bGUiOiJEaXNlw7FhZG9yIEdyw6FmaWNvIEZyZWxhbmNlIiwiY29tcGFueV9uYW1lIjoiUHVibGlwZWdhLmNvbSIsImFkZHJlc3NfY2l0eSI6Ik1hZHJpZCwgU3BhaW4iLCJodGlkb2NpZCI6ImEySVo4LVVmNHc4V0l6bUJBQUFBQUE9PSIsInV1bGUiOiJ3K0NBSVFJQ0lGVTNCaGFXNCJ9,Diseñador Gráfico
eyJqb2JfdGl0bGUiOiJEaXNlw7FhZG9yL2EgZ3LDoWZpY28gLSBNdWx0aW1lZGlhIiwiY29tcGFueV9uYW1lIjoiSW5zZXJ0YSBFbXBsZW8iLCJhZGRyZXNzX2NpdHkiOiJWYWxsYWRvbGlkLCBTcGFpbiIsImh0aWRvY2lkIjoiQkdFcnA3bU9fMlc1ODdzT0FBQUFBQT09IiwidXVsZSI6IncrQ0FJUUlDSUZVM0JoYVc0In0=,Diseñador Gráfico
eyJqb2JfdGl0bGUiOiJEaXNlw7FhZG9yL2EgZ3LDoWZpY28gLSBNdWx0aW1lZGlhIiwiY29tcGFueV9uYW1lIjoiSW5zZXJ0YSBFbXBsZW8iLCJhZGRyZXNzX2NpdHkiOiJWYWxsYWRvbGlkLCBTcGFpbiIsImh0aWRvY2lkIjoiQkdFcnA3bU9fMlc1ODdzT0FBQUFBQT09IiwidXVsZSI6IncrQ0FJUUlDSUZVM0JoYVc0In0=,Integración
eyJqb2JfdGl0bGUiOiJESVNFTkFET1IgQSBXRUIgWSBHUkFGSUNPIEVTUEVDSUFMSVNUQSBFTiBDUk8gLSBGUkVFTEFOQ0UgSk9CIElOIFdFQiBERVNJR04gLSBXT1JLQU5BIHwgKFBCMDE3KSIsImNvbXBhbnlfbmFtZSI6IkVtcHJlc2EgcmVjb25vY2lkYSIsImFkZHJlc3NfY2l0eSI6IlNwYWluIiwiaHRpZG9jaWQiOiJadGg3dEp2TjBsdEF0YUt4QUFBQUFBPT0iLCJ1dWxlIjoidytDQUlRSUNJRlUzQmhhVzQifQ==,Integración
eyJqb2JfdGl0bGUiOiJFc3BlY2lhbGlzdGEgZW4gZGlyZWNjacOzbiBkZSBhcnRlIGZpbmFsIGUgaW1wcmVzacOzbiIsImNvbXBhbnlfbmFtZSI6IkFzb2NpYWNpw7NuIE1hcnJvcXXDrSBwYXJhIGxhIEludGVncmFjacOzbiBkZSBsb3MgSW5taWdyYW50ZXMiLCJhZGRyZXNzX2NpdHkiOiJNw6FsYWdhLCBTcGFpbiIsImh0aWRvY2lkIjoiZkliVFJZdnZQUGt0ckVJV0FBQUFBQT09IiwidXVsZSI6IncrQ0FJUUlDSUZVM0JoYVc0In0=,Integración
eyJqb2JfdGl0bGUiOiJEaXNlw7FhZG9yIEdyw6FmaWNvIiwiY29tcGFueV9uYW1lIjoiUHVibGlwZWdhLmNvbSIsImFkZHJlc3NfY2l0eSI6Ik1hZHJpZCwgU3BhaW4iLCJodGlkb2NpZCI6ImY1dFRRa0FmT2ZFLWhnRVdBQUFBQUE9PSIsInV1bGUiOiJ3K0NBSVFJQ0lGVTNCaGFXNCJ9,Diseñador Gráfico
eyJqb2JfdGl0bGUiOiJFc3BlY2lhbGlzdGEgU0VNIC8gU29jaWFsIE1lZGlhIE1hcmtldGluZyIsImNvbXBhbnlfbmFtZSI6IlBhcmFuaW5mbyIsImFkZHJlc3NfY2l0eSI6Ik1hZHJpZCwgU3BhaW4iLCJodGlkb2NpZCI6IjBoZWJqd2RfeUkyaEdSV3FBQUFBQUE9PSIsInV1bGUiOiJ3K0NBSVFJQ0lGVTNCaGFXNCJ9,Integración
eyJqb2JfdGl0bGUiOiJJbmdlbmllcm8vYSBTb2Z0d2FyZSBKYXZhIiwiY29tcGFueV9uYW1lIjoiRXhwbGVvIEdyb3VwIiwiYWRkcmVzc19jaXR5IjoiQ29tbXVuaXR5IG9mIE1hZHJpZCwgU3BhaW4iLCJodGlkb2NpZCI6Ims4dURNYmhwbDY5OGJCX3RBQUFBQUE9PSIsInV1bGUiOiJ3K0NBSVFJQ0lGVTNCaGFXNCJ9,Integración
eyJqb2JfdGl0bGUiOiIoSVlSNTU1KSB8IEluZ2VuaWVybyBkZSBTb2Z0d2FyZSBKYXZhLiIsImNvbXBhbnlfbmFtZSI6IlNHIFRlY2giLCJhZGRyZXNzX2NpdHkiOiJDb21tdW5pdHkgb2YgTWFkcmlkLCBTcGFpbiIsImh0aWRvY2lkIjoiOXBMckFHVVZZR2VJSjdXRUFBQUFBQT09IiwidXVsZSI6IncrQ0FJUUlDSUZVM0JoYVc0In0=,Integración
eyJqb2JfdGl0bGUiOiJJbmdlbmllcm8vYSBTb2Z0d2FyZSBKYXZhIiwiY29tcGFueV9uYW1lIjoiRXhwbGVvIEdyb3VwIiwiYWRkcmVzc19jaXR5IjoiU3BhaW4iLCJodGlkb2NpZCI6IndUNk5adjllNjFzWXJfZUJBQUFBQUE9PSIsInV1bGUiOiJ3K0NBSVFJQ0lGVTNCaGFXNCJ9,Integración
eyJqb2JfdGl0bGUiOiJTb2Z0d2FyZSBFbmdpbmVlciB8IEphdmEgMTcgfCAxMDAlIFJlbW90ZSIsImNvbXBhbnlfbmFtZSI6IlVTVCIsImFkZHJlc3NfY2l0eSI6Ik1hZHJpZCwgU3BhaW4iLCJodGlkb2NpZCI6IkFBV0FnSmZXUkI4dkhhVW9BQUFBQUE9PSIsInV1bGUiOiJ3K0NBSVFJQ0lGVTNCaGFXNCJ9,Full Stack
eyJqb2JfdGl0bGUiOiJJbmdlbmllcm8vYSBkZSBzb2Z0d2FyZSBKYXZhIiwiY29tcGFueV9uYW1lIjoiSW5kcmEiLCJhZGRyZXNzX2NpdHkiOiJBcmFuanVleiwgU3BhaW4iLCJodGlkb2NpZCI6IkViVTI4ZG45by1WYkFnTXlBQUFBQUE9PSIsInV1bGUiOiJ3K0NBSVFJQ0lGVTNCaGFXNCJ9,Integración
eyJqb2JfdGl0bGUiOiJJbmdlbmllcm8vYSBkZSBzb2Z0d2FyZSAtSmF2YS0gUmVtb3RvIiwiY29tcGFueV9uYW1lIjoiS3JlbGwgQ29uc3VsdGluZyIsImFkZHJlc3NfY2l0eSI6IlNwYWluIiwiaHRpZG9jaWQiOiJBd29jRjhGRFJjQWcwdkhMQUFBQUFBPT0iLCJ1dWxlIjoidytDQUlRSUNJRlUzQmhhVzQifQ==,Integración
eyJqb2JfdGl0bGUiOiJJbmdlbmllcm9zIGRlIFNvZnR3YXJlIEpBVkEiLCJjb21wYW55X25hbWUiOiJBUkVOQS4gRmluYW5jaWFsIFRlY2giLCJhZGRyZXNzX2NpdHkiOiJNYWRyaWQsIFNwYWluIiwiaHRpZG9jaWQiOiJ0UlRLSmhVWC1UOUJpS2oxQUFBQUFBPT0iLCJ1dWxlIjoidytDQUlRSUNJRlUzQmhhVzQifQ==,Integración
eyJqb2JfdGl0bGUiOiJEZXNhcnJvbGxhZG9yIEphdmEiLCJjb21wYW55X25hbWUiOiJESUdJVEFMNTUiLCJhZGRyZXNzX2NpdHkiOiJTcGFpbiIsImh0aWRvY2lkIjoiM1lmYjdpdUp4Nzd2Zno3YUFBQUFBQT09IiwidXVsZSI6IncrQ0FJUUlDSUZVM0JoYVc0In0=,Backend
eyJqb2JfdGl0bGUiOiJEZXNhcnJvbGxhZG9yL2EgZGUgc29mdHdhcmUgY29uIEpBVkEiLCJjb21wYW55X25hbWUiOiJBTFRFTiIsImFkZHJlc3NfY2l0eSI6Ik1hZHJpZCwgU3BhaW4iLCJodGlkb2NpZCI6ImlQeWF5bEk4b1FfaWxBSXVBQUFBQUE9PSIsInV1bGUiOiJ3K0NBSVFJQ0lGVTNCaGFXNCJ9,Integración
eyJqb2JfdGl0bGUiOiJKYXZhIFNvZnR3YXJlIEVuZ2luZWVyIC0gU2FudGFuZGVyIERpZ2l0YWwgU2VydmljZXMiLCJjb21wYW55X25hbWUiOiJTYW50YW5kZXIgRGlnaXRhbCBTZXJ2aWNlcyIsImFkZHJlc3NfY2l0eSI6IkJvYWRpbGxhIGRlbCBNb250ZSwgU3BhaW4iLCJodGlkb2NpZCI6IlBWLUNMQXI1Y2taSVlqS2dBQUFBQUE9PSIsInV1bGUiOiJ3K0NBSVFJQ0lGVTNCaGFXNCJ9,Full Stack
eyJqb2JfdGl0bGUiOiJJbmdlbmllcm8gRGUgU29mdHdhcmUgSmF2YS4iLCJjb21wYW55X25hbWUiOiJTZyBUZWNoIiwiYWRkcmVzc19jaXR5IjoiWmFyYWdvemEsIFNwYWluIiwiaHRpZG9jaWQiOiJqUkRQU2ZRdUxTVzRGTHd0QUFBQUFBPT0iLCJ1dWxlIjoidytDQUlRSUNJRlUzQmhhVzQifQ==,Integración
eyJqb2JfdGl0bGUiOiJKYXZhIFNvZnR3YXJlIEVuZ2luZWVyIiwiY29tcGFueV9uYW1lIjoiQ1JFQUxPR0lYIiwiYWRkcmVzc19jaXR5IjoiQmFyY2Vsb25hLCBTcGFpbiIsImh0aWRvY2lkIjoiZVZKZllmamZQWE9sTExXYUFBQUFBQT09IiwidXVsZSI6IncrQ0FJUUlDSUZVM0JoYVc0In0=,Mobile
eyJqb2JfdGl0bGUiOiJKYXZhIFNvZnR3YXJlIEVuZ2luZWVyIiwiY29tcGFueV9uYW1lIjoiQ1JFQUxPR0lYIiwiYWRkcmVzc19jaXR5IjoiQmFyY2Vsb25hLCBTcGFpbiIsImh0aWRvY2lkIjoiZVZKZllmamZQWE9sTExXYUFBQUFBQT09IiwidXVsZSI6IncrQ0FJUUlDSUZVM0JoYVc0In0=,Backend
eyJqb2JfdGl0bGUiOiJQcm9ncmFtYWRvciBKYXZhIMOBZ2lsLCBNYWRyaWQiLCJjb21wYW55X25hbWUiOiJXb3JsZCBQcmVtaXVtIFJhdGVzIiwiYWRkcmVzc19jaXR5IjoiQmFyY2Vsb25hLCBTcGFpbiIsImh0aWRvY2lkIjoicE9ILWh1YS12OGlJazB0bEFBQUFBQT09IiwidXVsZSI6IncrQ0FJUUlDSUZVM0JoYVc0In0=,Integración
eyJqb2JfdGl0bGUiOiJKYXZhIFNvZnR3YXJlIERldmVsb3BlciBbSMOtYnJpZG8gMiBkw61hcy9tZXNdIiwiY29tcGFueV9uYW1lIjoia25vd21hZCBtb29kIiwiYWRkcmVzc19jaXR5IjoiQm9hZGlsbGEgZGVsIE1vbnRlLCBTcGFpbiIsImh0aWRvY2lkIjoiYmFUMXp6NldGVkN5Nk12SEFBQUFBQT09IiwidXVsZSI6IncrQ0FJUUlDSUZVM0JoYVc0In0=,Integración
eyJqb2JfdGl0bGUiOiJEZXNhcnJvbGxhZG9yYS9hIEphdmEgfCBJbmdsw6lzIChUZWxldHJhYmFqbykiLCJjb21wYW55X25hbWUiOiJIYXN0ZW4gR3JvdXAiLCJhZGRyZXNzX2NpdHkiOiJTcGFpbiIsImh0aWRvY2lkIjoibUVQWlByV1lqamtPSFp2a0FBQUFBQT09IiwidXVsZSI6IncrQ0FJUUlDSUZVM0JoYVc0In0=,Base de datos
eyJqb2JfdGl0bGUiOiJEZXNhcnJvbGxhZG9yYS9hIEphdmEgfCBJbmdsw6lzIChUZWxldHJhYmFqbykiLCJjb21wYW55X25hbWUiOiJIYXN0ZW4gR3JvdXAiLCJhZGRyZXNzX2NpdHkiOiJTcGFpbiIsImh0aWRvY2lkIjoibUVQWlByV1lqamtPSFp2a0FBQUFBQT09IiwidXVsZSI6IncrQ0FJUUlDSUZVM0JoYVc0In0=,Integración
eyJqb2JfdGl0bGUiOiJEZXNhcnJvbGxhZG9yYS9hIEphdmEgfCBJbmdsw6lzIChUZWxldHJhYmFqbykiLCJjb21wYW55X25hbWUiOiJIYXN0ZW4gR3JvdXAiLCJhZGRyZXNzX2NpdHkiOiJTcGFpbiIsImh0aWRvY2lkIjoibUVQWlByV1lqamtPSFp2a0FBQUFBQT09IiwidXVsZSI6IncrQ0FJUUlDSUZVM0JoYVc0In0=,Backend
eyJqb2JfdGl0bGUiOiJEZXNhcnJvbGxhZG9yL2EgSmF2YSArIE1vbmdvIiwiY29tcGFueV9uYW1lIjoiQUxURU4gU3BhaW4iLCJhZGRyZXNzX2NpdHkiOiJTcGFpbiIsImh0aWRvY2lkIjoiS0UwdzlTLVdPMS0yMGZYTkFBQUFBQT09IiwidXVsZSI6IncrQ0FJUUlDSUZVM0JoYVc0In0=,Integración
eyJqb2JfdGl0bGUiOiJKYXZhIERldmVsb3BlciIsImNvbXBhbnlfbmFtZSI6Ik1DIEVuZ2luZWVyaW5nIiwiYWRkcmVzc19jaXR5IjoiQmFyY2Vsb25hLCBTcGFpbiIsImh0aWRvY2lkIjoiWDRTOVh0UnJPUGRESFhGaUFBQUFBQT09IiwidXVsZSI6IncrQ0FJUUlDSUZVM0JoYVc0In0=,Integración
eyJqb2JfdGl0bGUiOiJKYXZhIERldmVsb3BlciIsImNvbXBhbnlfbmFtZSI6IlJvYmVydCBXYWx0ZXJzIiwiYWRkcmVzc19jaXR5IjoiVmFsZW5jaWEsIFNwYWluIiwiaHRpZG9jaWQiOiI0bjRmTVltSnRybXF6cVJqQUFBQUFBPT0iLCJ1dWxlIjoidytDQUlRSUNJRlUzQmhhVzQifQ==,Backend
eyJqb2JfdGl0bGUiOiJTZW5pb3IgU29mdHdhcmUgRW5naW5lZXIgKEphdmEpLSBPcGVuIEJhbmtpbmciLCJjb21wYW55X25hbWUiOiJBZHllbiIsImFkZHJlc3NfY2l0eSI6Ik1hZHJpZCwgU3BhaW4iLCJodGlkb2NpZCI6Ik45MUFlcFlSWUlrZGNFMzdBQUFBQUE9PSIsInV1bGUiOiJ3K0NBSVFJQ0lGVTNCaGFXNCJ9,Backend
eyJqb2JfdGl0bGUiOiJKYXZhIFNvZnR3YXJlIEVuZ2luZWVyIC0gUHJpbWUiLCJjb21wYW55X25hbWUiOiJlRHJlYW1zIE9ESUdFTyIsImFkZHJlc3NfY2l0eSI6Ik1hZHJpZCwgU3BhaW4iLCJodGlkb2NpZCI6ImtKYnYwcGxFeHludmNhWFBBQUFBQUE9PSIsInV1bGUiOiJ3K0NBSVFJQ0lGVTNCaGFXNCJ9,Mobile
eyJqb2JfdGl0bGUiOiJJbmdlbmllcm8vYSBkZSBzb2Z0d2FyZSAtSmF2YS0gUmVtb3RvIiwiY29tcGFueV9uYW1lIjoiS3JlbGwtY29uc3VsdGluZyIsImFkZHJlc3NfY2l0eSI6IkEgQ29ydcOxYSwgU3BhaW4iLCJodGlkb2NpZCI6IlU0clJkZGtDUWU3cVJzbW5BQUFBQUE9PSIsInV1bGUiOiJ3K0NBSVFJQ0lGVTNCaGFXNCJ9,Integración
eyJqb2JfdGl0bGUiOiJKYXZhIERldmVsb3BlciIsImNvbXBhbnlfbmFtZSI6IkFkZXJlbiIsImFkZHJlc3NfY2l0eSI6Ik1hZHJpZCwgU3BhaW4iLCJodGlkb2NpZCI6InotZTVIQjB4N3RUZHh6RnpBQUFBQUE9PSIsInV1bGUiOiJ3K0NBSVFJQ0lGVTNCaGFXNCJ9,Integración
eyJqb2JfdGl0bGUiOiJTci4gSmF2YSBEZXZlbG9wZXJfKFNvbG8gcmVzaWRlbnRlcyBlbiBFc3Bhw7FhKSIsImNvbXBhbnlfbmFtZSI6IklTUFJPWCIsImFkZHJlc3NfY2l0eSI6IlNwYWluIiwiaHRpZG9jaWQiOiJJeXFJelJIRm44Ml9Dc25aQUFBQUFBPT0iLCJ1dWxlIjoidytDQUlRSUNJRlUzQmhhVzQifQ==,Integración
eyJqb2JfdGl0bGUiOiJJbmdlbmllcm8vQSBTZW5pb3IgRGUgU29mdHdhcmUgSmF2YSwgSGlicmlkbyIsImNvbXBhbnlfbmFtZSI6IkdtdiIsImFkZHJlc3NfY2l0eSI6IlphcmFnb3phLCBTcGFpbiIsImh0aWRvY2lkIjoiZDRjUUpsYTBtandvV2pUUkFBQUFBQT09IiwidXVsZSI6IncrQ0FJUUlDSUZVM0JoYVc0In0=,Integración
eyJqb2JfdGl0bGUiOiJKYXZhIFNvZnR3YXJlIEVuZ2luZWVyIChJbmdsw6lzIEF2YW56YWRvKSIsImNvbXBhbnlfbmFtZSI6IkdydXBvIERpZ2l0YWwiLCJhZGRyZXNzX2NpdHkiOiJNYWRyaWQsIFNwYWluIiwiaHRpZG9jaWQiOiJOVmlqTWwyeTVaWmI0Tk4xQUFBQUFBPT0iLCJ1dWxlIjoidytDQUlRSUNJRlUzQmhhVzQifQ==,Integración
eyJqb2JfdGl0bGUiOiJKYXZhIERldmVsb3BlciIsImNvbXBhbnlfbmFtZSI6IllhblRlY2ggQXNzb2NpYXRlcyIsImFkZHJlc3NfY2l0eSI6Ik1hZHJpZCwgU3BhaW4iLCJodGlkb2NpZCI6IjhWdzkzWVdfWk9pc2ptNHBBQUFBQUE9PSIsInV1bGUiOiJ3K0NBSVFJQ0lGVTNCaGFXNCJ9,Backend
eyJqb2JfdGl0bGUiOiJQcm9ncmFtYWRvci9hIEphdmEiLCJjb21wYW55X25hbWUiOiJGRFMsIEEgRFhDIFRlY2hub2xvZ3kgQ29tcGFueSIsImFkZHJlc3NfY2l0eSI6Ikdpcm9uYSwgU3BhaW4iLCJodGlkb2NpZCI6Ilg2RWc5dmt3VjFVbFdBa2tBQUFBQUE9PSIsInV1bGUiOiJ3K0NBSVFJQ0lGVTNCaGFXNCJ9,Integración
eyJqb2JfdGl0bGUiOiJJbmdlbmllcm8vYSBTZW5pb3IgZGUgU29mdHdhcmUgSkFWQSwgaGlicmlkbyIsImNvbXBhbnlfbmFtZSI6IkdNViIsImFkZHJlc3NfY2l0eSI6IkNvbW11bml0eSBvZiBNYWRyaWQsIFNwYWluIiwiaHRpZG9jaWQiOiI0Zlp3OEFtZm45SFVCLVdpQUFBQUFBPT0iLCJ1dWxlIjoidytDQUlRSUNJRlUzQmhhVzQifQ==,Integración
eyJqb2JfdGl0bGUiOiJQcm9ncmFtYWRvci9hIEp1bmlvciBKYXZhIiwiY29tcGFueV9uYW1lIjoiQ29yZW1haW4iLCJhZGRyZXNzX2NpdHkiOiJTYW50aWFnbyBkZSBDb21wb3N0ZWxhLCBNdW5pY2lwYWxpdHkgb2YgU2FudGlhZ28gZGUgQ29tcG9zdGVsYSwgU3BhaW4iLCJodGlkb2NpZCI6Im80cEMzSC1qU3hWak9GQl9BQUFBQUE9PSIsInV1bGUiOiJ3K0NBSVFJQ0lGVTNCaGFXNCJ9,Integración
eyJqb2JfdGl0bGUiOiJQcm9ncmFtYWRvci9hIEp1bmlvciBKYXZhIiwiY29tcGFueV9uYW1lIjoiQ29yZW1haW4iLCJhZGRyZXNzX2NpdHkiOiJTYW50aWFnbyBkZSBDb21wb3N0ZWxhLCBNdW5pY2lwYWxpdHkgb2YgU2FudGlhZ28gZGUgQ29tcG9zdGVsYSwgU3BhaW4iLCJodGlkb2NpZCI6Im80cEMzSC1qU3hWak9GQl9BQUFBQUE9PSIsInV1bGUiOiJ3K0NBSVFJQ0lGVTNCaGFXNCJ9,Backend
eyJqb2JfdGl0bGUiOiJCYWNrZW5kIFNvZnR3YXJlIEVuZ2luZWVyIChKYXZhKSAtIEZpbkNyaW1lIiwiY29tcGFueV9uYW1lIjoiUmV2b2x1dCIsImFkZHJlc3NfY2l0eSI6Ik1hZHJpZCwgU3BhaW4iLCJodGlkb2NpZCI6IkxXYVY4UE5sX3NoNnBvYTZBQUFBQUE9PSIsInV1bGUiOiJ3K0NBSVFJQ0lGVTNCaGFXNCJ9,Backend
eyJqb2JfdGl0bGUiOiJEZXNhcnJvbGxhZG9yIEphdmEiLCJjb21wYW55X25hbWUiOiJMb2dpUkFJTCIsImFkZHJlc3NfY2l0eSI6Ik3DqXJpZGEsIFNwYWluIiwiaHRpZG9jaWQiOiJ1ZTl2alB6ZXBfRk9BQ0p4QUFBQUFBPT0iLCJ1dWxlIjoidytDQUlRSUNJRlUzQmhhVzQifQ==,Seguridad
eyJqb2JfdGl0bGUiOiJSdWJ5IG9uIFJhaWxzIERldmVsb3BlciAoU2V2aWxsYSkiLCJjb21wYW55X25hbWUiOiJTb2xlcmEiLCJhZGRyZXNzX2NpdHkiOiJDYXN0aWxibGFuY28gZGUgbG9zIEFycm95b3MsIFNwYWluIiwiaHRpZG9jaWQiOiJEcGo4aFJUa0J0a0JnSTFPQUFBQUFBPT0iLCJ1dWxlIjoidytDQUlRSUNJRlUzQmhhVzQifQ==,Mobile
eyJqb2JfdGl0bGUiOiJGdWxsIFN0YWNrIERldmVsb3BlciAoUnVieSBcdTAwMjYgUmVhY3QpIiwiY29tcGFueV9uYW1lIjoiU3RhcnQgUGVvcGxlIiwiYWRkcmVzc19jaXR5IjoiTWFkcmlkLCBTcGFpbiIsImh0aWRvY2lkIjoiU202bjBZaXBDV3FVLV9ZMUFBQUFBQT09IiwidXVsZSI6IncrQ0FJUUlDSUZVM0JoYVc0In0=,Full Stack
eyJqb2JfdGl0bGUiOiJQcm9ncmFtYWRvci9BIFJ1YnkgT24gUmFpbHMiLCJjb21wYW55X25hbWUiOiJBeWVzYSIsImFkZHJlc3NfY2l0eSI6Ik1hZHJpZCwgU3BhaW4iLCJodGlkb2NpZCI6IlViSW5IY3N6SUdQaV9KNlZBQUFBQUE9PSIsInV1bGUiOiJ3K0NBSVFJQ0lGVTNCaGFXNCJ9,Seguridad
eyJqb2JfdGl0bGUiOiJSdWJ5IE9uIFJhaWxzIERldmVsb3BlciIsImNvbXBhbnlfbmFtZSI6IlBvcHVsYXRlIiwiYWRkcmVzc19jaXR5IjoiTWFkcmlkLCBTcGFpbiIsImh0aWRvY2lkIjoiOFlTdmZCMm1oNEZVeXRqa0FBQUFBQT09IiwidXVsZSI6IncrQ0FJUUlDSUZVM0JoYVc0In0=,Backend
eyJqb2JfdGl0bGUiOiJGdWxsU3RhY2sgRGV2ZWxvcGVyIChSdWJ5IG9uIFJhaWxzIC8gUmVhY3QpIiwiY29tcGFueV9uYW1lIjoiU05HVUxBUiIsImFkZHJlc3NfY2l0eSI6IlNwYWluIiwiaHRpZG9jaWQiOiJma2puMTV6VTZlZ21UNHRnQUFBQUFBPT0iLCJ1dWxlIjoidytDQUlRSUNJRlUzQmhhVzQifQ==,Backend
eyJqb2JfdGl0bGUiOiJTZW5pb3IgQmFja2VuZCBEZXZlbG9wZXIgKFJvUikiLCJjb21wYW55X25hbWUiOiJXZUh1bnQgRXNwYcOxYSIsImFkZHJlc3NfY2l0eSI6IkJhcmNlbG9uYSwgU3BhaW4iLCJodGlkb2NpZCI6Im1LNURSSUxXYWd2Y3RvNDhBQUFBQUE9PSIsInV1bGUiOiJ3K0NBSVFJQ0lGVTNCaGFXNCJ9,Base de datos
eyJqb2JfdGl0bGUiOiJTZW5pb3IgQmFja2VuZCBEZXZlbG9wZXIgKFJvUikiLCJjb21wYW55X25hbWUiOiJXZUh1bnQgRXNwYcOxYSIsImFkZHJlc3NfY2l0eSI6IkJhcmNlbG9uYSwgU3BhaW4iLCJodGlkb2NpZCI6Im1LNURSSUxXYWd2Y3RvNDhBQUFBQUE9PSIsInV1bGUiOiJ3K0NBSVFJQ0lGVTNCaGFXNCJ9,Backend
eyJqb2JfdGl0bGUiOiJSdWJ5IE9uIFJhaWxzIERldmVsb3BlciIsImNvbXBhbnlfbmFtZSI6IjM2MCBUYWxlbnQiLCJhZGRyZXNzX2NpdHkiOiJNYWRyaWQsIFNwYWluIiwiaHRpZG9jaWQiOiI2emV6VzhZaWpkVGV4dzBYQUFBQUFBPT0iLCJ1dWxlIjoidytDQUlRSUNJRlUzQmhhVzQifQ==,Integración
eyJqb2JfdGl0bGUiOiJUw6ljbmljbyBkZSBTb3BvcnRlIEp1bmlvciAoU2lzdGVtYXMsIFJlZGVzIHkgQ2liZXJzZWd1cmlkYWQpIiwiY29tcGFueV9uYW1lIjoiVVRPUElVWCIsImFkZHJlc3NfY2l0eSI6Ik11cmNpYSwgU3BhaW4iLCJodGlkb2NpZCI6IlEyb19uQU50NGtBUUoyV0NBQUFBQUE9PSIsInV1bGUiOiJ3K0NBSVFJQ0lGVTNCaGFXNCJ9,Seguridad
eyJqb2JfdGl0bGUiOiJJbmdlbmllcmEvbyBTZW5pb3IgZW4gQ2liZXJzZWd1cmlkYWQgKE9GMDYyMykiLCJjb21wYW55X25hbWUiOiJHcmFkaWFudCIsImFkZHJlc3NfY2l0eSI6IlZpZ28sIE11bmljaXBhbGl0eSBvZiBWaWdvLCBTcGFpbiIsImh0aWRvY2lkIjoiR1p4MDlwaFdlUWtMUWpZM0FBQUFBQT09IiwidXVsZSI6IncrQ0FJUUlDSUZVM0JoYVc0In0=,Seguridad
eyJqb2JfdGl0bGUiOiJDb25zdWx0b3IvYSBkZSBDaWJlcnNlZ3VyaWRhZC4iLCJjb21wYW55X25hbWUiOiJTT0NJQUwgVEVDIEhVTlRJTkciLCJhZGRyZXNzX2NpdHkiOiJCYXJjZWxvbmEsIFNwYWluIiwiaHRpZG9jaWQiOiJPQjRlWU1CNk5EWHppOURMQUFBQUFBPT0iLCJ1dWxlIjoidytDQUlRSUNJRlUzQmhhVzQifQ==,Seguridad
eyJqb2JfdGl0bGUiOiJDb25zdWx0b3IgZGUgc2VndXJpZGFkIGluZm9ybcOhdGljYSB5IGFkbWluaXN0cmFjacOzbiBkZSBzaXN0ZW1hcy4iLCJjb21wYW55X25hbWUiOiJBcGl1eCBUZWNoIiwiYWRkcmVzc19jaXR5IjoiU3BhaW4iLCJodGlkb2NpZCI6IlJkYVRnQjM3R2YxdEZBSWdBQUFBQUE9PSIsInV1bGUiOiJ3K0NBSVFJQ0lGVTNCaGFXNCJ9,Seguridad
eyJqb2JfdGl0bGUiOiJJbmdlbmllcm8vYSBkZSBTb2Z0d2FyZSAuTkVUIERldmVsb3BlciAtIFNlY3RvciBFc3BhY2lhbCIsImNvbXBhbnlfbmFtZSI6IkltbWVkaWEiLCJhZGRyZXNzX2NpdHkiOiJNYWRyaWQsIFNwYWluIiwiaHRpZG9jaWQiOiJGTVc3dXY2d1JSVFk5V0Z1QUFBQUFBPT0iLCJ1dWxlIjoidytDQUlRSUNJRlUzQmhhVzQifQ==,Backend
eyJqb2JfdGl0bGUiOiJJbmdlbmllcm9zL2FzIGRlIFNvZnR3YXJlIiwiY29tcGFueV9uYW1lIjoiQ29yZW1haW4iLCJhZGRyZXNzX2NpdHkiOiJTYW50aWFnbyBkZSBDb21wb3N0ZWxhLCBNdW5pY2lwYWxpdHkgb2YgU2FudGlhZ28gZGUgQ29tcG9zdGVsYSwgU3BhaW4iLCJodGlkb2NpZCI6IjREdjVrcklNZ1dIUHJsQlRBQUFBQUE9PSIsInV1bGUiOiJ3K0NBSVFJQ0lGVTNCaGFXNCJ9,Integración
eyJqb2JfdGl0bGUiOiJJbmdlbmllcm8vYSBkZSBTb2Z0d2FyZSBFbWJlYmlkbyIsImNvbXBhbnlfbmFtZSI6IkJsdWVMZWFkZXJzIiwiYWRkcmVzc19jaXR5IjoiQSBDb3J1w7FhLCBTcGFpbiIsImh0aWRvY2lkIjoid0V1WWtqemdsZ3V2QXJzekFBQUFBQT09IiwidXVsZSI6IncrQ0FJUUlDSUZVM0JoYVc0In0=,Integración
eyJqb2JfdGl0bGUiOiJNdTgzNiB8IEVzcGVjaWFsaXN0YSBWbXdhcmUvTWljcm9zb2Z0LCBIaWJyaWRvIiwiY29tcGFueV9uYW1lIjoiSW5nZW5zIE5ldHdvcmtzIiwiYWRkcmVzc19jaXR5IjoiQmFyY2Vsb25hLCBTcGFpbiIsImh0aWRvY2lkIjoiWWJILU51TnFnaXAzNEpPeUFBQUFBQT09IiwidXVsZSI6IncrQ0FJUUlDSUZVM0JoYVc0In0=,Seguridad
eyJqb2JfdGl0bGUiOiJTaXN0ZW1pc3RhIFZtd2FyZS9XaW5kb3dzIiwiY29tcGFueV9uYW1lIjoiUmlzaW5nUGl4ZWwgc2wgLSBMYXMgUGFsbWFzIiwiYWRkcmVzc19jaXR5IjoiTGFzIFBhbG1hcyBkZSBHcmFuIENhbmFyaWEsIFNwYWluIiwiaHRpZG9jaWQiOiJXM0lwSXAzNHUzcTRiY2RJQUFBQUFBPT0iLCJ1dWxlIjoidytDQUlRSUNJRlUzQmhhVzQifQ==,Seguridad
eyJqb2JfdGl0bGUiOiJJbmdlbmllcm8gZGUgdmlydHVhbGl6YWNpw7NuLiBFeHBlcnRvIEF6dXJlIFN0YWNrIiwiY29tcGFueV9uYW1lIjoiTWluc2FpdCIsImFkZHJlc3NfY2l0eSI6Ik1hZHJpZCwgU3BhaW4iLCJodGlkb2NpZCI6Imlzb29EWUFUd2IwdXF0ZURBQUFBQUE9PSIsInV1bGUiOiJ3K0NBSVFJQ0lGVTNCaGFXNCJ9,Seguridad
eyJqb2JfdGl0bGUiOiJBZG1pbmlzdHJhZG9yIGRlIFNpc3RlbWFzIChWTVdhcmUvU0FOL05BUykiLCJjb21wYW55X25hbWUiOiJJUE0sIGEgUmljb2ggQ29tcGFueSIsImFkZHJlc3NfY2l0eSI6IkEgQ29ydcOxYSwgU3BhaW4iLCJodGlkb2NpZCI6IkY2WTBMOUR4S3hldDlsVGVBQUFBQUE9PSIsInV1bGUiOiJ3K0NBSVFJQ0lGVTNCaGFXNCJ9,Seguridad
eyJqb2JfdGl0bGUiOiJBZG1pbmlzdHJhZG9yIGRlIFNpc3RlbWFzIChWTVdhcmUvU0FOL05BUykiLCJjb21wYW55X25hbWUiOiJJUE0sIGEgUmljb2ggQ29tcGFueSIsImFkZHJlc3NfY2l0eSI6IkEgQ29ydcOxYSwgU3BhaW4iLCJodGlkb2NpZCI6IkY2WTBMOUR4S3hldDlsVGVBQUFBQUE9PSIsInV1bGUiOiJ3K0NBSVFJQ0lGVTNCaGFXNCJ9,Integración
eyJqb2JfdGl0bGUiOiJBZG1pbmlzdHJhZG9yL2EgZGUgU2lzdGVtYXMgZGUgVmlydHVhbGl6YWNpw7NuIiwiY29tcGFueV9uYW1lIjoiSW5ldHVtIiwiYWRkcmVzc19jaXR5IjoiTWFkcmlkLCBTcGFpbiIsImh0aWRvY2lkIjoiTThzdXN2dmhkUnZxWkx0Q0FBQUFBQT09IiwidXVsZSI6IncrQ0FJUUlDSUZVM0JoYVc0In0=,Integración
eyJqb2JfdGl0bGUiOiJUw6ljbmljbyBkZSByZWRlcyAoQ0lTQ08pIiwiY29tcGFueV9uYW1lIjoiUFRWIFRlbGVjb20iLCJhZGRyZXNzX2NpdHkiOiJTcGFpbiIsImh0aWRvY2lkIjoiMWMtdDF1OGlac3BLLWdwVUFBQUFBQT09IiwidXVsZSI6IncrQ0FJUUlDSUZVM0JoYVc0In0=,Seguridad
eyJqb2JfdGl0bGUiOiJUw6ljbmljbyBkZSByZWRlcyAoQ0lTQ08pIiwiY29tcGFueV9uYW1lIjoiUFRWIFRlbGVjb20iLCJhZGRyZXNzX2NpdHkiOiJTcGFpbiIsImh0aWRvY2lkIjoiMWMtdDF1OGlac3BLLWdwVUFBQUFBQT09IiwidXVsZSI6IncrQ0FJUUlDSUZVM0JoYVc0In0=,Integración
eyJqb2JfdGl0bGUiOiJUw6ljbmljby9hIGRlIFJlZGVzIENpc2NvIC0gOHg1IC0gMTAwJSB0ZWxldHJhYmFqbyAoVGVtcG9yYWwpIiwiY29tcGFueV9uYW1lIjoiRW50ZWxneSIsImFkZHJlc3NfY2l0eSI6IlNwYWluIiwiaHRpZG9jaWQiOiJDR3Bfc2ZCeGpoOTgtaG1GQUFBQUFBPT0iLCJ1dWxlIjoidytDQUlRSUNJRlUzQmhhVzQifQ==,Seguridad
eyJqb2JfdGl0bGUiOiJUw6ljbmljbyBkZSByZWRlcyBjaXNjbyIsImNvbXBhbnlfbmFtZSI6IkFyZWxhbmNlIiwiYWRkcmVzc19jaXR5IjoiTWFkcmlkLCBTcGFpbiIsImh0aWRvY2lkIjoiNDE4THpDc2tXZHVXdzlSdkFBQUFBQT09IiwidXVsZSI6IncrQ0FJUUlDSUZVM0JoYVc0In0=,Seguridad
eyJqb2JfdGl0bGUiOiJUw6ljbmljbyBkZSByZWRlcyAoY2lzY28gYXJ1YmEpIiwiY29tcGFueV9uYW1lIjoiQXJlbGFuY2UiLCJhZGRyZXNzX2NpdHkiOiJNYWRyaWQsIFNwYWluIiwiaHRpZG9jaWQiOiJpU0g3LXVqNTBsWVRYVC1TQUFBQUFBPT0iLCJ1dWxlIjoidytDQUlRSUNJRlUzQmhhVzQifQ==,Integración
eyJqb2JfdGl0bGUiOiJUw6ljbmljbyBkZSBSZWRlcyB5IFNlZ3VyaWRhZCIsImNvbXBhbnlfbmFtZSI6IlRoZSBXaGl0ZWFtIiwiYWRkcmVzc19jaXR5IjoiVmFsZW5jaWEsIFNwYWluIiwiaHRpZG9jaWQiOiJ3bllBdU9iZ2Y3Wi1ZTlZhQUFBQUFBPT0iLCJ1dWxlIjoidytDQUlRSUNJRlUzQmhhVzQifQ==,Seguridad
eyJqb2JfdGl0bGUiOiJURUNOSUNPIFZQTiAtUkVERVMgQ0lTQ08sIEFTQSBZIFBBTE9BTFRPIEVOIFRPTEVETyIsImNvbXBhbnlfbmFtZSI6IlVOSVRFTCBTT0xVQ0lPTkVTIEUgSU5GUkFFU1RSVUNUVVJBUyBURUNOT0xPR0lDQVMiLCJhZGRyZXNzX2NpdHkiOiJTcGFpbiIsImh0aWRvY2lkIjoicHhJelFCMnJfVUVrSTUwM0FBQUFBQT09IiwidXVsZSI6IncrQ0FJUUlDSUZVM0JoYVc0In0=,Seguridad
eyJqb2JfdGl0bGUiOiJFc3BlY2lhbGlzdGEgZW4gSW5mcmFlc3RydWN0dXJhIENsb3VkIFNlbmlvciIsImNvbXBhbnlfbmFtZSI6IlJlcHNvbCIsImFkZHJlc3NfY2l0eSI6Ik1hZHJpZCwgU3BhaW4iLCJodGlkb2NpZCI6IlBYZU02ak9FZ2o1SkktUENBQUFBQUE9PSIsInV1bGUiOiJ3K0NBSVFJQ0lGVTNCaGFXNCJ9,Seguridad
eyJqb2JfdGl0bGUiOiJFc3BlY2lhbGlzdGEgZW4gR2VzdGnDs24gZGUgSW5mcmFlc3RydWN0dXJhIGVuIGxhIE51YmUiLCJjb21wYW55X25hbWUiOiJTT0xURUwgR3JvdXAiLCJhZGRyZXNzX2NpdHkiOiJNYWRyaWQsIFNwYWluIiwiaHRpZG9jaWQiOiJiUjg0TjFZWEhhV1dNdWx6QUFBQUFBPT0iLCJ1dWxlIjoidytDQUlRSUNJRlUzQmhhVzQifQ==,Integración
eyJqb2JfdGl0bGUiOiJFc3BlY2lhbGlzdGEgQ2xvdWQiLCJjb21wYW55X25hbWUiOiJJd2FudGljIiwiYWRkcmVzc19jaXR5IjoiTWFkcmlkLCBTcGFpbiIsImh0aWRvY2lkIjoiNDJZLUNVYnhURkh3dWxaN0FBQUFBQT09IiwidXVsZSI6IncrQ0FJUUlDSUZVM0JoYVc0In0=,Infraestructura cloud
eyJqb2JfdGl0bGUiOiJFc3BlY2lhbGlzdGEgQ2xvdWQiLCJjb21wYW55X25hbWUiOiJJd2FudGljIiwiYWRkcmVzc19jaXR5IjoiTWFkcmlkLCBTcGFpbiIsImh0aWRvY2lkIjoiNDJZLUNVYnhURkh3dWxaN0FBQUFBQT09IiwidXVsZSI6IncrQ0FJUUlDSUZVM0JoYVc0In0=,Seguridad
eyJqb2JfdGl0bGUiOiJFc3BlY2lhbGlzdGEgSnVuaW9yIGVuIEluZnJhZXN0cnVjdHVyYSB5IE51YmUiLCJjb21wYW55X25hbWUiOiJQcm9kd2FyZSIsImFkZHJlc3NfY2l0eSI6Ik1hZHJpZCwgU3BhaW4iLCJodGlkb2NpZCI6IjFXeW16NFJpVkhIYnZRbHJBQUFBQUE9PSIsInV1bGUiOiJ3K0NBSVFJQ0lGVTNCaGFXNCJ9,Seguridad
eyJqb2JfdGl0bGUiOiJFc3BlY2lhbGlzdGEgSnVuaW9yIGVuIEluZnJhZXN0cnVjdHVyYSB5IE51YmUiLCJjb21wYW55X25hbWUiOiJQcm9kd2FyZSIsImFkZHJlc3NfY2l0eSI6Ik1hZHJpZCwgU3BhaW4iLCJodGlkb2NpZCI6IjFXeW16NFJpVkhIYnZRbHJBQUFBQUE9PSIsInV1bGUiOiJ3K0NBSVFJQ0lGVTNCaGFXNCJ9,Integración
eyJqb2JfdGl0bGUiOiJFc3BlY2lhbGlzdGEgU2VuaW9yIGVuIERldk9wcyBwYXJhIEluZnJhZXN0cnVjdHVyYSB5IENsb3VkIiwiY29tcGFueV9uYW1lIjoiUHJvZHdhcmUiLCJhZGRyZXNzX2NpdHkiOiJNYWRyaWQsIFNwYWluIiwiaHRpZG9jaWQiOiJpTkJST0pDUkJmN1JpVWtQQUFBQUFBPT0iLCJ1dWxlIjoidytDQUlRSUNJRlUzQmhhVzQifQ==,Seguridad
eyJqb2JfdGl0bGUiOiJFc3BlY2lhbGlzdGEgU2VuaW9yIGVuIERldk9wcyBwYXJhIEluZnJhZXN0cnVjdHVyYSB5IENsb3VkIiwiY29tcGFueV9uYW1lIjoiUHJvZHdhcmUiLCJhZGRyZXNzX2NpdHkiOiJNYWRyaWQsIFNwYWluIiwiaHRpZG9jaWQiOiJpTkJST0pDUkJmN1JpVWtQQUFBQUFBPT0iLCJ1dWxlIjoidytDQUlRSUNJRlUzQmhhVzQifQ==,Integración
eyJqb2JfdGl0bGUiOiJFc3BlY2lhbGlzdGEgRGUgQ2xvdWQgLSBBcnF1aXRlY3RvIFTDqWNuaWNvIExhbmRpbmcgWm9uZSBBd3MiLCJjb21wYW55X25hbWUiOiJNYXBmcmUiLCJhZGRyZXNzX2NpdHkiOiJaYXJhZ296YSwgU3BhaW4iLCJodGlkb2NpZCI6Ik5BWWhuRW9FcjBHeTZRYktBQUFBQUE9PSIsInV1bGUiOiJ3K0NBSVFJQ0lGVTNCaGFXNCJ9,Integración
eyJqb2JfdGl0bGUiOiJFc3BlY2lhbGlzdGEgZW4gQXJxdWl0ZWN0dXJhIGRlIFNpc3RlbWFzIE1pY3Jvc29mdCBIL00iLCJjb21wYW55X25hbWUiOiJJbmV0dW0iLCJhZGRyZXNzX2NpdHkiOiJNYWRyaWQsIFNwYWluIiwiaHRpZG9jaWQiOiJVcGs1SF9DUTdZS1g2WWxzQUFBQUFBPT0iLCJ1dWxlIjoidytDQUlRSUNJRlUzQmhhVzQifQ==,Integración
eyJqb2JfdGl0bGUiOiJQcsOhY3RpY2FzIGVuIHRlY25vbG9nw61hIE1pY3Jvc29mdCIsImNvbXBhbnlfbmFtZSI6IkF2YW5hZGUiLCJhZGRyZXNzX2NpdHkiOiJNYWRyaWQsIFNwYWluIiwiaHRpZG9jaWQiOiJiVWtscGdCYnVvYVNrV01OQUFBQUFBPT0iLCJ1dWxlIjoidytDQUlRSUNJRlUzQmhhVzQifQ==,Seguridad
eyJqb2JfdGl0bGUiOiJDb25zdWx0b3IgVMOpY25pY28gU29wb3J0ZSBNaWNyb3NvZnQiLCJjb21wYW55X25hbWUiOiJRdWVudGFsIiwiYWRkcmVzc19jaXR5IjoiTWFkcmlkLCBTcGFpbiIsImh0aWRvY2lkIjoiVVlPZW5OalJUUlhSNlNybkFBQUFBQT09IiwidXVsZSI6IncrQ0FJUUlDSUZVM0JoYVc0In0=,Seguridad
eyJqb2JfdGl0bGUiOiJFU1BFQ0lBTElTVEEgRU4gU0lTVEVNQVMgREUgSU5GT1JNQUNJw5NOL0lOR0VOSUVSTyBNUyBQT1dFUiBQTEFURk9STSIsImNvbXBhbnlfbmFtZSI6Ik1hZGlzb24gTUsiLCJhZGRyZXNzX2NpdHkiOiJWYWxsYWRvbGlkLCBTcGFpbiIsImh0aWRvY2lkIjoiNkdIdXVhY1V2S0ZRMWZmUUFBQUFBQT09IiwidXVsZSI6IncrQ0FJUUlDSUZVM0JoYVc0In0=,Seguridad
eyJqb2JfdGl0bGUiOiJFU1BFQ0lBTElTVEEgRU4gU0lTVEVNQVMgREUgSU5GT1JNQUNJw5NOL0lOR0VOSUVSTyBNUyBQT1dFUiBQTEFURk9STSIsImNvbXBhbnlfbmFtZSI6Ik1hZGlzb24gTUsiLCJhZGRyZXNzX2NpdHkiOiJWYWxsYWRvbGlkLCBTcGFpbiIsImh0aWRvY2lkIjoiNkdIdXVhY1V2S0ZRMWZmUUFBQUFBQT09IiwidXVsZSI6IncrQ0FJUUlDSUZVM0JoYVc0In0=,Integración
eyJqb2JfdGl0bGUiOiJUw6ljbmljbyBkZSBzaXN0ZW1hcyBNaWNyb3NvZnQgMzY1IiwiY29tcGFueV9uYW1lIjoiTkVYVVMgUEFMTUEgU0wiLCJhZGRyZXNzX2NpdHkiOiJQYWxtYSwgU3BhaW4iLCJodGlkb2NpZCI6Il8xb0tBX0lVNDdzM0hxZGVBQUFBQUE9PSIsInV1bGUiOiJ3K0NBSVFJQ0lGVTNCaGFXNCJ9,Seguridad
eyJqb2JfdGl0bGUiOiJFc3BlY2lhbGlzdGEgTWljcm9zb2Z0IiwiY29tcGFueV9uYW1lIjoiYXJlbGFuY2UiLCJhZGRyZXNzX2NpdHkiOiJTcGFpbiIsImh0aWRvY2lkIjoiTmMyYm1PcjBCcWotOXZNNEFBQUFBQT09IiwidXVsZSI6IncrQ0FJUUlDSUZVM0JoYVc0In0=,Seguridad
eyJqb2JfdGl0bGUiOiJFc3BlY2lhbGlzdGEgV2luZG93cyBzZXJ2ZXIiLCJjb21wYW55X25hbWUiOiJTVEVGQU5JTkkgTEFUQU0iLCJhZGRyZXNzX2NpdHkiOiJNYWRyaWQsIFNwYWluIiwiaHRpZG9jaWQiOiJGY1o1NkpTUHFPTEdicVZfQUFBQUFBPT0iLCJ1dWxlIjoidytDQUlRSUNJRlUzQmhhVzQifQ==,Seguridad
eyJqb2JfdGl0bGUiOiJTeXN0ZW0gRW5naW5lZXIgLSBNaWNyb3NvZnQgMzY1IiwiY29tcGFueV9uYW1lIjoiTUNFTkcgRVNQQcORQSIsImFkZHJlc3NfY2l0eSI6IkJhcmNlbG9uYSwgU3BhaW4iLCJodGlkb2NpZCI6IngyTlNxR2hicEFmbG9Zd2hBQUFBQUE9PSIsInV1bGUiOiJ3K0NBSVFJQ0lGVTNCaGFXNCJ9,Seguridad
eyJqb2JfdGl0bGUiOiJTeXN0ZW0gRW5naW5lZXIgLSBNaWNyb3NvZnQgMzY1IiwiY29tcGFueV9uYW1lIjoiTUNFTkcgRVNQQcORQSIsImFkZHJlc3NfY2l0eSI6IkJhcmNlbG9uYSwgU3BhaW4iLCJodGlkb2NpZCI6IngyTlNxR2hicEFmbG9Zd2hBQUFBQUE9PSIsInV1bGUiOiJ3K0NBSVFJQ0lGVTNCaGFXNCJ9,Integración
eyJqb2JfdGl0bGUiOiJTb3BvcnRlIElUIHBhcmEgc2VydmljaW9zIGRlIEF6dXJlIHkgTWljcm9zb2Z0IDM2NSIsImNvbXBhbnlfbmFtZSI6IlbDrWEgQ8OpbGVyZSIsImFkZHJlc3NfY2l0eSI6Ik1hZHJpZCwgU3BhaW4iLCJodGlkb2NpZCI6Ii1MR0xKTjV1SlpvSkJfZ2tBQUFBQUE9PSIsInV1bGUiOiJ3K0NBSVFJQ0lGVTNCaGFXNCJ9,Seguridad
eyJqb2JfdGl0bGUiOiJTb3BvcnRlIElUIHBhcmEgc2VydmljaW9zIGRlIEF6dXJlIHkgTWljcm9zb2Z0IDM2NSIsImNvbXBhbnlfbmFtZSI6IlbDrWEgQ8OpbGVyZSIsImFkZHJlc3NfY2l0eSI6Ik1hZHJpZCwgU3BhaW4iLCJodGlkb2NpZCI6Ii1MR0xKTjV1SlpvSkJfZ2tBQUFBQUE9PSIsInV1bGUiOiJ3K0NBSVFJQ0lGVTNCaGFXNCJ9,Integración
eyJqb2JfdGl0bGUiOiJBZG1pbmlzdHJhZG9yL2EgZGUgc2lzdGVtYXMgTWljcm9zb2Z0ICgpIiwiY29tcGFueV9uYW1lIjoiU2luIGVzcGVjaWZpY2FyIiwiYWRkcmVzc19jaXR5IjoiVG9ycmVjaWxsYSBlbiBDYW1lcm9zLCBTcGFpbiIsImh0aWRvY2lkIjoiRGFBX2xnNTJVc0I2WWV0Z0FBQUFBQT09IiwidXVsZSI6IncrQ0FJUUlDSUZVM0JoYVc0In0=,Seguridad
eyJqb2JfdGl0bGUiOiJBZG1pbmlzdHJhZG9yL2EgZGUgc2lzdGVtYXMgTWljcm9zb2Z0ICgpIiwiY29tcGFueV9uYW1lIjoiU2luIGVzcGVjaWZpY2FyIiwiYWRkcmVzc19jaXR5IjoiVG9ycmVjaWxsYSBlbiBDYW1lcm9zLCBTcGFpbiIsImh0aWRvY2lkIjoiRGFBX2xnNTJVc0I2WWV0Z0FBQUFBQT09IiwidXVsZSI6IncrQ0FJUUlDSUZVM0JoYVc0In0=,Mantenimiento y Soporte
eyJqb2JfdGl0bGUiOiJBZG1pbmlzdHJhY2nDs24gZGUgU2lzdGVtYXMgV2luZG93cyIsImNvbXBhbnlfbmFtZSI6IjNkaWdpdHMiLCJhZGRyZXNzX2NpdHkiOiJQYWxtYSwgU3BhaW4iLCJodGlkb2NpZCI6InFzTnBnTkROV01YU08xdHRBQUFBQUE9PSIsInV1bGUiOiJ3K0NBSVFJQ0lGVTNCaGFXNCJ9,Seguridad
eyJqb2JfdGl0bGUiOiJ0w6ljbmljby9hIGluZm9ybcOhdGljYSBhZG1pbmlzdHJhY2nDs24gbWljcm9zb2Z0IDM2NSIsImNvbXBhbnlfbmFtZSI6Ik1lcmNhZG9uYSIsImFkZHJlc3NfY2l0eSI6IlZhbGVuY2lhLCBTcGFpbiIsImh0aWRvY2lkIjoiZGg4a09UbjlwMVFBbUY4T0FBQUFBQT09IiwidXVsZSI6IncrQ0FJUUlDSUZVM0JoYVc0In0=,Seguridad
eyJqb2JfdGl0bGUiOiJDb25zdWx0b3LigIsvYSBTaXN0ZW1hcyBNaWNyb3NvZnQgQmFzdGlvbmFkb3MiLCJjb21wYW55X25hbWUiOiJJWkVSVElTIFMuQSIsImFkZHJlc3NfY2l0eSI6IlNwYWluIiwiaHRpZG9jaWQiOiJqUzFkUFNQLVd3Vm9ack1oQUFBQUFBPT0iLCJ1dWxlIjoidytDQUlRSUNJRlUzQmhhVzQifQ==,Seguridad
eyJqb2JfdGl0bGUiOiJEYXRhIEFuYWx5c3QgKFBvd2VyIEJJIFx1MDAyNiBTQVAgQW5hbHl0aWNzKSIsImNvbXBhbnlfbmFtZSI6IkFkZXJlbiIsImFkZHJlc3NfY2l0eSI6Ik1hZHJpZCwgU3BhaW4iLCJodGlkb2NpZCI6IkZhUXI4OEV0UnZxdWJxOWVBQUFBQUE9PSIsInV1bGUiOiJ3K0NBSVFJQ0lGVTNCaGFXNCJ9,Backend
eyJqb2JfdGl0bGUiOiJCdXNpbmVzcyBJbnRlbGxpZ2VuY2UgQW5hbHlzdCAoUG93ZXJCSSkiLCJjb21wYW55X25hbWUiOiJleGNlbGlhIiwiYWRkcmVzc19jaXR5IjoiTWFkcmlkLCBTcGFpbiIsImh0aWRvY2lkIjoiY0lESzF0VDBDay15cTgwcUFBQUFBQT09IiwidXVsZSI6IncrQ0FJUUlDSUZVM0JoYVc0In0=,Integración
eyJqb2JfdGl0bGUiOiJEYXRhIEFuYWx5c3QgUG93ZXIgQkkiLCJjb21wYW55X25hbWUiOiJMb2dpY2FsaXMgU3BhaW4iLCJhZGRyZXNzX2NpdHkiOiJNYWRyaWQsIFNwYWluIiwiaHRpZG9jaWQiOiJDT0hOeEdsTlI4QzdBc0JfQUFBQUFBPT0iLCJ1dWxlIjoidytDQUlRSUNJRlUzQmhhVzQifQ==,Integración
eyJqb2JfdGl0bGUiOiJBbmFsaXN0YSBEZSBEYXRvcyBQb3dlciBCSSAoRnJlZWxhbmNlKSAtIDEwMCUgVGVsZXRyYWJham8gLSBNYWRyaWQsIEVzLi4uIiwiY29tcGFueV9uYW1lIjoiUmVkZXRyYWJham8iLCJhZGRyZXNzX2NpdHkiOiJTcGFpbiIsImh0aWRvY2lkIjoiTGFQaS0yTDRKVDVrM2JuOEFBQUFBQT09IiwidXVsZSI6IncrQ0FJUUlDSUZVM0JoYVc0In0=,Base de datos
eyJqb2JfdGl0bGUiOiJBbmFsaXN0YSBkZSBkYXRvcyAoU1FMK1Bvd2VyIEJJKSIsImNvbXBhbnlfbmFtZSI6Ik9ORUdPTElWRSBTRVJWSUNFUywgUy5MLiIsImFkZHJlc3NfY2l0eSI6IlphcmFnb3phLCBTcGFpbiIsImh0aWRvY2lkIjoiSjV6OW8yUHBweVo0QUROYUFBQUFBQT09IiwidXVsZSI6IncrQ0FJUUlDSUZVM0JoYVc0In0=,Integración
eyJqb2JfdGl0bGUiOiJBbmFsaXN0YSBQb3dlciBCSSIsImNvbXBhbnlfbmFtZSI6IkF5ZXNhIiwiYWRkcmVzc19jaXR5IjoiTWFkcmlkLCBTcGFpbiIsImh0aWRvY2lkIjoiQ1JreFZQWUN0cFZvZFhtQUFBQUFBQT09IiwidXVsZSI6IncrQ0FJUUlDSUZVM0JoYVc0In0=,Integración
eyJqb2JfdGl0bGUiOiJBbmFsaXN0YSBCdXNpbmVzcyBJbnRlbGxpZ2VuY2UvUG93ZXJCaSIsImNvbXBhbnlfbmFtZSI6IlBSWUNPTlNBIiwiYWRkcmVzc19jaXR5IjoiTWFkcmlkLCBTcGFpbiIsImh0aWRvY2lkIjoiVlFuODhGUEpyU184cC1ZUEFBQUFBQT09IiwidXVsZSI6IncrQ0FJUUlDSUZVM0JoYVc0In0=,Integración
eyJqb2JfdGl0bGUiOiJBbmFsaXN0YSBQcm9ncmFtYWRvciBKYXZhIiwiY29tcGFueV9uYW1lIjoiQXhwZSBDb25zdWx0aW5nIiwiYWRkcmVzc19jaXR5IjoiU3BhaW4iLCJodGlkb2NpZCI6IlNPdHdhRWU5WXo3amV5MjJBQUFBQUE9PSIsInV1bGUiOiJ3K0NBSVFJQ0lGVTNCaGFXNCJ9,Base de datos
eyJqb2JfdGl0bGUiOiJBbmFsaXN0YSBQcm9ncmFtYWRvciBKYXZhIiwiY29tcGFueV9uYW1lIjoiS2FwcmVzIFRlY2hub2xvZ3kiLCJhZGRyZXNzX2NpdHkiOiJNYWRyaWQsIFNwYWluIiwiaHRpZG9jaWQiOiI4TDMzQWRLbmd2aWtSMkF5QUFBQUFBPT0iLCJ1dWxlIjoidytDQUlRSUNJRlUzQmhhVzQifQ==,Full Stack
eyJqb2JfdGl0bGUiOiJJbmdlbmllckAgU2VndXJpZGFkIHkgUmVkZXMgSnVuaW9yIiwiY29tcGFueV9uYW1lIjoiTlRUIERBVEEsIEluYy4iLCJhZGRyZXNzX2NpdHkiOiJBIENvcnXDsWEsIFNwYWluIiwiaHRpZG9jaWQiOiJlZFB6eFVKRTBTaVljeFYyQUFBQUFBPT0iLCJ1dWxlIjoidytDQUlRSUNJRlUzQmhhVzQifQ==,Seguridad
eyJqb2JfdGl0bGUiOiJFeHBlcnRvIGVuIHJlZGVzIHkgc2VndXJpZGFkIiwiY29tcGFueV9uYW1lIjoiS3JlbGwgQ29uc3VsdGluZyIsImFkZHJlc3NfY2l0eSI6Ik1hZHJpZCwgU3BhaW4iLCJodGlkb2NpZCI6IlFNdTlVdDRfaGl5eDFaajdBQUFBQUE9PSIsInV1bGUiOiJ3K0NBSVFJQ0lGVTNCaGFXNCJ9,Seguridad
eyJqb2JfdGl0bGUiOiJFc3BlY2lhbGlzdGEgRW4gUmVkZXMgWSBTZWd1cmlkYWQiLCJjb21wYW55X25hbWUiOiJHcnVwbyBBcmVzdG9yYSIsImFkZHJlc3NfY2l0eSI6IkEgQ29ydcOxYSwgU3BhaW4iLCJodGlkb2NpZCI6IldIc3dHZW5FY0NuWkl5SEVBQUFBQUE9PSIsInV1bGUiOiJ3K0NBSVFJQ0lGVTNCaGFXNCJ9,Seguridad
eyJqb2JfdGl0bGUiOiJFeHBlcnRvL2EgZW4gUmVkZXMgeSBzZWd1cmlkYWQiLCJjb21wYW55X25hbWUiOiJDTVYgQ29uc3VsdG9yZXMiLCJhZGRyZXNzX2NpdHkiOiJNYWRyaWQsIFNwYWluIiwiaHRpZG9jaWQiOiI3UFVyVFV4QXZHVDVzOGZhQUFBQUFBPT0iLCJ1dWxlIjoidytDQUlRSUNJRlUzQmhhVzQifQ==,Seguridad
eyJqb2JfdGl0bGUiOiJFc3BlY2lhbGlzdGEgZW4gQXJxdWl0ZWN0dXJhIGRlIFNlZ3VyaWRhZCB5IFJlZGVzIiwiY29tcGFueV9uYW1lIjoiUlx1MDAyNkMgQVNTT0NJQVRTIiwiYWRkcmVzc19jaXR5IjoiQmFyY2Vsb25hLCBTcGFpbiIsImh0aWRvY2lkIjoiQTJLcnAtblNEenF3aDBQREFBQUFBQT09IiwidXVsZSI6IncrQ0FJUUlDSUZVM0JoYVc0In0=,Seguridad
eyJqb2JfdGl0bGUiOiJFc3BlY2lhbGlzdGEgZW4gQXJxdWl0ZWN0dXJhIGRlIFNlZ3VyaWRhZCB5IFJlZGVzIiwiY29tcGFueV9uYW1lIjoiUlx1MDAyNkMgQVNTT0NJQVRTIiwiYWRkcmVzc19jaXR5IjoiQmFyY2Vsb25hLCBTcGFpbiIsImh0aWRvY2lkIjoiQTJLcnAtblNEenF3aDBQREFBQUFBQT09IiwidXVsZSI6IncrQ0FJUUlDSUZVM0JoYVc0In0=,Integración
eyJqb2JfdGl0bGUiOiJUw6ljbmljbyAvIFTDqWNuaWNhIGRlIFNvcG9ydGUgUmVkZXMgeSBTZWd1cmlkYWQiLCJjb21wYW55X25hbWUiOiJUcmVudGlhIENvbnN1bHRpbmciLCJhZGRyZXNzX2NpdHkiOiJCYXJjZWxvbmEsIFNwYWluIiwiaHRpZG9jaWQiOiJSRXhKLWo5Ry03Wm9JaDFBQUFBQUFBPT0iLCJ1dWxlIjoidytDQUlRSUNJRlUzQmhhVzQifQ==,Seguridad
eyJqb2JfdGl0bGUiOiJUw4lDTklDTy9BIE4yIFJFREVTIFkgU0VHVVJJREFEIiwiY29tcGFueV9uYW1lIjoiU0lSVCIsImFkZHJlc3NfY2l0eSI6Ik1hcnRvcmVsbCwgU3BhaW4iLCJodGlkb2NpZCI6IjB3WGx2ZFdzRmhwT0FJRXhBQUFBQUE9PSIsInV1bGUiOiJ3K0NBSVFJQ0lGVTNCaGFXNCJ9,Seguridad
eyJqb2JfdGl0bGUiOiJFeHBlcnRvIGVuIHNlZ3VyaWRhZCB5IHJlZGVzIiwiY29tcGFueV9uYW1lIjoiS3JlbGwgQ29uc3VsdGluZyIsImFkZHJlc3NfY2l0eSI6IlNldmlsbGUsIFNwYWluIiwiaHRpZG9jaWQiOiJwSFZ5aVpENjJHLXhzWU5mQUFBQUFBPT0iLCJ1dWxlIjoidytDQUlRSUNJRlUzQmhhVzQifQ==,Seguridad
eyJqb2JfdGl0bGUiOiJFc3BlY2lhbGlzdGEgZW4gUmVkZXMgeSBTZWd1cmlkYWQiLCJjb21wYW55X25hbWUiOiJHcnVwbyBBcmVzdG9yYSIsImFkZHJlc3NfY2l0eSI6IlZpZ28sIE11bmljaXBhbGl0eSBvZiBWaWdvLCBTcGFpbiIsImh0aWRvY2lkIjoiekNjVmNjVTBwU05jSEl2QkFBQUFBQT09IiwidXVsZSI6IncrQ0FJUUlDSUZVM0JoYVc0In0=,Seguridad
eyJqb2JfdGl0bGUiOiJPUFRJTUlaQUNJT04gUkFESU8gRVNQRUNJQUxJU1RBIEVOIEFOQUxJU0lTIERFIERBVE9TIiwiY29tcGFueV9uYW1lIjoiVGVsZWbDs25pY2EiLCJhZGRyZXNzX2NpdHkiOiJNYWRyaWQsIFNwYWluIiwiaHRpZG9jaWQiOiJnTHFfcDAwTkZPWDhDT2NWQUFBQUFBPT0iLCJ1dWxlIjoidytDQUlRSUNJRlUzQmhhVzQifQ==,Seguridad
eyJqb2JfdGl0bGUiOiJPUFRJTUlaQUNJT04gUkFESU8gRVNQRUNJQUxJU1RBIEVOIEFOQUxJU0lTIERFIERBVE9TIiwiY29tcGFueV9uYW1lIjoiVGVsZWbDs25pY2EiLCJhZGRyZXNzX2NpdHkiOiJNYWRyaWQsIFNwYWluIiwiaHRpZG9jaWQiOiJnTHFfcDAwTkZPWDhDT2NWQUFBQUFBPT0iLCJ1dWxlIjoidytDQUlRSUNJRlUzQmhhVzQifQ==,Analisis de Datos
eyJqb2JfdGl0bGUiOiJFc3BlY2lhbGlzdGEgZW4gQW7DoWxpc2lzIGRlIERhdG9zIHkgS1BJcyBUZWNub2zDs2dpY29zIiwiY29tcGFueV9uYW1lIjoiVGVsZWbDs25pY2EiLCJhZGRyZXNzX2NpdHkiOiJNYWRyaWQsIFNwYWluIiwiaHRpZG9jaWQiOiJzNWtWd1J3SldyUmtZMFRoQUFBQUFBPT0iLCJ1dWxlIjoidytDQUlRSUNJRlUzQmhhVzQifQ==,Seguridad
eyJqb2JfdGl0bGUiOiJFc3BlY2lhbGlzdGEgRXJwIiwiY29tcGFueV9uYW1lIjoiTGhoIiwiYWRkcmVzc19jaXR5IjoiR3JhbmFkYSwgU3BhaW4iLCJodGlkb2NpZCI6IjBxZWc3WnNLMzV5Mi04N3dBQUFBQUE9PSIsInV1bGUiOiJ3K0NBSVFJQ0lGVTNCaGFXNCJ9,Integración
eyJqb2JfdGl0bGUiOiJFc3BlY2lhbGlzdGEgRVJQIDFhYzYyY2ViIiwiY29tcGFueV9uYW1lIjoiTEhIIFJlY3J1aXRtZW50IFNvbHV0aW9ucyIsImFkZHJlc3NfY2l0eSI6IlNwYWluIiwiaHRpZG9jaWQiOiJnd2FXUlJ0UWZmYXJ1dXd2QUFBQUFBPT0iLCJ1dWxlIjoidytDQUlRSUNJRlUzQmhhVzQifQ==,Integración
eyJqb2JfdGl0bGUiOiJCT09UQ0FNUCBQUk9HUkFNQUNJw5NOIEVSUCBCVVNJTkVTUyBDRU5UUkFMIChQUsOBQ1RJQ0FTKSIsImNvbXBhbnlfbmFtZSI6Iklubm9RdWJpdCIsImFkZHJlc3NfY2l0eSI6IkNhc3RlbGzDs24gZGUgbGEgUGxhbmEsIFNwYWluIiwiaHRpZG9jaWQiOiJRQmdnVVBaZ3RuZlJWWDYzQUFBQUFBPT0iLCJ1dWxlIjoidytDQUlRSUNJRlUzQmhhVzQifQ==,Integración
eyJqb2JfdGl0bGUiOiJEZXNhcnJvbGxhZG9yIGRlIFNvZnR3YXJlIEpBVkEgLSBFc3BlY2lhbGlzdGEgZW4gRVJQIiwiY29tcGFueV9uYW1lIjoiUGFnZSBQZXJzb25uZWwiLCJhZGRyZXNzX2NpdHkiOiJFbCBQcmF0IGRlIExsb2JyZWdhdCwgU3BhaW4iLCJodGlkb2NpZCI6IjRHV0JiN3dTUUtUWld2V09BQUFBQUE9PSIsInV1bGUiOiJ3K0NBSVFJQ0lGVTNCaGFXNCJ9,Integración
eyJqb2JfdGl0bGUiOiJFUlAgRmluYW5jZSBDb25zdWx0YW50IiwiY29tcGFueV9uYW1lIjoiUGFnZSBQZXJzb25uZWwgRXNwYcOxYSIsImFkZHJlc3NfY2l0eSI6IkJhcmNlbG9uYSwgU3BhaW4iLCJodGlkb2NpZCI6IkxfTWRXdy14WVU0bXY5M0RBQUFBQUE9PSIsInV1bGUiOiJ3K0NBSVFJQ0lGVTNCaGFXNCJ9,Integración
eyJqb2JfdGl0bGUiOiJJbmR1c3RyaWFsIFNBUCBFUlAgTGVhZGVyIiwiY29tcGFueV9uYW1lIjoiU2NobmVpZGVyIEVsZWN0cmljIiwiYWRkcmVzc19jaXR5IjoiTXVuZ2lhLCBTcGFpbiIsImh0aWRvY2lkIjoiMWJueFQ1aTRDSVpfOXliU0FBQUFBQT09IiwidXVsZSI6IncrQ0FJUUlDSUZVM0JoYVc0In0=,Integración
eyJqb2JfdGl0bGUiOiJIZWxwIERlc2sgRXJwIiwiY29tcGFueV9uYW1lIjoiQXlhbmV0IiwiYWRkcmVzc19jaXR5IjoiWmFyYWdvemEsIFNwYWluIiwiaHRpZG9jaWQiOiJiXzNLNGxYT2VRU3RBeFRVQUFBQUFBPT0iLCJ1dWxlIjoidytDQUlRSUNJRlUzQmhhVzQifQ==,Base de datos
eyJqb2JfdGl0bGUiOiJJbmdlbmllcm8vYSBkZSBBdXRvbWF0aXphY2nDs24iLCJjb21wYW55X25hbWUiOiJIYXlzIiwiYWRkcmVzc19jaXR5IjoiU2FuIE1hcnTDrW4gZGUgbGEgVmVnYSwgU3BhaW4iLCJodGlkb2NpZCI6ImJBZy1jUGtZb29hejFsOWtBQUFBQUE9PSIsInV1bGUiOiJ3K0NBSVFJQ0lGVTNCaGFXNCJ9,Seguridad
eyJqb2JfdGl0bGUiOiJJbmdlbmllcm8gZGUgQXV0b21hdGl6YWNpw7NuIHkgQ29udHJvbCBJbmR1c3RyaWFsIChIL00pIiwiY29tcGFueV9uYW1lIjoiQWN0ZW1pdW0gU3BhaW4iLCJhZGRyZXNzX2NpdHkiOiJHZXRhZmUsIFNwYWluIiwiaHRpZG9jaWQiOiJrOHVHUzJLb2xZekpZMFlZQUFBQUFBPT0iLCJ1dWxlIjoidytDQUlRSUNJRlUzQmhhVzQifQ==,Seguridad
eyJqb2JfdGl0bGUiOiJJbmdlbmllcm8vYSBkZSBBdXRvbWF0aXphY2nDs24iLCJjb21wYW55X25hbWUiOiJHcnVwbyBJTlZPSU4iLCJhZGRyZXNzX2NpdHkiOiJBbGNvYmVuZGFzLCBTcGFpbiIsImh0aWRvY2lkIjoiT0ZTcDdGVXNKckxHOVlVdEFBQUFBQT09IiwidXVsZSI6IncrQ0FJUUlDSUZVM0JoYVc0In0=,Integración
eyJqb2JfdGl0bGUiOiJJbmdlbmllcm8vYSBkZSBBdXRvbWF0aXphY2nDs24iLCJjb21wYW55X25hbWUiOiJIYXlzIiwiYWRkcmVzc19jaXR5IjoiR2Vsc2EsIFNwYWluIiwiaHRpZG9jaWQiOiJCV3YyQVNKZHZONWdPTzg1QUFBQUFBPT0iLCJ1dWxlIjoidytDQUlRSUNJRlUzQmhhVzQifQ==,Seguridad
eyJqb2JfdGl0bGUiOiJBdXRvbWF0aW9uIEVuZ2luZWVyIC8gSW5nZW5pZXJvIGRlIEF1dG9tYXRpemFjaW9uIiwiY29tcGFueV9uYW1lIjoiQW1hem9uIFNwYWluIEZ1bGZpbGxtZW50LCBTLkwuVS4iLCJhZGRyZXNzX2NpdHkiOiJHaXJvbmEsIFNwYWluIiwiaHRpZG9jaWQiOiI0UVpkYTgtb1NTTUtQdUlYQUFBQUFBPT0iLCJ1dWxlIjoidytDQUlRSUNJRlUzQmhhVzQifQ==,Seguridad
eyJqb2JfdGl0bGUiOiJJbmdlbmllcm8gQXV0b21hdGl6YWNpw7NuIChJbnRyYWxvZ8Otc3RpY2EpIiwiY29tcGFueV9uYW1lIjoiR3J1cG8gU290aGlzIiwiYWRkcmVzc19jaXR5IjoiUGF0ZXJuYSwgU3BhaW4iLCJodGlkb2NpZCI6InpaWnRraFpzbFYxQUJhME1BQUFBQUE9PSIsInV1bGUiOiJ3K0NBSVFJQ0lGVTNCaGFXNCJ9,Seguridad
eyJqb2JfdGl0bGUiOiJJbmdlbmllcm8vYSBJbnN0cnVtZW50YWNpw7NuIHkgQ29udHJvbCIsImNvbXBhbnlfbmFtZSI6IkNFUFNBIiwiYWRkcmVzc19jaXR5IjoiTWFkcmlkLCBTcGFpbiIsImh0aWRvY2lkIjoiaUFWcDlWNWlNd1RqZTI4a0FBQUFBQT09IiwidXVsZSI6IncrQ0FJUUlDSUZVM0JoYVc0In0=,Seguridad
eyJqb2JfdGl0bGUiOiJJbmdlbmllcm8vYSBJbnN0cnVtZW50YWNpw7NuIHkgQ29udHJvbCIsImNvbXBhbnlfbmFtZSI6IkNFUFNBIiwiYWRkcmVzc19jaXR5IjoiTWFkcmlkLCBTcGFpbiIsImh0aWRvY2lkIjoiaUFWcDlWNWlNd1RqZTI4a0FBQUFBQT09IiwidXVsZSI6IncrQ0FJUUlDSUZVM0JoYVc0In0=,Base de datos
eyJqb2JfdGl0bGUiOiJJbmdlbmllcm8gZGUgYXV0b21hdGl6YWNpw7NuIiwiY29tcGFueV9uYW1lIjoiTWljaGFlbCBQYWdlIiwiYWRkcmVzc19jaXR5IjoiTmF2YXJyZSwgU3BhaW4iLCJodGlkb2NpZCI6ImJXWnd3WlNHTzBFTVYxMlRBQUFBQUE9PSIsInV1bGUiOiJ3K0NBSVFJQ0lGVTNCaGFXNCJ9,Seguridad
eyJqb2JfdGl0bGUiOiJJbmdlbmllcm8vYSBhdXRvbWF0aXphY2nDs24gaW5kdXN0cmlhbCIsImNvbXBhbnlfbmFtZSI6Ik5lb3RhbGVudCBDb25jbHVzaW9uIiwiYWRkcmVzc19jaXR5IjoiU2FudGEgUGVycMOodHVhIGRlIE1vZ29kYSwgU3BhaW4iLCJodGlkb2NpZCI6IndyZzMzcFNmd2NSUlZURkNBQUFBQUE9PSIsInV1bGUiOiJ3K0NBSVFJQ0lGVTNCaGFXNCJ9,Seguridad
eyJqb2JfdGl0bGUiOiJJTkdFTklFUk8vQSBBVVRPTUFUSVpBQ0lPTiIsImNvbXBhbnlfbmFtZSI6IklNQU4gVEVNUE9SSU5HIEVUVCwgUy5MLiIsImFkZHJlc3NfY2l0eSI6IkJ1cmdvcywgU3BhaW4iLCJodGlkb2NpZCI6InZhckcwMHNjbUtRUHp6R2dBQUFBQUE9PSIsInV1bGUiOiJ3K0NBSVFJQ0lGVTNCaGFXNCJ9,Seguridad
eyJqb2JfdGl0bGUiOiJJbmdlbmllcm8vYSBhdXRvbWF0aXphY2nDs24gZGVzcGxpZWd1ZSIsImNvbXBhbnlfbmFtZSI6IkdNViIsImFkZHJlc3NfY2l0eSI6Ik1hZHJpZCwgU3BhaW4iLCJodGlkb2NpZCI6Im5PWkVoM09VWTB5eVVQRDBBQUFBQUE9PSIsInV1bGUiOiJ3K0NBSVFJQ0lGVTNCaGFXNCJ9,Seguridad
eyJqb2JfdGl0bGUiOiJJbmdlbmllcm8gZGUgYXV0b21hdGl6YWNpw7NuIiwiY29tcGFueV9uYW1lIjoiQ1QgU09MVVRJT05TIiwiYWRkcmVzc19jaXR5IjoiQmFyY2Vsb25hLCBTcGFpbiIsImh0aWRvY2lkIjoiaHJjT0t3aHZNSnA4am00bkFBQUFBQT09IiwidXVsZSI6IncrQ0FJUUlDSUZVM0JoYVc0In0=,Seguridad
eyJqb2JfdGl0bGUiOiJJTkdFTklFUk8vQSBBVVRPTUFUSVpBQ0lPTiIsImNvbXBhbnlfbmFtZSI6IklaRVJUSVMgUy5BIiwiYWRkcmVzc19jaXR5IjoiU3BhaW4iLCJodGlkb2NpZCI6IjBiRTRqcnV6dWZoNUNaSTFBQUFBQUE9PSIsInV1bGUiOiJ3K0NBSVFJQ0lGVTNCaGFXNCJ9,Mobile
eyJqb2JfdGl0bGUiOiJJbmdlbmllcm8vYSBBdXRvbWF0aXphY2nDs24gKFNDQURBKSIsImNvbXBhbnlfbmFtZSI6IkJldHdlZW4gVGVjaG5vbG9neSIsImFkZHJlc3NfY2l0eSI6IlRlcnJhc3NhLCBTcGFpbiIsImh0aWRvY2lkIjoiT0tvMFBycUk0cHNhWG9WTUFBQUFBQT09IiwidXVsZSI6IncrQ0FJUUlDSUZVM0JoYVc0In0=,Seguridad
eyJqb2JfdGl0bGUiOiJJbmdlbmllcm8vYSBBdXRvbWF0aXphY2nDs24gKFNDQURBKSIsImNvbXBhbnlfbmFtZSI6IkJldHdlZW4gVGVjaG5vbG9neSIsImFkZHJlc3NfY2l0eSI6IlRlcnJhc3NhLCBTcGFpbiIsImh0aWRvY2lkIjoiT0tvMFBycUk0cHNhWG9WTUFBQUFBQT09IiwidXVsZSI6IncrQ0FJUUlDSUZVM0JoYVc0In0=,Base de datos
eyJqb2JfdGl0bGUiOiJJbmdlbmllcm8gU2VuaW9yIGRlIEF1dG9tYXRpemFjacOzbiIsImNvbXBhbnlfbmFtZSI6Ikludm9pbiBDb25zdWx0aW5nIiwiYWRkcmVzc19jaXR5IjoiU3BhaW4iLCJodGlkb2NpZCI6ImhmV0o0N050cTJQZTN3R3lBQUFBQUE9PSIsInV1bGUiOiJ3K0NBSVFJQ0lGVTNCaGFXNCJ9,Integración
eyJqb2JfdGl0bGUiOiJJbmdlbmllcm8vYSBkZSBBdXRvbWF0aXphY2nDs24iLCJjb21wYW55X25hbWUiOiJIYXlzIiwiYWRkcmVzc19jaXR5IjoiU2FuIE1hcnTDrW4gZGUgbGEgVmVnYSwgU3BhaW4iLCJodGlkb2NpZCI6IlV6TDlNRDgtaVBXS1BzX0NBQUFBQUE9PSIsInV1bGUiOiJ3K0NBSVFJQ0lGVTNCaGFXNCJ9,Seguridad
eyJqb2JfdGl0bGUiOiJJbmdlbmllcm8vYSBkZSBBdXRvbWF0aXphY2nDs24iLCJjb21wYW55X25hbWUiOiJJRERURUsiLCJhZGRyZXNzX2NpdHkiOiJCYXNxdWUgQ291bnRyeSwgU3BhaW4iLCJodGlkb2NpZCI6IjI0RlZXOGo1bTgybUpMeTFBQUFBQUE9PSIsInV1bGUiOiJ3K0NBSVFJQ0lGVTNCaGFXNCJ9,Integración
eyJqb2JfdGl0bGUiOiJBZG1pbmlzdHJhZG9yIGRlIEJhc2UgZGUgZGF0b3MgT3JhY2xlIiwiY29tcGFueV9uYW1lIjoiR2xpbnR0IEdsb2JhbCIsImFkZHJlc3NfY2l0eSI6Ik1hZHJpZCwgU3BhaW4iLCJodGlkb2NpZCI6IkV3ckMyZzRCQklTbmVrTThBQUFBQUE9PSIsInV1bGUiOiJ3K0NBSVFJQ0lGVTNCaGFXNCJ9,Base de datos
eyJqb2JfdGl0bGUiOiJBZG1pbmlzdHJhZG9yIGRlIEJhc2VzIGRlIERhdG9zIFJNVCB8IEVzcGVjaWFsaXN0YSBlbiBPcmFjbGUiLCJjb21wYW55X25hbWUiOiJaZW1zYW5pYSIsImFkZHJlc3NfY2l0eSI6Ik1hZHJpZCwgU3BhaW4iLCJodGlkb2NpZCI6InVOcC1TbXA1ZlF3MVF5WkpBQUFBQUE9PSIsInV1bGUiOiJ3K0NBSVFJQ0lGVTNCaGFXNCJ9,Base de datos
eyJqb2JfdGl0bGUiOiJEQkEgT3JhY2xlIiwiY29tcGFueV9uYW1lIjoiR3J1cG8gT2Vzw61hIiwiYWRkcmVzc19jaXR5IjoiVmFsbGFkb2xpZCwgU3BhaW4iLCJodGlkb2NpZCI6ImpXOGwyN2ZoU2dDUHd6NFNBQUFBQUE9PSIsInV1bGUiOiJ3K0NBSVFJQ0lGVTNCaGFXNCJ9,Seguridad
eyJqb2JfdGl0bGUiOiJPcmFjbGUgRGF0YWJhc2UgQWRtaW5pc3RyYXRvciAtIERCQSIsImNvbXBhbnlfbmFtZSI6IklGUyIsImFkZHJlc3NfY2l0eSI6IlNwYWluIiwiaHRpZG9jaWQiOiJCbHhFdW9JNkFVam1GeUpTQUFBQUFBPT0iLCJ1dWxlIjoidytDQUlRSUNJRlUzQmhhVzQifQ==,Mobile
eyJqb2JfdGl0bGUiOiJEQkEgT3JhY2xlIGNvbiBleHBlcmllbmNpYSBlbiBPRU0iLCJjb21wYW55X25hbWUiOiJQU1MiLCJhZGRyZXNzX2NpdHkiOiJNYWRyaWQsIFNwYWluIiwiaHRpZG9jaWQiOiJwWjBERUsxNWFLMjVVcFBXQUFBQUFBPT0iLCJ1dWxlIjoidytDQUlRSUNJRlUzQmhhVzQifQ==,Seguridad
eyJqb2JfdGl0bGUiOiJBZG1pbmlzdHJhZG9yIFNlbmlvciBkZSBCYXNlcyBkZSBEYXRvcyBPcmFjbGUiLCJjb21wYW55X25hbWUiOiJULVN5c3RlbXMgSWJlcmlhIiwiYWRkcmVzc19jaXR5IjoiU2V2aWxsZSwgU3BhaW4iLCJodGlkb2NpZCI6IlFiRWpOZmRtVjY4c2VSalNBQUFBQUE9PSIsInV1bGUiOiJ3K0NBSVFJQ0lGVTNCaGFXNCJ9,Base de datos
eyJqb2JfdGl0bGUiOiJBZG1pbmlzdHJhZG9yIEJiZGQgT3JhY2xlIiwiY29tcGFueV9uYW1lIjoiR3J1cG8gQ3JpdCIsImFkZHJlc3NfY2l0eSI6Ik1hZHJpZCwgU3BhaW4iLCJodGlkb2NpZCI6InJNOFVPSVZoM3BmaUpYZWZBQUFBQUE9PSIsInV1bGUiOiJ3K0NBSVFJQ0lGVTNCaGFXNCJ9,Base de datos
eyJqb2JfdGl0bGUiOiJDb25zdWx0b3IvYSBJQk0zMjcwIHkgT3JhY2xlIiwiY29tcGFueV9uYW1lIjoiQ0FTIFRSQUlOSU5HIiwiYWRkcmVzc19jaXR5IjoiTWFkcmlkLCBTcGFpbiIsImh0aWRvY2lkIjoiZjJaX1I3ZEFiOU1NdmdIYUFBQUFBQT09IiwidXVsZSI6IncrQ0FJUUlDSUZVM0JoYVc0In0=,Integración
eyJqb2JfdGl0bGUiOiJSTVQgRGF0YWJhc2UgQWRtaW5pc3RyYXRvciB8IE9yYWNsZSIsImNvbXBhbnlfbmFtZSI6IlplbXNhbmlhIiwiYWRkcmVzc19jaXR5IjoiTWFkcmlkLCBTcGFpbiIsImh0aWRvY2lkIjoiTGF3ZlpBM0xUMWZhQzlrbkFBQUFBQT09IiwidXVsZSI6IncrQ0FJUUlDSUZVM0JoYVc0In0=,Seguridad
eyJqb2JfdGl0bGUiOiJSTVQgRGF0YWJhc2UgQWRtaW5pc3RyYXRvciB8IE9yYWNsZSIsImNvbXBhbnlfbmFtZSI6IlplbXNhbmlhIiwiYWRkcmVzc19jaXR5IjoiTWFkcmlkLCBTcGFpbiIsImh0aWRvY2lkIjoiTGF3ZlpBM0xUMWZhQzlrbkFBQUFBQT09IiwidXVsZSI6IncrQ0FJUUlDSUZVM0JoYVc0In0=,Base de datos
eyJqb2JfdGl0bGUiOiJPcmFjbGUgRGJhIiwiY29tcGFueV9uYW1lIjoiU2V0ZXNjYSBUYWxlbnQiLCJhZGRyZXNzX2NpdHkiOiJCYXJjZWxvbmEsIFNwYWluIiwiaHRpZG9jaWQiOiJoNEhzenZZdllrLURHdHVvQUFBQUFBPT0iLCJ1dWxlIjoidytDQUlRSUNJRlUzQmhhVzQifQ==,Base de datos
eyJqb2JfdGl0bGUiOiJEYmEgRGUgT3JhY2xlLCBNYWRyaWQiLCJjb21wYW55X25hbWUiOiJHcnVwbyBTZXJtaWNybyIsImFkZHJlc3NfY2l0eSI6Ik1hZHJpZCwgU3BhaW4iLCJodGlkb2NpZCI6Ikp2QzZlN0tNRFZ0endHNFRBQUFBQUE9PSIsInV1bGUiOiJ3K0NBSVFJQ0lGVTNCaGFXNCJ9,Seguridad
eyJqb2JfdGl0bGUiOiJEYmEgRGUgT3JhY2xlLCBNYWRyaWQiLCJjb21wYW55X25hbWUiOiJHcnVwbyBTZXJtaWNybyIsImFkZHJlc3NfY2l0eSI6Ik1hZHJpZCwgU3BhaW4iLCJodGlkb2NpZCI6Ikp2QzZlN0tNRFZ0endHNFRBQUFBQUE9PSIsInV1bGUiOiJ3K0NBSVFJQ0lGVTNCaGFXNCJ9,Base de datos
eyJqb2JfdGl0bGUiOiJBZG1pbmlzdHJhZG9yL0EgT3JhY2xlIChUZWxldHJhYmFqbykiLCJjb21wYW55X25hbWUiOiJBY2N1ZGUgVEkiLCJhZGRyZXNzX2NpdHkiOiJaYXJhZ296YSwgU3BhaW4iLCJodGlkb2NpZCI6Ik5QQjFTLXlUTUlyR0R6R0FBQUFBQUE9PSIsInV1bGUiOiJ3K0NBSVFJQ0lGVTNCaGFXNCJ9,Base de datos
eyJqb2JfdGl0bGUiOiJBZG1pbmlzdHJhZG9yIGRlIGJhc2UgZGUgZGF0b3MiLCJjb21wYW55X25hbWUiOiJBeWVzYSIsImFkZHJlc3NfY2l0eSI6Ik1hZHJpZCwgU3BhaW4iLCJodGlkb2NpZCI6ImExZlZUSnVpcGE3MVNZRmdBQUFBQUE9PSIsInV1bGUiOiJ3K0NBSVFJQ0lGVTNCaGFXNCJ9,Seguridad
eyJqb2JfdGl0bGUiOiJBZG1pbmlzdHJhZG9yIGRlIEJhc2UgZGUgRGF0b3MgKE1pZGRsZXdhcmUpIiwiY29tcGFueV9uYW1lIjoiUm9iZXJ0IFdhbHRlcnMiLCJhZGRyZXNzX2NpdHkiOiJCYXJjZWxvbmEsIFNwYWluIiwiaHRpZG9jaWQiOiJiVTZJLVpQYzd6SjdtOTdzQUFBQUFBPT0iLCJ1dWxlIjoidytDQUlRSUNJRlUzQmhhVzQifQ==,Seguridad
eyJqb2JfdGl0bGUiOiJBZG1pbmlzdHJhZG9yIGRlIEJhc2UgZGUgRGF0b3MgKE1pZGRsZXdhcmUpIiwiY29tcGFueV9uYW1lIjoiUm9iZXJ0IFdhbHRlcnMiLCJhZGRyZXNzX2NpdHkiOiJCYXJjZWxvbmEsIFNwYWluIiwiaHRpZG9jaWQiOiJiVTZJLVpQYzd6SjdtOTdzQUFBQUFBPT0iLCJ1dWxlIjoidytDQUlRSUNJRlUzQmhhVzQifQ==,Base de datos
eyJqb2JfdGl0bGUiOiJUw6ljbmljby9hIGRlIFNvcG9ydGUgU0FQIEZJIGNvbiBkZWJ1Z2dpbmciLCJjb21wYW55X25hbWUiOiJCZXR3ZWVuIFRlY2hub2xvZ3kiLCJhZGRyZXNzX2NpdHkiOiJDYXN0ZWxsYmlzYmFsLCBTcGFpbiIsImh0aWRvY2lkIjoiYmNPbTVkSGV4Z2tfWnU3X0FBQUFBQT09IiwidXVsZSI6IncrQ0FJUUlDSUZVM0JoYVc0In0=,Seguridad
eyJqb2JfdGl0bGUiOiJUw6ljbmljbyBTb3BvcnRlIFNBUCBTRCIsImNvbXBhbnlfbmFtZSI6IkhBWVMiLCJhZGRyZXNzX2NpdHkiOiJCYXJjZWxvbmEsIFNwYWluIiwiaHRpZG9jaWQiOiJQWEJPTEp2S01lMmZ2SWNxQUFBQUFBPT0iLCJ1dWxlIjoidytDQUlRSUNJRlUzQmhhVzQifQ==,Integración
eyJqb2JfdGl0bGUiOiJUw6ljbmljby9hIGRlIE1pZ3JhY2nDs24gU0FQIEhBTkEiLCJjb21wYW55X25hbWUiOiJCZXR3ZWVuIFRlY2hub2xvZ3kiLCJhZGRyZXNzX2NpdHkiOiJCYXJjZWxvbmEsIFNwYWluIiwiaHRpZG9jaWQiOiJ4QXNNNkZLd2RyNTJ6bV9iQUFBQUFBPT0iLCJ1dWxlIjoidytDQUlRSUNJRlUzQmhhVzQifQ==,Seguridad
eyJqb2JfdGl0bGUiOiJSZXNwb25zYWJsZSBlcXVpcG8gZGUgc29wb3J0ZSBTQVAgQ29tbWlzc2lvbnMiLCJjb21wYW55X25hbWUiOiJJbnljb20iLCJhZGRyZXNzX2NpdHkiOiJaYXJhZ296YSwgU3BhaW4iLCJodGlkb2NpZCI6InVfcDhqSUh1NlFWUUVZVk9BQUFBQUE9PSIsInV1bGUiOiJ3K0NBSVFJQ0lGVTNCaGFXNCJ9,Seguridad
eyJqb2JfdGl0bGUiOiJSZXNwb25zYWJsZSBlcXVpcG8gZGUgc29wb3J0ZSBTQVAgQ29tbWlzc2lvbnMiLCJjb21wYW55X25hbWUiOiJJbnljb20iLCJhZGRyZXNzX2NpdHkiOiJaYXJhZ296YSwgU3BhaW4iLCJodGlkb2NpZCI6InVfcDhqSUh1NlFWUUVZVk9BQUFBQUE9PSIsInV1bGUiOiJ3K0NBSVFJQ0lGVTNCaGFXNCJ9,Integración
eyJqb2JfdGl0bGUiOiJUw6ljbmljby9hIGRlIGFwbGljYWNpb25lcyBTQVAgSnVuaW9yIiwiY29tcGFueV9uYW1lIjoiR3J1cG8gRElTQSIsImFkZHJlc3NfY2l0eSI6IlNhbnRhIENydXogZGUgVGVuZXJpZmUsIFNwYWluIiwiaHRpZG9jaWQiOiJWZmJ2Q1g0NHlGcG05MGJhQUFBQUFBPT0iLCJ1dWxlIjoidytDQUlRSUNJRlUzQmhhVzQifQ==,Integración
eyJqb2JfdGl0bGUiOiJUw6ljbmljbyBEZSBTb3BvcnRlIFNhcCBNbSIsImNvbXBhbnlfbmFtZSI6IlVuc3BlY2lmaWVkIiwiYWRkcmVzc19jaXR5IjoiQmFyY2Vsb25hLCBTcGFpbiIsImh0aWRvY2lkIjoiTkU5dWJwUUZxeWhFRjM1b0FBQUFBQT09IiwidXVsZSI6IncrQ0FJUUlDSUZVM0JoYVc0In0=,Integración
eyJqb2JfdGl0bGUiOiJDb25zdWx0b3IvYSB0w6ljbmljbyBzYXAgbW0tc2QgKHJlbW90bykiLCJjb21wYW55X25hbWUiOiJNaWNoYWVsIFBhZ2UiLCJhZGRyZXNzX2NpdHkiOiJTZXZpbGxlLCBTcGFpbiIsImh0aWRvY2lkIjoiMlBKYUdwRExvQTQ0ZTlUZUFBQUFBQT09IiwidXVsZSI6IncrQ0FJUUlDSUZVM0JoYVc0In0=,Integración
eyJqb2JfdGl0bGUiOiJDb25zdWx0b3IvYSBUw6ljbmljby9hIGRlIEludGVncmFjaW9uZXMgU0FQIFBJL1BPIiwiY29tcGFueV9uYW1lIjoiSWJlcm3DoXRpY2EiLCJhZGRyZXNzX2NpdHkiOiJNYWRyaWQsIFNwYWluIiwiaHRpZG9jaWQiOiJvbnNIWG5FN2NqcU9uSVJfQUFBQUFBPT0iLCJ1dWxlIjoidytDQUlRSUNJRlUzQmhhVzQifQ==,Mantenimiento y Soporte
eyJqb2JfdGl0bGUiOiJJbmdlbmllcmEvbyBTUiBQbGF0YWZvcm1hcyBUw6ljbmljYXMgU0FQIiwiY29tcGFueV9uYW1lIjoiUmVwc29sIiwiYWRkcmVzc19jaXR5IjoiTWFkcmlkLCBTcGFpbiIsImh0aWRvY2lkIjoib3FQRHpMQmkzM3RSQUhMTkFBQUFBQT09IiwidXVsZSI6IncrQ0FJUUlDSUZVM0JoYVc0In0=,Seguridad
eyJqb2JfdGl0bGUiOiJJbmdlbmllcmEvbyBTUiBQbGF0YWZvcm1hcyBUw6ljbmljYXMgU0FQIiwiY29tcGFueV9uYW1lIjoiUmVwc29sIiwiYWRkcmVzc19jaXR5IjoiTWFkcmlkLCBTcGFpbiIsImh0aWRvY2lkIjoib3FQRHpMQmkzM3RSQUhMTkFBQUFBQT09IiwidXVsZSI6IncrQ0FJUUlDSUZVM0JoYVc0In0=,Integración
eyJqb2JfdGl0bGUiOiJDb25zdWx0b3IvYSBTQVAgU2VuaW9yIEZJQ08gKHNvcG9ydGUgeSBldm9sdXRpdm9zKSIsImNvbXBhbnlfbmFtZSI6IlZJU0VPIElCRVJJQSIsImFkZHJlc3NfY2l0eSI6IkwnSG9zcGl0YWxldCBkZSBMbG9icmVnYXQsIFNwYWluIiwiaHRpZG9jaWQiOiI3VXZxTGtMMXFEYmlhd3hmQUFBQUFBPT0iLCJ1dWxlIjoidytDQUlRSUNJRlUzQmhhVzQifQ==,Seguridad
eyJqb2JfdGl0bGUiOiJDb25zdWx0b3IgVMOpY25pY28gZnVuY2lvbmFsIFNBUCBMb2fDrXN0aWNhIChQUCwgU0QvTU0pIChmL20vZCkiLCJjb21wYW55X25hbWUiOiJFbnZveSIsImFkZHJlc3NfY2l0eSI6IkNhdGFsb25pYSwgU3BhaW4iLCJodGlkb2NpZCI6Imo4bjBDOTRPZmxZamZDcy1BQUFBQUE9PSIsInV1bGUiOiJ3K0NBSVFJQ0lGVTNCaGFXNCJ9,Integración
eyJqb2JfdGl0bGUiOiJDb25zdWx0b3IgU0FQIFBJL1BPIiwiY29tcGFueV9uYW1lIjoiVC1TeXN0ZW1zIEliZXJpYSIsImFkZHJlc3NfY2l0eSI6IkdyYW5hZGEsIFNwYWluIiwiaHRpZG9jaWQiOiJRYmw4eHNpbDdMVGdoaEhFQUFBQUFBPT0iLCJ1dWxlIjoidytDQUlRSUNJRlUzQmhhVzQifQ==,Integración
eyJqb2JfdGl0bGUiOiJJbmdlbmllcm8gZGUgc2lzdGVtYXMgTGludXgiLCJjb21wYW55X25hbWUiOiJPcHRpbWlzc2EiLCJhZGRyZXNzX2NpdHkiOiJTcGFpbiIsImh0aWRvY2lkIjoiTUVRcVk5M2RmNDIzQl9JYkFBQUFBQT09IiwidXVsZSI6IncrQ0FJUUlDSUZVM0JoYVc0In0=,Seguridad
eyJqb2JfdGl0bGUiOiJJTkdFTklFUk8vQSBkZSBTSVNURU1BUyBUViAoTGludXgpIiwiY29tcGFueV9uYW1lIjoiT3hpZ2VudCIsImFkZHJlc3NfY2l0eSI6Ik1hZHJpZCwgU3BhaW4iLCJodGlkb2NpZCI6InpEV0ZTWkRLM290S01YLUVBQUFBQUE9PSIsInV1bGUiOiJ3K0NBSVFJQ0lGVTNCaGFXNCJ9,Base de datos
eyJqb2JfdGl0bGUiOiJJTkdFTklFUk8vQSBkZSBTSVNURU1BUyBUViAoTGludXgpIiwiY29tcGFueV9uYW1lIjoiT3hpZ2VudCIsImFkZHJlc3NfY2l0eSI6Ik1hZHJpZCwgU3BhaW4iLCJodGlkb2NpZCI6InpEV0ZTWkRLM290S01YLUVBQUFBQUE9PSIsInV1bGUiOiJ3K0NBSVFJQ0lGVTNCaGFXNCJ9,Integración
eyJqb2JfdGl0bGUiOiJBZG1pbmlzdHJhY2nDs24gU2lzdGVtYXMgTGludXggLSBDbG91ZGVyYSIsImNvbXBhbnlfbmFtZSI6IlZlcm1vbnQgU29sdXRpb25zIiwiYWRkcmVzc19jaXR5IjoiTWFkcmlkLCBTcGFpbiIsImh0aWRvY2lkIjoiZUxVZU1WOUtKRWFOelVWMUFBQUFBQT09IiwidXVsZSI6IncrQ0FJUUlDSUZVM0JoYVc0In0=,Integración
eyJqb2JfdGl0bGUiOiJUw6ljbmljb3MgU2lzdGVtYXMgTGludXgiLCJjb21wYW55X25hbWUiOiJTZWx0aW1lIFNMIiwiYWRkcmVzc19jaXR5IjoiTWFkcmlkLCBTcGFpbiIsImh0aWRvY2lkIjoiLTV0TjlpV2tKUmRzTWRNekFBQUFBQT09IiwidXVsZSI6IncrQ0FJUUlDSUZVM0JoYVc0In0=,Seguridad
eyJqb2JfdGl0bGUiOiJJbmdlbmllcm8vYSBTaXN0ZW1hcyBMaW51eCIsImNvbXBhbnlfbmFtZSI6Ik1pY2hhZWwgUGFnZSIsImFkZHJlc3NfY2l0eSI6IlZhbGVuY2lhLCBTcGFpbiIsImh0aWRvY2lkIjoiWXA4ODUzSFo2MFBaM2ZDVEFBQUFBQT09IiwidXVsZSI6IncrQ0FJUUlDSUZVM0JoYVc0In0=,Seguridad
eyJqb2JfdGl0bGUiOiJJbmdlbmllcm8gZGUgU29mdHdhcmUgQysrIHkgTGludXggY29uIFFUIiwiY29tcGFueV9uYW1lIjoic2cgdGVjaCIsImFkZHJlc3NfY2l0eSI6IlZhbGxhZG9saWQsIFNwYWluIiwiaHRpZG9jaWQiOiJmMl9RUVVoLWZ1WTJ1UkVZQUFBQUFBPT0iLCJ1dWxlIjoidytDQUlRSUNJRlUzQmhhVzQifQ==,Integración
eyJqb2JfdGl0bGUiOiJUw6ljbmljbyBkZSBTaXN0ZW1hcyBMSU5VWCAoSC9NL1gpIiwiY29tcGFueV9uYW1lIjoic2F0ZWMiLCJhZGRyZXNzX2NpdHkiOiJNYWRyaWQsIFNwYWluIiwiaHRpZG9jaWQiOiI5Yy1ab1RYUmJtNmVfUW52QUFBQUFBPT0iLCJ1dWxlIjoidytDQUlRSUNJRlUzQmhhVzQifQ==,Seguridad
eyJqb2JfdGl0bGUiOiJUw6ljbmljbyBkZSBTaXN0ZW1hcyBMSU5VWCAoSC9NL1gpIiwiY29tcGFueV9uYW1lIjoic2F0ZWMiLCJhZGRyZXNzX2NpdHkiOiJNYWRyaWQsIFNwYWluIiwiaHRpZG9jaWQiOiI5Yy1ab1RYUmJtNmVfUW52QUFBQUFBPT0iLCJ1dWxlIjoidytDQUlRSUNJRlUzQmhhVzQifQ==,Integración
eyJqb2JfdGl0bGUiOiJBZG1pbmlzdHJhY2nDs24gZGUgc2lzdGVtYXMgTGludXggKDEwMCUgcmVtb3RvIC0gTWFkcmlkKSIsImNvbXBhbnlfbmFtZSI6IlRlbnRoIFJldm9sdXRpb24gR3JvdXAiLCJhZGRyZXNzX2NpdHkiOiJNYWRyaWQsIFNwYWluIiwiaHRpZG9jaWQiOiJXZkFDQ3J0NDhsZ3R1R1B1QUFBQUFBPT0iLCJ1dWxlIjoidytDQUlRSUNJRlUzQmhhVzQifQ==,Seguridad
eyJqb2JfdGl0bGUiOiJJbmdlbmllcm8gRGUgU2lzdGVtYXMgTGludXggLyBEZXZvcHMsIFByZXNlbmNpYWwgLSBBcGxpY2FyIHwgRXQ1MTgiLCJjb21wYW55X25hbWUiOiJBcmVsYW5jZSIsImFkZHJlc3NfY2l0eSI6IlphcmFnb3phLCBTcGFpbiIsImh0aWRvY2lkIjoiYloydXVVTHZOdnhQeF9OTkFBQUFBQT09IiwidXVsZSI6IncrQ0FJUUlDSUZVM0JoYVc0In0=,Seguridad
eyJqb2JfdGl0bGUiOiJJbmdlbmllcm8gRGUgU2lzdGVtYXMgTGludXggLyBEZXZvcHMsIFByZXNlbmNpYWwgLSBBcGxpY2FyIHwgRXQ1MTgiLCJjb21wYW55X25hbWUiOiJBcmVsYW5jZSIsImFkZHJlc3NfY2l0eSI6IlphcmFnb3phLCBTcGFpbiIsImh0aWRvY2lkIjoiYloydXVVTHZOdnhQeF9OTkFBQUFBQT09IiwidXVsZSI6IncrQ0FJUUlDSUZVM0JoYVc0In0=,Integración
eyJqb2JfdGl0bGUiOiJJbmdlbmllcm8vQSBEZSBTaXN0ZW1hcyBMaW51eCBTaXN0ZW1hcyBcdTAwMjYgSW5mcmFlc3RydWN0dXJhcyDCtyBPZmljaW5hcyBDZW50cmFsZXMgLSBTYW50aWFnbyBEZSBDby4uLiIsImNvbXBhbnlfbmFtZSI6IlRlbGV2ZXMgQ29ycG9yYXRpb24iLCJhZGRyZXNzX2NpdHkiOiJTYW50aWFnbyBkZSBDb21wb3N0ZWxhLCBNdW5pY2lwYWxpdHkgb2YgU2FudGlhZ28gZGUgQ29tcG9zdGVsYSwgU3BhaW4iLCJodGlkb2NpZCI6IjkxaW43eTlYbXlQZFRGenVBQUFBQUE9PSIsInV1bGUiOiJ3K0NBSVFJQ0lGVTNCaGFXNCJ9,Seguridad
eyJqb2JfdGl0bGUiOiJJbmdlbmllcm8gRGUgU2lzdGVtYXMgRSBJbmZyYWVzdHJ1Y3R1cmFzIExpbnV4IiwiY29tcGFueV9uYW1lIjoiSW5kcmEiLCJhZGRyZXNzX2NpdHkiOiJaYXJhZ296YSwgU3BhaW4iLCJodGlkb2NpZCI6ImEwX1JSczlIaUpnc1F5UklBQUFBQUE9PSIsInV1bGUiOiJ3K0NBSVFJQ0lGVTNCaGFXNCJ9,Seguridad
eyJqb2JfdGl0bGUiOiJJbmdlbmllcm8gRGUgU2lzdGVtYXMgRSBJbmZyYWVzdHJ1Y3R1cmFzIExpbnV4IiwiY29tcGFueV9uYW1lIjoiSW5kcmEiLCJhZGRyZXNzX2NpdHkiOiJaYXJhZ296YSwgU3BhaW4iLCJodGlkb2NpZCI6ImEwX1JSczlIaUpnc1F5UklBQUFBQUE9PSIsInV1bGUiOiJ3K0NBSVFJQ0lGVTNCaGFXNCJ9,Integración
eyJqb2JfdGl0bGUiOiJJbmdlbmllcm8vYSBkZSBTb2Z0d2FyZSBFbWJlYmlkbyAoTGludXgpIiwiY29tcGFueV9uYW1lIjoiZWtzIEVuZXJneSIsImFkZHJlc3NfY2l0eSI6IkJvbGx1bGxvcyBkZSBsYSBNaXRhY2nDs24sIFNwYWluIiwiaHRpZG9jaWQiOiJTMVdoVWc3S3I2X0FmZllhQUFBQUFBPT0iLCJ1dWxlIjoidytDQUlRSUNJRlUzQmhhVzQifQ==,Seguridad
eyJqb2JfdGl0bGUiOiJJbmdlbmllcm8vYSBkZSBTb2Z0d2FyZSBFbWJlYmlkbyAoTGludXgpIiwiY29tcGFueV9uYW1lIjoiZWtzIEVuZXJneSIsImFkZHJlc3NfY2l0eSI6IkJvbGx1bGxvcyBkZSBsYSBNaXRhY2nDs24sIFNwYWluIiwiaHRpZG9jaWQiOiJTMVdoVWc3S3I2X0FmZllhQUFBQUFBPT0iLCJ1dWxlIjoidytDQUlRSUNJRlUzQmhhVzQifQ==,Integración
eyJqb2JfdGl0bGUiOiJJbmdlbmllcm8vYSBEZXNhcnJvbGxhZG9yIGRlIFNvZnR3YXJlIChTaXN0ZW1hcyBlbWJlYmlkb3MpIiwiY29tcGFueV9uYW1lIjoiSU1BTiBHTE9CQUwgQ09OU1VMVElORyIsImFkZHJlc3NfY2l0eSI6Ik1hZHJpZCwgU3BhaW4iLCJodGlkb2NpZCI6Ii1tRmRLNkxIQWdpS1NIUW5BQUFBQUE9PSIsInV1bGUiOiJ3K0NBSVFJQ0lGVTNCaGFXNCJ9,Integración
eyJqb2JfdGl0bGUiOiJJbmdlbmllcm8vQSBEZSBMaW51eCBFbWJlYmlkbyBZIEZ3IiwiY29tcGFueV9uYW1lIjoiSWtlcmxhbiwgUy4gQ29vcC4iLCJhZGRyZXNzX2NpdHkiOiJBbGF2YSwgU2FsYXMsIFNwYWluIiwiaHRpZG9jaWQiOiJKMWhLVnZUQlZTZlV0Z0hkQUFBQUFBPT0iLCJ1dWxlIjoidytDQUlRSUNJRlUzQmhhVzQifQ==,Seguridad
eyJqb2JfdGl0bGUiOiJJbmdlbmllcm8vQSBEZSBMaW51eCBFbWJlYmlkbyBZIEZ3IiwiY29tcGFueV9uYW1lIjoiSWtlcmxhbiwgUy4gQ29vcC4iLCJhZGRyZXNzX2NpdHkiOiJBbGF2YSwgU2FsYXMsIFNwYWluIiwiaHRpZG9jaWQiOiJKMWhLVnZUQlZTZlV0Z0hkQUFBQUFBPT0iLCJ1dWxlIjoidytDQUlRSUNJRlUzQmhhVzQifQ==,Integración
eyJqb2JfdGl0bGUiOiJUw6ljbmljby9hIFNpc3RlbWFzIExJTlVYIEJhY2t1cCIsImNvbXBhbnlfbmFtZSI6IkNJVklSIiwiYWRkcmVzc19jaXR5IjoiTWFkcmlkLCBTcGFpbiIsImh0aWRvY2lkIjoiYmIyeGJuSjJRSUhNQ001dkFBQUFBQT09IiwidXVsZSI6IncrQ0FJUUlDSUZVM0JoYVc0In0=,Seguridad
eyJqb2JfdGl0bGUiOiJBZG1pbmlzdHJhZG9yIGRlIFNpc3RlbWFzIiwiY29tcGFueV9uYW1lIjoiQXhwZSBDb25zdWx0aW5nIiwiYWRkcmVzc19jaXR5IjoiTWFkcmlkLCBTcGFpbiIsImh0aWRvY2lkIjoiczF1aWpLdzNuR09iSjBIZ0FBQUFBQT09IiwidXVsZSI6IncrQ0FJUUlDSUZVM0JoYVc0In0=,Seguridad
eyJqb2JfdGl0bGUiOiJBZG1pbmlzdHJhZG9yIGRlIFNpc3RlbWFzIiwiY29tcGFueV9uYW1lIjoiQXhwZSBDb25zdWx0aW5nIiwiYWRkcmVzc19jaXR5IjoiTWFkcmlkLCBTcGFpbiIsImh0aWRvY2lkIjoiczF1aWpLdzNuR09iSjBIZ0FBQUFBQT09IiwidXVsZSI6IncrQ0FJUUlDSUZVM0JoYVc0In0=,Integración
eyJqb2JfdGl0bGUiOiJMaW51eCBTeXNPcHMgRW5naW5lZXIiLCJjb21wYW55X25hbWUiOiJPeGlnZW50IFRlY2hub2xvZ2llcyIsImFkZHJlc3NfY2l0eSI6IlBvenVlbG8gZGUgQWxhcmPDs24sIFNwYWluIiwiaHRpZG9jaWQiOiJzM21Bc3Z6cFVBbGRobHhhQUFBQUFBPT0iLCJ1dWxlIjoidytDQUlRSUNJRlUzQmhhVzQifQ==,Base de datos
eyJqb2JfdGl0bGUiOiJBZG1pbmlzdHJhY2nDs24gZGUgc2lzdGVtYXMgTGludXgiLCJjb21wYW55X25hbWUiOiJJbmRyYSIsImFkZHJlc3NfY2l0eSI6IlRvcnJlasOzbiBkZSBBcmRveiwgU3BhaW4iLCJodGlkb2NpZCI6IjJmQXd1eTRYY0ZSZFlFNlVBQUFBQUE9PSIsInV1bGUiOiJ3K0NBSVFJQ0lGVTNCaGFXNCJ9,Seguridad
eyJqb2JfdGl0bGUiOiJBZG1pbmlzdHJhY2nDs24gZGUgc2lzdGVtYXMgTGludXgiLCJjb21wYW55X25hbWUiOiJJbmRyYSIsImFkZHJlc3NfY2l0eSI6IlRvcnJlasOzbiBkZSBBcmRveiwgU3BhaW4iLCJodGlkb2NpZCI6IjJmQXd1eTRYY0ZSZFlFNlVBQUFBQUE9PSIsInV1bGUiOiJ3K0NBSVFJQ0lGVTNCaGFXNCJ9,Integración
eyJqb2JfdGl0bGUiOiJBZG1pbmlzdHJhZG9yIGRlIHNpc3RlbWFzIiwiY29tcGFueV9uYW1lIjoiYWdhcDIgRXNwYcOxYSIsImFkZHJlc3NfY2l0eSI6Ik1hcnRvcmVsbCwgU3BhaW4iLCJodGlkb2NpZCI6Im5IMzI1clcyN19iNWVVQzNBQUFBQUE9PSIsInV1bGUiOiJ3K0NBSVFJQ0lGVTNCaGFXNCJ9,Integración
eyJqb2JfdGl0bGUiOiJBZG1pbmlzdHJhZG9yIGRlIFNpc3RlbWFzIiwiY29tcGFueV9uYW1lIjoiTG9naWNhbGlzIFNwYWluIiwiYWRkcmVzc19jaXR5IjoiQmFyY2Vsb25hLCBTcGFpbiIsImh0aWRvY2lkIjoiYUFYbzVBX3drbnhOQlhmcEFBQUFBQT09IiwidXVsZSI6IncrQ0FJUUlDSUZVM0JoYVc0In0=,Seguridad
eyJqb2JfdGl0bGUiOiJJbmdlbmllcm8gZGUgRGVzYXJyb2xsbyBDKysgYmFqbyBMaW51eCAoRW1iZWJpZG9zKSAoQmFyY2Vsb25hIC0gSMOtYnJpZG8pIiwiY29tcGFueV9uYW1lIjoiSVNTIFByb2Zlc2lvbmFsaWEgICAgICAgICAgICAgICAgICAgICBJVCBUZWNobm9sb2d5OiAyMCB5ZWFycyBtYWtpbmcgaXQgaHVtYW4hIiwiYWRkcmVzc19jaXR5IjoiU3BhaW4iLCJodGlkb2NpZCI6Inc2TlNNcnJ5RGJkV3NJZ2pBQUFBQUE9PSIsInV1bGUiOiJ3K0NBSVFJQ0lGVTNCaGFXNCJ9,Integración
eyJqb2JfdGl0bGUiOiJFc3BlY2lhbGlzdGEgZW4gaW50ZWdyYWNpw7NuIiwiY29tcGFueV9uYW1lIjoiUFJJVkFETyIsImFkZHJlc3NfY2l0eSI6IkJhcmNlbG9uYSwgU3BhaW4iLCJodGlkb2NpZCI6Il95Tk1QbXo0cUtBdVNnNExBQUFBQUE9PSIsInV1bGUiOiJ3K0NBSVFJQ0lGVTNCaGFXNCJ9,Integración
eyJqb2JfdGl0bGUiOiJJbmdlbmllcm8gZGUgSW50ZWdyYWNpw7NuIGRlIFNpc3RlbWEvVmVow61jdWxvIHkgZGUgRGVzYXJyb2xsbyBTb2Z0d2FyZSAoU1cpIiwiY29tcGFueV9uYW1lIjoiU0VHIEF1dG9tb3RpdmUiLCJhZGRyZXNzX2NpdHkiOiJTcGFpbiIsImh0aWRvY2lkIjoidmJKQ1kwdC1zVGVsQ2JqZEFBQUFBQT09IiwidXVsZSI6IncrQ0FJUUlDSUZVM0JoYVc0In0=,Integración
eyJqb2JfdGl0bGUiOiJJTkdFTklFUkAgREUgSU5URUdSQUNJw5NOIERFIFNJU1RFTUFTIEZFUlJPVklBUklPUyIsImNvbXBhbnlfbmFtZSI6IlN0YWRsZXIgVmFsZW5jaWEiLCJhZGRyZXNzX2NpdHkiOiJTcGFpbiIsImh0aWRvY2lkIjoiYlZwX1RLeFQ3emFscVVKbUFBQUFBQT09IiwidXVsZSI6IncrQ0FJUUlDSUZVM0JoYVc0In0=,Integración
eyJqb2JfdGl0bGUiOiJFc3BlY2lhbGlzdGEgRW4gU2lzdGVtYXMgRGUgSW50ZWdyYWNpw7NuIE1hZHJpZCDCtyBIw61icmlkbyIsImNvbXBhbnlfbmFtZSI6IlRlY2RhdGEgRW5naW5lZXJpbmciLCJhZGRyZXNzX2NpdHkiOiJNYWRyaWQsIFNwYWluIiwiaHRpZG9jaWQiOiJ6TXRFMzlrd3lmYmFtR2tuQUFBQUFBPT0iLCJ1dWxlIjoidytDQUlRSUNJRlUzQmhhVzQifQ==,Integración
eyJqb2JfdGl0bGUiOiJJbmdlbmllcm8vYSBlc3BlY2lhbGlzdGEgZW4gaW50ZWdyYWNpw7NuIGRlIHNpc3RlbWFzIiwiY29tcGFueV9uYW1lIjoiVW5zcGVjaWZpZWQiLCJhZGRyZXNzX2NpdHkiOiJDw6FkaXosIFNwYWluIiwiaHRpZG9jaWQiOiJpWXBSMnhSZnE1OEhHdUZfQUFBQUFBPT0iLCJ1dWxlIjoidytDQUlRSUNJRlUzQmhhVzQifQ==,Integración
eyJqb2JfdGl0bGUiOiJFc3BlY2lhbGlzdGEgZW4gSW50ZWdyYWNpb25lcyBNaXJ0aCBDb25uZWN0IiwiY29tcGFueV9uYW1lIjoiSW5ldHVtIFNwYWluIiwiYWRkcmVzc19jaXR5IjoiTWFkcmlkLCBTcGFpbiIsImh0aWRvY2lkIjoieUlsT2F5R3dSbmlBcndSWEFBQUFBQT09IiwidXVsZSI6IncrQ0FJUUlDSUZVM0JoYVc0In0=,Integración
eyJqb2JfdGl0bGUiOiJJbmdlbmllcm8vYSBFc3BlY2lhbGlzdGEgZW4gSW50ZWdyYWNpw7NuIGRlIFNpc3RlbWFzIiwiY29tcGFueV9uYW1lIjoiQWRlY2NvIChTcGFpbikiLCJhZGRyZXNzX2NpdHkiOiJTYW4gRmVybmFuZG8sIFNwYWluIiwiaHRpZG9jaWQiOiJWYmx5LVJHa3NxbDN2eFg2QUFBQUFBPT0iLCJ1dWxlIjoidytDQUlRSUNJRlUzQmhhVzQifQ==,Integración
eyJqb2JfdGl0bGUiOiJBbmFsaXN0YSBkZSBTaXN0ZW1hcywgQXV0b21hdGl6YWNpw7NuIGUgSW50ZWdyYWNpw7NuIiwiY29tcGFueV9uYW1lIjoiR09OREFOIFNoaXBidWlsZGVycyAtIEFzdGlsbGVyb3MgR29uZMOhbiIsImFkZHJlc3NfY2l0eSI6IkNhc3Ryb3BvbCwgU3BhaW4iLCJodGlkb2NpZCI6IjZpd2p2eVdtZkdRak9YQXJBQUFBQUE9PSIsInV1bGUiOiJ3K0NBSVFJQ0lGVTNCaGFXNCJ9,Integración
eyJqb2JfdGl0bGUiOiJFc3BlY2lhbGlzdGEgQ2FsaWRhZCwgUHJldmVuY2nDs24geSBNZWRpbyBBbWJpZW50ZSIsImNvbXBhbnlfbmFtZSI6IlVyYmFzZXIiLCJhZGRyZXNzX2NpdHkiOiJFbGNoZSwgU3BhaW4iLCJodGlkb2NpZCI6InFDb0I3dHM1cmVNWW0zWURBQUFBQUE9PSIsInV1bGUiOiJ3K0NBSVFJQ0lGVTNCaGFXNCJ9,Seguridad
eyJqb2JfdGl0bGUiOiJUw4lDTklDTy9BIENBTElEQUQgRVNQRUNJQUxJU1RBIExJTVBJRVpBIiwiY29tcGFueV9uYW1lIjoiSW5jYXJsb3BzYSIsImFkZHJlc3NfY2l0eSI6IlNwYWluIiwiaHRpZG9jaWQiOiJ6WGMtWTZsUldnQkg2MFZIQUFBQUFBPT0iLCJ1dWxlIjoidytDQUlRSUNJRlUzQmhhVzQifQ==,Seguridad
eyJqb2JfdGl0bGUiOiJUw6ljbmljby9hIGRlIFNvcG9ydGUgQnVzaW5lc3MgQ2VudHJhbCIsImNvbXBhbnlfbmFtZSI6IldpbmlkIFNwYWluIiwiYWRkcmVzc19jaXR5IjoiQmFyY2Vsb25hLCBTcGFpbiIsImh0aWRvY2lkIjoiUkxSWHpQRktMdVdHMXlUb0FBQUFBQT09IiwidXVsZSI6IncrQ0FJUUlDSUZVM0JoYVc0In0=,Seguridad
eyJqb2JfdGl0bGUiOiJDb25zdWx0b3IgZGUgU29wb3J0ZSBCdXNpbmVzcyBDZW50cmFsIiwiY29tcGFueV9uYW1lIjoiZXhjZWxpYSIsImFkZHJlc3NfY2l0eSI6IlNwYWluIiwiaHRpZG9jaWQiOiI2NG1wNnJJRUVfSlNhcTZ5QUFBQUFBPT0iLCJ1dWxlIjoidytDQUlRSUNJRlUzQmhhVzQifQ==,Integración
eyJqb2JfdGl0bGUiOiJJbmdlbmllcm8gZGUgU2lzdGVtYXMgTWljcm9zb2Z0IENsb3VkIiwiY29tcGFueV9uYW1lIjoiSEFZUyIsImFkZHJlc3NfY2l0eSI6IkJhcmNlbG9uYSwgU3BhaW4iLCJodGlkb2NpZCI6IkFaZnNzcjZTUUJfMXRDY1pBQUFBQUE9PSIsInV1bGUiOiJ3K0NBSVFJQ0lGVTNCaGFXNCJ9,Seguridad
eyJqb2JfdGl0bGUiOiJBZG1pbmlzdHJhZG9yIFNpc3RlbWFzIFdpbmRvd3MvU2VndXJpZGFkIiwiY29tcGFueV9uYW1lIjoiUFNTIiwiYWRkcmVzc19jaXR5IjoiTWFkcmlkLCBTcGFpbiIsImh0aWRvY2lkIjoiMVdPVk9xY1BRTzhJa1BqOUFBQUFBQT09IiwidXVsZSI6IncrQ0FJUUlDSUZVM0JoYVc0In0=,Seguridad
eyJqb2JfdGl0bGUiOiJEQkEgZGUgU1FMIiwiY29tcGFueV9uYW1lIjoiV2VIdW50IEVzcGHDsWEiLCJhZGRyZXNzX2NpdHkiOiJWYWxlbmNpYSwgU3BhaW4iLCJodGlkb2NpZCI6IlhWQVBMN014WDh0R19kN2dBQUFBQUE9PSIsInV1bGUiOiJ3K0NBSVFJQ0lGVTNCaGFXNCJ9,Base de datos
eyJqb2JfdGl0bGUiOiJPcmFjbGUgeSBTUUwgU2VydmVyIERCQSwgTWFkcmlkIiwiY29tcGFueV9uYW1lIjoiQXBvbG8gSVQgR3JvdXAiLCJhZGRyZXNzX2NpdHkiOiJNYWRyaWQsIFNwYWluIiwiaHRpZG9jaWQiOiJ5b19WWXJraC1JdE5hekl4QUFBQUFBPT0iLCJ1dWxlIjoidytDQUlRSUNJRlUzQmhhVzQifQ==,Seguridad
eyJqb2JfdGl0bGUiOiJPcmFjbGUgeSBTUUwgU2VydmVyIERCQSwgTWFkcmlkIiwiY29tcGFueV9uYW1lIjoiQXBvbG8gSVQgR3JvdXAiLCJhZGRyZXNzX2NpdHkiOiJNYWRyaWQsIFNwYWluIiwiaHRpZG9jaWQiOiJ5b19WWXJraC1JdE5hekl4QUFBQUFBPT0iLCJ1dWxlIjoidytDQUlRSUNJRlUzQmhhVzQifQ==,Base de datos
eyJqb2JfdGl0bGUiOiJEQkEgU1FMU2VydmVyIC0gUG9zdGdyZVNRTCIsImNvbXBhbnlfbmFtZSI6Ik1pY2hhZWwgUGFnZSIsImFkZHJlc3NfY2l0eSI6IkJhcmNlbG9uYSwgU3BhaW4iLCJodGlkb2NpZCI6IkxwZnFYM2JyRXJOV1c5SjRBQUFBQUE9PSIsInV1bGUiOiJ3K0NBSVFJQ0lGVTNCaGFXNCJ9,Seguridad
eyJqb2JfdGl0bGUiOiJDb25zdWx0b3IgQmkgRGUgU3FsIFNlcnZlciIsImNvbXBhbnlfbmFtZSI6IkNnaSBHcm91cCwgSW5jLiIsImFkZHJlc3NfY2l0eSI6Ik1hZHJpZCwgU3BhaW4iLCJodGlkb2NpZCI6Ikt1RHZIWk93T1RYQTViUjhBQUFBQUE9PSIsInV1bGUiOiJ3K0NBSVFJQ0lGVTNCaGFXNCJ9,Base de datos
eyJqb2JfdGl0bGUiOiJEZXNhcnJvbGxhZG9yIFNlbmlvciAuTkVUL1NRTCBTZXJ2ZXIiLCJjb21wYW55X25hbWUiOiJjb25maWRlbnRpYWwiLCJhZGRyZXNzX2NpdHkiOiJNYWRyaWQsIFNwYWluIiwiaHRpZG9jaWQiOiJVbC1jZ1dkZVFrQ2pUWVBhQUFBQUFBPT0iLCJ1dWxlIjoidytDQUlRSUNJRlUzQmhhVzQifQ==,Integración
eyJqb2JfdGl0bGUiOiJDb25zdWx0b3IvYSBTQVAgU2VuaW9yIEZJQ08gKHNvcG9ydGUgeSBldm9sdXRpdm9zKSIsImNvbXBhbnlfbmFtZSI6IlZJU0VPIC0gU3BhaW4iLCJhZGRyZXNzX2NpdHkiOiJTcGFpbiIsImh0aWRvY2lkIjoiSmdXQWYtaG9taDl6SGN3YUFBQUFBQT09IiwidXVsZSI6IncrQ0FJUUlDSUZVM0JoYVc0In0=,Seguridad
eyJqb2JfdGl0bGUiOiJJbmdlbmllcmEvbyBTUiBQbGF0YWZvcm1hcyBUw6ljbmljYXMgU0FQIiwiY29tcGFueV9uYW1lIjoiUmVwc29sIiwiYWRkcmVzc19jaXR5IjoiU3BhaW4iLCJodGlkb2NpZCI6ImFVYWFkV1hVcnFsbWtSd3hBQUFBQUE9PSIsInV1bGUiOiJ3K0NBSVFJQ0lGVTNCaGFXNCJ9,Seguridad
eyJqb2JfdGl0bGUiOiJJbmdlbmllcmEvbyBTUiBQbGF0YWZvcm1hcyBUw6ljbmljYXMgU0FQIiwiY29tcGFueV9uYW1lIjoiUmVwc29sIiwiYWRkcmVzc19jaXR5IjoiU3BhaW4iLCJodGlkb2NpZCI6ImFVYWFkV1hVcnFsbWtSd3hBQUFBQUE9PSIsInV1bGUiOiJ3K0NBSVFJQ0lGVTNCaGFXNCJ9,Integración
eyJqb2JfdGl0bGUiOiJQcm9qZWN0IE1hbmFnZXIgRXF1aXBvIFNvcG9ydGUgRGUgU2FwIFkgQmJkZCIsImNvbXBhbnlfbmFtZSI6IklueWNvbSIsImFkZHJlc3NfY2l0eSI6IkFsaWNhbnRlLCBTcGFpbiIsImh0aWRvY2lkIjoicE84dVlyUGZnM1M3dTJiTkFBQUFBQT09IiwidXVsZSI6IncrQ0FJUUlDSUZVM0JoYVc0In0=,Seguridad
eyJqb2JfdGl0bGUiOiJQcm9qZWN0IE1hbmFnZXIgRXF1aXBvIFNvcG9ydGUgRGUgU2FwIFkgQmJkZCIsImNvbXBhbnlfbmFtZSI6IklueWNvbSIsImFkZHJlc3NfY2l0eSI6IkFsaWNhbnRlLCBTcGFpbiIsImh0aWRvY2lkIjoicE84dVlyUGZnM1M3dTJiTkFBQUFBQT09IiwidXVsZSI6IncrQ0FJUUlDSUZVM0JoYVc0In0=,Integración
eyJqb2JfdGl0bGUiOiJDb25zdWx0b3IvQSBTYXAgU2VuaW9yIEZpY28gKFNvcG9ydGUgWSBFdm9sdXRpdm9zKSIsImNvbXBhbnlfbmFtZSI6IlZpc2VvIC0gU3BhaW4iLCJhZGRyZXNzX2NpdHkiOiJaYXJhZ296YSwgU3BhaW4iLCJodGlkb2NpZCI6IlNTUUgyeHBoZUt0REZDaEdBQUFBQUE9PSIsInV1bGUiOiJ3K0NBSVFJQ0lGVTNCaGFXNCJ9,Seguridad
eyJqb2JfdGl0bGUiOiJTYXAgQncvNEhhbmEgKFTDqWNuaWNvKSIsImNvbXBhbnlfbmFtZSI6IlVuc3BlY2lmaWVkIiwiYWRkcmVzc19jaXR5IjoiU2V2aWxsZSwgU3BhaW4iLCJodGlkb2NpZCI6IkpiYmhWSHpxdDJUTlp2eHJBQUFBQUE9PSIsInV1bGUiOiJ3K0NBSVFJQ0lGVTNCaGFXNCJ9,Base de datos
eyJqb2JfdGl0bGUiOiJFc3BlY2lhbGlzdGEgZW4gR29iZXJuYW56YSBkZSBEYXRvcyIsImNvbXBhbnlfbmFtZSI6Ik11bHRpcGxpY2EgVGFsZW50IiwiYWRkcmVzc19jaXR5IjoiTWFkcmlkLCBTcGFpbiIsImh0aWRvY2lkIjoiaFotbEh0ck1qa3R2RC1UUEFBQUFBQT09IiwidXVsZSI6IncrQ0FJUUlDSUZVM0JoYVc0In0=,Seguridad
eyJqb2JfdGl0bGUiOiJUw6ljbmljbyBkZSBUZWxlY29tdW5pY2FjaW9uZXMiLCJjb21wYW55X25hbWUiOiJSYWRpbWVyIiwiYWRkcmVzc19jaXR5IjoiU3BhaW4iLCJodGlkb2NpZCI6ImVhX0JZN1JabDZaeWJ6RUlBQUFBQUE9PSIsInV1bGUiOiJ3K0NBSVFJQ0lGVTNCaGFXNCJ9,Seguridad
eyJqb2JfdGl0bGUiOiJUw6ljbmljby9hIGluc3RhbGFkb3IgZGUgY29tdW5pY2FjaW9uZXMgYWVyb3BvcnR1YXJpYXMiLCJjb21wYW55X25hbWUiOiJHcnVwbyBBbXBlciIsImFkZHJlc3NfY2l0eSI6IlBvenVlbG8gZGUgQWxhcmPDs24sIFNwYWluIiwiaHRpZG9jaWQiOiJtbGk4LW83T0JPbXZMclJ5QUFBQUFBPT0iLCJ1dWxlIjoidytDQUlRSUNJRlUzQmhhVzQifQ==,Seguridad
eyJqb2JfdGl0bGUiOiJUw6ljbmljbyBkZSBjb211bmljYWNpb25lcyB5IHNlZ3VyaWRhZCIsImNvbXBhbnlfbmFtZSI6IkVETk9OIiwiYWRkcmVzc19jaXR5IjoiU2FudGlhZ28gZGUgQ29tcG9zdGVsYSwgTXVuaWNpcGFsaXR5IG9mIFNhbnRpYWdvIGRlIENvbXBvc3RlbGEsIFNwYWluIiwiaHRpZG9jaWQiOiJkQXRxeVpoSkhKbVBwMkZFQUFBQUFBPT0iLCJ1dWxlIjoidytDQUlRSUNJRlUzQmhhVzQifQ==,Seguridad
eyJqb2JfdGl0bGUiOiJURUNOSUNPIERFIENPTVVOSUNBQ0lPTkVTIChFTiBSRU1PVE8pIiwiY29tcGFueV9uYW1lIjoiSW5mb3J0ZWMgQ29uc3VsdG9yZXMiLCJhZGRyZXNzX2NpdHkiOiJNYWRyaWQsIFNwYWluIiwiaHRpZG9jaWQiOiJCZEp4WmF2UC1BdjdJOXRjQUFBQUFBPT0iLCJ1dWxlIjoidytDQUlRSUNJRlUzQmhhVzQifQ==,Seguridad
eyJqb2JfdGl0bGUiOiJUw6ljbmljby9hIGRlIGNvbXVuaWNhY2lvbmVzIiwiY29tcGFueV9uYW1lIjoiQ2FzIFRyYWluaW5nIiwiYWRkcmVzc19jaXR5IjoiTWFkcmlkLCBTcGFpbiIsImh0aWRvY2lkIjoiVjJKSzZ0d2tGdHNjYUR4a0FBQUFBQT09IiwidXVsZSI6IncrQ0FJUUlDSUZVM0JoYVc0In0=,Seguridad
eyJqb2JfdGl0bGUiOiJpbnN0cnVjdG9yZXMsIHTDqWNuaWNvcyBjb211bmljYWNpb25lcywgY29tZXJjaWFsZXMgeSBDb21tdW5pdHkgbWFuYWdlci4iLCJjb21wYW55X25hbWUiOiJSVU1CTyBESVJFQ1RPIiwiYWRkcmVzc19jaXR5IjoiQ2FzdGVsbMOzbiBkZSBsYSBQbGFuYSwgU3BhaW4iLCJodGlkb2NpZCI6IjdUZUYtdnJRRXZCWDlkZjBBQUFBQUE9PSIsInV1bGUiOiJ3K0NBSVFJQ0lGVTNCaGFXNCJ9,Seguridad
eyJqb2JfdGl0bGUiOiJUw4lDTklDTy9BIElORk9STcOBVElDQSBDT01VTklDQUNJT05FUyBPRklDSU5BUyBZIEFMTUFDRU5FUyIsImNvbXBhbnlfbmFtZSI6Ik1lcmNhZG9uYSIsImFkZHJlc3NfY2l0eSI6IlBhdGVybmEsIFNwYWluIiwiaHRpZG9jaWQiOiJRUXpnNFJjNkswMFZkU3ZuQUFBQUFBPT0iLCJ1dWxlIjoidytDQUlRSUNJRlUzQmhhVzQifQ==,Seguridad
eyJqb2JfdGl0bGUiOiJUw6ljbmljby9hIGRlIFRlbGVjb211bmljYWNpb25lcyIsImNvbXBhbnlfbmFtZSI6IkFMWklTIiwiYWRkcmVzc19jaXR5IjoiQWxpY2FudGUsIFNwYWluIiwiaHRpZG9jaWQiOiJRalFXc0U2LTVkcjBBcUZpQUFBQUFBPT0iLCJ1dWxlIjoidytDQUlRSUNJRlUzQmhhVzQifQ==,Seguridad
eyJqb2JfdGl0bGUiOiJUw6ljbmljbyBkZSBDb211bmljYWNpb25lcy9SZWRlcyhyZW1vdG8pIiwiY29tcGFueV9uYW1lIjoiUFNTIiwiYWRkcmVzc19jaXR5IjoiQmFyY2Vsb25hLCBTcGFpbiIsImh0aWRvY2lkIjoiS3R4RGJWWWdZeEJJdFhMZUFBQUFBQT09IiwidXVsZSI6IncrQ0FJUUlDSUZVM0JoYVc0In0=,Seguridad
eyJqb2JfdGl0bGUiOiJJbmdlbmllcm8vYSBDYWxpZGFkIiwiY29tcGFueV9uYW1lIjoiSU1BTiBHbG9iYWwgQ29uc3VsdGluZyIsImFkZHJlc3NfY2l0eSI6IlRhcnJhZ29uYSwgU3BhaW4iLCJodGlkb2NpZCI6Ilc1TXRWaWFOTndKdXZFVGNBQUFBQUE9PSIsInV1bGUiOiJ3K0NBSVFJQ0lGVTNCaGFXNCJ9,Seguridad
eyJqb2JfdGl0bGUiOiJJbmdlbmllcm8vYSBkZSBDYWxpZGFkIFNpc3RlbWFzIEZlcnJvdmlhcmlvcyIsImNvbXBhbnlfbmFtZSI6IkluZHJhIiwiYWRkcmVzc19jaXR5IjoiU2FuIEZlcm5hbmRvIGRlIEhlbmFyZXMsIFNwYWluIiwiaHRpZG9jaWQiOiIzSEZ0S0liSEdDbXFIcTVUQUFBQUFBPT0iLCJ1dWxlIjoidytDQUlRSUNJRlUzQmhhVzQifQ==,Integración
eyJqb2JfdGl0bGUiOiJJbmdlbmllcm8vYSBkZSBDYWxpZGFkIiwiY29tcGFueV9uYW1lIjoiSW5kcmEiLCJhZGRyZXNzX2NpdHkiOiJUb3JyZWrDs24gZGUgQXJkb3osIFNwYWluIiwiaHRpZG9jaWQiOiI1S1AwbGZSZEZ0Z2FkY3RrQUFBQUFBPT0iLCJ1dWxlIjoidytDQUlRSUNJRlUzQmhhVzQifQ==,Seguridad
eyJqb2JfdGl0bGUiOiJJbmdlbmllcm8vYSBDYWxpZGFkLVByb3llY3RvcyBTZW5pb3IiLCJjb21wYW55X25hbWUiOiJUYWxnbyIsImFkZHJlc3NfY2l0eSI6IkxhcyBSb3phcyBkZSBNYWRyaWQsIFNwYWluIiwiaHRpZG9jaWQiOiJEc1M5bV9Jd01mYl9ScE52QUFBQUFBPT0iLCJ1dWxlIjoidytDQUlRSUNJRlUzQmhhVzQifQ==,Seguridad
eyJqb2JfdGl0bGUiOiJJbmdlbmllcm8vYSBkZSBDYWxpZGFkIiwiY29tcGFueV9uYW1lIjoiSVNQUk9YIiwiYWRkcmVzc19jaXR5IjoiVmFsbGFkb2xpZCwgU3BhaW4iLCJodGlkb2NpZCI6IkRZaHFxek56NksyLUJ5WHBBQUFBQUE9PSIsInV1bGUiOiJ3K0NBSVFJQ0lGVTNCaGFXNCJ9,Seguridad
eyJqb2JfdGl0bGUiOiJJbmdlbmllcm8vYSBkZSBDYWxpZGFkIGRlIFByb2Nlc29zIGUgSW5kdXN0cmlhbGl6YWNpw7NuIiwiY29tcGFueV9uYW1lIjoiQUxURU4gU3BhaW4iLCJhZGRyZXNzX2NpdHkiOiJNZWxpYW5hLCBTcGFpbiIsImh0aWRvY2lkIjoiQl9SQ2UwWmFUQVlsS3hzRUFBQUFBQT09IiwidXVsZSI6IncrQ0FJUUlDSUZVM0JoYVc0In0=,Integración
eyJqb2JfdGl0bGUiOiJJbmdlbmllcm8vYSBkZSBDYWxpZGFkIChNYWRyaWQpIiwiY29tcGFueV9uYW1lIjoiVGhlIFdoaXRlYW0iLCJhZGRyZXNzX2NpdHkiOiJTcGFpbiIsImh0aWRvY2lkIjoiM1RvTzhETFBXV3JyMUxDdEFBQUFBQT09IiwidXVsZSI6IncrQ0FJUUlDSUZVM0JoYVc0In0=,Seguridad
eyJqb2JfdGl0bGUiOiJJbmdlbmllcm8vYSBkZSBDYWxpZGFkIEp1bmlvciIsImNvbXBhbnlfbmFtZSI6IkdydXBvIENyaXQiLCJhZGRyZXNzX2NpdHkiOiJNYWRyaWQsIFNwYWluIiwiaHRpZG9jaWQiOiJ2TUh5VjdQQm5ldUJ6WUJyQUFBQUFBPT0iLCJ1dWxlIjoidytDQUlRSUNJRlUzQmhhVzQifQ==,Base de datos
eyJqb2JfdGl0bGUiOiJJbmdlbmllcm8vYSBkZSBjYWxpZGFkIHByb3ZlZWRvcmVzIiwiY29tcGFueV9uYW1lIjoiQmV0d2VlbiBUZWNobm9sb2d5IiwiYWRkcmVzc19jaXR5IjoiWmFyYWdvemEsIFNwYWluIiwiaHRpZG9jaWQiOiI5S2R2d1BPZE16d0JaNmxjQUFBQUFBPT0iLCJ1dWxlIjoidytDQUlRSUNJRlUzQmhhVzQifQ==,Seguridad
eyJqb2JfdGl0bGUiOiJJbmdlbmllcm8vYSBkZSBjYWxpZGFkIiwiY29tcGFueV9uYW1lIjoiR01WIiwiYWRkcmVzc19jaXR5IjoiTWFkcmlkLCBTcGFpbiIsImh0aWRvY2lkIjoiUGNBT3EwVjY3LWpFX0htQkFBQUFBQT09IiwidXVsZSI6IncrQ0FJUUlDSUZVM0JoYVc0In0=,Seguridad
eyJqb2JfdGl0bGUiOiJJbmdlbmllcm8gZGUgQ2FsaWRhZCIsImNvbXBhbnlfbmFtZSI6IkF1cmVuIFBlcnNvbmFzIC0gU2VsZWNjacOzbiBcdTAwMjYgRXhlY3V0aXZlIFNlYXJjaCIsImFkZHJlc3NfY2l0eSI6IlNwYWluIiwiaHRpZG9jaWQiOiIzb0M0YmU2dFI1Q0M5NWRZQUFBQUFBPT0iLCJ1dWxlIjoidytDQUlRSUNJRlUzQmhhVzQifQ==,Seguridad
eyJqb2JfdGl0bGUiOiJJbmdlbmllcm8vQSBDYWxpZGFkLVByb3llY3RvcyBTZW5pb3IiLCJjb21wYW55X25hbWUiOiJUYWxnbyIsImFkZHJlc3NfY2l0eSI6IkJhcmNlbG9uYSwgU3BhaW4iLCJodGlkb2NpZCI6IkM0U1hGLVNuSkhrSXhTNGlBQUFBQUE9PSIsInV1bGUiOiJ3K0NBSVFJQ0lGVTNCaGFXNCJ9,Seguridad
eyJqb2JfdGl0bGUiOiJRcDMzMCBJbmdlbmllcm8gQ2FsaWRhZCIsImNvbXBhbnlfbmFtZSI6IkFjaXR1cnJpIiwiYWRkcmVzc19jaXR5IjoiTWFkcmlkLCBTcGFpbiIsImh0aWRvY2lkIjoiRnRVQWs1aEpraE1hREk5Z0FBQUFBQT09IiwidXVsZSI6IncrQ0FJUUlDSUZVM0JoYVc0In0=,Seguridad
eyJqb2JfdGl0bGUiOiJJbmdlbmllcm8gUWEgU2VuaW9yIERlIENhbGlkYWQgRGUgU29mdHdhcmUiLCJjb21wYW55X25hbWUiOiJDcmVhcnRlIENvbnN1bHRpbmciLCJhZGRyZXNzX2NpdHkiOiJNYWRyaWQsIFNwYWluIiwiaHRpZG9jaWQiOiJKUlFjd1lkVTJjUkthRnUxQUFBQUFBPT0iLCJ1dWxlIjoidytDQUlRSUNJRlUzQmhhVzQifQ==,Seguridad
eyJqb2JfdGl0bGUiOiJJbmdlbmllcm8gUWEgU2VuaW9yIERlIENhbGlkYWQgRGUgU29mdHdhcmUiLCJjb21wYW55X25hbWUiOiJDcmVhcnRlIENvbnN1bHRpbmciLCJhZGRyZXNzX2NpdHkiOiJNYWRyaWQsIFNwYWluIiwiaHRpZG9jaWQiOiJKUlFjd1lkVTJjUkthRnUxQUFBQUFBPT0iLCJ1dWxlIjoidytDQUlRSUNJRlUzQmhhVzQifQ==,Integración
eyJqb2JfdGl0bGUiOiJJbmdlbmllcm8vYSBDYWxpZGFkIHkgU2VydmljaW8iLCJjb21wYW55X25hbWUiOiJWZWxhdGlhIiwiYWRkcmVzc19jaXR5IjoiU3BhaW4iLCJodGlkb2NpZCI6InVUS2hFRUpGdzFtZ0FUS0tBQUFBQUE9PSIsInV1bGUiOiJ3K0NBSVFJQ0lGVTNCaGFXNCJ9,Base de datos
eyJqb2JfdGl0bGUiOiJJbmdlbmllcm8gUWEgU2VuaW9yIENhbGlkYWQgU29mdHdhcmUsIE1hZHJpZCIsImNvbXBhbnlfbmFtZSI6IkNyZWFydGUgQ29uc3VsdGluZyIsImFkZHJlc3NfY2l0eSI6IkJhcmNlbG9uYSwgU3BhaW4iLCJodGlkb2NpZCI6IjJEcVQySF9aMW9iUlVOcFVBQUFBQUE9PSIsInV1bGUiOiJ3K0NBSVFJQ0lGVTNCaGFXNCJ9,Seguridad
eyJqb2JfdGl0bGUiOiJJbmdlbmllcm8gUWEgU2VuaW9yIENhbGlkYWQgU29mdHdhcmUsIE1hZHJpZCIsImNvbXBhbnlfbmFtZSI6IkNyZWFydGUgQ29uc3VsdGluZyIsImFkZHJlc3NfY2l0eSI6IkJhcmNlbG9uYSwgU3BhaW4iLCJodGlkb2NpZCI6IjJEcVQySF9aMW9iUlVOcFVBQUFBQUE9PSIsInV1bGUiOiJ3K0NBSVFJQ0lGVTNCaGFXNCJ9,Integración
eyJqb2JfdGl0bGUiOiJBTkFMSVNUQSBDQUxJREFEIFNFTklPUiBTRUNUT1IgSVQiLCJjb21wYW55X25hbWUiOiJTMiBHcnVwbyIsImFkZHJlc3NfY2l0eSI6IlZhbGVuY2lhLCBTcGFpbiIsImh0aWRvY2lkIjoiYThTSm1leWZZLTRXeXJQSUFBQUFBQT09IiwidXVsZSI6IncrQ0FJUUlDSUZVM0JoYVc0In0=,Seguridad
eyJqb2JfdGl0bGUiOiJJbmdlbmllcm8vYSBTZW5pb3IgZGUgQ2FsaWRhZCIsImNvbXBhbnlfbmFtZSI6IkdydXBvIE9lc2lhIiwiYWRkcmVzc19jaXR5IjoiU3BhaW4iLCJodGlkb2NpZCI6IlRnLW5zck9RYUFUY3NRX1pBQUFBQUE9PSIsInV1bGUiOiJ3K0NBSVFJQ0lGVTNCaGFXNCJ9,Seguridad
eyJqb2JfdGl0bGUiOiJJbmdlbmllcm8vYSBTZW5pb3IgZGUgQ2FsaWRhZCIsImNvbXBhbnlfbmFtZSI6IkdydXBvIE9lc2lhIiwiYWRkcmVzc19jaXR5IjoiUml2YXMtVmFjaWFtYWRyaWQsIFNwYWluIiwiaHRpZG9jaWQiOiJtMXNLWlRoNFRMTnJrZ0hEQUFBQUFBPT0iLCJ1dWxlIjoidytDQUlRSUNJRlUzQmhhVzQifQ==,Seguridad
eyJqb2JfdGl0bGUiOiJBZG1pbmlzdHJhY2nDs24gZGUgc2lzdGVtYXMgV2luZG93cyIsImNvbXBhbnlfbmFtZSI6IlNPU01BVElDIiwiYWRkcmVzc19jaXR5IjoiQmFyY2Vsb25hLCBTcGFpbiIsImh0aWRvY2lkIjoiMDJQN0RIWERyWlJiNTNiWEFBQUFBQT09IiwidXVsZSI6IncrQ0FJUUlDSUZVM0JoYVc0In0=,Integración
eyJqb2JfdGl0bGUiOiIoRFowNjkpIC0gQWRtaW5pc3RyYWRvciBTaXN0ZW1hcyBXaW5kb3dzL1NlZ3VyaWRhZCIsImNvbXBhbnlfbmFtZSI6IlJlY29ub2NpZGEgZW1wcmVzYSIsImFkZHJlc3NfY2l0eSI6IkNvbW11bml0eSBvZiBNYWRyaWQsIFNwYWluIiwiaHRpZG9jaWQiOiJZcDRSS2lxWHFXX0NQeFNmQUFBQUFBPT0iLCJ1dWxlIjoidytDQUlRSUNJRlUzQmhhVzQifQ==,Seguridad
eyJqb2JfdGl0bGUiOiJBZG1pbmlzdHJhZG9yL2EgZGUgU2lzdGVtYXMgTWljcm9zb2Z0IiwiY29tcGFueV9uYW1lIjoiS1JJTURBIiwiYWRkcmVzc19jaXR5IjoiTWFkcmlkLCBTcGFpbiIsImh0aWRvY2lkIjoiWjVXRXk4RTVJS2ZEdW43V0FBQUFBQT09IiwidXVsZSI6IncrQ0FJUUlDSUZVM0JoYVc0In0=,Seguridad
eyJqb2JfdGl0bGUiOiJBZG1pbmlzdHJhZG9yIGRlIFNpc3RlbWFzIFdpbmRvd3MgLyBMaW51eCIsImNvbXBhbnlfbmFtZSI6IkRhdGEgVHJlbmRzIiwiYWRkcmVzc19jaXR5IjoiTWFkcmlkLCBTcGFpbiIsImh0aWRvY2lkIjoiYVN2VjljR1BZcktybWE0QUFBQUFBQT09IiwidXVsZSI6IncrQ0FJUUlDSUZVM0JoYVc0In0=,Seguridad
eyJqb2JfdGl0bGUiOiJBZG1pbmlzdHJhZG9yIGRlIFNpc3RlbWFzIFdpbmRvd3MgcGFyYSB1bmEgY29uc3VsdG9yYSBJVCBjb24gc2VkZXMgZW4gTcOhbGFnYSIsImNvbXBhbnlfbmFtZSI6IkFudGFsIEludGVybmF0aW9uYWwiLCJhZGRyZXNzX2NpdHkiOiJNw6FsYWdhLCBTcGFpbiIsImh0aWRvY2lkIjoiMzdjVl9LLXR5OVVHYlB5cEFBQUFBQT09IiwidXVsZSI6IncrQ0FJUUlDSUZVM0JoYVc0In0=,Seguridad
eyJqb2JfdGl0bGUiOiJBZG1pbmlzdHJhZG9yIFNpc3RlbWFzIFdpbmRvd3MgeSBMaW51eCIsImNvbXBhbnlfbmFtZSI6IkhBWVMiLCJhZGRyZXNzX2NpdHkiOiJNYWRyaWQsIFNwYWluIiwiaHRpZG9jaWQiOiItNzFnQVEtQm9aSHdGNDZlQUFBQUFBPT0iLCJ1dWxlIjoidytDQUlRSUNJRlUzQmhhVzQifQ==,Seguridad
eyJqb2JfdGl0bGUiOiJBZG1pbmlzdHJhZG9yL2EgU2VndXJpZGFkIFdpbmRvd3MiLCJjb21wYW55X25hbWUiOiJJbmV0dW0iLCJhZGRyZXNzX2NpdHkiOiJNYWRyaWQsIFNwYWluIiwiaHRpZG9jaWQiOiJ4VUpudVQ1NWZLYko5T1k0QUFBQUFBPT0iLCJ1dWxlIjoidytDQUlRSUNJRlUzQmhhVzQifQ==,Seguridad
eyJqb2JfdGl0bGUiOiJBZG1pbmlzdHJhY2nDs24gZGUgc2lzdGVtYXMgV2luZG93cyIsImNvbXBhbnlfbmFtZSI6IklOVEVHUkFDScOTTiBURUNOT0zDk0dJQ0EgRU1QUkVTQVJJQUwsIFMuTC4iLCJhZGRyZXNzX2NpdHkiOiJNYWRyaWQsIFNwYWluIiwiaHRpZG9jaWQiOiJGZlpHbGZUeFZMUENqZ3lyQUFBQUFBPT0iLCJ1dWxlIjoidytDQUlRSUNJRlUzQmhhVzQifQ==,Seguridad
eyJqb2JfdGl0bGUiOiJBZG1pbmlzdHJhZG9yIGRlIFNpc3RlbWFzIFx1MDAyNiBEZXZPcHMiLCJjb21wYW55X25hbWUiOiJPWElHRU5UIFRlY2hub2xvZ2llcyIsImFkZHJlc3NfY2l0eSI6IkJhcmNlbG9uYSwgU3BhaW4iLCJodGlkb2NpZCI6IlNFdk0tS2VRSGJjWG5pOUNBQUFBQUE9PSIsInV1bGUiOiJ3K0NBSVFJQ0lGVTNCaGFXNCJ9,Seguridad
eyJqb2JfdGl0bGUiOiJBRE1JTklTVFJBRE9SL0EgREUgU0lTVEVNQVMgV0lORE9XUyBZIExJTlVYIiwiY29tcGFueV9uYW1lIjoiR0FSVkFMSU4iLCJhZGRyZXNzX2NpdHkiOiJFbGNoZSwgU3BhaW4iLCJodGlkb2NpZCI6ImU1bjRsUEdqNVNvYlVzMnBBQUFBQUE9PSIsInV1bGUiOiJ3K0NBSVFJQ0lGVTNCaGFXNCJ9,Seguridad
eyJqb2JfdGl0bGUiOiJBZG1pbmlzdHJhZG9yIFNpc3RlbWFzIElUIC0gQ2xvdWQgUmVkZXMgWSBTZWd1cmlkYWQiLCJjb21wYW55X25hbWUiOiJUaW11cCIsImFkZHJlc3NfY2l0eSI6Ik1hZHJpZCwgU3BhaW4iLCJodGlkb2NpZCI6InEyWlZUekxVNWd0b3FTdWpBQUFBQUE9PSIsInV1bGUiOiJ3K0NBSVFJQ0lGVTNCaGFXNCJ9,Seguridad
eyJqb2JfdGl0bGUiOiJBZG1pbmlzdHJhZG9yIFNpc3RlbWFzIElUIC0gQ2xvdWQsIHJlZGVzIHkgc2VndXJpZGFkIChGb3J0aW5ldCkiLCJjb21wYW55X25hbWUiOiJUaW11cCIsImFkZHJlc3NfY2l0eSI6IkNvbW11bml0eSBvZiBNYWRyaWQsIFNwYWluIiwiaHRpZG9jaWQiOiJHSVZWdWFfYThpY2hFaHNpQUFBQUFBPT0iLCJ1dWxlIjoidytDQUlRSUNJRlUzQmhhVzQifQ==,Seguridad
eyJqb2JfdGl0bGUiOiJBZG1pbmlzdHJhZG9yIFNpc3RlbWFzIFdpbmRvd3MgU2VuaW9yIiwiY29tcGFueV9uYW1lIjoiU2FuZGF2IiwiYWRkcmVzc19jaXR5IjoiTWFkcmlkLCBTcGFpbiIsImh0aWRvY2lkIjoiTnJNd0FZd2FiRGNCMWxrQkFBQUFBQT09IiwidXVsZSI6IncrQ0FJUUlDSUZVM0JoYVc0In0=,Seguridad
eyJqb2JfdGl0bGUiOiJTaXN0ZW1hcyAoV2luZG93cykiLCJjb21wYW55X25hbWUiOiJEaWdpdGFsIFRhbGVudCBBZ2VuY3kiLCJhZGRyZXNzX2NpdHkiOiJCYXJjZWxvbmEsIFNwYWluIiwiaHRpZG9jaWQiOiJ0aWlHWG1uY0Nvb2xmanhWQUFBQUFBPT0iLCJ1dWxlIjoidytDQUlRSUNJRlUzQmhhVzQifQ==,Seguridad
eyJqb2JfdGl0bGUiOiJBZG1pbmlzdHJhZG9yL0EgRGUgU2lzdGVtYXMgV2luZG93cyIsImNvbXBhbnlfbmFtZSI6Ik1hbHRodXMgRGFyd2luIiwiYWRkcmVzc19jaXR5IjoiQmFyY2Vsb25hLCBTcGFpbiIsImh0aWRvY2lkIjoidjFqdW9RWGxuUGZDYXZTYUFBQUFBQT09IiwidXVsZSI6IncrQ0FJUUlDSUZVM0JoYVc0In0=,Seguridad
eyJqb2JfdGl0bGUiOiJFc3BlY2lhbGlzdGEgZW4gU2lzdGVtYXMgV2luZG93cyIsImNvbXBhbnlfbmFtZSI6ImlUUmVjcnVpdGVyIiwiYWRkcmVzc19jaXR5IjoiU2V2aWxsZSwgU3BhaW4iLCJodGlkb2NpZCI6IlpFblhxcU92bmNVNy03V1dBQUFBQUE9PSIsInV1bGUiOiJ3K0NBSVFJQ0lGVTNCaGFXNCJ9,Seguridad
eyJqb2JfdGl0bGUiOiJHZXN0b3IgZXNwZWNpYWxpc3RhIGVuIENsb3VkIFNlY3VyaXR5IiwiY29tcGFueV9uYW1lIjoiVGFsZW50IEhhY2tlcnMiLCJhZGRyZXNzX2NpdHkiOiJCYXJjZWxvbmEsIFNwYWluIiwiaHRpZG9jaWQiOiJ4UGVydDBwdmhvTGFQVDE5QUFBQUFBPT0iLCJ1dWxlIjoidytDQUlRSUNJRlUzQmhhVzQifQ==,Seguridad
eyJqb2JfdGl0bGUiOiJFc3BlY2lhbGlzdGEgRW4gU2VndXJpZGFkIENsb3VkIiwiY29tcGFueV9uYW1lIjoiQWJhbGlhIENvbnN1bHRpbmcgU2wiLCJhZGRyZXNzX2NpdHkiOiJNYWRyaWQsIFNwYWluIiwiaHRpZG9jaWQiOiI4cmg5bHdzT0Y4eHppNnE3QUFBQUFBPT0iLCJ1dWxlIjoidytDQUlRSUNJRlUzQmhhVzQifQ==,Seguridad
eyJqb2JfdGl0bGUiOiJDbG91ZCBTZWN1cml0eSBDb25zdWx0YW50IChBd3MvQXp1cmUpIiwiY29tcGFueV9uYW1lIjoiQWNjZW50dXJlIiwiYWRkcmVzc19jaXR5IjoiTWFkcmlkLCBTcGFpbiIsImh0aWRvY2lkIjoiWFB5SlFxMEF2RWhhTWVhSEFBQUFBQT09IiwidXVsZSI6IncrQ0FJUUlDSUZVM0JoYVc0In0=,Seguridad
eyJqb2JfdGl0bGUiOiJFc3BlY2lhbGlzdGEgZW4gU2VndXJpZGFkIGVuIGxhIE51YmUiLCJjb21wYW55X25hbWUiOiJDYWl4YUJhbmsiLCJhZGRyZXNzX2NpdHkiOiJCYXJjZWxvbmEsIFNwYWluIiwiaHRpZG9jaWQiOiJXODJ5NVFfTTdPSUh2SFRMQUFBQUFBPT0iLCJ1dWxlIjoidytDQUlRSUNJRlUzQmhhVzQifQ==,Seguridad
eyJqb2JfdGl0bGUiOiJFeHBlcnRvL2EgZW4gQ2liZXJzZWd1cmlkYWQgQ2xvdWQiLCJjb21wYW55X25hbWUiOiJDYXJyZWZvdXIgRXNwYcOxYSIsImFkZHJlc3NfY2l0eSI6IkFsY29iZW5kYXMsIFNwYWluIiwiaHRpZG9jaWQiOiJ5ZGdvOUZNZFdndERoeHpWQUFBQUFBPT0iLCJ1dWxlIjoidytDQUlRSUNJRlUzQmhhVzQifQ==,Seguridad
eyJqb2JfdGl0bGUiOiJFeHBlcnRvL2EgZW4gQ2liZXJzZWd1cmlkYWQgQ2xvdWQiLCJjb21wYW55X25hbWUiOiJDYXJyZWZvdXIgRXNwYcOxYSIsImFkZHJlc3NfY2l0eSI6IkFsY29iZW5kYXMsIFNwYWluIiwiaHRpZG9jaWQiOiJ5ZGdvOUZNZFdndERoeHpWQUFBQUFBPT0iLCJ1dWxlIjoidytDQUlRSUNJRlUzQmhhVzQifQ==,Integración
eyJqb2JfdGl0bGUiOiJHZXN0b3IvQSBFc3BlY2lhbGlzdGEgRW4gQ2xvdWQgU2VjdXJpdHkiLCJjb21wYW55X25hbWUiOiJDYWl4YWJhbmssIFMuQSIsImFkZHJlc3NfY2l0eSI6IlNldmlsbGUsIFNwYWluIiwiaHRpZG9jaWQiOiJZbDhNOUQ0Z0FzMlBfOWp0QUFBQUFBPT0iLCJ1dWxlIjoidytDQUlRSUNJRlUzQmhhVzQifQ==,Seguridad
eyJqb2JfdGl0bGUiOiJFc3BlY2lhbGlzdGEgU2VndXJpZGFkIENsb3VkIFkgRGV2c2Vjb3BzIiwiY29tcGFueV9uYW1lIjoiQWNjaW9uYSIsImFkZHJlc3NfY2l0eSI6Ik1hZHJpZCwgU3BhaW4iLCJodGlkb2NpZCI6IlVTMlU4eVB6bVVGcWFCVHhBQUFBQUE9PSIsInV1bGUiOiJ3K0NBSVFJQ0lGVTNCaGFXNCJ9,Seguridad
eyJqb2JfdGl0bGUiOiJFc3BlY2lhbGlzdGEgQ2liZXJzZWd1cmlkYWQgQ2xvdWQgMTAwJSBSZW1vdG8iLCJjb21wYW55X25hbWUiOiJTZyBUZWNoIiwiYWRkcmVzc19jaXR5IjoiTWFkcmlkLCBTcGFpbiIsImh0aWRvY2lkIjoiM3FZVG5DMDFYektnTWJySUFBQUFBQT09IiwidXVsZSI6IncrQ0FJUUlDSUZVM0JoYVc0In0=,Seguridad
eyJqb2JfdGl0bGUiOiJBcnF1aXRlY3RvIGRlIFNlZ3VyaWRhZCBDbG91ZCAoQXp1cmUsIEFXUyB5IEdDUCkiLCJjb21wYW55X25hbWUiOiJBbG92aWEgQ29uc3VsdGluZyIsImFkZHJlc3NfY2l0eSI6Ik1hZHJpZCwgU3BhaW4iLCJodGlkb2NpZCI6IjdtbHQ4a3BON1g3bWN2X2dBQUFBQUE9PSIsInV1bGUiOiJ3K0NBSVFJQ0lGVTNCaGFXNCJ9,Seguridad
eyJqb2JfdGl0bGUiOiJBcnF1aXRlY3RvL2EgZGUgU2VndXJpZGFkIENsb3VkIiwiY29tcGFueV9uYW1lIjoiRVkiLCJhZGRyZXNzX2NpdHkiOiJCYXJjZWxvbmEsIFNwYWluIiwiaHRpZG9jaWQiOiJIN09kNkN3TlpXdjJGZ2YtQUFBQUFBPT0iLCJ1dWxlIjoidytDQUlRSUNJRlUzQmhhVzQifQ==,Seguridad
eyJqb2JfdGl0bGUiOiJDbG91ZCBTZWN1cml0eSBFbmdpbmVlciAoSHlicmlkIHNldHVwKSIsImNvbXBhbnlfbmFtZSI6IlN3aXNzIFJlIiwiYWRkcmVzc19jaXR5IjoiTWFkcmlkLCBTcGFpbiIsImh0aWRvY2lkIjoienNZM2c1OTZmSFpBNnVHYUFBQUFBQT09IiwidXVsZSI6IncrQ0FJUUlDSUZVM0JoYVc0In0=,Mobile
eyJqb2JfdGl0bGUiOiJJbmdlbmllcm8vYSBkZSBTZWd1cmlkYWQgQ2xvdWQsIDEwMCUgRW4gcmVtb3RvIiwiY29tcGFueV9uYW1lIjoiR3J1cG8gU0lBIiwiYWRkcmVzc19jaXR5IjoiU3BhaW4iLCJodGlkb2NpZCI6IkRjckJxYlg5RTdzWXljT3hBQUFBQUE9PSIsInV1bGUiOiJ3K0NBSVFJQ0lGVTNCaGFXNCJ9,Seguridad
eyJqb2JfdGl0bGUiOiJBcnF1aXRlY3RvL0EgU2VndXJpZGFkIENsb3VkIiwiY29tcGFueV9uYW1lIjoiR3J1cG8gRGlnaXRhbCIsImFkZHJlc3NfY2l0eSI6Ik1hZHJpZCwgU3BhaW4iLCJodGlkb2NpZCI6Ik1YUVUwZ1NWR04yVkw0XzRBQUFBQUE9PSIsInV1bGUiOiJ3K0NBSVFJQ0lGVTNCaGFXNCJ9,Seguridad
eyJqb2JfdGl0bGUiOiJDbG91ZCBTZWN1cml0eSBFbmdpbmVlciIsImNvbXBhbnlfbmFtZSI6IkdFVEQgLSBHbG9iYWwgRXhjaGFuZ2UgVGVjbm9sb2fDrWFzIERpZ2l0YWxlcyIsImFkZHJlc3NfY2l0eSI6IlNhbGFtYW5jYSwgU3BhaW4iLCJodGlkb2NpZCI6InI0TEJJRUhwb2VLdHFvZzRBQUFBQUE9PSIsInV1bGUiOiJ3K0NBSVFJQ0lGVTNCaGFXNCJ9,Seguridad
eyJqb2JfdGl0bGUiOiJDbG91ZCBTZWN1cml0eSBFbmdpbmVlciIsImNvbXBhbnlfbmFtZSI6IkdFVEQgLSBHbG9iYWwgRXhjaGFuZ2UgVGVjbm9sb2fDrWFzIERpZ2l0YWxlcyIsImFkZHJlc3NfY2l0eSI6IlNhbGFtYW5jYSwgU3BhaW4iLCJodGlkb2NpZCI6InI0TEJJRUhwb2VLdHFvZzRBQUFBQUE9PSIsInV1bGUiOiJ3K0NBSVFJQ0lGVTNCaGFXNCJ9,Base de datos
eyJqb2JfdGl0bGUiOiJBcnF1aXRlY3RvIFNlZ3VyaWRhZCBDbG91ZCIsImNvbXBhbnlfbmFtZSI6IlVzdCIsImFkZHJlc3NfY2l0eSI6IkJhcmNlbG9uYSwgU3BhaW4iLCJodGlkb2NpZCI6ImlyY0xWRjIxSFNreUFxUjJBQUFBQUE9PSIsInV1bGUiOiJ3K0NBSVFJQ0lGVTNCaGFXNCJ9,Seguridad
eyJqb2JfdGl0bGUiOiJBZG1pbmlzdHJhZG9yIFNpc3RlbWFzIElUIC0gQ2xvdWQsIHJlZGVzIHkgc2VndXJpZGFkIChGb3J0aW5ldCkiLCJjb21wYW55X25hbWUiOiJUaW11cCIsImFkZHJlc3NfY2l0eSI6Ik1hZHJpZCwgU3BhaW4iLCJodGlkb2NpZCI6ImJnNkhQNm5RLU5NSVR1dWxBQUFBQUE9PSIsInV1bGUiOiJ3K0NBSVFJQ0lGVTNCaGFXNCJ9,Seguridad
eyJqb2JfdGl0bGUiOiJDb25zdWx0b3IgZGUgU2VndXJpZGFkIGVuIE51YmVzIE1vZGVybmFzIiwiY29tcGFueV9uYW1lIjoiRGV2b3RlYW0iLCJhZGRyZXNzX2NpdHkiOiJNYWRyaWQsIFNwYWluIiwiaHRpZG9jaWQiOiJhVUJCdUxPQVE1V1IzM2M3QUFBQUFBPT0iLCJ1dWxlIjoidytDQUlRSUNJRlUzQmhhVzQifQ==,Seguridad
eyJqb2JfdGl0bGUiOiJBcnF1aXRlY3RvL2EgZGUgQ2liZXJzZWd1cmlkYWQiLCJjb21wYW55X25hbWUiOiJJbmRyYSIsImFkZHJlc3NfY2l0eSI6IlNwYWluIiwiaHRpZG9jaWQiOiI1UV9IQVk1OTNCdEI1OXNCQUFBQUFBPT0iLCJ1dWxlIjoidytDQUlRSUNJRlUzQmhhVzQifQ==,Seguridad
eyJqb2JfdGl0bGUiOiJJVCBTZWN1cml0eSBTZW5pb3IgQ29uc3VsdGFudCIsImNvbXBhbnlfbmFtZSI6Im15Q2xvdWREb29yIiwiYWRkcmVzc19jaXR5IjoiTWFkcmlkLCBTcGFpbiIsImh0aWRvY2lkIjoiTW1IeGtuQ21BRjk0V2pKQ0FBQUFBQT09IiwidXVsZSI6IncrQ0FJUUlDSUZVM0JoYVc0In0=,Seguridad
eyJqb2JfdGl0bGUiOiJDb25zdWx0b3IvYSBTZW5pb3IgQ2liZXJzZWd1cmlkYWQgLSBCYXJjZWxvbmEiLCJjb21wYW55X25hbWUiOiJFWSIsImFkZHJlc3NfY2l0eSI6IkJhcmNlbG9uYSwgU3BhaW4iLCJodGlkb2NpZCI6IjVteDB5dldvSFVhRDFqejlBQUFBQUE9PSIsInV1bGUiOiJ3K0NBSVFJQ0lGVTNCaGFXNCJ9,Seguridad
eyJqb2JfdGl0bGUiOiJDb25zdWx0b3IvQSBHcmMgRW4gQ2liZXJzZWd1cmlkYWQgLSBNYWRyaWQiLCJjb21wYW55X25hbWUiOiJHT1ZFUlRJUyIsImFkZHJlc3NfY2l0eSI6IlphcmFnb3phLCBTcGFpbiIsImh0aWRvY2lkIjoiMmRNNzI0Ykg1d2xsZTlvU0FBQUFBQT09IiwidXVsZSI6IncrQ0FJUUlDSUZVM0JoYVc0In0=,Seguridad
eyJqb2JfdGl0bGUiOiJDb25zdWx0b3IgZGUgQ2liZXJzZWd1cmlkYWQgUEtJLCBoaWJyaWRvIiwiY29tcGFueV9uYW1lIjoiQmFvc3MiLCJhZGRyZXNzX2NpdHkiOiJNYWRyaWQsIFNwYWluIiwiaHRpZG9jaWQiOiJoenJFTHYyOGE4ZUU1Tzd6QUFBQUFBPT0iLCJ1dWxlIjoidytDQUlRSUNJRlUzQmhhVzQifQ==,Seguridad
eyJqb2JfdGl0bGUiOiJDb25zdWx0b3IgZGUgQ2liZXJzZWd1cmlkYWQgUEtJLCBoaWJyaWRvIiwiY29tcGFueV9uYW1lIjoiQmFvc3MiLCJhZGRyZXNzX2NpdHkiOiJNYWRyaWQsIFNwYWluIiwiaHRpZG9jaWQiOiJoenJFTHYyOGE4ZUU1Tzd6QUFBQUFBPT0iLCJ1dWxlIjoidytDQUlRSUNJRlUzQmhhVzQifQ==,Integración
eyJqb2JfdGl0bGUiOiJDb25zdWx0b3IgZGUgU2VndXJpZGFkIEluZm9ybcOhdGljYSB8IFBlbnRlc3RpbmcgV2ViIiwiY29tcGFueV9uYW1lIjoiUHdDIiwiYWRkcmVzc19jaXR5IjoiTWFkcmlkLCBTcGFpbiIsImh0aWRvY2lkIjoicjNyemlNRWVFS255REFvRUFBQUFBQT09IiwidXVsZSI6IncrQ0FJUUlDSUZVM0JoYVc0In0=,Seguridad
eyJqb2JfdGl0bGUiOiJDb25zdWx0b3IvYSBDaWJlcnNlZ3VyaWRhZC4gUmVtb3RvIiwiY29tcGFueV9uYW1lIjoiSW5mb3JnZXMiLCJhZGRyZXNzX2NpdHkiOiJNdXJjaWEsIFNwYWluIiwiaHRpZG9jaWQiOiJyR0UzTnp2cExHU2dQdVZHQUFBQUFBPT0iLCJ1dWxlIjoidytDQUlRSUNJRlUzQmhhVzQifQ==,Seguridad
eyJqb2JfdGl0bGUiOiIoVVRBNjAxKSBDb25zdWx0b3IgQ2liZXJzZWd1cmlkYWQiLCJjb21wYW55X25hbWUiOiJNaWNoYWVsIFBhZ2UiLCJhZGRyZXNzX2NpdHkiOiJDb21tdW5pdHkgb2YgTWFkcmlkLCBTcGFpbiIsImh0aWRvY2lkIjoiQ3VLd21qazdkZVhZRlItQkFBQUFBQT09IiwidXVsZSI6IncrQ0FJUUlDSUZVM0JoYVc0In0=,Seguridad
eyJqb2JfdGl0bGUiOiJDb25zdWx0b3IvYSBTZW5pb3IgQ2liZXJzZWd1cmlkYWQtIE1hZHJpZCIsImNvbXBhbnlfbmFtZSI6IkVZIiwiYWRkcmVzc19jaXR5IjoiTWFkcmlkLCBTcGFpbiIsImh0aWRvY2lkIjoiclBuTERoVnl2TlFDVFgwcUFBQUFBQT09IiwidXVsZSI6IncrQ0FJUUlDSUZVM0JoYVc0In0=,Seguridad
eyJqb2JfdGl0bGUiOiJFc3BlY2lhbGlzdGEgZW4gUmVkZXMgeSBTaXN0ZW1hcyIsImNvbXBhbnlfbmFtZSI6IkhheXMiLCJhZGRyZXNzX2NpdHkiOiJBc3R1cmlhcywgU3BhaW4iLCJodGlkb2NpZCI6ImdJRDhEaTBFNUNheC1YQzNBQUFBQUE9PSIsInV1bGUiOiJ3K0NBSVFJQ0lGVTNCaGFXNCJ9,Seguridad
eyJqb2JfdGl0bGUiOiJUw4lDTklDTy9BIEVTUEVDSUFMSVNUQSBFTiBDSUJFUlNFR1VSSURBRCIsImNvbXBhbnlfbmFtZSI6IkNvbmdhbHNhIiwiYWRkcmVzc19jaXR5IjoiU3BhaW4iLCJodGlkb2NpZCI6IjBNTXN1bzc0NUlmajhtWThBQUFBQUE9PSIsInV1bGUiOiJ3K0NBSVFJQ0lGVTNCaGFXNCJ9,Seguridad
eyJqb2JfdGl0bGUiOiJFc3BlY2lhbGlzdGEgZW4gU2VndXJpZGFkIEluZm9ybWFjacOzbiIsImNvbXBhbnlfbmFtZSI6IkdNViIsImFkZHJlc3NfY2l0eSI6Ik1hZHJpZCwgU3BhaW4iLCJodGlkb2NpZCI6IjNtUGxTbGprZjFGWWFQZHJBQUFBQUE9PSIsInV1bGUiOiJ3K0NBSVFJQ0lGVTNCaGFXNCJ9,Seguridad
eyJqb2JfdGl0bGUiOiJFc3BlY2lhbGlzdGEgZW4gY2liZXJzZWd1cmlkYWQiLCJjb21wYW55X25hbWUiOiJSZWNvZG1lIiwiYWRkcmVzc19jaXR5IjoiTWFkcmlkLCBTcGFpbiIsImh0aWRvY2lkIjoiZnBDMHA1anV1Y1JrcE5UbUFBQUFBQT09IiwidXVsZSI6IncrQ0FJUUlDSUZVM0JoYVc0In0=,Seguridad
eyJqb2JfdGl0bGUiOiJFc3BlY2lhbGlzdGEgZW4gU29wb3J0ZSBkZSBJbmZyYWVzdHJ1Y3R1cmEiLCJjb21wYW55X25hbWUiOiJDb3N0YWlzYSIsImFkZHJlc3NfY2l0eSI6IkJhcmNlbG9uYSwgU3BhaW4iLCJodGlkb2NpZCI6ImdaeGlpOVJHdllVcmo2V0VBQUFBQUE9PSIsInV1bGUiOiJ3K0NBSVFJQ0lGVTNCaGFXNCJ9,Seguridad
eyJqb2JfdGl0bGUiOiJFc3BlY2lhbGlzdGEgZW4gaW5mcmFlc3RydWN0dXJhcyBJVCB5IHNpc3RlbWFzIiwiY29tcGFueV9uYW1lIjoiTXlzdGVyeSBQcm9qZWN0IiwiYWRkcmVzc19jaXR5IjoiQmFyY2Vsb25hLCBTcGFpbiIsImh0aWRvY2lkIjoiQ2J1bjNCVEU4dHNFd3VkUkFBQUFBQT09IiwidXVsZSI6IncrQ0FJUUlDSUZVM0JoYVc0In0=,Seguridad
eyJqb2JfdGl0bGUiOiJFc3BlY2lhbGlzdGEgZW4gaW5mcmFlc3RydWN0dXJhcyBJVCB5IHNpc3RlbWFzIiwiY29tcGFueV9uYW1lIjoiTXlzdGVyeSBQcm9qZWN0IiwiYWRkcmVzc19jaXR5IjoiQmFyY2Vsb25hLCBTcGFpbiIsImh0aWRvY2lkIjoiQ2J1bjNCVEU4dHNFd3VkUkFBQUFBQT09IiwidXVsZSI6IncrQ0FJUUlDSUZVM0JoYVc0In0=,Integración
eyJqb2JfdGl0bGUiOiJFc3BlY2lhbGlzdGEgU2Vydmlkb3JlcyBMaW51eC9Vbml4IiwiY29tcGFueV9uYW1lIjoiU3RlZmFuaW5pIExhdGFtIiwiYWRkcmVzc19jaXR5IjoiVmFsbGFkb2xpZCwgU3BhaW4iLCJodGlkb2NpZCI6InA1WnpVQ0Q2LXdPTTV6N0VBQUFBQUE9PSIsInV1bGUiOiJ3K0NBSVFJQ0lGVTNCaGFXNCJ9,Seguridad
eyJqb2JfdGl0bGUiOiJBZG1pbmlzdHJhZG9yL2EgZGUgU2lzdGVtYXMgLSBEZXZPcHMiLCJjb21wYW55X25hbWUiOiJCaXRib3giLCJhZGRyZXNzX2NpdHkiOiJQYWxtYSwgU3BhaW4iLCJodGlkb2NpZCI6ImQ0UlBLUUJYN29lUUdEUEdBQUFBQUE9PSIsInV1bGUiOiJ3K0NBSVFJQ0lGVTNCaGFXNCJ9,Seguridad
eyJqb2JfdGl0bGUiOiJBZG1pbmlzdHJhZG9yL2EgZGUgU2lzdGVtYXMgLSBEZXZPcHMiLCJjb21wYW55X25hbWUiOiJCaXRib3giLCJhZGRyZXNzX2NpdHkiOiJQYWxtYSwgU3BhaW4iLCJodGlkb2NpZCI6ImQ0UlBLUUJYN29lUUdEUEdBQUFBQUE9PSIsInV1bGUiOiJ3K0NBSVFJQ0lGVTNCaGFXNCJ9,Integración
eyJqb2JfdGl0bGUiOiJBZG1pbmlzdHJhZG9yL2EgZGUgU2lzdGVtYXMgLSBEZXZPcHMiLCJjb21wYW55X25hbWUiOiJCaXRib3giLCJhZGRyZXNzX2NpdHkiOiJQYWxtYSwgU3BhaW4iLCJodGlkb2NpZCI6ImQ0UlBLUUJYN29lUUdEUEdBQUFBQUE9PSIsInV1bGUiOiJ3K0NBSVFJQ0lGVTNCaGFXNCJ9,Base de datos
eyJqb2JfdGl0bGUiOiJFc3BlY2lhbGlzdGEgRGUgUmVkZXMiLCJjb21wYW55X25hbWUiOiJOdW5zeXMiLCJhZGRyZXNzX2NpdHkiOiJNYWRyaWQsIFNwYWluIiwiaHRpZG9jaWQiOiJwQVlYOWU0MFBPU3M2dEtlQUFBQUFBPT0iLCJ1dWxlIjoidytDQUlRSUNJRlUzQmhhVzQifQ==,Seguridad
eyJqb2JfdGl0bGUiOiJFeHBlcnRvL2EgZW4gSW5mcmFlc3RydWN0dXJhIElUIiwiY29tcGFueV9uYW1lIjoiTWluc2FpdCIsImFkZHJlc3NfY2l0eSI6Ik1hZHJpZCwgU3BhaW4iLCJodGlkb2NpZCI6Ik4tdWJ1b1JRRnFPTVV2WThBQUFBQUE9PSIsInV1bGUiOiJ3K0NBSVFJQ0lGVTNCaGFXNCJ9,Seguridad
eyJqb2JfdGl0bGUiOiJBZG1pbmlzdHJhZG9yIGRlIHNpc3RlbWFzIGp1bmlvciIsImNvbXBhbnlfbmFtZSI6IkNEUywgYSBIZXdsZXR0IFBhY2thcmQgRW50ZXJwcmlzZSBjb21wYW55IiwiYWRkcmVzc19jaXR5IjoiQSBDb3J1w7FhLCBTcGFpbiIsImh0aWRvY2lkIjoibFFwd0JRWlFPalBLdzhKUkFBQUFBQT09IiwidXVsZSI6IncrQ0FJUUlDSUZVM0JoYVc0In0=,Seguridad
eyJqb2JfdGl0bGUiOiJBZG1pbmlzdHJhZG9yL2EgZGUgU2lzdGVtYXMgeSBSZWRlcyBTZW5pb3IiLCJjb21wYW55X25hbWUiOiJMw6NiZXJpdCIsImFkZHJlc3NfY2l0eSI6IlZhbGVuY2lhLCBTcGFpbiIsImh0aWRvY2lkIjoibW9hSGpFUmI1WE51NkktOUFBQUFBQT09IiwidXVsZSI6IncrQ0FJUUlDSUZVM0JoYVc0In0=,Seguridad
eyJqb2JfdGl0bGUiOiJUw6ljbmljby9BIEVzcGVjaWFsaXN0YSBMaW51eCIsImNvbXBhbnlfbmFtZSI6Ik1lbnNvZnQgQ29uc3VsdG9yZXMsIFMuTCIsImFkZHJlc3NfY2l0eSI6Ik1hZHJpZCwgU3BhaW4iLCJodGlkb2NpZCI6ImplcVNFVTl3T1BIdmpoQXlBQUFBQUE9PSIsInV1bGUiOiJ3K0NBSVFJQ0lGVTNCaGFXNCJ9,Seguridad
eyJqb2JfdGl0bGUiOiJOT1VTIEdlc3Rpw7NuIGRlIFByb3llY3RvcyBJVDogQWRtaW5pc3RyYWRvciBkZSBzaXN0ZW1hcyIsImNvbXBhbnlfbmFtZSI6ImpvaW4uY29tIiwiYWRkcmVzc19jaXR5IjoiTWFkcmlkLCBTcGFpbiIsImh0aWRvY2lkIjoiQm8zRU5ZSWpvZjJra2xobkFBQUFBQT09IiwidXVsZSI6IncrQ0FJUUlDSUZVM0JoYVc0In0=,Base de datos
eyJqb2JfdGl0bGUiOiJJbmdlbmllcm8gTGludXgiLCJjb21wYW55X25hbWUiOiJSYW5kc3RhZCBEaWdpdGFsIiwiYWRkcmVzc19jaXR5IjoiTGFzIFJvemFzIGRlIE1hZHJpZCwgU3BhaW4iLCJodGlkb2NpZCI6IlN5Q3lsbzlFb05pU1dJZWhBQUFBQUE9PSIsInV1bGUiOiJ3K0NBSVFJQ0lGVTNCaGFXNCJ9,Seguridad
eyJqb2JfdGl0bGUiOiJBZG1pbmlzdHJhZG9yIGRlIFNpc3RlbWFzIiwiY29tcGFueV9uYW1lIjoiUmFzdHJlYXRvciIsImFkZHJlc3NfY2l0eSI6Ik1hZHJpZCwgU3BhaW4iLCJodGlkb2NpZCI6ImpQVkpRQUhDQ0o1YzhYMmNBQUFBQUE9PSIsInV1bGUiOiJ3K0NBSVFJQ0lGVTNCaGFXNCJ9,Seguridad
eyJqb2JfdGl0bGUiOiJBZG1pbmlzdHJhZG9yIGRlIFNpc3RlbWFzIiwiY29tcGFueV9uYW1lIjoiUmFzdHJlYXRvciIsImFkZHJlc3NfY2l0eSI6Ik1hZHJpZCwgU3BhaW4iLCJodGlkb2NpZCI6ImpQVkpRQUhDQ0o1YzhYMmNBQUFBQUE9PSIsInV1bGUiOiJ3K0NBSVFJQ0lGVTNCaGFXNCJ9,Integración
eyJqb2JfdGl0bGUiOiJBZG1pbmlzdHJhZG9yL2EgZGUgc2lzdGVtYXMgTGludXgiLCJjb21wYW55X25hbWUiOiJHcnVwbyBTSUEiLCJhZGRyZXNzX2NpdHkiOiJNYWRyaWQsIFNwYWluIiwiaHRpZG9jaWQiOiJLcl9jeU8ydzFQOElJeXE3QUFBQUFBPT0iLCJ1dWxlIjoidytDQUlRSUNJRlUzQmhhVzQifQ==,Seguridad
eyJqb2JfdGl0bGUiOiJBZG1pbmlzdHJhZG9yIGRlIFNpc3RlbWFzIiwiY29tcGFueV9uYW1lIjoiREVOU08gVEVOIEVTUEHDkUEsIFMuQS5VLiIsImFkZHJlc3NfY2l0eSI6Ik3DoWxhZ2EsIFNwYWluIiwiaHRpZG9jaWQiOiJ0VThZam0tbVJ6ZmZxU0pKQUFBQUFBPT0iLCJ1dWxlIjoidytDQUlRSUNJRlUzQmhhVzQifQ==,Seguridad
eyJqb2JfdGl0bGUiOiJBZG1pbmlzdHJhZG9yIGRlIFNpc3RlbWFzIiwiY29tcGFueV9uYW1lIjoiREVOU08gVEVOIEVTUEHDkUEsIFMuQS5VLiIsImFkZHJlc3NfY2l0eSI6Ik3DoWxhZ2EsIFNwYWluIiwiaHRpZG9jaWQiOiJ0VThZam0tbVJ6ZmZxU0pKQUFBQUFBPT0iLCJ1dWxlIjoidytDQUlRSUNJRlUzQmhhVzQifQ==,Base de datos
eyJqb2JfdGl0bGUiOiJJbmdlbmllcm8vYSBkZSBwcnVlYmFzLCBjb24gZXhwZXJpZW5jaWEgZW4gdmFsaWRhY2nDs24geSB2ZXJpZmljYWNpw7NuLiIsImNvbXBhbnlfbmFtZSI6IkluZHJhIiwiYWRkcmVzc19jaXR5IjoiQXJhbmp1ZXosIFNwYWluIiwiaHRpZG9jaWQiOiJQRmg4RTRnQTE0am53RlZTQUFBQUFBPT0iLCJ1dWxlIjoidytDQUlRSUNJRlUzQmhhVzQifQ==,Integración
eyJqb2JfdGl0bGUiOiJJbmdlbmllcm8vYSBkZSBwcnVlYmFzIGRlIHNvZnR3YXJlIiwiY29tcGFueV9uYW1lIjoiR01WIiwiYWRkcmVzc19jaXR5IjoiTWFkcmlkLCBTcGFpbiIsImh0aWRvY2lkIjoiMFkxQ19qNVd4TkV5d0pRM0FBQUFBQT09IiwidXVsZSI6IncrQ0FJUUlDSUZVM0JoYVc0In0=,Seguridad
eyJqb2JfdGl0bGUiOiJJbmdlbmllcm8vYSBkZSBQcnVlYmFzIiwiY29tcGFueV9uYW1lIjoiU0VHVUxBIFRlY2hub2xvZ2llcyIsImFkZHJlc3NfY2l0eSI6IlNwYWluIiwiaHRpZG9jaWQiOiJfclBLemFJVVd4eVlPdXpjQUFBQUFBPT0iLCJ1dWxlIjoidytDQUlRSUNJRlUzQmhhVzQifQ==,Integración
eyJqb2JfdGl0bGUiOiJJbmdlbmllcm8vYSBkZSBzb2Z0d2FyZSAodGVzdGluZykiLCJjb21wYW55X25hbWUiOiJBTFRFTiBTcGFpbiIsImFkZHJlc3NfY2l0eSI6IlNwYWluIiwiaHRpZG9jaWQiOiJSZzVacWpfeldTbkJTYm01QUFBQUFBPT0iLCJ1dWxlIjoidytDQUlRSUNJRlUzQmhhVzQifQ==,Integración
eyJqb2JfdGl0bGUiOiJJbmdlbmllcm8vYSBkZSBwcnVlYmFzIChRQSBUZXN0ZXIpIiwiY29tcGFueV9uYW1lIjoiS3JlbGwgQ29uc3VsdGluZyIsImFkZHJlc3NfY2l0eSI6Ik1hZHJpZCwgU3BhaW4iLCJodGlkb2NpZCI6IkVHZGdBYVFXOWplSXFMb0VBQUFBQUE9PSIsInV1bGUiOiJ3K0NBSVFJQ0lGVTNCaGFXNCJ9,Integración
eyJqb2JfdGl0bGUiOiIoSC01NTgpIC0gSW5nZW5pZXJvL0EgRGUgUHJ1ZWJhcyBEZSBTb2Z0d2FyZSIsImNvbXBhbnlfbmFtZSI6IkdtdiIsImFkZHJlc3NfY2l0eSI6IkJhcmNlbG9uYSwgU3BhaW4iLCJodGlkb2NpZCI6Ik1lSnRJalY4cF90c0lneUlBQUFBQUE9PSIsInV1bGUiOiJ3K0NBSVFJQ0lGVTNCaGFXNCJ9,Seguridad
eyJqb2JfdGl0bGUiOiJJbmdlbmllcm8gL2EgUHJ1ZWJhcyArIERldk9wcyIsImNvbXBhbnlfbmFtZSI6IlNJSSBHcm91cCBTcGFpbiIsImFkZHJlc3NfY2l0eSI6Ik1hZHJpZCwgU3BhaW4iLCJodGlkb2NpZCI6ImZVZWpxRHJhdmVwaDhPS3JBQUFBQUE9PSIsInV1bGUiOiJ3K0NBSVFJQ0lGVTNCaGFXNCJ9,Seguridad
eyJqb2JfdGl0bGUiOiJJbmdlbmllcm8gL2EgUHJ1ZWJhcyArIERldk9wcyIsImNvbXBhbnlfbmFtZSI6IlNJSSBHcm91cCBTcGFpbiIsImFkZHJlc3NfY2l0eSI6Ik1hZHJpZCwgU3BhaW4iLCJodGlkb2NpZCI6ImZVZWpxRHJhdmVwaDhPS3JBQUFBQUE9PSIsInV1bGUiOiJ3K0NBSVFJQ0lGVTNCaGFXNCJ9,Integración
eyJqb2JfdGl0bGUiOiJJbmdlbmllcm8vYSBRQSBURVNUIFx1MDAyNiBERVZPUFMiLCJjb21wYW55X25hbWUiOiJBTFRFTiBTcGFpbiIsImFkZHJlc3NfY2l0eSI6Ik1hZHJpZCwgU3BhaW4iLCJodGlkb2NpZCI6IldBSUhyZ1B6cVRXZkxsTVRBQUFBQUE9PSIsInV1bGUiOiJ3K0NBSVFJQ0lGVTNCaGFXNCJ9,Integración
eyJqb2JfdGl0bGUiOiJJbmdlbmllcm8gUHJ1ZWJhcyBTZW5pb3IiLCJjb21wYW55X25hbWUiOiJQQU5FTCBTaXN0ZW1hcyBJbmZvcm3DoXRpY29zIiwiYWRkcmVzc19jaXR5IjoiTWFkcmlkLCBTcGFpbiIsImh0aWRvY2lkIjoiZS1xcmU1UzV6eGh6aVBEeEFBQUFBQT09IiwidXVsZSI6IncrQ0FJUUlDSUZVM0JoYVc0In0=,Seguridad
eyJqb2JfdGl0bGUiOiJJbmdlbmllcm8gUHJ1ZWJhcyBTZW5pb3IiLCJjb21wYW55X25hbWUiOiJQQU5FTCBTaXN0ZW1hcyBJbmZvcm3DoXRpY29zIiwiYWRkcmVzc19jaXR5IjoiTWFkcmlkLCBTcGFpbiIsImh0aWRvY2lkIjoiZS1xcmU1UzV6eGh6aVBEeEFBQUFBQT09IiwidXVsZSI6IncrQ0FJUUlDSUZVM0JoYVc0In0=,Integración
eyJqb2JfdGl0bGUiOiJJbmdlbmllcm8gUHJ1ZWJhcyBTZW5pb3IiLCJjb21wYW55X25hbWUiOiJQQU5FTCBTaXN0ZW1hcyBJbmZvcm3DoXRpY29zIiwiYWRkcmVzc19jaXR5IjoiTWFkcmlkLCBTcGFpbiIsImh0aWRvY2lkIjoiZS1xcmU1UzV6eGh6aVBEeEFBQUFBQT09IiwidXVsZSI6IncrQ0FJUUlDSUZVM0JoYVc0In0=,Backend
eyJqb2JfdGl0bGUiOiJJbmdlbmllcm8vYSBUZXN0IEVsZWN0csOzbmljb3MiLCJjb21wYW55X25hbWUiOiJJbmRyYSIsImFkZHJlc3NfY2l0eSI6IlRvcnJlasOzbiBkZSBBcmRveiwgU3BhaW4iLCJodGlkb2NpZCI6IjdRbzZrTVhvQ0g3NmlPc2xBQUFBQUE9PSIsInV1bGUiOiJ3K0NBSVFJQ0lGVTNCaGFXNCJ9,Integración
eyJqb2JfdGl0bGUiOiJJbmdlbmllcm8gVGVzdGluZyBBdXRvbcOhdGljbyAoSW5nbGVzICsgUmVtb3RvKSIsImNvbXBhbnlfbmFtZSI6InNnIHRlY2giLCJhZGRyZXNzX2NpdHkiOiJNYWRyaWQsIFNwYWluIiwiaHRpZG9jaWQiOiJ4RnNYMW1NRERlem1IWWs4QUFBQUFBPT0iLCJ1dWxlIjoidytDQUlRSUNJRlUzQmhhVzQifQ==,Base de datos
eyJqb2JfdGl0bGUiOiJJTkdFTklFUk8vQSBERSBJTlRFR1JBQ0nDk04gWSBQUlVFQkFTIERFIFNJU1RFTUFTIEVMRUNUUsOTTklDT1MiLCJjb21wYW55X25hbWUiOiJNYXJsZXgiLCJhZGRyZXNzX2NpdHkiOiJBcmFuanVleiwgU3BhaW4iLCJodGlkb2NpZCI6IlRVcVUwakwwV1h3NFNMQUdBQUFBQUE9PSIsInV1bGUiOiJ3K0NBSVFJQ0lGVTNCaGFXNCJ9,Integración
eyJqb2JfdGl0bGUiOiJJbmdlbmllcm8vYSBkZSBJbnRlZ3JhY2nDs24geSBUZXN0IiwiY29tcGFueV9uYW1lIjoiR01WIiwiYWRkcmVzc19jaXR5IjoiTWFkcmlkLCBTcGFpbiIsImh0aWRvY2lkIjoiTkJndzBHdFR4azFiZEgyc0FBQUFBQT09IiwidXVsZSI6IncrQ0FJUUlDSUZVM0JoYVc0In0=,Integración
eyJqb2JfdGl0bGUiOiJJbmdlbmllcm8vYSBkZSB2YWxpZGFjacOzbiB5IHRlc3RpbmcgU2ltdWxhZG9yZXMgKE51Y2xlYXIpIC1UYXJyYWdvbmEiLCJjb21wYW55X25hbWUiOiJCZXR3ZWVuIFRlY2hub2xvZ3kiLCJhZGRyZXNzX2NpdHkiOiJUYXJyYWdvbmEsIFNwYWluIiwiaHRpZG9jaWQiOiJkLUF0VEcwaFZnRi1uNC1pQUFBQUFBPT0iLCJ1dWxlIjoidytDQUlRSUNJRlUzQmhhVzQifQ==,Seguridad
eyJqb2JfdGl0bGUiOiJJbmdlbmllcm8vYSBkZSB0ZXN0aW5nIiwiY29tcGFueV9uYW1lIjoiR01WIiwiYWRkcmVzc19jaXR5IjoiTWFkcmlkLCBTcGFpbiIsImh0aWRvY2lkIjoidVhHcjRnSkpRbHVjVDF0ekFBQUFBQT09IiwidXVsZSI6IncrQ0FJUUlDSUZVM0JoYVc0In0=,Integración
eyJqb2JfdGl0bGUiOiJJbmdlbmllcm8vYSBJbnRlZ3JhY2nDs24geSBwcnVlYmFzIGRlIHNpc3RlbWFzIGVsZWN0csOzbmljb3MiLCJjb21wYW55X25hbWUiOiJJbmRyYSIsImFkZHJlc3NfY2l0eSI6IkFyYW5qdWV6LCBTcGFpbiIsImh0aWRvY2lkIjoiX2xtX1BQWUg1VTJXSjFaaEFBQUFBQT09IiwidXVsZSI6IncrQ0FJUUlDSUZVM0JoYVc0In0=,Integración
eyJqb2JfdGl0bGUiOiJJbmdlbmllcm8vYSBkZSBTaW11bGFjacOzbiB5IFBydWViYXMgQWVyb27DoXV0aWNhcyIsImNvbXBhbnlfbmFtZSI6IlRoZSBDVCBFbmdpbmVlcmluZyBHcm91cCIsImFkZHJlc3NfY2l0eSI6IkdldGFmZSwgU3BhaW4iLCJodGlkb2NpZCI6Ikx1YjRSWEF2c2o2VmdnN0ZBQUFBQUE9PSIsInV1bGUiOiJ3K0NBSVFJQ0lGVTNCaGFXNCJ9,Integración
eyJqb2JfdGl0bGUiOiJTb2Z0d2FyZSBUZXN0IEVuZ2luZWVyIiwiY29tcGFueV9uYW1lIjoiTUMgRW5naW5lZXJpbmciLCJhZGRyZXNzX2NpdHkiOiJCYXJjZWxvbmEsIFNwYWluIiwiaHRpZG9jaWQiOiJJYUk5ak16WmpoVU4yZkV2QUFBQUFBPT0iLCJ1dWxlIjoidytDQUlRSUNJRlUzQmhhVzQifQ==,Integración
eyJqb2JfdGl0bGUiOiJRQSBBdXRvbWF0aW9uIEVuZ2luZWVyIiwiY29tcGFueV9uYW1lIjoiQXBpdXggVGVjaCIsImFkZHJlc3NfY2l0eSI6IlNwYWluIiwiaHRpZG9jaWQiOiIySzNDNzl6LTJMclV1WmtFQUFBQUFBPT0iLCJ1dWxlIjoidytDQUlRSUNJRlUzQmhhVzQifQ==,Integración
eyJqb2JfdGl0bGUiOiJJbmdlbmllcm8vYSBqdW5pb3IgZGUgdmVyaWZpY2FjacOzbiIsImNvbXBhbnlfbmFtZSI6IkdNViIsImFkZHJlc3NfY2l0eSI6Ik1hZHJpZCwgU3BhaW4iLCJodGlkb2NpZCI6IjRxZ2pMR3BNbElsSkduUndBQUFBQUE9PSIsInV1bGUiOiJ3K0NBSVFJQ0lGVTNCaGFXNCJ9,Integración
eyJqb2JfdGl0bGUiOiJJbmdlbmllcm8vYSBkZSBUZXN0IEF1dG9tb2Npw7NuIiwiY29tcGFueV9uYW1lIjoiQUxURU4gRGVsaXZlcnkgQ2VudHJlIFNwYWluIiwiYWRkcmVzc19jaXR5IjoiQmFyY2Vsb25hLCBTcGFpbiIsImh0aWRvY2lkIjoiRzhPellPRVZjY1VmWjJmVkFBQUFBQT09IiwidXVsZSI6IncrQ0FJUUlDSUZVM0JoYVc0In0=,Integración
eyJqb2JfdGl0bGUiOiJUZXN0IEF1dG9tYXRpb24gRW5naW5lZXIiLCJjb21wYW55X25hbWUiOiJOVFQgREFUQSBFdXJvcGUgXHUwMDI2IExhdGFtIiwiYWRkcmVzc19jaXR5IjoiTXVyY2lhLCBTcGFpbiIsImh0aWRvY2lkIjoiSDJrX1NGRmpLWUJZeW5RUkFBQUFBQT09IiwidXVsZSI6IncrQ0FJUUlDSUZVM0JoYVc0In0=,Integración
eyJqb2JfdGl0bGUiOiJUZXN0IEF1dG9tYXRpb24gRW5naW5lZXIiLCJjb21wYW55X25hbWUiOiJOVFQgREFUQSBFdXJvcGUgXHUwMDI2IExhdGFtIiwiYWRkcmVzc19jaXR5IjoiTXVyY2lhLCBTcGFpbiIsImh0aWRvY2lkIjoiSDJrX1NGRmpLWUJZeW5RUkFBQUFBQT09IiwidXVsZSI6IncrQ0FJUUlDSUZVM0JoYVc0In0=,Backend
eyJqb2JfdGl0bGUiOiJPTSBUZXN0aW5nIExlYWQiLCJjb21wYW55X25hbWUiOiJFeHBsZW8gR3JvdXAiLCJhZGRyZXNzX2NpdHkiOiJTcGFpbiIsImh0aWRvY2lkIjoiaHdpTFNTelYtamdHYVV0YUFBQUFBQT09IiwidXVsZSI6IncrQ0FJUUlDSUZVM0JoYVc0In0=,Integración
eyJqb2JfdGl0bGUiOiJTb2Z0d2FyZSBEZXZlbG9wbWVudCBFbmdpbmVlciBpbiBUZXN0IChTREVUKSIsImNvbXBhbnlfbmFtZSI6IkJldHdlZW4gVGVjaG5vbG9neSIsImFkZHJlc3NfY2l0eSI6IlNhbnQgQ3VnYXQgZGVsIFZhbGzDqHMsIFNwYWluIiwiaHRpZG9jaWQiOiJoUW5jVHU0MFhhb1hiNW5mQUFBQUFBPT0iLCJ1dWxlIjoidytDQUlRSUNJRlUzQmhhVzQifQ==,Seguridad
eyJqb2JfdGl0bGUiOiJERVNBUlJPTExBRE9SIC5ORVQiLCJjb21wYW55X25hbWUiOiJZb2RleW1hIFBhcmZ1bXMiLCJhZGRyZXNzX2NpdHkiOiJNYWRyaWQsIFNwYWluIiwiaHRpZG9jaWQiOiJycm1yQWczd2xtZDh4ZWJ5QUFBQUFBPT0iLCJ1dWxlIjoidytDQUlRSUNJRlUzQmhhVzQifQ==,Seguridad
eyJqb2JfdGl0bGUiOiJERVNBUlJPTExBRE9SIC5ORVQiLCJjb21wYW55X25hbWUiOiJZb2RleW1hIFBhcmZ1bXMiLCJhZGRyZXNzX2NpdHkiOiJNYWRyaWQsIFNwYWluIiwiaHRpZG9jaWQiOiJycm1yQWczd2xtZDh4ZWJ5QUFBQUFBPT0iLCJ1dWxlIjoidytDQUlRSUNJRlUzQmhhVzQifQ==,Integración
eyJqb2JfdGl0bGUiOiJEZXNhcnJvbGxhZG9yIC5ORVQgfCAoQkYtNjgxKSIsImNvbXBhbnlfbmFtZSI6IlNvYWludCIsImFkZHJlc3NfY2l0eSI6IkNvbW11bml0eSBvZiBNYWRyaWQsIFNwYWluIiwiaHRpZG9jaWQiOiJTTE9LcDVwUU4wamtfeTBVQUFBQUFBPT0iLCJ1dWxlIjoidytDQUlRSUNJRlUzQmhhVzQifQ==,Base de datos
eyJqb2JfdGl0bGUiOiJEZXNhcnJvbGxhZG9yIC5ORVQgfCAoQkYtNjgxKSIsImNvbXBhbnlfbmFtZSI6IlNvYWludCIsImFkZHJlc3NfY2l0eSI6IkNvbW11bml0eSBvZiBNYWRyaWQsIFNwYWluIiwiaHRpZG9jaWQiOiJTTE9LcDVwUU4wamtfeTBVQUFBQUFBPT0iLCJ1dWxlIjoidytDQUlRSUNJRlUzQmhhVzQifQ==,Backend
eyJqb2JfdGl0bGUiOiIuTkVUIERldmVsb3BlciIsImNvbXBhbnlfbmFtZSI6IlNvZnRlY2EiLCJhZGRyZXNzX2NpdHkiOiJCdXJnb3MsIFNwYWluIiwiaHRpZG9jaWQiOiJmc3JSVGtUVWJRSW1pWDlsQUFBQUFBPT0iLCJ1dWxlIjoidytDQUlRSUNJRlUzQmhhVzQifQ==,Integración
eyJqb2JfdGl0bGUiOiJEZXNhcnJvbGxhZG9yIGRlIC5ORVQiLCJjb21wYW55X25hbWUiOiJDb25tdXRhIFNvbHVjaW9uZXMgUy5MIiwiYWRkcmVzc19jaXR5IjoiUGF0ZXJuYSwgU3BhaW4iLCJodGlkb2NpZCI6IkVnaEFHOXJESGtNMHYxTHZBQUFBQUE9PSIsInV1bGUiOiJ3K0NBSVFJQ0lGVTNCaGFXNCJ9,Backend
eyJqb2JfdGl0bGUiOiJFc3BlY2lhbGlzdGEgQ2liZXJpbnRlbGlnZW5jaWEiLCJjb21wYW55X25hbWUiOiJSZXBzb2wiLCJhZGRyZXNzX2NpdHkiOiJNYWRyaWQsIFNwYWluIiwiaHRpZG9jaWQiOiJvY1g0c3Qwa1R4cndyWmVpQUFBQUFBPT0iLCJ1dWxlIjoidytDQUlRSUNJRlUzQmhhVzQifQ==,Seguridad
eyJqb2JfdGl0bGUiOiJFc3BlY2lhbGlzdGEgZW4gc2VndXJpZGFkIiwiY29tcGFueV9uYW1lIjoiSy1MQUdBTiIsImFkZHJlc3NfY2l0eSI6Ik1hZHJpZCwgU3BhaW4iLCJodGlkb2NpZCI6Ik4yVFA4ZWd5X0xOMTVLSjNBQUFBQUE9PSIsInV1bGUiOiJ3K0NBSVFJQ0lGVTNCaGFXNCJ9,Seguridad
eyJqb2JfdGl0bGUiOiJFc3BlY2lhbGlzdGEgZW4gc2VndXJpZGFkIiwiY29tcGFueV9uYW1lIjoiSy1MQUdBTiIsImFkZHJlc3NfY2l0eSI6Ik1hZHJpZCwgU3BhaW4iLCJodGlkb2NpZCI6Ik4yVFA4ZWd5X0xOMTVLSjNBQUFBQUE9PSIsInV1bGUiOiJ3K0NBSVFJQ0lGVTNCaGFXNCJ9,Integración
eyJqb2JfdGl0bGUiOiJFc3BlY2lhbGlzdGEgZGUgU2VndXJpZGFkIiwiY29tcGFueV9uYW1lIjoiSW52ZW5lcmd5IiwiYWRkcmVzc19jaXR5IjoiQXMgU29tb3phcywgU3BhaW4iLCJodGlkb2NpZCI6IlhyOE9OdlpKTzJzb1lKelpBQUFBQUE9PSIsInV1bGUiOiJ3K0NBSVFJQ0lGVTNCaGFXNCJ9,Seguridad
eyJqb2JfdGl0bGUiOiJFc3BlY2lhbGlzdGEgZW4gU2VndXJpZGFkIExhYm9yYWwiLCJjb21wYW55X25hbWUiOiJBbWF6b24gUm9hZCBUcmFuc3BvcnQgU3BhaW4sIFMuTC5VLiIsImFkZHJlc3NfY2l0eSI6IlZhbGxhZG9saWQsIFNwYWluIiwiaHRpZG9jaWQiOiJFcU5ncG1kajhBU3FQYXVwQUFBQUFBPT0iLCJ1dWxlIjoidytDQUlRSUNJRlUzQmhhVzQifQ==,Seguridad
eyJqb2JfdGl0bGUiOiJFc3BlY2lhbGlzdGEgZW4gQ2liZXJzZWd1cmlkYWQgLSBXQUYgQWRtaW4iLCJjb21wYW55X25hbWUiOiJOZXh0dGlDIiwiYWRkcmVzc19jaXR5IjoiQSBDb3J1w7FhLCBTcGFpbiIsImh0aWRvY2lkIjoiZjJKc2Q4WTlHMUdqSjg0UUFBQUFBQT09IiwidXVsZSI6IncrQ0FJUUlDSUZVM0JoYVc0In0=,Seguridad
eyJqb2JfdGl0bGUiOiJFc3BlY2lhbGlzdGEgZW4gY2liZXJzZWd1cmlkYWQiLCJjb21wYW55X25hbWUiOiJMb2dpY2FsaXMgU3BhaW4iLCJhZGRyZXNzX2NpdHkiOiJNYWphZGFob25kYSwgU3BhaW4iLCJodGlkb2NpZCI6ImFscTdvc084RjRCQXRSSlhBQUFBQUE9PSIsInV1bGUiOiJ3K0NBSVFJQ0lGVTNCaGFXNCJ9,Seguridad
eyJqb2JfdGl0bGUiOiJFc3BlY2lhbGlzdGFzIENpYmVyc2VndXJpZGFkIC0gUGHDrXMgVmFzY28iLCJjb21wYW55X25hbWUiOiJHb3ZlcnRpcyIsImFkZHJlc3NfY2l0eSI6IkJpbGJhbywgU3BhaW4iLCJodGlkb2NpZCI6IkNrVVR6NHY1QmM1dHVTM2hBQUFBQUE9PSIsInV1bGUiOiJ3K0NBSVFJQ0lGVTNCaGFXNCJ9,Seguridad
eyJqb2JfdGl0bGUiOiJFc3BlY2lhbGlzdGFzIENpYmVyc2VndXJpZGFkIC0gUGHDrXMgVmFzY28iLCJjb21wYW55X25hbWUiOiJHb3ZlcnRpcyIsImFkZHJlc3NfY2l0eSI6IkJpbGJhbywgU3BhaW4iLCJodGlkb2NpZCI6IkNrVVR6NHY1QmM1dHVTM2hBQUFBQUE9PSIsInV1bGUiOiJ3K0NBSVFJQ0lGVTNCaGFXNCJ9,Base de datos
eyJqb2JfdGl0bGUiOiJFc3BlY2lhbGlzdGEgZGUgU2VndXJpZGFkIExhYm9yYWwiLCJjb21wYW55X25hbWUiOiJNSUNIRUxJTiIsImFkZHJlc3NfY2l0eSI6Ikxlw7NuLCBTcGFpbiIsImh0aWRvY2lkIjoiWDRGZHkwd21ocy1za3VHbEFBQUFBQT09IiwidXVsZSI6IncrQ0FJUUlDSUZVM0JoYVc0In0=,Seguridad
eyJqb2JfdGl0bGUiOiJUw6ljbmljbyBlc3BlY2lhbGlzdGEgc2lzdGVtYXMgZGUgc2VndXJpZGFkIiwiY29tcGFueV9uYW1lIjoiRHVtbyBzZWd1cmlkYWQiLCJhZGRyZXNzX2NpdHkiOiJTcGFpbiIsImh0aWRvY2lkIjoibmtUTG5qaE5lZFdxTTF1WEFBQUFBQT09IiwidXVsZSI6IncrQ0FJUUlDSUZVM0JoYVc0In0=,Seguridad
eyJqb2JfdGl0bGUiOiJFc3BlY2lhbGlzdGEgU2VndXJpZGFkIFBlcmltZXRyYWwgQWthbWFpIiwiY29tcGFueV9uYW1lIjoiWmVtc2FuaWEiLCJhZGRyZXNzX2NpdHkiOiJWaWdvLCBNdW5pY2lwYWxpdHkgb2YgVmlnbywgU3BhaW4iLCJodGlkb2NpZCI6IlNxb05EVzA3ZHpZa3lPNFhBQUFBQUE9PSIsInV1bGUiOiJ3K0NBSVFJQ0lGVTNCaGFXNCJ9,Seguridad
eyJqb2JfdGl0bGUiOiJFU1BFQ0lBTElTVEEgQ0lCRVJTRUdVUklEQUQgR1JDIiwiY29tcGFueV9uYW1lIjoiR3J1cG8gU2VybWljcm8iLCJhZGRyZXNzX2NpdHkiOiJMYXMgUGFsbWFzIGRlIEdyYW4gQ2FuYXJpYSwgU3BhaW4iLCJodGlkb2NpZCI6IjZrcU1Pbk1ET1UtOVZid2VBQUFBQUE9PSIsInV1bGUiOiJ3K0NBSVFJQ0lGVTNCaGFXNCJ9,Seguridad
eyJqb2JfdGl0bGUiOiJFc3BlY2lhbGlzdGEgZW4gVGhyZWF0IEh1bnRpbmciLCJjb21wYW55X25hbWUiOiJDcmFmdGVyY29kZSIsImFkZHJlc3NfY2l0eSI6Ik1hZHJpZCwgU3BhaW4iLCJodGlkb2NpZCI6InpWdld0RDI0VlAwZm41WVJBQUFBQUE9PSIsInV1bGUiOiJ3K0NBSVFJQ0lGVTNCaGFXNCJ9,Seguridad
eyJqb2JfdGl0bGUiOiJFc3BlY2lhbGlzdGEgU2VndXJpZGFkIERlIExhIEluZm9ybWFjacOzbiwgSGlicmlkbyIsImNvbXBhbnlfbmFtZSI6IkdNViIsImFkZHJlc3NfY2l0eSI6IkJhcmNlbG9uYSwgU3BhaW4iLCJodGlkb2NpZCI6IlloUXh4a3VJWXl0dXJzUDVBQUFBQUE9PSIsInV1bGUiOiJ3K0NBSVFJQ0lGVTNCaGFXNCJ9,Seguridad
eyJqb2JfdGl0bGUiOiJUw6ljbmljbyBFc3BlY2lhbGlzdGEgRW4gU2lzdGVtYXMgRGUgU2VndXJpZGFkIiwiY29tcGFueV9uYW1lIjoiUHJldmVudCBTaXN0ZW1hcyIsImFkZHJlc3NfY2l0eSI6IlNldmlsbGUsIFNwYWluIiwiaHRpZG9jaWQiOiJzdV9DTU45dzg2OHRLRUpBQUFBQUFBPT0iLCJ1dWxlIjoidytDQUlRSUNJRlUzQmhhVzQifQ==,Seguridad
eyJqb2JfdGl0bGUiOiJFc3BlY2lhbGlzdGEgUmllc2dvcyB5IENpYmVyc2VndXJpZGFkIE9UIHwgWFgyMTQiLCJjb21wYW55X25hbWUiOiJQYWdlIFBlcnNvbm5lbCIsImFkZHJlc3NfY2l0eSI6IlNwYWluIiwiaHRpZG9jaWQiOiJpRzVZZ0FUb0pPOWlQMnBNQUFBQUFBPT0iLCJ1dWxlIjoidytDQUlRSUNJRlUzQmhhVzQifQ==,Seguridad
eyJqb2JfdGl0bGUiOiJFc3BlY2lhbGlzdGEgZW4gcHJldmVuY2nDs24iLCJjb21wYW55X25hbWUiOiJBZGVjY28iLCJhZGRyZXNzX2NpdHkiOiJWaWxhbm92YSBpIGxhIEdlbHRyw7osIFNwYWluIiwiaHRpZG9jaWQiOiJlSWgyWHQxOHpObE1xQXlmQUFBQUFBPT0iLCJ1dWxlIjoidytDQUlRSUNJRlUzQmhhVzQifQ==,Seguridad
eyJqb2JfdGl0bGUiOiJUw6ljbmljby9hIGVzcGVjaWFsaXN0YSBlbiBJbmdlbmllcsOtYSBIaWdpw6luaWNhLCBTZWd1cmlkYWQgeSBDYWxpZGFkLiIsImNvbXBhbnlfbmFtZSI6IkFJTklBIiwiYWRkcmVzc19jaXR5IjoiUGF0ZXJuYSwgU3BhaW4iLCJodGlkb2NpZCI6IkdKWDc1eFExSjJzVms3XzhBQUFBQUE9PSIsInV1bGUiOiJ3K0NBSVFJQ0lGVTNCaGFXNCJ9,Seguridad
eyJqb2JfdGl0bGUiOiJFc3BlY2lhbGlzdGEgZW4gY2liZXJzZWd1cmlkYWQgUEtJIiwiY29tcGFueV9uYW1lIjoic2VyZW0uIENvbnN1bHRvcsOtYSBlbXByZXNhcmlhbCIsImFkZHJlc3NfY2l0eSI6Ik1hZHJpZCwgU3BhaW4iLCJodGlkb2NpZCI6IkR1S2lZMUlSU1dwUVhCQkpBQUFBQUE9PSIsInV1bGUiOiJ3K0NBSVFJQ0lGVTNCaGFXNCJ9,Seguridad
eyJqb2JfdGl0bGUiOiJFc3BlY2lhbGlzdGEgZW4gY2liZXJzZWd1cmlkYWQgUEtJIiwiY29tcGFueV9uYW1lIjoic2VyZW0uIENvbnN1bHRvcsOtYSBlbXByZXNhcmlhbCIsImFkZHJlc3NfY2l0eSI6Ik1hZHJpZCwgU3BhaW4iLCJodGlkb2NpZCI6IkR1S2lZMUlSU1dwUVhCQkpBQUFBQUE9PSIsInV1bGUiOiJ3K0NBSVFJQ0lGVTNCaGFXNCJ9,Integración
eyJqb2JfdGl0bGUiOiJFc3BlY2lhbGlzdGEgZW4gc2VndXJpZGFkIiwiY29tcGFueV9uYW1lIjoiSy1MQUdBTiIsImFkZHJlc3NfY2l0eSI6IlNwYWluIiwiaHRpZG9jaWQiOiJweEN2Tk9ndDI1MWRWZzRCQUFBQUFBPT0iLCJ1dWxlIjoidytDQUlRSUNJRlUzQmhhVzQifQ==,Seguridad
eyJqb2JfdGl0bGUiOiJFc3BlY2lhbGlzdGEgZW4gc2VndXJpZGFkIiwiY29tcGFueV9uYW1lIjoiSy1MQUdBTiIsImFkZHJlc3NfY2l0eSI6IlNwYWluIiwiaHRpZG9jaWQiOiJweEN2Tk9ndDI1MWRWZzRCQUFBQUFBPT0iLCJ1dWxlIjoidytDQUlRSUNJRlUzQmhhVzQifQ==,Integración
eyJqb2JfdGl0bGUiOiJKUCBDaWJlcnNlZ3VyaWRhZCBlc3BlY2lhbGlzdGEgU2lzdGVtYXMgQ2xhc2lmaWNhZG9zIiwiY29tcGFueV9uYW1lIjoiSVpFUlRJUyBTLkEiLCJhZGRyZXNzX2NpdHkiOiJTcGFpbiIsImh0aWRvY2lkIjoiTjFaYU11WWpVQzNiZWpRT0FBQUFBQT09IiwidXVsZSI6IncrQ0FJUUlDSUZVM0JoYVc0In0=,Seguridad
eyJqb2JfdGl0bGUiOiJFc3BlY2lhbGlzdGEgQ2liZXJzZWd1cmlkYWQgQkVTRUMiLCJjb21wYW55X25hbWUiOiJFTUVURUwiLCJhZGRyZXNzX2NpdHkiOiJBIENvcnXDsWEsIFNwYWluIiwiaHRpZG9jaWQiOiJHQ1VfTHlLd01TTG94eGxuQUFBQUFBPT0iLCJ1dWxlIjoidytDQUlRSUNJRlUzQmhhVzQifQ==,Seguridad
eyJqb2JfdGl0bGUiOiJFc3BlY2lhbGlzdGEgZW4gU2VndXJpZGFkIExhYm9yYWwiLCJjb21wYW55X25hbWUiOiJBbWF6b24gUm9hZCBUcmFuc3BvcnQgU3BhaW4sIFMuTC5VLiAtIEoyNyIsImFkZHJlc3NfY2l0eSI6IlNwYWluIiwiaHRpZG9jaWQiOiJZbk1FN2loSWFiZnpZRGZ4QUFBQUFBPT0iLCJ1dWxlIjoidytDQUlRSUNJRlUzQmhhVzQifQ==,Seguridad
eyJqb2JfdGl0bGUiOiJCZWNhIEdlc3Rpw7NuIGRlIFByb3llY3RvcyBlbiBPcGVyYWNpb25lcyIsImNvbXBhbnlfbmFtZSI6IkFDQ0lPTkEiLCJhZGRyZXNzX2NpdHkiOiJTcGFpbiIsImh0aWRvY2lkIjoiOTN5WUswaFZGR1JrVUl3TEFBQUFBQT09IiwidXVsZSI6IncrQ0FJUUlDSUZVM0JoYVc0In0=,Integración
eyJqb2JfdGl0bGUiOiJFc3BlY2lhbGlzdGEgZW4gU29wb3J0ZSBJVCB5IEdlc3Rpw7NuIGRlIFByb3llY3RvcyIsImNvbXBhbnlfbmFtZSI6Ik1hcmxleCIsImFkZHJlc3NfY2l0eSI6IkFsY2FsYSBkZSBIZW5hcmVzLCBTcGFpbiIsImh0aWRvY2lkIjoidmZvaTJZakpwQVllQ0FENUFBQUFBQT09IiwidXVsZSI6IncrQ0FJUUlDSUZVM0JoYVc0In0=,Seguridad
eyJqb2JfdGl0bGUiOiJFc3BlY2lhbGlzdGEgZW4gR2VzdGnDs24gZGUgUHJveWVjdG9zIGRlIE1hdHJpY2Vyw61hIHkgRnVuZGljacOzbiIsImNvbXBhbnlfbmFtZSI6IkJlcnRyYW5kdCIsImFkZHJlc3NfY2l0eSI6IlZhbGxhZG9saWQsIFNwYWluIiwiaHRpZG9jaWQiOiJlRjdabllMYU92dzlsdkpzQUFBQUFBPT0iLCJ1dWxlIjoidytDQUlRSUNJRlUzQmhhVzQifQ==,Integración
eyJqb2JfdGl0bGUiOiJQcsOhY3RpY2FzIFJlbXVuZXJhZGFzIEdlc3Rpw7NuIGRlIFByb3llY3RvcyBJVCIsImNvbXBhbnlfbmFtZSI6IkltcGxlbWVudGFsIFN5c3RlbXMiLCJhZGRyZXNzX2NpdHkiOiJNYWRyaWQsIFNwYWluIiwiaHRpZG9jaWQiOiJ4WU5EeEN0ZUU4OHNzNHFsQUFBQUFBPT0iLCJ1dWxlIjoidytDQUlRSUNJRlUzQmhhVzQifQ==,Seguridad
eyJqb2JfdGl0bGUiOiJDb25zdWx0b3IvYSBnZXN0acOzbiBkZSBwcm95ZWN0b3MgZXVyb3Blb3MgSStEK2kiLCJjb21wYW55X25hbWUiOiJaYWJhbGEgSW5ub3ZhdGlvbiBTcGFpbiIsImFkZHJlc3NfY2l0eSI6Ik1hZHJpZCwgU3BhaW4iLCJodGlkb2NpZCI6IlVtV0xfb0xKRnlDdmliMXhBQUFBQUE9PSIsInV1bGUiOiJ3K0NBSVFJQ0lGVTNCaGFXNCJ9,Integración
eyJqb2JfdGl0bGUiOiJHZXN0acOzbiBkZSBQcm95ZWN0b3MgU29mdHdhcmUgU2VjdG9yIEVzcGFjaWFsIiwiY29tcGFueV9uYW1lIjoiSW5kcmEiLCJhZGRyZXNzX2NpdHkiOiJCYXJjZWxvbmEsIFNwYWluIiwiaHRpZG9jaWQiOiI3dUZSLTFTcEJmQ19MUTh3QUFBQUFBPT0iLCJ1dWxlIjoidytDQUlRSUNJRlUzQmhhVzQifQ==,Integración
eyJqb2JfdGl0bGUiOiJBbmFsaXN0YSBmdW5jaW9uYWwgZW4gcHJveWVjdG9zIGRlIGRlc2Fycm9sbG8gZGUgc29mdHdhcmUiLCJjb21wYW55X25hbWUiOiJDYXBnZW1pbmkiLCJhZGRyZXNzX2NpdHkiOiJCYXJjZWxvbmEsIFNwYWluIiwiaHRpZG9jaWQiOiJiZU1vWmxZeXdlQlVFY050QUFBQUFBPT0iLCJ1dWxlIjoidytDQUlRSUNJRlUzQmhhVzQifQ==,Mobile
eyJqb2JfdGl0bGUiOiJFc3BlY2lhbGlzdGEgZW4gU2lzdGVtYXMgSW5mb3Jtw6F0aWNvcyIsImNvbXBhbnlfbmFtZSI6IlByaW1lSVQiLCJhZGRyZXNzX2NpdHkiOiJBbGNvYmVuZGFzLCBTcGFpbiIsImh0aWRvY2lkIjoiaHFFOUZLaDJESjRJZGlNdEFBQUFBQT09IiwidXVsZSI6IncrQ0FJUUlDSUZVM0JoYVc0In0=,Integración
eyJqb2JfdGl0bGUiOiJFc3BlY2lhbGlzdGEgZW4gQWRtaW5pc3RyYWNpw7NuIGRlIFNpc3RlbWFzIiwiY29tcGFueV9uYW1lIjoiWmVtc2FuaWEiLCJhZGRyZXNzX2NpdHkiOiJBIENvcnXDsWEsIFNwYWluIiwiaHRpZG9jaWQiOiIwczUtNkdWWHl5Yk5QUGswQUFBQUFBPT0iLCJ1dWxlIjoidytDQUlRSUNJRlUzQmhhVzQifQ==,Seguridad
eyJqb2JfdGl0bGUiOiJUw4lDTklDTy9BIERFIEFVVE9NQVRJWkFDScOTTiIsImNvbXBhbnlfbmFtZSI6IklOVEVSRU1QTEVPIiwiYWRkcmVzc19jaXR5IjoiTW9udGVoZXJtb3NvLCBTcGFpbiIsImh0aWRvY2lkIjoiMjFXYlhKeTNnWmtocnpETkFBQUFBQT09IiwidXVsZSI6IncrQ0FJUUlDSUZVM0JoYVc0In0=,Seguridad
eyJqb2JfdGl0bGUiOiJFc3BlY2lhbGlzdGEgZW4gU2lzdGVtYXMgZGUgQ29udHJvbCB5IEF1dG9tYXRpemFjacOzbiIsImNvbXBhbnlfbmFtZSI6IlJlY2x1dGFtaWVudG8gXHUwMDI2IE91dHNvdXJjaW5nIiwiYWRkcmVzc19jaXR5IjoiQmFyY2Vsb25hLCBTcGFpbiIsImh0aWRvY2lkIjoiZGItTDlPc1FtRFczVVMyRUFBQUFBQT09IiwidXVsZSI6IncrQ0FJUUlDSUZVM0JoYVc0In0=,Seguridad
eyJqb2JfdGl0bGUiOiJEZXNhcnJvbGxhZG9yL2EgZGUgQXV0b21hdGl6YWNpw7NuIGRlIHByb2Nlc29zICgxMDAlIHJlbW90bywgc29sbyBFc3Bhw7FhKSIsImNvbXBhbnlfbmFtZSI6IlVTVCBHbG9iYWwiLCJhZGRyZXNzX2NpdHkiOiJNYWRyaWQsIFNwYWluIiwiaHRpZG9jaWQiOiJMS3V4eTEzMDNLYzdUX3lnQUFBQUFBPT0iLCJ1dWxlIjoidytDQUlRSUNJRlUzQmhhVzQifQ==,Infraestructura cloud
eyJqb2JfdGl0bGUiOiJEZXNhcnJvbGxhZG9yL2EgZGUgQXV0b21hdGl6YWNpw7NuIGRlIHByb2Nlc29zICgxMDAlIHJlbW90bywgc29sbyBFc3Bhw7FhKSIsImNvbXBhbnlfbmFtZSI6IlVTVCBHbG9iYWwiLCJhZGRyZXNzX2NpdHkiOiJNYWRyaWQsIFNwYWluIiwiaHRpZG9jaWQiOiJMS3V4eTEzMDNLYzdUX3lnQUFBQUFBPT0iLCJ1dWxlIjoidytDQUlRSUNJRlUzQmhhVzQifQ==,Integración
eyJqb2JfdGl0bGUiOiJFc3BlY2lhbGlzdGEgZW4gQXV0b21hdGl6YWNpw7NuIEluZHVzdHJpYWwiLCJjb21wYW55X25hbWUiOiJJbnRlcmVtcGxlbyIsImFkZHJlc3NfY2l0eSI6Ik1vbnRlaGVybW9zbywgU3BhaW4iLCJodGlkb2NpZCI6IkJQNGZtSnRNMjJyWngxVVBBQUFBQUE9PSIsInV1bGUiOiJ3K0NBSVFJQ0lGVTNCaGFXNCJ9,Seguridad
eyJqb2JfdGl0bGUiOiJJbmdlbmllckAgQXV0b21hdGl6YWNpw7NuIiwiY29tcGFueV9uYW1lIjoiVm9sa3N3YWdlbiBHcm91cCBTZXJ2aWNlcyBCYXJjZWxvbmEiLCJhZGRyZXNzX2NpdHkiOiJNYXJ0b3JlbGwsIFNwYWluIiwiaHRpZG9jaWQiOiJ4aWNscjd5ZHZnM1J3Ml9vQUFBQUFBPT0iLCJ1dWxlIjoidytDQUlRSUNJRlUzQmhhVzQifQ==,Integración
eyJqb2JfdGl0bGUiOiJFc3BlY2lhbGlzdGEgZW4gQXV0b21hdGl6YWNpw7NuIEluZHVzdHJpYWwiLCJjb21wYW55X25hbWUiOiJNZWNhbHV4IiwiYWRkcmVzc19jaXR5IjoiQ29ybmVsbMOgIGRlIExsb2JyZWdhdCwgU3BhaW4iLCJodGlkb2NpZCI6ImdXa3A1MVZRVkJORC1FTTNBQUFBQUE9PSIsInV1bGUiOiJ3K0NBSVFJQ0lGVTNCaGFXNCJ9,Integración
eyJqb2JfdGl0bGUiOiJFc3BlY2lhbGlzdGEgZW4gU2ltdWxhY2nDs24gZGUgUHJvY2Vzb3MiLCJjb21wYW55X25hbWUiOiJNZWNhbHV4IiwiYWRkcmVzc19jaXR5IjoiQ29ybmVsbMOgIGRlIExsb2JyZWdhdCwgU3BhaW4iLCJodGlkb2NpZCI6IklsTlM0VHpIb29TYktWeENBQUFBQUE9PSIsInV1bGUiOiJ3K0NBSVFJQ0lGVTNCaGFXNCJ9,Integración
eyJqb2JfdGl0bGUiOiJFTEVDVFJPTUVDw4FOSUNPIEVTUEVDSUFMSVNUQS4gQVVUT01BVElaQUNJw5NOIElORFVTVFJJQUwgKE1BRFJJRCkiLCJjb21wYW55X25hbWUiOiJSaWVrYSBUYWxlbnQgRVRUIiwiYWRkcmVzc19jaXR5IjoiU2FuIEZlcm5hbmRvIGRlIEhlbmFyZXMsIFNwYWluIiwiaHRpZG9jaWQiOiJCeXVJV1EzRnVsbXVRa2ZXQUFBQUFBPT0iLCJ1dWxlIjoidytDQUlRSUNJRlUzQmhhVzQifQ==,Seguridad
eyJqb2JfdGl0bGUiOiJBdXRvbWF0aW9uIEVuZ2luZWVyIC8gSW5nZW5pZXJvIGRlIEF1dG9tYXRpemFjaW9uIiwiY29tcGFueV9uYW1lIjoiQW1hem9uIiwiYWRkcmVzc19jaXR5IjoiR2lyb25hLCBTcGFpbiIsImh0aWRvY2lkIjoiZnE5UjBCX05VS0hGOHNJYUFBQUFBQT09IiwidXVsZSI6IncrQ0FJUUlDSUZVM0JoYVc0In0=,Seguridad
eyJqb2JfdGl0bGUiOiJUw4lDTklDTy9BIEFVVE9NQVRJWkFDScOTTiBJTkRVU1RSSUFMIiwiY29tcGFueV9uYW1lIjoiTWVyY2Fkb25hIiwiYWRkcmVzc19jaXR5IjoiQWxiYWxhdCBkZWxzIFNvcmVsbHMsIFNwYWluIiwiaHRpZG9jaWQiOiJIWDNUdE1MYXRXNW1IcVRJQUFBQUFBPT0iLCJ1dWxlIjoidytDQUlRSUNJRlUzQmhhVzQifQ==,Integración
eyJqb2JfdGl0bGUiOiJJbmdlbmllcm8gcGFyYSBsYSBBdXRvbWF0aXphY2nDs24gZGUgRGVzcGxpZWd1ZXMgZGUgSW5mcmFlc3RydWN0dXJhIGRlIFRJIiwiY29tcGFueV9uYW1lIjoiS3JlbGwgQ29uc3VsdGluZyIsImFkZHJlc3NfY2l0eSI6Ik1hZHJpZCwgU3BhaW4iLCJodGlkb2NpZCI6IklNWTdILS1xRGRROU9YcWFBQUFBQUE9PSIsInV1bGUiOiJ3K0NBSVFJQ0lGVTNCaGFXNCJ9,Seguridad
eyJqb2JfdGl0bGUiOiJJbmdlbmllcm8gcGFyYSBsYSBBdXRvbWF0aXphY2nDs24gZGUgRGVzcGxpZWd1ZXMgZGUgSW5mcmFlc3RydWN0dXJhIGRlIFRJIiwiY29tcGFueV9uYW1lIjoiS3JlbGwgQ29uc3VsdGluZyIsImFkZHJlc3NfY2l0eSI6Ik1hZHJpZCwgU3BhaW4iLCJodGlkb2NpZCI6IklNWTdILS1xRGRROU9YcWFBQUFBQUE9PSIsInV1bGUiOiJ3K0NBSVFJQ0lGVTNCaGFXNCJ9,Integración
eyJqb2JfdGl0bGUiOiJJbmdlbmllcm8gZGUgYXV0b21hdGl6YWNpw7NuIiwiY29tcGFueV9uYW1lIjoic2VyZW0uIENvbnN1bHRvcsOtYSBlbXByZXNhcmlhbCIsImFkZHJlc3NfY2l0eSI6Ik1hZHJpZCwgU3BhaW4iLCJodGlkb2NpZCI6IjVESS00bWhWVzJxVWlORVFBQUFBQUE9PSIsInV1bGUiOiJ3K0NBSVFJQ0lGVTNCaGFXNCJ9,Seguridad
eyJqb2JfdGl0bGUiOiJJbmdlbmllcm8gZGUgYXV0b21hdGl6YWNpw7NuIiwiY29tcGFueV9uYW1lIjoic2VyZW0uIENvbnN1bHRvcsOtYSBlbXByZXNhcmlhbCIsImFkZHJlc3NfY2l0eSI6Ik1hZHJpZCwgU3BhaW4iLCJodGlkb2NpZCI6IjVESS00bWhWVzJxVWlORVFBQUFBQUE9PSIsInV1bGUiOiJ3K0NBSVFJQ0lGVTNCaGFXNCJ9,Integración
eyJqb2JfdGl0bGUiOiJFeHBlcnRvIE1JQ1JPU0VSVklDSU9TIERpZ2l0YWwgQmFua2luZyIsImNvbXBhbnlfbmFtZSI6Ik5UVCBEQVRBIiwiYWRkcmVzc19jaXR5IjoiQWxpY2FudGUsIFNwYWluIiwiaHRpZG9jaWQiOiJ2dlJ4ZjFhTWEzX3hqdWdZQUFBQUFBPT0iLCJ1dWxlIjoidytDQUlRSUNJRlUzQmhhVzQifQ==,Integración
eyJqb2JfdGl0bGUiOiJBcnF1aXRlY3RvIGRlIHNvZnR3YXJlIG1pY3Jvc2VydmljaW9zIiwiY29tcGFueV9uYW1lIjoiS3JlbGwgQ29uc3VsdGluZyIsImFkZHJlc3NfY2l0eSI6Ik1hZHJpZCwgU3BhaW4iLCJodGlkb2NpZCI6InhjWWNOUTByNjJOMkRqcXlBQUFBQUE9PSIsInV1bGUiOiJ3K0NBSVFJQ0lGVTNCaGFXNCJ9,Base de datos
eyJqb2JfdGl0bGUiOiJEZXNhcnJvbGxhZG9yIFNwcmluZ0Jvb3QtTWljcm9zZXJ2aWNpb3MiLCJjb21wYW55X25hbWUiOiJTZWNvbmQgV2luZG93IiwiYWRkcmVzc19jaXR5IjoiTWFkcmlkLCBTcGFpbiIsImh0aWRvY2lkIjoiaXgySHVWS2h3R2kweW9PakFBQUFBQT09IiwidXVsZSI6IncrQ0FJUUlDSUZVM0JoYVc0In0=,Seguridad
eyJqb2JfdGl0bGUiOiJEZXNhcnJvbGxhZG9yIFNwcmluZ0Jvb3QtTWljcm9zZXJ2aWNpb3MiLCJjb21wYW55X25hbWUiOiJTZWNvbmQgV2luZG93IiwiYWRkcmVzc19jaXR5IjoiTWFkcmlkLCBTcGFpbiIsImh0aWRvY2lkIjoiaXgySHVWS2h3R2kweW9PakFBQUFBQT09IiwidXVsZSI6IncrQ0FJUUlDSUZVM0JoYVc0In0=,Backend
eyJqb2JfdGl0bGUiOiJTZW5pb3IgQmFja2VuZCBEZXZlbG9wZXIgLyBBcnF1aXRlY3RvL2EgTWljcm9zZXJ2aWNpb3MiLCJjb21wYW55X25hbWUiOiJKb3BweSIsImFkZHJlc3NfY2l0eSI6IlNwYWluIiwiaHRpZG9jaWQiOiJFQm8zaVA3RFp2SmVEV2VUQUFBQUFBPT0iLCJ1dWxlIjoidytDQUlRSUNJRlUzQmhhVzQifQ==,Integración
eyJqb2JfdGl0bGUiOiJTZW5pb3IgQmFja2VuZCBEZXZlbG9wZXIgLyBBcnF1aXRlY3RvL2EgTWljcm9zZXJ2aWNpb3MiLCJjb21wYW55X25hbWUiOiJKb3BweSIsImFkZHJlc3NfY2l0eSI6IlNwYWluIiwiaHRpZG9jaWQiOiJFQm8zaVA3RFp2SmVEV2VUQUFBQUFBPT0iLCJ1dWxlIjoidytDQUlRSUNJRlUzQmhhVzQifQ==,Backend
eyJqb2JfdGl0bGUiOiJBcnF1aXRlY3RvIERlIFNpc3RlbWFzIFdvcmtwbGFjZSBIL00iLCJjb21wYW55X25hbWUiOiJTaXRpbyBSb3lhbHRpZXMiLCJhZGRyZXNzX2NpdHkiOiJaYXJhZ296YSwgU3BhaW4iLCJodGlkb2NpZCI6IlpNX09fb3hJUU5XSEEyeHlBQUFBQUE9PSIsInV1bGUiOiJ3K0NBSVFJQ0lGVTNCaGFXNCJ9,Seguridad
eyJqb2JfdGl0bGUiOiJBcnF1aXRlY3RvIERlIFNpc3RlbWFzIFdvcmtwbGFjZSBIL00iLCJjb21wYW55X25hbWUiOiJTaXRpbyBSb3lhbHRpZXMiLCJhZGRyZXNzX2NpdHkiOiJaYXJhZ296YSwgU3BhaW4iLCJodGlkb2NpZCI6IlpNX09fb3hJUU5XSEEyeHlBQUFBQUE9PSIsInV1bGUiOiJ3K0NBSVFJQ0lGVTNCaGFXNCJ9,Integración
eyJqb2JfdGl0bGUiOiJFc3BlY2lhbGlzdGEgZW4gQXJxdWl0ZWN0dXJhIGRlIFNpc3RlbWFzIiwiY29tcGFueV9uYW1lIjoib25odW50ZXJzIiwiYWRkcmVzc19jaXR5IjoiTWFkcmlkLCBTcGFpbiIsImh0aWRvY2lkIjoiN3NnbkRmM3ljdkFMU0dObEFBQUFBQT09IiwidXVsZSI6IncrQ0FJUUlDSUZVM0JoYVc0In0=,Seguridad
eyJqb2JfdGl0bGUiOiJFc3BlY2lhbGlzdGEgZW4gQXJxdWl0ZWN0dXJhIGRlIFNpc3RlbWFzIiwiY29tcGFueV9uYW1lIjoib25odW50ZXJzIiwiYWRkcmVzc19jaXR5IjoiTWFkcmlkLCBTcGFpbiIsImh0aWRvY2lkIjoiN3NnbkRmM3ljdkFMU0dObEFBQUFBQT09IiwidXVsZSI6IncrQ0FJUUlDSUZVM0JoYVc0In0=,Integración
eyJqb2JfdGl0bGUiOiJFU1BFQ0lBTElTVEEgRU4gQVJRVUlURUNUVVJBIEUgSU1QTEFOVEFDSU9OIERFIFBST1lFQ1RPUyBERSBJTlRFTElHRU5DSUEgQVJUSUZJQ0lBTCIsImNvbXBhbnlfbmFtZSI6IlRlbGVmw7NuaWNhIiwiYWRkcmVzc19jaXR5IjoiTWFkcmlkLCBTcGFpbiIsImh0aWRvY2lkIjoiX0FNNnNnWkIzdVREeXVMRUFBQUFBQT09IiwidXVsZSI6IncrQ0FJUUlDSUZVM0JoYVc0In0=,Seguridad
eyJqb2JfdGl0bGUiOiJFU1BFQ0lBTElTVEEgRU4gQVJRVUlURUNUVVJBIEUgSU1QTEFOVEFDSU9OIERFIFBST1lFQ1RPUyBERSBJTlRFTElHRU5DSUEgQVJUSUZJQ0lBTCIsImNvbXBhbnlfbmFtZSI6IlRlbGVmw7NuaWNhIiwiYWRkcmVzc19jaXR5IjoiTWFkcmlkLCBTcGFpbiIsImh0aWRvY2lkIjoiX0FNNnNnWkIzdVREeXVMRUFBQUFBQT09IiwidXVsZSI6IncrQ0FJUUlDSUZVM0JoYVc0In0=,Integración
eyJqb2JfdGl0bGUiOiJFc3BlY2lhbGlzdGEgZW4gQXJxdWl0ZWN0dXJhIGRlIFNvZnR3YXJlIiwiY29tcGFueV9uYW1lIjoiTlRUIERBVEEiLCJhZGRyZXNzX2NpdHkiOiJTYW50YSBDcnV6IGRlIFRlbmVyaWZlLCBTcGFpbiIsImh0aWRvY2lkIjoiNldLYzIwQzhxSF9sa01FVkFBQUFBQT09IiwidXVsZSI6IncrQ0FJUUlDSUZVM0JoYVc0In0=,Seguridad
eyJqb2JfdGl0bGUiOiJFc3BlY2lhbGlzdGEgZW4gSW50ZWdyYWNpw7NuIGRlIEFycXVpdGVjdHVyYSBEaWdpdGFsIChHZW1lbG9zIGRpZ2l0YWxlcykiLCJjb21wYW55X25hbWUiOiJOZW90YWxlbnQgQ29uY2x1c2lvbiIsImFkZHJlc3NfY2l0eSI6Ik1hZHJpZCwgU3BhaW4iLCJodGlkb2NpZCI6Ikp3VXZJMm1OWmpRRVZMSjhBQUFBQUE9PSIsInV1bGUiOiJ3K0NBSVFJQ0lGVTNCaGFXNCJ9,Integración
eyJqb2JfdGl0bGUiOiJBcnF1aXRlY3RvIGRlIFNpc3RlbWFzIiwiY29tcGFueV9uYW1lIjoiRXZvbHV0aW8gRW1wb3dlcmluZyB0aGUgY2xvdWQiLCJhZGRyZXNzX2NpdHkiOiJTcGFpbiIsImh0aWRvY2lkIjoiRzhNd3RJeldjY1g1UHl4MkFBQUFBQT09IiwidXVsZSI6IncrQ0FJUUlDSUZVM0JoYVc0In0=,Seguridad
eyJqb2JfdGl0bGUiOiJBcnF1aXRlY3RvIGRlIFNpc3RlbWFzIiwiY29tcGFueV9uYW1lIjoiRXZvbHV0aW8gRW1wb3dlcmluZyB0aGUgY2xvdWQiLCJhZGRyZXNzX2NpdHkiOiJTcGFpbiIsImh0aWRvY2lkIjoiRzhNd3RJeldjY1g1UHl4MkFBQUFBQT09IiwidXVsZSI6IncrQ0FJUUlDSUZVM0JoYVc0In0=,Integración
eyJqb2JfdGl0bGUiOiJFc3BlY2lhbGlzdGEgRW4gQXJxdWl0ZWN0dXJhIFRpYyIsImNvbXBhbnlfbmFtZSI6IkdydXBvIE5zIiwiYWRkcmVzc19jaXR5IjoiTWFkcmlkLCBTcGFpbiIsImh0aWRvY2lkIjoiUFVJal9OLWw5TTVGU2xQTEFBQUFBQT09IiwidXVsZSI6IncrQ0FJUUlDSUZVM0JoYVc0In0=,Integración
eyJqb2JfdGl0bGUiOiIxNDM5IEVzcGVjaWFsaXN0YSBBcnF1aXRlY3R1cmEgRGUgRGF0b3MgWSA0LjAiLCJjb21wYW55X25hbWUiOiJOYXZhbnRpYSIsImFkZHJlc3NfY2l0eSI6IkNhcnRhZ2VuYSwgU3BhaW4iLCJodGlkb2NpZCI6IlJpMGItWXpFTWlBaVd4bVRBQUFBQUE9PSIsInV1bGUiOiJ3K0NBSVFJQ0lGVTNCaGFXNCJ9,Analisis de Datos
eyJqb2JfdGl0bGUiOiJBcnF1aXRlY3RvIEJpZyBEYXRhIiwiY29tcGFueV9uYW1lIjoiU3RyYXRpbyIsImFkZHJlc3NfY2l0eSI6Ik1hZHJpZCwgU3BhaW4iLCJodGlkb2NpZCI6Ikd2aHJiVEVzd0J6ZnZuZXFBQUFBQUE9PSIsInV1bGUiOiJ3K0NBSVFJQ0lGVTNCaGFXNCJ9,Seguridad
eyJqb2JfdGl0bGUiOiJBcnF1aXRlY3RvIGRlIFNvZnR3YXJlIiwiY29tcGFueV9uYW1lIjoiTMOjYmVyaXQiLCJhZGRyZXNzX2NpdHkiOiJNYWRyaWQsIFNwYWluIiwiaHRpZG9jaWQiOiJJOUJGS2hwa2V4UjFpY054QUFBQUFBPT0iLCJ1dWxlIjoidytDQUlRSUNJRlUzQmhhVzQifQ==,Seguridad
eyJqb2JfdGl0bGUiOiJBcnF1aXRlY3RvIGRlIFNvZnR3YXJlIiwiY29tcGFueV9uYW1lIjoiTMOjYmVyaXQiLCJhZGRyZXNzX2NpdHkiOiJNYWRyaWQsIFNwYWluIiwiaHRpZG9jaWQiOiJJOUJGS2hwa2V4UjFpY054QUFBQUFBPT0iLCJ1dWxlIjoidytDQUlRSUNJRlUzQmhhVzQifQ==,Integración
eyJqb2JfdGl0bGUiOiJBcnF1aXRlY3RvIGRlIHNvZnR3YXJlIiwiY29tcGFueV9uYW1lIjoiYmVMdWNrIiwiYWRkcmVzc19jaXR5IjoiR2lqw7NuLCBTcGFpbiIsImh0aWRvY2lkIjoiSWNKRDB1SlBjV1BXRXZrU0FBQUFBQT09IiwidXVsZSI6IncrQ0FJUUlDSUZVM0JoYVc0In0=,Seguridad
eyJqb2JfdGl0bGUiOiJSZXNwb25zYWJsZSBQcmVzY3JpcHRvci4gU2lzdGVtYXMgcGFyYSBhcnF1aXRlY3R1cmEiLCJjb21wYW55X25hbWUiOiJFMyBHYWJpbmV0ZSIsImFkZHJlc3NfY2l0eSI6Ik1hcnJhdHjDrSwgU3BhaW4iLCJodGlkb2NpZCI6IkNtOV8zbWtFR0JNZ2djY3BBQUFBQUE9PSIsInV1bGUiOiJ3K0NBSVFJQ0lGVTNCaGFXNCJ9,Base de datos
eyJqb2JfdGl0bGUiOiJBcnF1aXRlY3RvIGRlIHNvbHVjaW9uZXMgSUEiLCJjb21wYW55X25hbWUiOiJRVUFOVCBBSSBMYWIiLCJhZGRyZXNzX2NpdHkiOiJTcGFpbiIsImh0aWRvY2lkIjoiRlpMN2lKNTJ2U25yRkRfQkFBQUFBQT09IiwidXVsZSI6IncrQ0FJUUlDSUZVM0JoYVc0In0=,Integración
eyJqb2JfdGl0bGUiOiJBcnF1aXRlY3RvIGRlIFNvbHVjaW9uZXMgZGUgQ29tdW5pY2FjaW9uZXMiLCJjb21wYW55X25hbWUiOiJLcmVsbCBDb25zdWx0aW5nIiwiYWRkcmVzc19jaXR5IjoiTWFkcmlkLCBTcGFpbiIsImh0aWRvY2lkIjoiNGhVMnVHR0xHLXlYZ0Z3LUFBQUFBQT09IiwidXVsZSI6IncrQ0FJUUlDSUZVM0JoYVc0In0=,Seguridad
eyJqb2JfdGl0bGUiOiJBcnF1aXRlY3RvL2EgZGUgU29mdHdhcmUiLCJjb21wYW55X25hbWUiOiJUb3AgRG9jdG9ycyIsImFkZHJlc3NfY2l0eSI6IlNwYWluIiwiaHRpZG9jaWQiOiI0UnBPc2VqaGhrWUN3NGdEQUFBQUFBPT0iLCJ1dWxlIjoidytDQUlRSUNJRlUzQmhhVzQifQ==,Base de datos
eyJqb2JfdGl0bGUiOiJBcnF1aXRlY3RvL2EgZGUgU29mdHdhcmUiLCJjb21wYW55X25hbWUiOiJUb3AgRG9jdG9ycyIsImFkZHJlc3NfY2l0eSI6IlNwYWluIiwiaHRpZG9jaWQiOiI0UnBPc2VqaGhrWUN3NGdEQUFBQUFBPT0iLCJ1dWxlIjoidytDQUlRSUNJRlUzQmhhVzQifQ==,Backend
eyJqb2JfdGl0bGUiOiJQZXJmaWwgQ2liZXJzZWd1cmlkYWQgKEZyYXVkZSB5IEFycXVpdGVjdHVyYSkgLSBUZWxldHJhYmFqbyIsImNvbXBhbnlfbmFtZSI6IkF6ZXJ0aXVtIElUIiwiYWRkcmVzc19jaXR5IjoiTWFkcmlkLCBTcGFpbiIsImh0aWRvY2lkIjoiQUhZa3NuT29hZjlvVGQzYkFBQUFBQT09IiwidXVsZSI6IncrQ0FJUUlDSUZVM0JoYVc0In0=,Seguridad
eyJqb2JfdGl0bGUiOiJBcnF1aXRlY3RvL2EgZGUgc29mdHdhcmUiLCJjb21wYW55X25hbWUiOiJBcGl1eCBUZWNoIiwiYWRkcmVzc19jaXR5IjoiU3BhaW4iLCJodGlkb2NpZCI6Imd5NjNMNHZ4bi1rVmlCUE1BQUFBQUE9PSIsInV1bGUiOiJ3K0NBSVFJQ0lGVTNCaGFXNCJ9,Integración
eyJqb2JfdGl0bGUiOiJEZXNhcnJvbGxhZG9yIGRlIFNvZnR3YXJlIEVtYmViaWRvIC0gVmlnbywgUG9udGV2ZWRyYSwgRXNwYcOxYSIsImNvbXBhbnlfbmFtZSI6IlNhbmRhdiIsImFkZHJlc3NfY2l0eSI6IlZpZ28sIE11bmljaXBhbGl0eSBvZiBWaWdvLCBTcGFpbiIsImh0aWRvY2lkIjoiaHVqWFRxbDhnQ1BJdUo1QUFBQUFBQT09IiwidXVsZSI6IncrQ0FJUUlDSUZVM0JoYVc0In0=,Seguridad
eyJqb2JfdGl0bGUiOiJEZXNhcnJvbGxhZG9yIGRlIFNvZnR3YXJlIEVtYmViaWRvIC0gVmlnbywgUG9udGV2ZWRyYSwgRXNwYcOxYSIsImNvbXBhbnlfbmFtZSI6IlNhbmRhdiIsImFkZHJlc3NfY2l0eSI6IlZpZ28sIE11bmljaXBhbGl0eSBvZiBWaWdvLCBTcGFpbiIsImh0aWRvY2lkIjoiaHVqWFRxbDhnQ1BJdUo1QUFBQUFBQT09IiwidXVsZSI6IncrQ0FJUUlDSUZVM0JoYVc0In0=,Integración
eyJqb2JfdGl0bGUiOiJJbmdlbmllcm8gZGUgU29mdHdhcmUgZW1iZWJpZG8iLCJjb21wYW55X25hbWUiOiJkdWFnb24iLCJhZGRyZXNzX2NpdHkiOiJUcmVzIENhbnRvcywgU3BhaW4iLCJodGlkb2NpZCI6IjdyS0JIck1jNlpKRkhpUVlBQUFBQUE9PSIsInV1bGUiOiJ3K0NBSVFJQ0lGVTNCaGFXNCJ9,Integración
eyJqb2JfdGl0bGUiOiJJbmdlbmllcm8vYSBkZSBzb2Z0d2FyZSBlbWJlYmlkbyDigJQgVmFsZW5jaWEiLCJjb21wYW55X25hbWUiOiJIZXNzdGVjIiwiYWRkcmVzc19jaXR5IjoiU2V2aWxsZSwgU3BhaW4iLCJodGlkb2NpZCI6IkVhZ19TWF81azhGUWJJXzVBQUFBQUE9PSIsInV1bGUiOiJ3K0NBSVFJQ0lGVTNCaGFXNCJ9,Integración
eyJqb2JfdGl0bGUiOiJJbmdlbmllcm8vYSBkZSBkZXNhcnJvbGxvIGRlIHNvZnR3YXJlIGVtYmViaWRvIiwiY29tcGFueV9uYW1lIjoiSW5kcmEiLCJhZGRyZXNzX2NpdHkiOiJWaWdvLCBNdW5pY2lwYWxpdHkgb2YgVmlnbywgU3BhaW4iLCJodGlkb2NpZCI6IjUteW9VNDhSYnQtc1lqTVNBQUFBQUE9PSIsInV1bGUiOiJ3K0NBSVFJQ0lGVTNCaGFXNCJ9,Integración
eyJqb2JfdGl0bGUiOiJEZXNhcnJvbGxhZG9yL2EgU1cgRW1iZWJpZG8gKCpZKSIsImNvbXBhbnlfbmFtZSI6IkJldHdlZW4gVGVjaG5vbG9neSIsImFkZHJlc3NfY2l0eSI6Ikxlw7NuLCBTcGFpbiIsImh0aWRvY2lkIjoiRFBtcGRaZW56YUVwQmdhS0FBQUFBQT09IiwidXVsZSI6IncrQ0FJUUlDSUZVM0JoYVc0In0=,Seguridad
eyJqb2JfdGl0bGUiOiJEZXNhcnJvbGxhZG9yL2EgU1cgRW1iZWJpZG8gKCpZKSIsImNvbXBhbnlfbmFtZSI6IkJldHdlZW4gVGVjaG5vbG9neSIsImFkZHJlc3NfY2l0eSI6Ikxlw7NuLCBTcGFpbiIsImh0aWRvY2lkIjoiRFBtcGRaZW56YUVwQmdhS0FBQUFBQT09IiwidXVsZSI6IncrQ0FJUUlDSUZVM0JoYVc0In0=,Integración
eyJqb2JfdGl0bGUiOiJJbmdlbmllcm8vYSBkZSBzb2Z0d2FyZSBlbWJlYmlkbyIsImNvbXBhbnlfbmFtZSI6IkluZHJhIiwiYWRkcmVzc19jaXR5IjoiVG9ycmVqw7NuIGRlIEFyZG96LCBTcGFpbiIsImh0aWRvY2lkIjoiWEJBbDF4RlZVYlo3NTVmX0FBQUFBQT09IiwidXVsZSI6IncrQ0FJUUlDSUZVM0JoYVc0In0=,Integración
eyJqb2JfdGl0bGUiOiJEZXNhcnJvbGxhZG9yIFNXIEVtYmViaWRvIiwiY29tcGFueV9uYW1lIjoiQmV0d2VlbiBUZWNobm9sb2d5IiwiYWRkcmVzc19jaXR5IjoiTGXDs24sIFNwYWluIiwiaHRpZG9jaWQiOiI2VXZKOE5VMU4zNUg4MFQwQUFBQUFBPT0iLCJ1dWxlIjoidytDQUlRSUNJRlUzQmhhVzQifQ==,Integración
eyJqb2JfdGl0bGUiOiJJbmdlbmllcm8gZGUgc29mdHdhcmUgaW5jcnVzdGFkbyIsImNvbXBhbnlfbmFtZSI6IkdlbmVyYWwgU29mdHdhcmUiLCJhZGRyZXNzX2NpdHkiOiJNYWRyaWQsIFNwYWluIiwiaHRpZG9jaWQiOiJmbEQ4anVkbm4wNlFRUFM3QUFBQUFBPT0iLCJ1dWxlIjoidytDQUlRSUNJRlUzQmhhVzQifQ==,Integración
eyJqb2JfdGl0bGUiOiJJbmdlbmllcm8vYSBkZSBTb2Z0d2FyZSBFbWJlYmlkbywgaGlicmlkbyIsImNvbXBhbnlfbmFtZSI6IkdNViIsImFkZHJlc3NfY2l0eSI6IlZhbGxhZG9saWQsIFNwYWluIiwiaHRpZG9jaWQiOiIwVmlWanRCLThYQ0V6Uy1pQUFBQUFBPT0iLCJ1dWxlIjoidytDQUlRSUNJRlUzQmhhVzQifQ==,Integración
eyJqb2JfdGl0bGUiOiJEZXNhcnJvbGxhZG9yL3JhIGRlIFNvZnR3YXJlIEVtYmViaWRvIChTZW5pb3IpIHwgU2VjdG9yLi4uIiwiY29tcGFueV9uYW1lIjoiQ2VudHVtIiwiYWRkcmVzc19jaXR5IjoiTWFkcmlkLCBTcGFpbiIsImh0aWRvY2lkIjoiWGVHbEZ5UlFtMXh2cmRpS0FBQUFBQT09IiwidXVsZSI6IncrQ0FJUUlDSUZVM0JoYVc0In0=,Seguridad
eyJqb2JfdGl0bGUiOiJJbmdlbmllcm9zL2FzIGRlc2Fycm9sbG8gc29mdHdhcmUgZW1iZWJpZG8gbyBiYWNrZW5kIiwiY29tcGFueV9uYW1lIjoiVW5pdmVyc2lkYWRlIGRlIFZpZ28iLCJhZGRyZXNzX2NpdHkiOiJWaWdvLCBNdW5pY2lwYWxpdHkgb2YgVmlnbywgU3BhaW4iLCJodGlkb2NpZCI6Im9mc2NpYWxSd3NkZGlQVnpBQUFBQUE9PSIsInV1bGUiOiJ3K0NBSVFJQ0lGVTNCaGFXNCJ9,Seguridad
eyJqb2JfdGl0bGUiOiJJbmdlbmllcm9zL2FzIGRlc2Fycm9sbG8gc29mdHdhcmUgZW1iZWJpZG8gbyBiYWNrZW5kIiwiY29tcGFueV9uYW1lIjoiVW5pdmVyc2lkYWRlIGRlIFZpZ28iLCJhZGRyZXNzX2NpdHkiOiJWaWdvLCBNdW5pY2lwYWxpdHkgb2YgVmlnbywgU3BhaW4iLCJodGlkb2NpZCI6Im9mc2NpYWxSd3NkZGlQVnpBQUFBQUE9PSIsInV1bGUiOiJ3K0NBSVFJQ0lGVTNCaGFXNCJ9,Integración
eyJqb2JfdGl0bGUiOiJJbmdlbmllcm9zL2FzIGRlc2Fycm9sbG8gc29mdHdhcmUgZW1iZWJpZG8gbyBiYWNrZW5kIiwiY29tcGFueV9uYW1lIjoiVW5pdmVyc2lkYWRlIGRlIFZpZ28iLCJhZGRyZXNzX2NpdHkiOiJWaWdvLCBNdW5pY2lwYWxpdHkgb2YgVmlnbywgU3BhaW4iLCJodGlkb2NpZCI6Im9mc2NpYWxSd3NkZGlQVnpBQUFBQUE9PSIsInV1bGUiOiJ3K0NBSVFJQ0lGVTNCaGFXNCJ9,Backend
eyJqb2JfdGl0bGUiOiJJbmdlbmllcm8gUGFyYSBEZXNhcnJvbGxvIERlIFNvZnR3YXJlIEVtYmViaWRvIEMrIiwiY29tcGFueV9uYW1lIjoiTm92YSBOb3RpbyBTLkwuIiwiYWRkcmVzc19jaXR5IjoiWmFyYWdvemEsIFNwYWluIiwiaHRpZG9jaWQiOiJwQ2FFbVNzeEN6dDU4TUZlQUFBQUFBPT0iLCJ1dWxlIjoidytDQUlRSUNJRlUzQmhhVzQifQ==,Seguridad
eyJqb2JfdGl0bGUiOiJJbmdlbmllcm8vYSBkZSBTb2Z0d2FyZSBFbWJlYmlkbyBDKysiLCJjb21wYW55X25hbWUiOiJFeGNlbHRpYyIsImFkZHJlc3NfY2l0eSI6IlRvcnJlasOzbiBkZSBBcmRveiwgU3BhaW4iLCJodGlkb2NpZCI6IjNYLU8zc1VReDU5MmZBQk9BQUFBQUE9PSIsInV1bGUiOiJ3K0NBSVFJQ0lGVTNCaGFXNCJ9,Integración
eyJqb2JfdGl0bGUiOiJJbmdlbmllcm8vYSBkZSBTb2Z0d2FyZSBFbWJlYmlkbyAoQy9DKyspIiwiY29tcGFueV9uYW1lIjoiQmV0d2VlbiBUZWNobm9sb2d5IiwiYWRkcmVzc19jaXR5IjoiU2V2aWxsZSwgU3BhaW4iLCJodGlkb2NpZCI6IkhkQkR6SnlZNkw5M1NlSGNBQUFBQUE9PSIsInV1bGUiOiJ3K0NBSVFJQ0lGVTNCaGFXNCJ9,Seguridad
eyJqb2JfdGl0bGUiOiJJbmdlbmllcm8gU1cgRW1iZWJpZG8iLCJjb21wYW55X25hbWUiOiJBYmlvbmljYSBTb2x1dGlvbnMiLCJhZGRyZXNzX2NpdHkiOiJBbGljYW50ZSwgU3BhaW4iLCJodGlkb2NpZCI6InFtY1ItNl9DbDhoNThZRGlBQUFBQUE9PSIsInV1bGUiOiJ3K0NBSVFJQ0lGVTNCaGFXNCJ9,Integración
eyJqb2JfdGl0bGUiOiJQcm9ncmFtYWRvci9hIFNvZnR3YXJlIEVtYmViaWRvIiwiY29tcGFueV9uYW1lIjoiU0FOREFWIiwiYWRkcmVzc19jaXR5IjoiVmlnbywgTXVuaWNpcGFsaXR5IG9mIFZpZ28sIFNwYWluIiwiaHRpZG9jaWQiOiI1QUw4dGhYd3BxMm9fUWhhQUFBQUFBPT0iLCJ1dWxlIjoidytDQUlRSUNJRlUzQmhhVzQifQ==,Seguridad
eyJqb2JfdGl0bGUiOiJFU1BFQ0lBTElTVEEgVEVDTk9MT0fDjUEgREUgU0VHVVJJREFEIFNJRU0iLCJjb21wYW55X25hbWUiOiJUZWxlZsOzbmljYSIsImFkZHJlc3NfY2l0eSI6Ik1hZHJpZCwgU3BhaW4iLCJodGlkb2NpZCI6Ing1QTFDbkFfeHBFVlVjMG9BQUFBQUE9PSIsInV1bGUiOiJ3K0NBSVFJQ0lGVTNCaGFXNCJ9,Seguridad
eyJqb2JfdGl0bGUiOiJFeHBlcnRvIENpYmVyc2VndXJpZGFkIiwiY29tcGFueV9uYW1lIjoiTW92aWxnZXMgSVQgQ29uc3VsdGluZyIsImFkZHJlc3NfY2l0eSI6Ik1hZHJpZCwgU3BhaW4iLCJodGlkb2NpZCI6InNOaC1vNHVIOWk4M2w5V0JBQUFBQUE9PSIsInV1bGUiOiJ3K0NBSVFJQ0lGVTNCaGFXNCJ9,Seguridad
eyJqb2JfdGl0bGUiOiJFeHBlcnRvIENpYmVyc2VndXJpZGFkIiwiY29tcGFueV9uYW1lIjoiTW92aWxnZXMgSVQgQ29uc3VsdGluZyIsImFkZHJlc3NfY2l0eSI6Ik1hZHJpZCwgU3BhaW4iLCJodGlkb2NpZCI6InNOaC1vNHVIOWk4M2w5V0JBQUFBQUE9PSIsInV1bGUiOiJ3K0NBSVFJQ0lGVTNCaGFXNCJ9,Integración
eyJqb2JfdGl0bGUiOiJUw6ljbmljbyBTZWd1cmlkYWQiLCJjb21wYW55X25hbWUiOiJUZWNub2NhdCBTZWd1cmV0YXQgUy5MIiwiYWRkcmVzc19jaXR5IjoiQmFyY2Vsb25hLCBTcGFpbiIsImh0aWRvY2lkIjoiRnVhZThiN3haNEE4a1ozTkFBQUFBQT09IiwidXVsZSI6IncrQ0FJUUlDSUZVM0JoYVc0In0=,Seguridad
eyJqb2JfdGl0bGUiOiJFc3BlY2lhbGlzdGEgc2VuaW9yIGVuIHNlZ3VyaWRhZCBkZSBhcGxpY2FjaW9uZXMiLCJjb21wYW55X25hbWUiOiJBcGl1eCBUZWNub2xvZ8OtYSIsImFkZHJlc3NfY2l0eSI6IlNwYWluIiwiaHRpZG9jaWQiOiJ1R2FDZmVrN25WUU9sSzVQQUFBQUFBPT0iLCJ1dWxlIjoidytDQUlRSUNJRlUzQmhhVzQifQ==,Seguridad
eyJqb2JfdGl0bGUiOiJDb25zdWx0b3IgZGUgQ2liZXJzZWd1cmlkYWQgR1JDIiwiY29tcGFueV9uYW1lIjoiQWR2ZW5zIiwiYWRkcmVzc19jaXR5IjoiTWFkcmlkLCBTcGFpbiIsImh0aWRvY2lkIjoieGZ6VzhDblVvaHdVZW54WEFBQUFBQT09IiwidXVsZSI6IncrQ0FJUUlDSUZVM0JoYVc0In0=,Seguridad
eyJqb2JfdGl0bGUiOiJUw6ljbmljbyBlbiBDaWJlcnNlZ3VyaWRhZCIsImNvbXBhbnlfbmFtZSI6Ik1BSU5KT0JTIElOVEVSTkFDSU9OQUwgRURVQ0FUSVZBIFkgVEVDTk9Mw5NHSUNBIFMuQS5VIiwiYWRkcmVzc19jaXR5IjoiTWFkcmlkLCBTcGFpbiIsImh0aWRvY2lkIjoiTEd2TTRTejYybjd4V1p4S0FBQUFBQT09IiwidXVsZSI6IncrQ0FJUUlDSUZVM0JoYVc0In0=,Seguridad
eyJqb2JfdGl0bGUiOiJJbmdlbmllcm8vYSBkZSBEYXRvcyBDbG91ZCIsImNvbXBhbnlfbmFtZSI6IklLRVJMQU4iLCJhZGRyZXNzX2NpdHkiOiJBcnJhc2F0ZSwgU3BhaW4iLCJodGlkb2NpZCI6Ik8yOHUzOG9XVVB0eEtvdENBQUFBQUE9PSIsInV1bGUiOiJ3K0NBSVFJQ0lGVTNCaGFXNCJ9,Integración
eyJqb2JfdGl0bGUiOiJFc3BlY2lhbGlzdGEgSW5mcmFlc3RydWN0dXJhIENsb3VkIiwiY29tcGFueV9uYW1lIjoiSW50ZXJlbXBsZW8gRXR0IiwiYWRkcmVzc19jaXR5IjoiQWxiYWNldGUsIFNwYWluIiwiaHRpZG9jaWQiOiJubFJhaHlvSUozUDhLU3l3QUFBQUFBPT0iLCJ1dWxlIjoidytDQUlRSUNJRlUzQmhhVzQifQ==,Seguridad
eyJqb2JfdGl0bGUiOiJBRE1JTklTVFJBRE9SIC9BIERFIEJBQ0tVUFMgWSBBTE1BQ0VOQU1JRU5UTyIsImNvbXBhbnlfbmFtZSI6IkF0b3MiLCJhZGRyZXNzX2NpdHkiOiJNYWRyaWQsIFNwYWluIiwiaHRpZG9jaWQiOiItSzVkWUdERjVNVDhwdkhGQUFBQUFBPT0iLCJ1dWxlIjoidytDQUlRSUNJRlUzQmhhVzQifQ==,Seguridad
eyJqb2JfdGl0bGUiOiJBcnF1aXRlY3RvIGRlIFNvbHVjaW9uZXMgQ2xvdWQiLCJjb21wYW55X25hbWUiOiJBZWdvbiIsImFkZHJlc3NfY2l0eSI6IlNwYWluIiwiaHRpZG9jaWQiOiJ1WkFRcThTc3NQQW5lU1pXQUFBQUFBPT0iLCJ1dWxlIjoidytDQUlRSUNJRlUzQmhhVzQifQ==,Seguridad
eyJqb2JfdGl0bGUiOiJBcnF1aXRlY3RvIGRlIFNvbHVjaW9uZXMgQ2xvdWQiLCJjb21wYW55X25hbWUiOiJBZWdvbiIsImFkZHJlc3NfY2l0eSI6IlNwYWluIiwiaHRpZG9jaWQiOiJ1WkFRcThTc3NQQW5lU1pXQUFBQUFBPT0iLCJ1dWxlIjoidytDQUlRSUNJRlUzQmhhVzQifQ==,Integración
eyJqb2JfdGl0bGUiOiJJbmdlbmllcm8gZGUgQ2xvdWQgLyBEYXRhY2VudGVyIiwiY29tcGFueV9uYW1lIjoiSm9ib3NzIiwiYWRkcmVzc19jaXR5IjoiTWFkcmlkLCBTcGFpbiIsImh0aWRvY2lkIjoiM1NtVENwSmRaTnBQblZybUFBQUFBQT09IiwidXVsZSI6IncrQ0FJUUlDSUZVM0JoYVc0In0=,Seguridad
eyJqb2JfdGl0bGUiOiJJbmdlbmllcm8gZGUgQ2xvdWQgLyBEYXRhY2VudGVyIiwiY29tcGFueV9uYW1lIjoiSm9ib3NzIiwiYWRkcmVzc19jaXR5IjoiTWFkcmlkLCBTcGFpbiIsImh0aWRvY2lkIjoiM1NtVENwSmRaTnBQblZybUFBQUFBQT09IiwidXVsZSI6IncrQ0FJUUlDSUZVM0JoYVc0In0=,Integración
eyJqb2JfdGl0bGUiOiJFc3BlY2lhbGlzdGEgZW4gQW7DoWxpc2lzIGRlIFJpZXNnb3MiLCJjb21wYW55X25hbWUiOiJDQUlYQUJBTksiLCJhZGRyZXNzX2NpdHkiOiJCYXJjZWxvbmEsIFNwYWluIiwiaHRpZG9jaWQiOiJXQXlxTzJfWVczdVpVZzZqQUFBQUFBPT0iLCJ1dWxlIjoidytDQUlRSUNJRlUzQmhhVzQifQ==,Integración
eyJqb2JfdGl0bGUiOiJFc3BlY2lhbGlzdGEgZW4gUHJldmVuY2nDs24gZGUgUmllc2dvcyAoSFNFIFNwZWNpYWxpc3QpIiwiY29tcGFueV9uYW1lIjoiVmVzdGFzIiwiYWRkcmVzc19jaXR5IjoiRGFpbWllbCwgU3BhaW4iLCJodGlkb2NpZCI6IlNFNkNNeWVBeXlpMnphU1dBQUFBQUE9PSIsInV1bGUiOiJ3K0NBSVFJQ0lGVTNCaGFXNCJ9,Seguridad
eyJqb2JfdGl0bGUiOiJFc3BlY2lhbGlzdGEgQXRleCB5IEFuw6FsaXNpcyBkZSBSaWVzZ29zIChNYWRyaWQpIFtMWjY0NF0iLCJjb21wYW55X25hbWUiOiJUZXNpY25vciIsImFkZHJlc3NfY2l0eSI6Ik1hZHJpZCwgU3BhaW4iLCJodGlkb2NpZCI6IlhJSmlGLVpDSHVQY0lsR1dBQUFBQUE9PSIsInV1bGUiOiJ3K0NBSVFJQ0lGVTNCaGFXNCJ9,Seguridad
eyJqb2JfdGl0bGUiOiIoWlJNNTE2KSB8IEVzcGVjaWFsaXN0YSBkZSBSaWVzZ29zIHkgQ2liZXJzZWd1cmlkYWQgT1QiLCJjb21wYW55X25hbWUiOiJFbXByZXNhIGzDrWRlciIsImFkZHJlc3NfY2l0eSI6IkNvbW11bml0eSBvZiBNYWRyaWQsIFNwYWluIiwiaHRpZG9jaWQiOiJWb0hieTJOLWpvMjBNclRBQUFBQUFBPT0iLCJ1dWxlIjoidytDQUlRSUNJRlUzQmhhVzQifQ==,Seguridad
eyJqb2JfdGl0bGUiOiJFc3BlY2lhbGlzdGEgZW4gR29iZXJuYW56YSB5IFJpZXNnb3MgSVQiLCJjb21wYW55X25hbWUiOiJQd0MiLCJhZGRyZXNzX2NpdHkiOiJNYWRyaWQsIFNwYWluIiwiaHRpZG9jaWQiOiJzSk51bVc0UzRXVUpVTVRnQUFBQUFBPT0iLCJ1dWxlIjoidytDQUlRSUNJRlUzQmhhVzQifQ==,Seguridad
eyJqb2JfdGl0bGUiOiJBbmFsaXN0YSBkZSBSaWVzZ28gT3BlcmFjaW9uYWwgLSBTYW50YW5kZXIgRGlnaXRhbCBTZXJ2aWNlcyIsImNvbXBhbnlfbmFtZSI6IlNhbnRhbmRlciBEaWdpdGFsIFNlcnZpY2VzIiwiYWRkcmVzc19jaXR5IjoiTWFkcmlkLCBTcGFpbiIsImh0aWRvY2lkIjoiSzc3VXVfSTM0dE5CVk5zLUFBQUFBQT09IiwidXVsZSI6IncrQ0FJUUlDSUZVM0JoYVc0In0=,Seguridad
eyJqb2JfdGl0bGUiOiJBbmFsaXN0YSBkZSBSaWVzZ28gT3BlcmFjaW9uYWwgLSBTYW50YW5kZXIgRGlnaXRhbCBTZXJ2aWNlcyIsImNvbXBhbnlfbmFtZSI6IlNhbnRhbmRlciBEaWdpdGFsIFNlcnZpY2VzIiwiYWRkcmVzc19jaXR5IjoiTWFkcmlkLCBTcGFpbiIsImh0aWRvY2lkIjoiSzc3VXVfSTM0dE5CVk5zLUFBQUFBQT09IiwidXVsZSI6IncrQ0FJUUlDSUZVM0JoYVc0In0=,Integración
eyJqb2JfdGl0bGUiOiJFc3BlY2lhbGlzdGEgUmllc2dvcyB5IENpYmVyc2VndXJpZGFkIE9ULCBNYWRyaWQgKElJUS03NDYpIiwiY29tcGFueV9uYW1lIjoiUGFnZSBQZXJzb25uZWwiLCJhZGRyZXNzX2NpdHkiOiJNYWRyaWQsIFNwYWluIiwiaHRpZG9jaWQiOiJlWW9zcTMtb0dINmVSbGIzQUFBQUFBPT0iLCJ1dWxlIjoidytDQUlRSUNJRlUzQmhhVzQifQ==,Seguridad
eyJqb2JfdGl0bGUiOiJFc3BlY2lhbGlzdGEgZW4gZ2VzdGnDs24gZGUgcmllc2dvcyBkZSBjaWJlcnNlZ3VyaWRhZCIsImNvbXBhbnlfbmFtZSI6IkFwaXV4IFRlY2giLCJhZGRyZXNzX2NpdHkiOiJTcGFpbiIsImh0aWRvY2lkIjoiUmt0LWxhNHc5V3JoZkFrb0FBQUFBQT09IiwidXVsZSI6IncrQ0FJUUlDSUZVM0JoYVc0In0=,Seguridad
eyJqb2JfdGl0bGUiOiJFc3BlY2lhbGlzdGEgZW4gQWN0aXZvcyBPVCIsImNvbXBhbnlfbmFtZSI6IkxISCIsImFkZHJlc3NfY2l0eSI6Ik1hZHJpZCwgU3BhaW4iLCJodGlkb2NpZCI6IkhZQVgyam5KVjhTT2FGWlJBQUFBQUE9PSIsInV1bGUiOiJ3K0NBSVFJQ0lGVTNCaGFXNCJ9,Seguridad
eyJqb2JfdGl0bGUiOiJDb25zdWx0b3IgQ2liZXJzZWd1cmlkYWQgR1JDIChFc3BlY2lhbGl6YWRvIGVuIEFuw6FsaXNpcyBkZSBSaWVzZ29zKSB8IChNMzIxKSIsImNvbXBhbnlfbmFtZSI6IlRhbGVudGh1bnRlciIsImFkZHJlc3NfY2l0eSI6IlJpdmFzLVZhY2lhbWFkcmlkLCBTcGFpbiIsImh0aWRvY2lkIjoiY19ra2M4aXJlblBhSGJKRkFBQUFBQT09IiwidXVsZSI6IncrQ0FJUUlDSUZVM0JoYVc0In0=,Seguridad
eyJqb2JfdGl0bGUiOiJSZXNwb25zYWJsZSBkZSBSaWVzZ28geSBSZWNvYnJvIiwiY29tcGFueV9uYW1lIjoiRURVQ0EgRURURUNIIEdyb3VwIiwiYWRkcmVzc19jaXR5IjoiR3JhbmFkYSwgU3BhaW4iLCJodGlkb2NpZCI6InBuYzhVWEFSRFNVNUFkZmhBQUFBQUE9PSIsInV1bGUiOiJ3K0NBSVFJQ0lGVTNCaGFXNCJ9,Integración
eyJqb2JfdGl0bGUiOiIxNDI2X0EgSW5nZW5pZXJvL2EgRXNwZWNpYWxpc3RhIGVuIGFuw6FsaXNpcyBkZSByaWVzZ29zLCBhdWRpdG9yw61hIHkgcmVwb3J0aW5nIGVuIFNlZ3VyaWRhZCBJbmR1IiwiY29tcGFueV9uYW1lIjoiTmF2YW50aWEiLCJhZGRyZXNzX2NpdHkiOiJTcGFpbiIsImh0aWRvY2lkIjoibFFRT1ZWa3lNN0JhY1Exa0FBQUFBQT09IiwidXVsZSI6IncrQ0FJUUlDSUZVM0JoYVc0In0=,Seguridad
eyJqb2JfdGl0bGUiOiJUw4lDTklDTyBERSBQUkVWRU5DScOTTiBERSBSSUVTR09TIExBQk9SQUxFUyAoMSBQT1IgSU5TVEFMQUNJw5NOKSAtIFtaTFYtNTAyXSIsImNvbXBhbnlfbmFtZSI6IlRFQ0FERSIsImFkZHJlc3NfY2l0eSI6IkxvcyBNb2xhcmVzLCBTcGFpbiIsImh0aWRvY2lkIjoiaVpTM21hMjZIZUJ0cGRsWUFBQUFBQT09IiwidXVsZSI6IncrQ0FJUUlDSUZVM0JoYVc0In0=,Seguridad
eyJqb2JfdGl0bGUiOiJFc3BlY2lhbGlzdGEgRW4gUm9iw7N0aWNhIiwiY29tcGFueV9uYW1lIjoiTmF2YW50aWEiLCJhZGRyZXNzX2NpdHkiOiJGZXJyb2wsIFNwYWluIiwiaHRpZG9jaWQiOiJPdW9VOXpkNnRrNXh0Q0ZRQUFBQUFBPT0iLCJ1dWxlIjoidytDQUlRSUNJRlUzQmhhVzQifQ==,Seguridad
eyJqb2JfdGl0bGUiOiJFc3BlY2lhbGlzdGEgRW4gUm9iw7N0aWNhIiwiY29tcGFueV9uYW1lIjoiTmF2YW50aWEiLCJhZGRyZXNzX2NpdHkiOiJGZXJyb2wsIFNwYWluIiwiaHRpZG9jaWQiOiJPdW9VOXpkNnRrNXh0Q0ZRQUFBQUFBPT0iLCJ1dWxlIjoidytDQUlRSUNJRlUzQmhhVzQifQ==,Integración
eyJqb2JfdGl0bGUiOiJDb21lcmNpYWwgRXNwZWNpYWxpc3RhIEVuIFJvYsOzdGljYSIsImNvbXBhbnlfbmFtZSI6IkdydXBvIEh1bWFjdCIsImFkZHJlc3NfY2l0eSI6IkJhcmNlbG9uYSwgU3BhaW4iLCJodGlkb2NpZCI6ImVoZUwzWk1qUmpWdzFId2ZBQUFBQUE9PSIsInV1bGUiOiJ3K0NBSVFJQ0lGVTNCaGFXNCJ9,Base de datos
eyJqb2JfdGl0bGUiOiJJbmdlbmllcm8gZW4gUm9iw7N0aWNhIiwiY29tcGFueV9uYW1lIjoiQnVtZXJhbmlhIFJvYm90aWNzIiwiYWRkcmVzc19jaXR5IjoiQWxpY2FudGUsIFNwYWluIiwiaHRpZG9jaWQiOiJnSTR4ZkYwTWlvb0YzOEtXQUFBQUFBPT0iLCJ1dWxlIjoidytDQUlRSUNJRlUzQmhhVzQifQ==,Seguridad
eyJqb2JfdGl0bGUiOiJQcm9ncmFtYWRvci9hIGRlIFJvYm90cyBJbmR1c3RyaWFsZXMgKEtVS0EpIiwiY29tcGFueV9uYW1lIjoiQUxURU4gU3BhaW4iLCJhZGRyZXNzX2NpdHkiOiJCYXJjZWxvbmEsIFNwYWluIiwiaHRpZG9jaWQiOiJOZ0RkUzNrOFEzRmd3YzFtQUFBQUFBPT0iLCJ1dWxlIjoidytDQUlRSUNJRlUzQmhhVzQifQ==,Integración
eyJqb2JfdGl0bGUiOiJFc3BlY2lhbGlzdGEgUlBBIiwiY29tcGFueV9uYW1lIjoiSGVubmVvIiwiYWRkcmVzc19jaXR5IjoiWmFyYWdvemEsIFNwYWluIiwiaHRpZG9jaWQiOiJxTmctd084eHM0WFZZZV9wQUFBQUFBPT0iLCJ1dWxlIjoidytDQUlRSUNJRlUzQmhhVzQifQ==,Integración
eyJqb2JfdGl0bGUiOiJUw6ljbmljbyAvIFTDqWNuaWNhIGRlIFJlZGVzIHkgU2VndXJpZGFkIiwiY29tcGFueV9uYW1lIjoiVHJlbnRpYSBDb25zdWx0aW5nIiwiYWRkcmVzc19jaXR5IjoiTWFkcmlkLCBTcGFpbiIsImh0aWRvY2lkIjoiYlpqeG1McWxBNzJDSUp0N0FBQUFBQT09IiwidXVsZSI6IncrQ0FJUUlDSUZVM0JoYVc0In0=,Seguridad
eyJqb2JfdGl0bGUiOiJUw6ljbmljbyBkZSBSZWRlcyB5IFNlZ3VyaWRhZCIsImNvbXBhbnlfbmFtZSI6IlNDQyBFc3Bhw7FhIiwiYWRkcmVzc19jaXR5IjoiTWFkcmlkLCBTcGFpbiIsImh0aWRvY2lkIjoiWHpKaDY5bUZ5SS1PajZQQUFBQUFBQT09IiwidXVsZSI6IncrQ0FJUUlDSUZVM0JoYVc0In0=,Seguridad
eyJqb2JfdGl0bGUiOiJUw4lDTklDTy9BIE4yIFJFREVTIFkgU0VHVVJJREFEIiwiY29tcGFueV9uYW1lIjoiU2lydCIsImFkZHJlc3NfY2l0eSI6IlNwYWluIiwiaHRpZG9jaWQiOiJkd0JqUDBWVS1HZHo4R3RPQUFBQUFBPT0iLCJ1dWxlIjoidytDQUlRSUNJRlUzQmhhVzQifQ==,Seguridad
eyJqb2JfdGl0bGUiOiJUw6ljbmljbyBkZSByZWRlcy1TZWd1cmlkYWQgUGVyaW1ldHJhbCIsImNvbXBhbnlfbmFtZSI6IkNHSSIsImFkZHJlc3NfY2l0eSI6Ik1hZHJpZCwgU3BhaW4iLCJodGlkb2NpZCI6IklnNEQxMDlWRHhLRkg4blBBQUFBQUE9PSIsInV1bGUiOiJ3K0NBSVFJQ0lGVTNCaGFXNCJ9,Seguridad
eyJqb2JfdGl0bGUiOiJUw4lDTklDTy9BIERFIFJFREVTIFkgU0VHVVJJREFEIiwiY29tcGFueV9uYW1lIjoiU290ZWMgQ29uc3VsdGluZyIsImFkZHJlc3NfY2l0eSI6Ik1hZHJpZCwgU3BhaW4iLCJodGlkb2NpZCI6IjluaVQ2WlRvRDNQczE2OGhBQUFBQUE9PSIsInV1bGUiOiJ3K0NBSVFJQ0lGVTNCaGFXNCJ9,Seguridad
eyJqb2JfdGl0bGUiOiJUw4lDTklDTy9BIERFIFJFREVTIFkgU0VHVVJJREFEIiwiY29tcGFueV9uYW1lIjoiU290ZWMgQ29uc3VsdGluZyIsImFkZHJlc3NfY2l0eSI6Ik1hZHJpZCwgU3BhaW4iLCJodGlkb2NpZCI6IjluaVQ2WlRvRDNQczE2OGhBQUFBQUE9PSIsInV1bGUiOiJ3K0NBSVFJQ0lGVTNCaGFXNCJ9,Integración
eyJqb2JfdGl0bGUiOiJUw6ljbmljbyBDaWJlcnNlZ3VyaWRhZCAoaC9tKSIsImNvbXBhbnlfbmFtZSI6Ik1pY2hhZWwgUGFnZSIsImFkZHJlc3NfY2l0eSI6IkJpbGJhbywgU3BhaW4iLCJodGlkb2NpZCI6ImI5YzhtQkR5OWR6ODJkeEpBQUFBQUE9PSIsInV1bGUiOiJ3K0NBSVFJQ0lGVTNCaGFXNCJ9,Seguridad
eyJqb2JfdGl0bGUiOiJUw6ljbmljbyBTaXN0ZW1hcyBTZWd1cmlkYWQgKGgvbSkiLCJjb21wYW55X25hbWUiOiJHcnVwbyBFbGVjbm9yIiwiYWRkcmVzc19jaXR5IjoiTWFkcmlkLCBTcGFpbiIsImh0aWRvY2lkIjoiTk45LXBjbmx6UkxmeGVGZUFBQUFBQT09IiwidXVsZSI6IncrQ0FJUUlDSUZVM0JoYVc0In0=,Seguridad
eyJqb2JfdGl0bGUiOiJUw6ljbmljbyBSZWRlcyB5IFNlZ3VyaWRhZCIsImNvbXBhbnlfbmFtZSI6IkFwb2xvIElUIEdyb3VwIiwiYWRkcmVzc19jaXR5IjoiTGFzIFJvemFzIGRlIE1hZHJpZCwgU3BhaW4iLCJodGlkb2NpZCI6IkdnV2dlVUhjdGcyODJMamtBQUFBQUE9PSIsInV1bGUiOiJ3K0NBSVFJQ0lGVTNCaGFXNCJ9,Seguridad
eyJqb2JfdGl0bGUiOiIxMzQxIC0gVMOpY25pY28vYSBkZSBSZWRlcyB5IFNlZ3VyaWRhZCBQZXJpbWV0cmFsIiwiY29tcGFueV9uYW1lIjoiQWxjb3JjZSBUZWxlY29tdW5pY2FjaW9uZXMiLCJhZGRyZXNzX2NpdHkiOiJCYXJjZWxvbmEsIFNwYWluIiwiaHRpZG9jaWQiOiJEUExZUVl3TGREZnJvRzhOQUFBQUFBPT0iLCJ1dWxlIjoidytDQUlRSUNJRlUzQmhhVzQifQ==,Seguridad
eyJqb2JfdGl0bGUiOiJUw6ljbmljbyAvYSBzb3BvcnRlIFJlZGVzIHkgU2VndXJpZGFkIChMMikiLCJjb21wYW55X25hbWUiOiJTSUkgR3JvdXAgU3BhaW4iLCJhZGRyZXNzX2NpdHkiOiJNYWRyaWQsIFNwYWluIiwiaHRpZG9jaWQiOiJmenlCOWlrMTRkSE9YSTY4QUFBQUFBPT0iLCJ1dWxlIjoidytDQUlRSUNJRlUzQmhhVzQifQ==,Seguridad
eyJqb2JfdGl0bGUiOiJUw6ljbmljby9hIGFkbWluaXN0cmFkb3IgZGUgcmVkIHkgc2VndXJpZGFkIiwiY29tcGFueV9uYW1lIjoiSVNQUk9YIiwiYWRkcmVzc19jaXR5IjoiWmFyYWdvemEsIFNwYWluIiwiaHRpZG9jaWQiOiJBWm9DLXNHRTlQQ096TmNUQUFBQUFBPT0iLCJ1dWxlIjoidytDQUlRSUNJRlUzQmhhVzQifQ==,Seguridad
eyJqb2JfdGl0bGUiOiJUw4lDTklDTy9BIE4yIFJFREVTIFkgU0VHVVJJREFEIiwiY29tcGFueV9uYW1lIjoiU2lydCIsImFkZHJlc3NfY2l0eSI6Ik1hcnRvcmVsbCwgU3BhaW4iLCJodGlkb2NpZCI6IkN1YXYwZ3M3ZTJqc0hpZ1BBQUFBQUE9PSIsInV1bGUiOiJ3K0NBSVFJQ0lGVTNCaGFXNCJ9,Seguridad
eyJqb2JfdGl0bGUiOiJUw6ljbmljby9hIGRlIENpYmVyc2VndXJpZGFkIFJlZCBUZWFtIiwiY29tcGFueV9uYW1lIjoiRElHSSBFc3Bhw7FhIiwiYWRkcmVzc19jaXR5IjoiTWFkcmlkLCBTcGFpbiIsImh0aWRvY2lkIjoiR19VWjJ6ODl6b1RQN25Xa0FBQUFBQT09IiwidXVsZSI6IncrQ0FJUUlDSUZVM0JoYVc0In0=,Seguridad
eyJqb2JfdGl0bGUiOiJUw4lDTklDTy9BIFNFR1VSSURBRCBJTkZPUk3DgVRJQ0EgQ09NVU5JQ0FDSU9ORVMgLSBLLTc5OCIsImNvbXBhbnlfbmFtZSI6Ik1lcmNhZG9uYSIsImFkZHJlc3NfY2l0eSI6IlZhbGVuY2lhLCBTcGFpbiIsImh0aWRvY2lkIjoiMXk0NHIzN1RGaWZfbHZZdkFBQUFBQT09IiwidXVsZSI6IncrQ0FJUUlDSUZVM0JoYVc0In0=,Seguridad
eyJqb2JfdGl0bGUiOiJUw4lDTklDTy9BIFNFR1VSSURBRCBJTkZPUk3DgVRJQ0EgQ09NVU5JQ0FDSU9ORVMgLSBLLTc5OCIsImNvbXBhbnlfbmFtZSI6Ik1lcmNhZG9uYSIsImFkZHJlc3NfY2l0eSI6IlZhbGVuY2lhLCBTcGFpbiIsImh0aWRvY2lkIjoiMXk0NHIzN1RGaWZfbHZZdkFBQUFBQT09IiwidXVsZSI6IncrQ0FJUUlDSUZVM0JoYVc0In0=,Base de datos
eyJqb2JfdGl0bGUiOiJUw6ljbmljbyBkZSBTaXN0ZW1hcyB5IENpYmVyc2VndXJpZGFkIiwiY29tcGFueV9uYW1lIjoiTmV4dHRpQyIsImFkZHJlc3NfY2l0eSI6Ik1hZHJpZCwgU3BhaW4iLCJodGlkb2NpZCI6Ik5WVFlUM0hXZlY5OTFobmlBQUFBQUE9PSIsInV1bGUiOiJ3K0NBSVFJQ0lGVTNCaGFXNCJ9,Seguridad
eyJqb2JfdGl0bGUiOiJDb29yZGluYWRvciBUw6ljbmljbyAtIE5ldHdvcmtpbmcgeSBTZWd1cmlkYWQgSC9NIiwiY29tcGFueV9uYW1lIjoiQXhpYW5zIiwiYWRkcmVzc19jaXR5IjoiQ29tbXVuaXR5IG9mIE1hZHJpZCwgU3BhaW4iLCJodGlkb2NpZCI6InZxamR2ZU5FVlpDVDQtQW1BQUFBQUE9PSIsInV1bGUiOiJ3K0NBSVFJQ0lGVTNCaGFXNCJ9,Seguridad
eyJqb2JfdGl0bGUiOiJUw6ljbmljbyBlbiByZWRlcyAtIGNpYmVyc2VndXJpZGFkIiwiY29tcGFueV9uYW1lIjoiTmV4dHJldCIsImFkZHJlc3NfY2l0eSI6IkJhcmNlbG9uYSwgU3BhaW4iLCJodGlkb2NpZCI6ImRMVUMzUU9lUEdBSGs1V3NBQUFBQUE9PSIsInV1bGUiOiJ3K0NBSVFJQ0lGVTNCaGFXNCJ9,Seguridad
eyJqb2JfdGl0bGUiOiJUw6ljbmljbyBkZSBSZWRlcyB5IFNlZ3VyaWRhZCIsImNvbXBhbnlfbmFtZSI6IlNDQyBFc3Bhw7FhIiwiYWRkcmVzc19jaXR5IjoiU3BhaW4iLCJodGlkb2NpZCI6IlpuR0RyT2p5RkFNRGxVQnpBQUFBQUE9PSIsInV1bGUiOiJ3K0NBSVFJQ0lGVTNCaGFXNCJ9,Seguridad
eyJqb2JfdGl0bGUiOiJUw6ljbmljby9hIGRlIENpYmVyc2VndXJpZGFkIEJsdWUgVGVhbSIsImNvbXBhbnlfbmFtZSI6IkRJR0kgRXNwYcOxYSIsImFkZHJlc3NfY2l0eSI6Ik1hZHJpZCwgU3BhaW4iLCJodGlkb2NpZCI6Imd2MFF1WFAtNmlIZ29QazFBQUFBQUE9PSIsInV1bGUiOiJ3K0NBSVFJQ0lGVTNCaGFXNCJ9,Seguridad
eyJqb2JfdGl0bGUiOiJUw6ljbmljby9hIGRlIFJlZGVzIHkgU2VndXJpZGFkIiwiY29tcGFueV9uYW1lIjoiQWxjb3JjZSBUZWxlY29tdW5pY2FjaW9uZXMgUy5MLiIsImFkZHJlc3NfY2l0eSI6Ik1hZHJpZCwgU3BhaW4iLCJodGlkb2NpZCI6Ill4Vmp3Y1pGZmJCYUdnLW5BQUFBQUE9PSIsInV1bGUiOiJ3K0NBSVFJQ0lGVTNCaGFXNCJ9,Seguridad
eyJqb2JfdGl0bGUiOiJUw6ljbmljbyBkZSBEZXRlY2Npb24geSByZXNwdWVzdGEgZGUgUmVkIiwiY29tcGFueV9uYW1lIjoiTW92aWxnZXMgSVQgQ29uc3VsdGluZyIsImFkZHJlc3NfY2l0eSI6Ik1hZHJpZCwgU3BhaW4iLCJodGlkb2NpZCI6ImNyVDVTRzZoZlcya0lfR3BBQUFBQUE9PSIsInV1bGUiOiJ3K0NBSVFJQ0lGVTNCaGFXNCJ9,Seguridad
eyJqb2JfdGl0bGUiOiJUw6ljbmljbyBkZSBSZWRlcyB5IFNlZ3VyaWRhZCBOMiBIL00iLCJjb21wYW55X25hbWUiOiJBeGlhbnMiLCJhZGRyZXNzX2NpdHkiOiJNYWRyaWQsIFNwYWluIiwiaHRpZG9jaWQiOiItd2otYnNiaEloSC01OHhLQUFBQUFBPT0iLCJ1dWxlIjoidytDQUlRSUNJRlUzQmhhVzQifQ==,Seguridad
eyJqb2JfdGl0bGUiOiJUw6ljbmljbyBlbiBSZWRlcyBOaXZlbCAyIiwiY29tcGFueV9uYW1lIjoiQ2Vub3JtYSIsImFkZHJlc3NfY2l0eSI6IlNwYWluIiwiaHRpZG9jaWQiOiJScVNwMGRjVkhCdGVXVjBEQUFBQUFBPT0iLCJ1dWxlIjoidytDQUlRSUNJRlUzQmhhVzQifQ==,Seguridad
eyJqb2JfdGl0bGUiOiJUw6ljbmljbyBkZSByZWRlcyB5IHNlZ3VyaWRhZCIsImNvbXBhbnlfbmFtZSI6IlNpbiBlc3BlY2lmaWNhciIsImFkZHJlc3NfY2l0eSI6IlNwYWluIiwiaHRpZG9jaWQiOiJEN1NqcGdiZ2cxWDlCZ3Q3QUFBQUFBPT0iLCJ1dWxlIjoidytDQUlRSUNJRlUzQmhhVzQifQ==,Seguridad
eyJqb2JfdGl0bGUiOiJBdXhpbGlhciBkZSBTZWd1cmlkYWQiLCJjb21wYW55X25hbWUiOiJNeXRvd24gc2VydmljaW9zIGlubW9iaWxpYXJpb3MiLCJhZGRyZXNzX2NpdHkiOiJTYW4gU2ViYXN0acOhbiBkZSBsb3MgUmV5ZXMsIFNwYWluIiwiaHRpZG9jaWQiOiJqWDRqWEgxY2psV1hJMVBPQUFBQUFBPT0iLCJ1dWxlIjoidytDQUlRSUNJRlUzQmhhVzQifQ==,Seguridad
eyJqb2JfdGl0bGUiOiJDb25zdWx0b3IvYSBkZSBHZXN0acOzbiBkZSBJZGVudGlkYWRlcyIsImNvbXBhbnlfbmFtZSI6IkluZXR1bSIsImFkZHJlc3NfY2l0eSI6Ik1hZHJpZCwgU3BhaW4iLCJodGlkb2NpZCI6Imt6Z2FsRUZPcEp6N1BWU19BQUFBQUE9PSIsInV1bGUiOiJ3K0NBSVFJQ0lGVTNCaGFXNCJ9,Seguridad
eyJqb2JfdGl0bGUiOiJFc3BlY2lhbGlzdGEgZW4gUHJldmVudGEgZGUgR2VzdGnDs24gZGUgSWRlbnRpZGFkZXMiLCJjb21wYW55X25hbWUiOiJJbmV0dW0iLCJhZGRyZXNzX2NpdHkiOiJNYWRyaWQsIFNwYWluIiwiaHRpZG9jaWQiOiI1TkYxNXI5Slphc0g5YTgyQUFBQUFBPT0iLCJ1dWxlIjoidytDQUlRSUNJRlUzQmhhVzQifQ==,Seguridad
eyJqb2JfdGl0bGUiOiJFc3BlY2lhbGlzdGEgZW4gR2VzdGnDs24gZGUgSWRlbnRpZGFkZXMiLCJjb21wYW55X25hbWUiOiJBemVydGl1bSBJVCBHbG9iYWwgU2VydmljZXMgU0wiLCJhZGRyZXNzX2NpdHkiOiJNYWRyaWQsIFNwYWluIiwiaHRpZG9jaWQiOiJjUktMbjZUaUk0ZG9LbG5mQUFBQUFBPT0iLCJ1dWxlIjoidytDQUlRSUNJRlUzQmhhVzQifQ==,Seguridad
eyJqb2JfdGl0bGUiOiJFc3BlY2lhbGlzdGEgRW4gR2VzdGnDs24gRGUgSWRlbnRpZGFkZXMiLCJjb21wYW55X25hbWUiOiJCYW5jbyBTYW50YW5kZXIiLCJhZGRyZXNzX2NpdHkiOiJNYWRyaWQsIFNwYWluIiwiaHRpZG9jaWQiOiJSNlFpRnV4ODZOSEotRTFLQUFBQUFBPT0iLCJ1dWxlIjoidytDQUlRSUNJRlUzQmhhVzQifQ==,Seguridad
eyJqb2JfdGl0bGUiOiJDb25zdWx0b3IvYSBkZSBHZXN0acOzbiBkZSBJZGVudGlkYWRlcyAoSUFNKSIsImNvbXBhbnlfbmFtZSI6IktQTUcgRXNwYcOxYSIsImFkZHJlc3NfY2l0eSI6IlNwYWluIiwiaHRpZG9jaWQiOiJRMzE2eTRXR0RDZVpqQ2RjQUFBQUFBPT0iLCJ1dWxlIjoidytDQUlRSUNJRlUzQmhhVzQifQ==,Seguridad
eyJqb2JfdGl0bGUiOiJFc3BlY2lhbGlzdGEgRW4gR2VzdGnDs24gRGUgSWRlbnRpZGFkZXMiLCJjb21wYW55X25hbWUiOiJCYW5jbyBTYW50YW5kZXIiLCJhZGRyZXNzX2NpdHkiOiJTYW50YW5kZXIsIFNwYWluIiwiaHRpZG9jaWQiOiJheFlHcnZhX1BTNDFYZHZBQUFBQUFBPT0iLCJ1dWxlIjoidytDQUlRSUNJRlUzQmhhVzQifQ==,Seguridad
eyJqb2JfdGl0bGUiOiJFc3BlY2lhbGlzdGEgZW4gR2VzdGnDs24gZGUgSWRlbnRpZGFkIiwiY29tcGFueV9uYW1lIjoiS2FwcmVzIFRlY2hub2xvZ3ksIFMuTC4iLCJhZGRyZXNzX2NpdHkiOiJNYWRyaWQsIFNwYWluIiwiaHRpZG9jaWQiOiJMckctSDBiVjBqXzlOWExHQUFBQUFBPT0iLCJ1dWxlIjoidytDQUlRSUNJRlUzQmhhVzQifQ==,Seguridad
eyJqb2JfdGl0bGUiOiJDb25zdWx0b3IgVMOpY25pY28gZW4gR2VzdGnDs24gZGUgSWRlbnRpZGFkZXMgKElBTSkiLCJjb21wYW55X25hbWUiOiJBemVydGl1bSBJVCIsImFkZHJlc3NfY2l0eSI6Ik1hZHJpZCwgU3BhaW4iLCJodGlkb2NpZCI6Im5OdkRIeWdZWkNIOC0yUGRBQUFBQUE9PSIsInV1bGUiOiJ3K0NBSVFJQ0lGVTNCaGFXNCJ9,Seguridad
eyJqb2JfdGl0bGUiOiJbUURYNzE2XSB8IEVzcGVjaWFsaXN0YSBFbiBHZXN0acOzbiBEZSBJZGVudGlkYWRlcyAtIFNhbnRhbmRlciIsImNvbXBhbnlfbmFtZSI6IlNhbnRhbmRlciIsImFkZHJlc3NfY2l0eSI6IkJvYWRpbGxhIGRlbCBNb250ZSwgU3BhaW4iLCJodGlkb2NpZCI6IkZMa1NDRTBiTDlMSkZQWW5BQUFBQUE9PSIsInV1bGUiOiJ3K0NBSVFJQ0lGVTNCaGFXNCJ9,Seguridad
eyJqb2JfdGl0bGUiOiJFc3BlY2lhbGlzdGEgU2VuaW9yIGVuIEdlc3Rpw7NuIGRlIElkZW50aWRhZGVzIGVuIGxhIE51YmUiLCJjb21wYW55X25hbWUiOiJEZXZvdGVhbSIsImFkZHJlc3NfY2l0eSI6IkJpbGJhbywgU3BhaW4iLCJodGlkb2NpZCI6IlVKZlR6THduclR3U2c0dVVBQUFBQUE9PSIsInV1bGUiOiJ3K0NBSVFJQ0lGVTNCaGFXNCJ9,Seguridad
eyJqb2JfdGl0bGUiOiJBZG1pbmlzdHJhZG9yIGRlIEdlc3RvcmVzIGRlIElkZW50aWRhZGVzIiwiY29tcGFueV9uYW1lIjoiQXZhbmFkZSIsImFkZHJlc3NfY2l0eSI6IlNldmlsbGUsIFNwYWluIiwiaHRpZG9jaWQiOiJWdHBIdG5pNjVHVjZCTWtmQUFBQUFBPT0iLCJ1dWxlIjoidytDQUlRSUNJRlUzQmhhVzQifQ==,Seguridad
eyJqb2JfdGl0bGUiOiJNYW5hZ2VyIENpYmVyc2VndXJpZGFkIC0gIEdlc3Rpw7NuIGRlIElkZW50aWRhZGVzIiwiY29tcGFueV9uYW1lIjoiTlRUIERBVEEgRXVyb3BlIFx1MDAyNiBMYXRhbSIsImFkZHJlc3NfY2l0eSI6Ik1hZHJpZCwgU3BhaW4iLCJodGlkb2NpZCI6Ik9mbURfc2t0SFJvN1JOTXVBQUFBQUE9PSIsInV1bGUiOiJ3K0NBSVFJQ0lGVTNCaGFXNCJ9,Seguridad
eyJqb2JfdGl0bGUiOiJIZWFkIG9mIElkZW50aXR5IGFuZCBBY2Nlc3MgTWFuYWdlbWVudCIsImNvbXBhbnlfbmFtZSI6IkhlYWRodW50aW5nIEZpcm0iLCJhZGRyZXNzX2NpdHkiOiJTcGFpbiIsImh0aWRvY2lkIjoiQ3I1SmtqU25HczdyLUI4NUFBQUFBQT09IiwidXVsZSI6IncrQ0FJUUlDSUZVM0JoYVc0In0=,Seguridad
eyJqb2JfdGl0bGUiOiJUw6ljbmljby9hIEp1bmlvciBkZSBHZXN0acOzbiBkZSBJZGVudGlkYWRlcyIsImNvbXBhbnlfbmFtZSI6IkluZXR1bSIsImFkZHJlc3NfY2l0eSI6Ik1hZHJpZCwgU3BhaW4iLCJodGlkb2NpZCI6IjMzcFo0UGpFUUdCa09fMlFBQUFBQUE9PSIsInV1bGUiOiJ3K0NBSVFJQ0lGVTNCaGFXNCJ9,Seguridad
eyJqb2JfdGl0bGUiOiJDb25zdWx0b3IgSUFNIiwiY29tcGFueV9uYW1lIjoiQXplcnRpdW0gSVQiLCJhZGRyZXNzX2NpdHkiOiJNYWRyaWQsIFNwYWluIiwiaHRpZG9jaWQiOiJ0SHRXU3hGbHZOWTV3Yl82QUFBQUFBPT0iLCJ1dWxlIjoidytDQUlRSUNJRlUzQmhhVzQifQ==,Seguridad
eyJqb2JfdGl0bGUiOiJKdW5pb3IgSWRlbnRpdHkgYW5kIEFjY2VzcyBNYW5hZ2VtZW50IEFuYWx5c3QiLCJjb21wYW55X25hbWUiOiJCQlZBIFRlY2hub2xvZ3kgZW4gRXVyb3BhIiwiYWRkcmVzc19jaXR5IjoiTWFkcmlkLCBTcGFpbiIsImh0aWRvY2lkIjoiY3kza1FVaDFtOXdQWXZ5TkFBQUFBQT09IiwidXVsZSI6IncrQ0FJUUlDSUZVM0JoYVc0In0=,Seguridad
eyJqb2JfdGl0bGUiOiJFeHBlcnRvL0EgQmlnIERhdGEiLCJjb21wYW55X25hbWUiOiJPbmh1bnRlcnMiLCJhZGRyZXNzX2NpdHkiOiJCYXJjZWxvbmEsIFNwYWluIiwiaHRpZG9jaWQiOiJuU0dlRkxjMC1MUUxNVThuQUFBQUFBPT0iLCJ1dWxlIjoidytDQUlRSUNJRlUzQmhhVzQifQ==,Seguridad
eyJqb2JfdGl0bGUiOiJJbnN0YWxhZG9yL2ludGVncmFkb3IgSGFkb29wIiwiY29tcGFueV9uYW1lIjoiZVhwZXJpZW5jZSBJVCBTb2x1dGlvbnMiLCJhZGRyZXNzX2NpdHkiOiJNYWRyaWQsIFNwYWluIiwiaHRpZG9jaWQiOiI1dEV6X1QwOER2T0Y2UEw3QUFBQUFBPT0iLCJ1dWxlIjoidytDQUlRSUNJRlUzQmhhVzQifQ==,Seguridad
eyJqb2JfdGl0bGUiOiJJbnN0YWxhZG9yL2ludGVncmFkb3IgSGFkb29wIiwiY29tcGFueV9uYW1lIjoiZVhwZXJpZW5jZSBJVCBTb2x1dGlvbnMiLCJhZGRyZXNzX2NpdHkiOiJNYWRyaWQsIFNwYWluIiwiaHRpZG9jaWQiOiI1dEV6X1QwOER2T0Y2UEw3QUFBQUFBPT0iLCJ1dWxlIjoidytDQUlRSUNJRlUzQmhhVzQifQ==,Integración
eyJqb2JfdGl0bGUiOiJBV1MgQmlnIERhdGEgU29mdHdhcmUgRW5naW5lZXIiLCJjb21wYW55X25hbWUiOiJCZXR3ZWVuIFRlY2hub2xvZ3kiLCJhZGRyZXNzX2NpdHkiOiJTcGFpbiIsImh0aWRvY2lkIjoiM0l2d0JwQWZJZThWR2NJV0FBQUFBQT09IiwidXVsZSI6IncrQ0FJUUlDSUZVM0JoYVc0In0=,Seguridad
eyJqb2JfdGl0bGUiOiJTcGFyayBFbmdpbmVlciIsImNvbXBhbnlfbmFtZSI6IlN0cmF0aW8iLCJhZGRyZXNzX2NpdHkiOiJNYWRyaWQsIFNwYWluIiwiaHRpZG9jaWQiOiJvLUZaN3M0bEVGeUhRNW1OQUFBQUFBPT0iLCJ1dWxlIjoidytDQUlRSUNJRlUzQmhhVzQifQ==,Seguridad
eyJqb2JfdGl0bGUiOiJTcGFyayBFbmdpbmVlciIsImNvbXBhbnlfbmFtZSI6IlN0cmF0aW8iLCJhZGRyZXNzX2NpdHkiOiJNYWRyaWQsIFNwYWluIiwiaHRpZG9jaWQiOiJvLUZaN3M0bEVGeUhRNW1OQUFBQUFBPT0iLCJ1dWxlIjoidytDQUlRSUNJRlUzQmhhVzQifQ==,Integración
eyJqb2JfdGl0bGUiOiJTcGFyayBFbmdpbmVlciIsImNvbXBhbnlfbmFtZSI6IlN0cmF0aW8iLCJhZGRyZXNzX2NpdHkiOiJNYWRyaWQsIFNwYWluIiwiaHRpZG9jaWQiOiJvLUZaN3M0bEVGeUhRNW1OQUFBQUFBPT0iLCJ1dWxlIjoidytDQUlRSUNJRlUzQmhhVzQifQ==,Backend
eyJqb2JfdGl0bGUiOiJFc3BlY2lhbGlzdGEgZW4gRXhwZXJpZW5jaWEgZGUgVXN1YXJpbyB5IERpc2XDsW8gZGUgSW50ZXJmYXoiLCJjb21wYW55X25hbWUiOiJTTEFTSCBNT0JJTElUWSwgU0wiLCJhZGRyZXNzX2NpdHkiOiJCYXJjZWxvbmEsIFNwYWluIiwiaHRpZG9jaWQiOiJoZjdEdmI1WFFFZkowRi02QUFBQUFBPT0iLCJ1dWxlIjoidytDQUlRSUNJRlUzQmhhVzQifQ==,Mobile
eyJqb2JfdGl0bGUiOiJDb25zdWx0b3IgRXNwZWNpYWxpc3RhIGVuIEN1c3RvbWVyIEV4cGVyaWVuY2UiLCJjb21wYW55X25hbWUiOiJFSVNJIFNPRlQiLCJhZGRyZXNzX2NpdHkiOiJQYWxtYSwgU3BhaW4iLCJodGlkb2NpZCI6IlZsSml5eTdNbkVDcHYyY3NBQUFBQUE9PSIsInV1bGUiOiJ3K0NBSVFJQ0lGVTNCaGFXNCJ9,Integración
eyJqb2JfdGl0bGUiOiJSRVNQT05TQUJMRSBDT01FUkNJQUwgRVNQRUNJQUxJU1RBIEVTUEFDSU9TLENVU1RPTUVSIEVYUEVSSUVOQ0UsIENPTlRBQ1QgQ0VOVEVSLEFQTElDQUNJT05FUyIsImNvbXBhbnlfbmFtZSI6IlRlbGVmw7NuaWNhIiwiYWRkcmVzc19jaXR5IjoiTWFkcmlkLCBTcGFpbiIsImh0aWRvY2lkIjoiblNiaWtfU09fVEEyOXBGc0FBQUFBQT09IiwidXVsZSI6IncrQ0FJUUlDSUZVM0JoYVc0In0=,Seguridad
eyJqb2JfdGl0bGUiOiJHRVNUT1IvQSBFU1BFQ0lBTElTVEEgRU4gQ0xPVUQgU0VDVVJJVFkiLCJjb21wYW55X25hbWUiOiJDQUlYQUJBTksgUy5BLiIsImFkZHJlc3NfY2l0eSI6IkJhcmNlbG9uYSwgU3BhaW4iLCJodGlkb2NpZCI6ImU3eGM0eTBVbDhKRF9UanFBQUFBQUE9PSIsInV1bGUiOiJ3K0NBSVFJQ0lGVTNCaGFXNCJ9,Seguridad
eyJqb2JfdGl0bGUiOiJHRVNUT1IvQSBFU1BFQ0lBTElTVEEgRU4gQ0xPVUQgU0VDVVJJVFkiLCJjb21wYW55X25hbWUiOiJDQUlYQUJBTksgUy5BLiIsImFkZHJlc3NfY2l0eSI6IlNwYWluIiwiaHRpZG9jaWQiOiJ4OW9wOFZNU2Z1Y01MQmNJQUFBQUFBPT0iLCJ1dWxlIjoidytDQUlRSUNJRlUzQmhhVzQifQ==,Seguridad
eyJqb2JfdGl0bGUiOiJFc3BlY2lhbGlzdGEgZW4gSW5mcmFlc3RydWN0dXJhIHkgTnViZSIsImNvbXBhbnlfbmFtZSI6IkhFTFBIT05FIFNFUlZJQ0lPUyBJTkZPUk3DgVRJQ09TIiwiYWRkcmVzc19jaXR5IjoiTWFkcmlkLCBTcGFpbiIsImh0aWRvY2lkIjoiaEtaaGlOclktT3hxUEZTakFBQUFBQT09IiwidXVsZSI6IncrQ0FJUUlDSUZVM0JoYVc0In0=,Seguridad
eyJqb2JfdGl0bGUiOiJBZG1pbmlzdHJhZG9yL2EgU2lzdGVtYXMgQ2xvdWQgKENsaWVudGUgRmluYWwpIiwiY29tcGFueV9uYW1lIjoiRGlnaXRhbCBUYWxlbnQgQWdlbmN5IiwiYWRkcmVzc19jaXR5IjoiTWFkcmlkLCBTcGFpbiIsImh0aWRvY2lkIjoiTnUycmlFa2NOcjAzb1RSS0FBQUFBQT09IiwidXVsZSI6IncrQ0FJUUlDSUZVM0JoYVc0In0=,Seguridad
eyJqb2JfdGl0bGUiOiJJbmdlbmllcm8vQSBEZSBEYXRvcyBDbG91ZCIsImNvbXBhbnlfbmFtZSI6IklrZXJsYW4sIFMuIENvb3AuIiwiYWRkcmVzc19jaXR5IjoiTmF2YSwgU3BhaW4iLCJodGlkb2NpZCI6IlBTVC03cDB6SHFsRnd6a2pBQUFBQUE9PSIsInV1bGUiOiJ3K0NBSVFJQ0lGVTNCaGFXNCJ9,Integración
eyJqb2JfdGl0bGUiOiJUw6ljbmljby9hIE1pY3JvaW5mb3Jtw6F0aWNhIiwiY29tcGFueV9uYW1lIjoiU2VyZXNjbyIsImFkZHJlc3NfY2l0eSI6Ik92aWVkbywgTXVuaWNpcGFsaXR5IG9mIE92aWVkbywgU3BhaW4iLCJodGlkb2NpZCI6InJsYVNINzRrSjJJRGNtdi1BQUFBQUE9PSIsInV1bGUiOiJ3K0NBSVFJQ0lGVTNCaGFXNCJ9,Integración
eyJqb2JfdGl0bGUiOiJUw6ljbmljbyBNaWNyb2luZm9ybcOhdGljYSIsImNvbXBhbnlfbmFtZSI6IlJlcGFyYWNpb25sY2QiLCJhZGRyZXNzX2NpdHkiOiJBbGljYW50ZSwgU3BhaW4iLCJodGlkb2NpZCI6IjRVbkc5RVFNR1hvakwwNlRBQUFBQUE9PSIsInV1bGUiOiJ3K0NBSVFJQ0lGVTNCaGFXNCJ9,Base de datos
eyJqb2JfdGl0bGUiOiJQcm9ncmFtYWRvciBGcm9udGVuZCIsImNvbXBhbnlfbmFtZSI6IlF1YXNhciBEeW5hbWljcyIsImFkZHJlc3NfY2l0eSI6IlZhbGVuY2lhLCBTcGFpbiIsImh0aWRvY2lkIjoiQ0VPRU53MXkwV01jRUYyUkFBQUFBQT09IiwidXVsZSI6IncrQ0FJUUlDSUZVM0JoYVc0In0=,Integración
eyJqb2JfdGl0bGUiOiJFc3BlY2lhbGlzdGEgaW50ZWdyYWNpw7NuIERhdGEgSW50ZWdyYXRvclx0XHRcdFx0XHRcdFx0XHRcclxuXHRcdFx0XHRcdFx0XHRcdFxyXG5cdFx0XHRcdFx0XHRcdFx0XHQoVmFsZW5jaWEpIiwiY29tcGFueV9uYW1lIjoiTWljaGFlbCBQYWdlIiwiYWRkcmVzc19jaXR5IjoiVmFsZW5jaWEsIFNwYWluIiwiaHRpZG9jaWQiOiJKQWtmUEsxaDhVZHluNmZ3QUFBQUFBPT0iLCJ1dWxlIjoidytDQUlRSUNJRlUzQmhhVzQifQ==,Integración
eyJqb2JfdGl0bGUiOiJFc3BlY2lhbGlzdGEgZGUgaW50ZWdyYWNpw7NuIiwiY29tcGFueV9uYW1lIjoiVkFTUyIsImFkZHJlc3NfY2l0eSI6IkFsY29iZW5kYXMsIFNwYWluIiwiaHRpZG9jaWQiOiJuT0FSVkE2NGFDM1pNQy1yQUFBQUFBPT0iLCJ1dWxlIjoidytDQUlRSUNJRlUzQmhhVzQifQ==,Base de datos
eyJqb2JfdGl0bGUiOiJFc3BlY2lhbGlzdGEgZGUgaW50ZWdyYWNpw7NuIiwiY29tcGFueV9uYW1lIjoiVkFTUyIsImFkZHJlc3NfY2l0eSI6IkFsY29iZW5kYXMsIFNwYWluIiwiaHRpZG9jaWQiOiJuT0FSVkE2NGFDM1pNQy1yQUFBQUFBPT0iLCJ1dWxlIjoidytDQUlRSUNJRlUzQmhhVzQifQ==,Integración
eyJqb2JfdGl0bGUiOiJFc3BlY2lhbGlzdGEgZW4gSW50ZWdyYWNpw7NuIFNvY2lhbCIsImNvbXBhbnlfbmFtZSI6IkxhbmJpZGUiLCJhZGRyZXNzX2NpdHkiOiJWaXRvcmlhLUdhc3RlaXosIFNwYWluIiwiaHRpZG9jaWQiOiJ6bzlLTnlmRGIyUjRWSUlqQUFBQUFBPT0iLCJ1dWxlIjoidytDQUlRSUNJRlUzQmhhVzQifQ==,Integración
eyJqb2JfdGl0bGUiOiJUaXR1bGFkby9hIFN1cGVyaW9yIEVzcGVjaWFsaXN0YSBFbiBJbnRlZ3JhY2nDs24gRGUgU2lzdGVtYXMiLCJjb21wYW55X25hbWUiOiJOYXZhbnRpYSIsImFkZHJlc3NfY2l0eSI6Ik1hZHJpZCwgU3BhaW4iLCJodGlkb2NpZCI6IkJNUC1VQ1R2ZDhabUN6dXZBQUFBQUE9PSIsInV1bGUiOiJ3K0NBSVFJQ0lGVTNCaGFXNCJ9,Integración
eyJqb2JfdGl0bGUiOiJFc3BlY2lhbGlzdGEgZW4gSW50ZWdyYWNpb25lcywgSGlicmlkbyIsImNvbXBhbnlfbmFtZSI6IkFrdWFybyIsImFkZHJlc3NfY2l0eSI6IkJhcmNlbG9uYSwgU3BhaW4iLCJodGlkb2NpZCI6IkFkNEpnRFJtNWotaGx2Ym1BQUFBQUE9PSIsInV1bGUiOiJ3K0NBSVFJQ0lGVTNCaGFXNCJ9,Integración
eyJqb2JfdGl0bGUiOiJFc3BlY2lhbGlzdGEgRW4gSW50ZWdyYWNpw7NuIE1pZGRsZXdhcmUgWSBBcGlzIiwiY29tcGFueV9uYW1lIjoiVW5pdmVyc2lkYWQgQW50b25pbyBEZSBOZWJyaWphIiwiYWRkcmVzc19jaXR5IjoiTWFkcmlkLCBTcGFpbiIsImh0aWRvY2lkIjoiR2RJMmhyWWc5enVBRlIzbkFBQUFBQT09IiwidXVsZSI6IncrQ0FJUUlDSUZVM0JoYVc0In0=,Integración
eyJqb2JfdGl0bGUiOiJBQk9HQURPL0EgRVNQRUNJQUxJU1RBIEVOIFZJT0xFTkNJQSBERSBHw4lORVJPIENPTlRSQVRPIElOREVGSU5JRE8gSk9STkFEQSBQQVJDSUFMIiwiY29tcGFueV9uYW1lIjoiQWxpYWRvcyBwb3IgbGEgSW50ZWdyYWNpw7NuIiwiYWRkcmVzc19jaXR5IjoiTG9ncm/DsW8sIFNwYWluIiwiaHRpZG9jaWQiOiJja0I5NV9GdERPb1JGY0tZQUFBQUFBPT0iLCJ1dWxlIjoidytDQUlRSUNJRlUzQmhhVzQifQ==,Integración
eyJqb2JfdGl0bGUiOiJEZXNhcnJvbGxhZG9yL0EgRGUgQXBsaWNhY2lvbmVzIE3Ds3ZpbGVzIEZyb250IiwiY29tcGFueV9uYW1lIjoiRW50ZWxneSBJYmFpIiwiYWRkcmVzc19jaXR5IjoiQWxhdmEsIFNhbGFzLCBTcGFpbiIsImh0aWRvY2lkIjoiQVZRcGo2VjVMOVFsdk5HeUFBQUFBQT09IiwidXVsZSI6IncrQ0FJUUlDSUZVM0JoYVc0In0=,Seguridad
eyJqb2JfdGl0bGUiOiJFc3BlY2lhbGlzdGEgZW4gTW9uaXRvcmVvIGNvbiBFTEsgKEZyZWVsYW5jZSkiLCJjb21wYW55X25hbWUiOiJEb3QgXHUwMDI2IEtleSBDb25zdWx0aW5nLCBTLkwuIiwiYWRkcmVzc19jaXR5IjoiU3BhaW4iLCJodGlkb2NpZCI6IjJZWDNxLTM3U1c3S0FvTS1BQUFBQUE9PSIsInV1bGUiOiJ3K0NBSVFJQ0lGVTNCaGFXNCJ9,Integración
eyJqb2JfdGl0bGUiOiJFc3BlY2lhbGlzdGEgZW4gTW9uaXRvcmVvIGNvbiBFTEsiLCJjb21wYW55X25hbWUiOiJEb3QgXHUwMDI2IEtleSBDb25zdWx0aW5nIiwiYWRkcmVzc19jaXR5IjoiQSBDb3J1w7FhLCBTcGFpbiIsImh0aWRvY2lkIjoiUmtXbVNxU0JYU2JmV09ZM0FBQUFBQT09IiwidXVsZSI6IncrQ0FJUUlDSUZVM0JoYVc0In0=,Integración
eyJqb2JfdGl0bGUiOiJFc3BlY2lhbGlzdGEgZW4gTW9uaXRvcmVvIGRlIEFsYXJtYXMiLCJjb21wYW55X25hbWUiOiJKb2huc29uIENvbnRyb2xzIEludGVybmF0aW9uYWwiLCJhZGRyZXNzX2NpdHkiOiJMYXMgUm96YXMgZGUgTWFkcmlkLCBTcGFpbiIsImh0aWRvY2lkIjoiNWVQZDJ0bDhTQWZ1SHNDdUFBQUFBQT09IiwidXVsZSI6IncrQ0FJUUlDSUZVM0JoYVc0In0=,Seguridad
eyJqb2JfdGl0bGUiOiJFc3BlY2lhbGlzdGEgZW4gTW9uaXRvcmVvIGNvbiBFTEsvIFRlbGV0cmFiYWpvIiwiY29tcGFueV9uYW1lIjoiRG90IFx1MDAyNiBLZXkgQ29uc3VsdGluZyIsImFkZHJlc3NfY2l0eSI6Ik1hZHJpZCwgU3BhaW4iLCJodGlkb2NpZCI6IlpyZWxlOGFrUDQzRTd1NkxBQUFBQUE9PSIsInV1bGUiOiJ3K0NBSVFJQ0lGVTNCaGFXNCJ9,Integración
eyJqb2JfdGl0bGUiOiJUw4lDTklDTy9BIEVOIENJQkVSU0VHVVJJREFEIiwiY29tcGFueV9uYW1lIjoiQ1QgU09MVVRJT05TIiwiYWRkcmVzc19jaXR5IjoiTXVyY2lhLCBTcGFpbiIsImh0aWRvY2lkIjoiTzlWT0g5RVBPanRlQzluQ0FBQUFBQT09IiwidXVsZSI6IncrQ0FJUUlDSUZVM0JoYVc0In0=,Seguridad
eyJqb2JfdGl0bGUiOiJUw6ljbmljbyBTb3BvcnRlIElUIChDaWJlclNlZ3VyaWRhZCkgLSBUw4FOR0VSIChNYXJydWVjb3MpIiwiY29tcGFueV9uYW1lIjoiSW5nZWZvciBJbnRlcm5hdGlvbmFsIiwiYWRkcmVzc19jaXR5IjoiU3BhaW4iLCJodGlkb2NpZCI6IkU4LWI1NlhvNlFldGN4YWtBQUFBQUE9PSIsInV1bGUiOiJ3K0NBSVFJQ0lGVTNCaGFXNCJ9,Seguridad
eyJqb2JfdGl0bGUiOiJUw6ljbmljbyBTb3BvcnRlIElUIChDaWJlclNlZ3VyaWRhZCkgLSBUw4FOR0VSIChNYXJydWVjb3MpIiwiY29tcGFueV9uYW1lIjoiSW5nZWZvciBJbnRlcm5hdGlvbmFsIiwiYWRkcmVzc19jaXR5IjoiU3BhaW4iLCJodGlkb2NpZCI6IkU4LWI1NlhvNlFldGN4YWtBQUFBQUE9PSIsInV1bGUiOiJ3K0NBSVFJQ0lGVTNCaGFXNCJ9,Mantenimiento y Soporte
eyJqb2JfdGl0bGUiOiJUw6ljbmljbyBjaWJlcnNlZ3VyaWRhZCIsImNvbXBhbnlfbmFtZSI6IlBhZ2UgUGVyc29ubmVsIiwiYWRkcmVzc19jaXR5IjoiU2V2aWxsZSwgU3BhaW4iLCJodGlkb2NpZCI6IkI4OG9DeE5pZG05dmFJbkFBQUFBQUE9PSIsInV1bGUiOiJ3K0NBSVFJQ0lGVTNCaGFXNCJ9,Seguridad
eyJqb2JfdGl0bGUiOiJUw6ljbmljby9hIENpYmVyc2VndXJpZGFkIChIw61icmlkbykiLCJjb21wYW55X25hbWUiOiJHcnVwbyBEaWdpdGFsIiwiYWRkcmVzc19jaXR5IjoiTWFkcmlkLCBTcGFpbiIsImh0aWRvY2lkIjoicDhHZkpvZVV2cmk5WXozNUFBQUFBQT09IiwidXVsZSI6IncrQ0FJUUlDSUZVM0JoYVc0In0=,Seguridad
eyJqb2JfdGl0bGUiOiJUw6ljbmljby9hIGRlIENpYmVyc2VndXJpZGFkIGRlIFBlbnRlc3RpbmciLCJjb21wYW55X25hbWUiOiJJTkVDTyIsImFkZHJlc3NfY2l0eSI6Ik1hZHJpZCwgU3BhaW4iLCJodGlkb2NpZCI6IjF4SnZVb2l1TTNuZHQ3ZWpBQUFBQUE9PSIsInV1bGUiOiJ3K0NBSVFJQ0lGVTNCaGFXNCJ9,Seguridad
eyJqb2JfdGl0bGUiOiJUw6ljbmljbyBDaWJlcnNlZ3VyaWRhZCBMMywgaGlicmlkbyIsImNvbXBhbnlfbmFtZSI6IkhBWVMiLCJhZGRyZXNzX2NpdHkiOiJCYXNxdWUgQ291bnRyeSwgU3BhaW4iLCJodGlkb2NpZCI6ImJLVWkyYmhndUZ2dnp2QmVBQUFBQUE9PSIsInV1bGUiOiJ3K0NBSVFJQ0lGVTNCaGFXNCJ9,Seguridad
eyJqb2JfdGl0bGUiOiJUw6ljbmljby9hIGRlIENpYmVyc2VndXJpZGFkIiwiY29tcGFueV9uYW1lIjoiTEhIIiwiYWRkcmVzc19jaXR5IjoiVml0b3JpYS1HYXN0ZWl6LCBTcGFpbiIsImh0aWRvY2lkIjoieHZrTDJ1R2x1eGZaVDhKV0FBQUFBQT09IiwidXVsZSI6IncrQ0FJUUlDSUZVM0JoYVc0In0=,Seguridad
eyJqb2JfdGl0bGUiOiJUw6ljbmljbyBOMiBDaWJlcnNlZ3VyaWRhZCBIL00iLCJjb21wYW55X25hbWUiOiJWSU5DSSBFbmVyZ2llcyBlbiBGcmFuY2UiLCJhZGRyZXNzX2NpdHkiOiJRdWludGFuYXZpZGVzLCBTcGFpbiIsImh0aWRvY2lkIjoiSlZ6TVl2VldWQkQyeHJmNkFBQUFBQT09IiwidXVsZSI6IncrQ0FJUUlDSUZVM0JoYVc0In0=,Seguridad
eyJqb2JfdGl0bGUiOiJUw6ljbmljbyBjaWJlcnNlZ3VyaWRhZCAob3BlcmFjacOzbilcdFx0XHRcdFx0XHRcdFx0XHJcblx0XHRcdFx0XHRcdFx0XHRcclxuXHRcdFx0XHRcdFx0XHRcdFx0KE1hZHJpZCkiLCJjb21wYW55X25hbWUiOiJJTkVDTyIsImFkZHJlc3NfY2l0eSI6Ik1hZHJpZCwgU3BhaW4iLCJodGlkb2NpZCI6ImZNdGQ0aHZCTzd5QVFWZ0hBQUFBQUE9PSIsInV1bGUiOiJ3K0NBSVFJQ0lGVTNCaGFXNCJ9,Seguridad
eyJqb2JfdGl0bGUiOiJUZWNuaWNvIFNlbmlvciBlbiBDaWJlcnNlZ3VyaWRhZCIsImNvbXBhbnlfbmFtZSI6IkdSVVBPIENSSVQiLCJhZGRyZXNzX2NpdHkiOiJNYWRyaWQsIFNwYWluIiwiaHRpZG9jaWQiOiJyTlBSNFRrVzRZcWQ2OVRxQUFBQUFBPT0iLCJ1dWxlIjoidytDQUlRSUNJRlUzQmhhVzQifQ==,Seguridad
eyJqb2JfdGl0bGUiOiJUw6ljbmljbyBlbiBDaWJlcnNlZ3VyaWRhZCBwYXJhIFByb3llY3RvIFNPQyIsImNvbXBhbnlfbmFtZSI6IlRlbGVmb25pY2EgUy5BLiIsImFkZHJlc3NfY2l0eSI6Ik1hZHJpZCwgU3BhaW4iLCJodGlkb2NpZCI6IlAxZzZRZzZjWmE5SVoxNDZBQUFBQUE9PSIsInV1bGUiOiJ3K0NBSVFJQ0lGVTNCaGFXNCJ9,Seguridad
eyJqb2JfdGl0bGUiOiJUw6ljbmljbyBlbiBDaWJlcnNlZ3VyaWRhZCBwYXJhIFByb3llY3RvIFNPQyIsImNvbXBhbnlfbmFtZSI6IlRlbGVmb25pY2EgUy5BLiIsImFkZHJlc3NfY2l0eSI6Ik1hZHJpZCwgU3BhaW4iLCJodGlkb2NpZCI6IlAxZzZRZzZjWmE5SVoxNDZBQUFBQUE9PSIsInV1bGUiOiJ3K0NBSVFJQ0lGVTNCaGFXNCJ9,Integración
eyJqb2JfdGl0bGUiOiJUw6ljbmljbyBhbmFsaXN0YSBjaWJlcnNlZ3VyaWRhZCBqdW5pb3IiLCJjb21wYW55X25hbWUiOiJUcnMgU3RhZmZpbmcgU29sdXRpb25zIiwiYWRkcmVzc19jaXR5IjoiTWFkcmlkLCBTcGFpbiIsImh0aWRvY2lkIjoiUUlXQXBXTWYxMmFCY0FjM0FBQUFBQT09IiwidXVsZSI6IncrQ0FJUUlDSUZVM0JoYVc0In0=,Seguridad
eyJqb2JfdGl0bGUiOiJBdWRpdG9yIENpYmVyc2VndXJpZGFkIFNlbmlvciIsImNvbXBhbnlfbmFtZSI6IkNhcGdlbWluaSIsImFkZHJlc3NfY2l0eSI6IkJhcmNlbG9uYSwgU3BhaW4iLCJodGlkb2NpZCI6ImxUSW1nTlp4MEFMOUZZWnlBQUFBQUE9PSIsInV1bGUiOiJ3K0NBSVFJQ0lGVTNCaGFXNCJ9,Seguridad
eyJqb2JfdGl0bGUiOiJDb25zdWx0b3IgVMOpY25pY28gZW4gQ2liZXJzZWd1cmlkYWQiLCJjb21wYW55X25hbWUiOiJBeGlhbnMiLCJhZGRyZXNzX2NpdHkiOiJNYWRyaWQsIFNwYWluIiwiaHRpZG9jaWQiOiJlSUtyLURWWTJQaG5oS2JIQUFBQUFBPT0iLCJ1dWxlIjoidytDQUlRSUNJRlUzQmhhVzQifQ==,Seguridad
eyJqb2JfdGl0bGUiOiJJbmdlbmllcmEvbyBTZW5pb3IgZW4gQ2liZXJzZWd1cmlkYWQgKE9GMDYyMykiLCJjb21wYW55X25hbWUiOiJHcmFkaWFudCIsImFkZHJlc3NfY2l0eSI6IlNwYWluIiwiaHRpZG9jaWQiOiJnMFF0UXYzZG9pSFpxVFZtQUFBQUFBPT0iLCJ1dWxlIjoidytDQUlRSUNJRlUzQmhhVzQifQ==,Seguridad
eyJqb2JfdGl0bGUiOiJBcnF1aXRlY3RvIENpYmVyc2VndXJpZGFkIFNPQyAoRi9NKSIsImNvbXBhbnlfbmFtZSI6IlQtU3lzdGVtcyBJYmVyaWEiLCJhZGRyZXNzX2NpdHkiOiJNYWRyaWQsIFNwYWluIiwiaHRpZG9jaWQiOiJDLXVGc1VBanhJX1o0cnlzQUFBQUFBPT0iLCJ1dWxlIjoidytDQUlRSUNJRlUzQmhhVzQifQ==,Seguridad
eyJqb2JfdGl0bGUiOiJBcnF1aXRlY3RvIENpYmVyc2VndXJpZGFkIFNPQyAoRi9NKSIsImNvbXBhbnlfbmFtZSI6IlQtU3lzdGVtcyBJYmVyaWEiLCJhZGRyZXNzX2NpdHkiOiJNYWRyaWQsIFNwYWluIiwiaHRpZG9jaWQiOiJDLXVGc1VBanhJX1o0cnlzQUFBQUFBPT0iLCJ1dWxlIjoidytDQUlRSUNJRlUzQmhhVzQifQ==,Integración
eyJqb2JfdGl0bGUiOiJUw6ljbmljbyBjaWJlcnNlZ3VyaWRhZCAoaGFja2luZyDDqXRpY28pIiwiY29tcGFueV9uYW1lIjoiQXJlbGFuY2UiLCJhZGRyZXNzX2NpdHkiOiJNYWRyaWQsIFNwYWluIiwiaHRpZG9jaWQiOiJESXoyOW5aOHZLX0xLcmJNQUFBQUFBPT0iLCJ1dWxlIjoidytDQUlRSUNJRlUzQmhhVzQifQ==,Seguridad
eyJqb2JfdGl0bGUiOiJFeHBlcnRvIENpYmVyc2VndXJpZGFkIiwiY29tcGFueV9uYW1lIjoiTW92aWxnZXMiLCJhZGRyZXNzX2NpdHkiOiJNYWRyaWQsIFNwYWluIiwiaHRpZG9jaWQiOiJabGVFUXM1Yl9QYnN1dWgyQUFBQUFBPT0iLCJ1dWxlIjoidytDQUlRSUNJRlUzQmhhVzQifQ==,Seguridad
eyJqb2JfdGl0bGUiOiJFeHBlcnRvIENpYmVyc2VndXJpZGFkIiwiY29tcGFueV9uYW1lIjoiTW92aWxnZXMiLCJhZGRyZXNzX2NpdHkiOiJNYWRyaWQsIFNwYWluIiwiaHRpZG9jaWQiOiJabGVFUXM1Yl9QYnN1dWgyQUFBQUFBPT0iLCJ1dWxlIjoidytDQUlRSUNJRlUzQmhhVzQifQ==,Integración
eyJqb2JfdGl0bGUiOiJJbmdlbmllcm8gY29uIENvbm9jaW1pZW50b3MgZGUgRGVzYXJyb2xsbyBTVy9IVyB5IENpYmVyc2VndXJpZGFkIiwiY29tcGFueV9uYW1lIjoiTWVsdCBHcm91cCIsImFkZHJlc3NfY2l0eSI6Ik1haXJlbmEgZGVsIEFsY29yLCBTcGFpbiIsImh0aWRvY2lkIjoidURtaDk4UmZCT2YtbGVTQUFBQUFBQT09IiwidXVsZSI6IncrQ0FJUUlDSUZVM0JoYVc0In0=,Seguridad
eyJqb2JfdGl0bGUiOiJJbmdlbmllcm8gY29uIENvbm9jaW1pZW50b3MgZGUgRGVzYXJyb2xsbyBTVy9IVyB5IENpYmVyc2VndXJpZGFkIiwiY29tcGFueV9uYW1lIjoiTWVsdCBHcm91cCIsImFkZHJlc3NfY2l0eSI6Ik1haXJlbmEgZGVsIEFsY29yLCBTcGFpbiIsImh0aWRvY2lkIjoidURtaDk4UmZCT2YtbGVTQUFBQUFBQT09IiwidXVsZSI6IncrQ0FJUUlDSUZVM0JoYVc0In0=,Integración
eyJqb2JfdGl0bGUiOiJUw6ljbmljby9BIENpYmVyc2VndXJpZGFkIEVuIFZpdG9yaWEtR2FzdGVpeiIsImNvbXBhbnlfbmFtZSI6IkZ1bmRhY2nDs24gQWRlY2NvIiwiYWRkcmVzc19jaXR5IjoiVml0b3JpYS1HYXN0ZWl6LCBTcGFpbiIsImh0aWRvY2lkIjoiMmFBaTNYMVNWUVdKVGFGU0FBQUFBQT09IiwidXVsZSI6IncrQ0FJUUlDSUZVM0JoYVc0In0=,Seguridad
eyJqb2JfdGl0bGUiOiJDb25zdWx0b3IgVMOpY25pY28gZGUgY2liZXJzZWd1cmlkYWQgKFNPQykiLCJjb21wYW55X25hbWUiOiJBbnRhbCBJbnRlcm5hdGlvbmFsIiwiYWRkcmVzc19jaXR5IjoiTWFkcmlkLCBTcGFpbiIsImh0aWRvY2lkIjoiY20tU1lKVTdtdFJ4ZTUySEFBQUFBQT09IiwidXVsZSI6IncrQ0FJUUlDSUZVM0JoYVc0In0=,Seguridad
eyJqb2JfdGl0bGUiOiJJbmdlbmllcm8vYSBkZSBDaWJlcnNlZ3VyaWRhZCBPVCAoU0NBREEvUExDKSAoUmVtb3RvKSIsImNvbXBhbnlfbmFtZSI6IkRpZ2l0YWwgVGFsZW50IEFnZW5jeSIsImFkZHJlc3NfY2l0eSI6IkFuZGFsdXNpYSwgU3BhaW4iLCJodGlkb2NpZCI6Ijc1YTdabl85T0owVV9wZHBBQUFBQUE9PSIsInV1bGUiOiJ3K0NBSVFJQ0lGVTNCaGFXNCJ9,Seguridad
eyJqb2JfdGl0bGUiOiJUZWNuaWNvL0EgQ2liZXJzZWd1cmlkYWQgTjEiLCJjb21wYW55X25hbWUiOiJHcnVwbyBTZXJtaWNybyIsImFkZHJlc3NfY2l0eSI6IkZlcnJvbCwgU3BhaW4iLCJodGlkb2NpZCI6InV3NlFKNHlkZFhuWXFHWm1BQUFBQUE9PSIsInV1bGUiOiJ3K0NBSVFJQ0lGVTNCaGFXNCJ9,Seguridad
eyJqb2JfdGl0bGUiOiJUw6ljbmljby9hIGluZm9ybcOhdGljbyBzb3BvcnRlIGRlIHNvZnR3YXJlIiwiY29tcGFueV9uYW1lIjoiU0lTVEVQTEFOVCIsImFkZHJlc3NfY2l0eSI6Ik1hZHJpZCwgU3BhaW4iLCJodGlkb2NpZCI6ImhVaTYxdk0yeTdSenJsZFBBQUFBQUE9PSIsInV1bGUiOiJ3K0NBSVFJQ0lGVTNCaGFXNCJ9,Seguridad
eyJqb2JfdGl0bGUiOiJUw6ljbmljbyBJbmZvcm3DoXRpY28gZGUgU29wb3J0ZSBXZWIgKEluZ2zDqXMgYWx0bywgZ3VhcmRpYXMpIiwiY29tcGFueV9uYW1lIjoiQWxzYSIsImFkZHJlc3NfY2l0eSI6Ik1hZHJpZCwgU3BhaW4iLCJodGlkb2NpZCI6IkZEQlNSN0lNRmJTel9KanVBQUFBQUE9PSIsInV1bGUiOiJ3K0NBSVFJQ0lGVTNCaGFXNCJ9,Seguridad
eyJqb2JfdGl0bGUiOiJUw6ljbmljbyBJbmZvcm3DoXRpY28gZGUgU29wb3J0ZSBXZWIgKEluZ2zDqXMgYWx0bywgZ3VhcmRpYXMpIiwiY29tcGFueV9uYW1lIjoiQWxzYSIsImFkZHJlc3NfY2l0eSI6Ik1hZHJpZCwgU3BhaW4iLCJodGlkb2NpZCI6IkZEQlNSN0lNRmJTel9KanVBQUFBQUE9PSIsInV1bGUiOiJ3K0NBSVFJQ0lGVTNCaGFXNCJ9,Base de datos
eyJqb2JfdGl0bGUiOiJUw6ljbmljbyBJbmZvcm3DoXRpY28gZGUgU29wb3J0ZSBXZWIgKEluZ2zDqXMgYWx0bywgZ3VhcmRpYXMpIiwiY29tcGFueV9uYW1lIjoiQWxzYSIsImFkZHJlc3NfY2l0eSI6Ik1hZHJpZCwgU3BhaW4iLCJodGlkb2NpZCI6IkZEQlNSN0lNRmJTel9KanVBQUFBQUE9PSIsInV1bGUiOiJ3K0NBSVFJQ0lGVTNCaGFXNCJ9,Integración
eyJqb2JfdGl0bGUiOiJUZWNuaWNvIEluZm9ybWF0aWNvIC0gU2FuIEZlcm5hbmRvIERlIEhlbmFyZXMiLCJjb21wYW55X25hbWUiOiJDcm93biBMaWZ0IFRydWNrcyBTLiBMLiIsImFkZHJlc3NfY2l0eSI6IkNvbW11bml0eSBvZiBNYWRyaWQsIFNwYWluIiwiaHRpZG9jaWQiOiJaZThqdDVFQWp1Ui1iNXRqQUFBQUFBPT0iLCJ1dWxlIjoidytDQUlRSUNJRlUzQmhhVzQifQ==,Seguridad
eyJqb2JfdGl0bGUiOiJUw6ljbmljbyAoYSkgSU5GT1JNw4FUSUNPIC8gVMOpY25pY28gKGEpIFNvcG9ydGUgRVJQIiwiY29tcGFueV9uYW1lIjoiT3pvbmEgVGVjbm9sb2fDrWEiLCJhZGRyZXNzX2NpdHkiOiJTYW50aWFnbyBkZSBDb21wb3N0ZWxhLCBNdW5pY2lwYWxpdHkgb2YgU2FudGlhZ28gZGUgQ29tcG9zdGVsYSwgU3BhaW4iLCJodGlkb2NpZCI6ImNqT1ZYaWVlbVZsRW9sX3lBQUFBQUE9PSIsInV1bGUiOiJ3K0NBSVFJQ0lGVTNCaGFXNCJ9,Seguridad
eyJqb2JfdGl0bGUiOiJUw6ljbmljby9hIFNvcG9ydGUgSW5mb3Jtw6F0aWNvIHkgYWRtaW5pc3RyYWNpw7NuIGRlIHNpc3RlbWFzIiwiY29tcGFueV9uYW1lIjoiUGFsZXggTWVkaWNhbCIsImFkZHJlc3NfY2l0eSI6IkNvcm5lbGzDoCBkZSBMbG9icmVnYXQsIFNwYWluIiwiaHRpZG9jaWQiOiJ0VHRITGJrQkNXSjRrTEVXQUFBQUFBPT0iLCJ1dWxlIjoidytDQUlRSUNJRlUzQmhhVzQifQ==,Seguridad
eyJqb2JfdGl0bGUiOiJUw6ljbmljby9hIFNvcG9ydGUgSW5mb3Jtw6F0aWNvIHkgYWRtaW5pc3RyYWNpw7NuIGRlIHNpc3RlbWFzIiwiY29tcGFueV9uYW1lIjoiUGFsZXggTWVkaWNhbCIsImFkZHJlc3NfY2l0eSI6IkNvcm5lbGzDoCBkZSBMbG9icmVnYXQsIFNwYWluIiwiaHRpZG9jaWQiOiJ0VHRITGJrQkNXSjRrTEVXQUFBQUFBPT0iLCJ1dWxlIjoidytDQUlRSUNJRlUzQmhhVzQifQ==,Infraestructura cloud
eyJqb2JfdGl0bGUiOiJUZWNuaWNvIGluZm9ybcOhdGljbyBwYXJhIHJlcGFyYWNpb25lcywgbWFudGVuaW1pZW50byB5IGhlbHBkZXNrIiwiY29tcGFueV9uYW1lIjoiQXBwbGluZXQiLCJhZGRyZXNzX2NpdHkiOiLDiWNpamEsIFNwYWluIiwiaHRpZG9jaWQiOiJ5LUhpT2lVSFhlLWVBU1FZQUFBQUFBPT0iLCJ1dWxlIjoidytDQUlRSUNJRlUzQmhhVzQifQ==,Integración
eyJqb2JfdGl0bGUiOiJUw6ljbmljbyBkZSBzb3BvcnRlIHRpICh0ZWxldHJhYmFqbykiLCJjb21wYW55X25hbWUiOiJGcmFjdGFsaWEgUmVtb3RlIFN5c3RlbXMiLCJhZGRyZXNzX2NpdHkiOiJBbGljYW50ZSwgU3BhaW4iLCJodGlkb2NpZCI6Ikp0cVVBVWpfWEs3VUxpOWRBQUFBQUE9PSIsInV1bGUiOiJ3K0NBSVFJQ0lGVTNCaGFXNCJ9,Seguridad
eyJqb2JfdGl0bGUiOiJUZWNuaWNvIGRlIGNhbXBvIE4yIC0gUmVtb3RvIiwiY29tcGFueV9uYW1lIjoiUGFnZSBQZXJzb25uZWwiLCJhZGRyZXNzX2NpdHkiOiJNYWRyaWQsIFNwYWluIiwiaHRpZG9jaWQiOiJoZXVGSm91eDQ2bUk1VEI5QUFBQUFBPT0iLCJ1dWxlIjoidytDQUlRSUNJRlUzQmhhVzQifQ==,Seguridad
eyJqb2JfdGl0bGUiOiJUw4lDTklDTy9BIFNJU1RFTUFTIElORk9STcOBVElDT1MiLCJjb21wYW55X25hbWUiOiJURU1QT1JJTkcgRVRUIiwiYWRkcmVzc19jaXR5IjoiQSBDb3J1w7FhLCBTcGFpbiIsImh0aWRvY2lkIjoiWUNMU2xtOXp6UmNrYnVWLUFBQUFBQT09IiwidXVsZSI6IncrQ0FJUUlDSUZVM0JoYVc0In0=,Seguridad
eyJqb2JfdGl0bGUiOiJUw6ljbmljbyBJbmZvcm3DoXRpY28gQmlsYmFvIiwiY29tcGFueV9uYW1lIjoiR2VzdGnDs24gZGUgUHJveWVjdG9zIGRlIEluZm9ybcOhdGljYSB5IENvbXVuaWNhY2lvbmVzIFMuTC4iLCJhZGRyZXNzX2NpdHkiOiJCaWxiYW8sIFNwYWluIiwiaHRpZG9jaWQiOiJPNzRvZDNXbklmOHpaa25RQUFBQUFBPT0iLCJ1dWxlIjoidytDQUlRSUNJRlUzQmhhVzQifQ==,Seguridad
eyJqb2JfdGl0bGUiOiJUw4lDTklDTyBERSBBRE1JTklTVFJBQ0nDk04gREUgU0lTVEVNQVMiLCJjb21wYW55X25hbWUiOiJHSU9TIiwiYWRkcmVzc19jaXR5IjoiQmFyY2Vsb25hLCBTcGFpbiIsImh0aWRvY2lkIjoiMms5Z083SXRYZ084eVprN0FBQUFBQT09IiwidXVsZSI6IncrQ0FJUUlDSUZVM0JoYVc0In0=,Seguridad
eyJqb2JfdGl0bGUiOiJQcm9ncmFtYWRvci9BIE5hdmlzaW9uIChJbXBvcnRhbnRlIEVtcHJlc2EiLCJjb21wYW55X25hbWUiOiJVbnNwZWNpZmllZCIsImFkZHJlc3NfY2l0eSI6IkPDoWRpeiwgU3BhaW4iLCJodGlkb2NpZCI6IlUwVlJBT0JjNHNuQmhmNW5BQUFBQUE9PSIsInV1bGUiOiJ3K0NBSVFJQ0lGVTNCaGFXNCJ9,Integración
eyJqb2JfdGl0bGUiOiJQcm9ncmFtYWRvci9BIEJhY2tlbmQgQmFqbyBBcnF1aXRlY3R1cmFzIERlIE1pY3Jvc2VydmljaW9zLiBUZWxldHJhYmFqbyIsImNvbXBhbnlfbmFtZSI6IktyZWxsLUNvbnN1bHRpbmciLCJhZGRyZXNzX2NpdHkiOiJCYXJjZWxvbmEsIFNwYWluIiwiaHRpZG9jaWQiOiJta0lieVZqdjB5cEQyOWtCQUFBQUFBPT0iLCJ1dWxlIjoidytDQUlRSUNJRlUzQmhhVzQifQ==,Backend
eyJqb2JfdGl0bGUiOiJJbmdlbmllcm8vYSBkZSBEZXNhcnJvbGxvIGRlIFNvZnR3YXJlLyBJVCBIZWxwZGVzayBwYXJhIFNpc3RlbWFzIGRlIENvbXByb2JhY2nDs24gZGVsIFZlaMOtY3VsbyAobS9mL2QpIiwiY29tcGFueV9uYW1lIjoiU2llbWVucyIsImFkZHJlc3NfY2l0eSI6IkJhcmNlbG9uYSwgU3BhaW4iLCJodGlkb2NpZCI6InhwVTQ2ZUlvWjlQZlRvcDJBQUFBQUE9PSIsInV1bGUiOiJ3K0NBSVFJQ0lGVTNCaGFXNCJ9,Integración
eyJqb2JfdGl0bGUiOiJJbmdlbmllcm8vYSBzZW5pb3IgZGUgc2lzdGVtYXMgeSByZWRlcyIsImNvbXBhbnlfbmFtZSI6IkluZHJhIiwiYWRkcmVzc19jaXR5IjoiQXJhbmp1ZXosIFNwYWluIiwiaHRpZG9jaWQiOiIzeGU5aGkwRFUyY1JUQWtyQUFBQUFBPT0iLCJ1dWxlIjoidytDQUlRSUNJRlUzQmhhVzQifQ==,Base de datos
eyJqb2JfdGl0bGUiOiJJbmdlbmllcm8vYSBzZW5pb3IgZGUgc2lzdGVtYXMgeSByZWRlcyIsImNvbXBhbnlfbmFtZSI6IkluZHJhIiwiYWRkcmVzc19jaXR5IjoiQXJhbmp1ZXosIFNwYWluIiwiaHRpZG9jaWQiOiIzeGU5aGkwRFUyY1JUQWtyQUFBQUFBPT0iLCJ1dWxlIjoidytDQUlRSUNJRlUzQmhhVzQifQ==,Integración
eyJqb2JfdGl0bGUiOiJJbmdlbmllcm8vYSBTZW5pb3IgUHJvY2VzYWRvIFNlw7FhbCIsImNvbXBhbnlfbmFtZSI6IkdyYWRpYW50IiwiYWRkcmVzc19jaXR5IjoiVmlnbywgTXVuaWNpcGFsaXR5IG9mIFZpZ28sIFNwYWluIiwiaHRpZG9jaWQiOiJDMzJUQkNoSHZ4MWJZWHFlQUFBQUFBPT0iLCJ1dWxlIjoidytDQUlRSUNJRlUzQmhhVzQifQ==,Seguridad
eyJqb2JfdGl0bGUiOiJJbmdlbmllcm8vYSBEZXNhcnJvbGxhZG9yL2EgU2VuaW9yIEFwbGljYWNpb25lcyBXZWIiLCJjb21wYW55X25hbWUiOiJMYWJvcmludG9zIiwiYWRkcmVzc19jaXR5IjoiTWFkcmlkLCBTcGFpbiIsImh0aWRvY2lkIjoia1g5RTdGd0JDVGFQYVJiMEFBQUFBQT09IiwidXVsZSI6IncrQ0FJUUlDSUZVM0JoYVc0In0=,Full Stack
eyJqb2JfdGl0bGUiOiJUw6ljbmljby9hIGRlIHNvcG9ydGUgSVQgKFJlZGVzIGUgSW5mcmFlc3RydWN0dXJhKSIsImNvbXBhbnlfbmFtZSI6IkZFRCBJVCIsImFkZHJlc3NfY2l0eSI6IkxhIFNlbHZhIGRlbCBDYW1wLCBTcGFpbiIsImh0aWRvY2lkIjoibGxfN09wUXRnb1RETGp2bEFBQUFBQT09IiwidXVsZSI6IncrQ0FJUUlDSUZVM0JoYVc0In0=,Seguridad
eyJqb2JfdGl0bGUiOiJFc3BlY2lhbGlzdGEgZW4gUmVkZXMgeSBTaXN0ZW1hcyIsImNvbXBhbnlfbmFtZSI6IkhheXMiLCJhZGRyZXNzX2NpdHkiOiJTcGFpbiIsImh0aWRvY2lkIjoiNU5ZekRBT25pRUlGUTRPRkFBQUFBQT09IiwidXVsZSI6IncrQ0FJUUlDSUZVM0JoYVc0In0=,Seguridad
eyJqb2JfdGl0bGUiOiJBZG1pbmlzdHJhY2nDs24gZGUgUmVkZXMiLCJjb21wYW55X25hbWUiOiJOVFQgREFUQSBFdXJvcGUgXHUwMDI2IExhdGFtIiwiYWRkcmVzc19jaXR5IjoiQWxpY2FudGUsIFNwYWluIiwiaHRpZG9jaWQiOiJtV0VGTklpVU8wUnVfSGpvQUFBQUFBPT0iLCJ1dWxlIjoidytDQUlRSUNJRlUzQmhhVzQifQ==,Seguridad
eyJqb2JfdGl0bGUiOiJBZG1pbmlzdHJhZG9yIGRlIHJlZGVzIiwiY29tcGFueV9uYW1lIjoiV2VIdW50IEVzcGHDsWEiLCJhZGRyZXNzX2NpdHkiOiJTcGFpbiIsImh0aWRvY2lkIjoiWWhQTVZwZEZGZlRuZDFtWEFBQUFBQT09IiwidXVsZSI6IncrQ0FJUUlDSUZVM0JoYVc0In0=,Seguridad
eyJqb2JfdGl0bGUiOiJJbmdlbmllcm8gZGUgc29mdHdhcmUgZW1iZWJpZG8gQysrIiwiY29tcGFueV9uYW1lIjoiTmVvdGFsZW50IENvbmNsdXNpb24iLCJhZGRyZXNzX2NpdHkiOiJNYWRyaWQsIFNwYWluIiwiaHRpZG9jaWQiOiJadzVZSXhfVzZRQVNUTmh6QUFBQUFBPT0iLCJ1dWxlIjoidytDQUlRSUNJRlUzQmhhVzQifQ==,Seguridad
eyJqb2JfdGl0bGUiOiJJbmdlbmllcm8vYSBkZSBIYXJkd2FyZSAoU2lzdGVtYXMgRW1iZWJpZG9zKSIsImNvbXBhbnlfbmFtZSI6IkFydmlrb24iLCJhZGRyZXNzX2NpdHkiOiJNYWRyaWQsIFNwYWluIiwiaHRpZG9jaWQiOiJsRjZKLXRxaXh3bF82Qk9UQUFBQUFBPT0iLCJ1dWxlIjoidytDQUlRSUNJRlUzQmhhVzQifQ==,Seguridad
eyJqb2JfdGl0bGUiOiJEZXNhcnJvbGxhZG9yIFNXIEVtYmViaWRvIiwiY29tcGFueV9uYW1lIjoiQmV0d2VlbiBUZWNobm9sb2d5IiwiYWRkcmVzc19jaXR5IjoiTGXDs24sIFNwYWluIiwiaHRpZG9jaWQiOiJDcFRHVzRsTktMZXpabjF0QUFBQUFBPT0iLCJ1dWxlIjoidytDQUlRSUNJRlUzQmhhVzQifQ==,Integración
eyJqb2JfdGl0bGUiOiJEZXNhcnJvbGxhZG9yIGRlIFNvZnR3YXJlIEVtYmViaWRvIiwiY29tcGFueV9uYW1lIjoiU0FOREFWIiwiYWRkcmVzc19jaXR5IjoiU3BhaW4iLCJodGlkb2NpZCI6InozMGtsVkt6TTh3WFVrejJBQUFBQUE9PSIsInV1bGUiOiJ3K0NBSVFJQ0lGVTNCaGFXNCJ9,Seguridad
eyJqb2JfdGl0bGUiOiJEZXNhcnJvbGxhZG9yIGRlIFNvZnR3YXJlIEVtYmViaWRvIiwiY29tcGFueV9uYW1lIjoiU0FOREFWIiwiYWRkcmVzc19jaXR5IjoiU3BhaW4iLCJodGlkb2NpZCI6InozMGtsVkt6TTh3WFVrejJBQUFBQUE9PSIsInV1bGUiOiJ3K0NBSVFJQ0lGVTNCaGFXNCJ9,Integración
eyJqb2JfdGl0bGUiOiJJbmdlbmllcm8vQSBEZSBIYXJkd2FyZSAoU2lzdGVtYXMgRW1iZWJpZG9zKSIsImNvbXBhbnlfbmFtZSI6IkFydmlrb24iLCJhZGRyZXNzX2NpdHkiOiJaYXJhZ296YSwgU3BhaW4iLCJodGlkb2NpZCI6IlYtTGwyVHpUUU9qRVBlX0JBQUFBQUE9PSIsInV1bGUiOiJ3K0NBSVFJQ0lGVTNCaGFXNCJ9,Seguridad
eyJqb2JfdGl0bGUiOiJJbmdlbmllcm8vQSBEZSBIYXJkd2FyZSAoU2lzdGVtYXMgRW1iZWJpZG9zKSIsImNvbXBhbnlfbmFtZSI6IkFydmlrb24iLCJhZGRyZXNzX2NpdHkiOiJaYXJhZ296YSwgU3BhaW4iLCJodGlkb2NpZCI6IlYtTGwyVHpUUU9qRVBlX0JBQUFBQUE9PSIsInV1bGUiOiJ3K0NBSVFJQ0lGVTNCaGFXNCJ9,Integración
eyJqb2JfdGl0bGUiOiJEZXNhcnJvbGxhZG9yIHNvZnR3YXJlIGVtYmViaWRvIiwiY29tcGFueV9uYW1lIjoiSGF5cyIsImFkZHJlc3NfY2l0eSI6Ik1hZHJpZCwgU3BhaW4iLCJodGlkb2NpZCI6ImdwcmotdFpYT2dqM2ZJY2lBQUFBQUE9PSIsInV1bGUiOiJ3K0NBSVFJQ0lGVTNCaGFXNCJ9,Seguridad
eyJqb2JfdGl0bGUiOiJJbmdlbmllcm/igIsvYSBkZSBzb2Z0d2FyZSBlbWJlYmlkbyIsImNvbXBhbnlfbmFtZSI6Ikhlc3N0ZWMiLCJhZGRyZXNzX2NpdHkiOiJWYWxlbmNpYSwgU3BhaW4iLCJodGlkb2NpZCI6IjdESXlDYWxkR3Nwb1FyZm1BQUFBQUE9PSIsInV1bGUiOiJ3K0NBSVFJQ0lGVTNCaGFXNCJ9,Integración
eyJqb2JfdGl0bGUiOiJJbmdlbmllcm8vYSBkZSBTb2Z0d2FyZSBFbWJlYmlkbyBDKysiLCJjb21wYW55X25hbWUiOiJFeGNlbHRpYyIsImFkZHJlc3NfY2l0eSI6IlNwYWluIiwiaHRpZG9jaWQiOiJlVzYzRHJaOU9VTENXd3laQUFBQUFBPT0iLCJ1dWxlIjoidytDQUlRSUNJRlUzQmhhVzQifQ==,Integración
eyJqb2JfdGl0bGUiOiJJTkdFTklFUkAgRU4gU0lTVEVNQVMgRU1CRUJJRE9TIFkgU09MVUNJT05FUyBTT0ZUV0FSRSIsImNvbXBhbnlfbmFtZSI6IlN0YWRsZXIgVmFsZW5jaWEiLCJhZGRyZXNzX2NpdHkiOiJTcGFpbiIsImh0aWRvY2lkIjoicnlGUGNQdjdfUF9MSTRqZUFBQUFBQT09IiwidXVsZSI6IncrQ0FJUUlDSUZVM0JoYVc0In0=,Infraestructura cloud
eyJqb2JfdGl0bGUiOiJJTkdFTklFUkAgRU4gU0lTVEVNQVMgRU1CRUJJRE9TIFkgU09MVUNJT05FUyBTT0ZUV0FSRSIsImNvbXBhbnlfbmFtZSI6IlN0YWRsZXIgVmFsZW5jaWEiLCJhZGRyZXNzX2NpdHkiOiJTcGFpbiIsImh0aWRvY2lkIjoicnlGUGNQdjdfUF9MSTRqZUFBQUFBQT09IiwidXVsZSI6IncrQ0FJUUlDSUZVM0JoYVc0In0=,Integración
eyJqb2JfdGl0bGUiOiJJbmdlbmllcm8vYSBkZSBTb2Z0d2FyZSBFbWJlYmlkbyAoTGludXgpIiwiY29tcGFueV9uYW1lIjoiZWtzIEVuZXJneSIsImFkZHJlc3NfY2l0eSI6IlNwYWluIiwiaHRpZG9jaWQiOiJfSXVPcjktV2pwWGtoZWp2QUFBQUFBPT0iLCJ1dWxlIjoidytDQUlRSUNJRlUzQmhhVzQifQ==,Seguridad
eyJqb2JfdGl0bGUiOiJJbmdlbmllcm8vYSBkZSBTb2Z0d2FyZSBFbWJlYmlkbyAoTGludXgpIiwiY29tcGFueV9uYW1lIjoiZWtzIEVuZXJneSIsImFkZHJlc3NfY2l0eSI6IlNwYWluIiwiaHRpZG9jaWQiOiJfSXVPcjktV2pwWGtoZWp2QUFBQUFBPT0iLCJ1dWxlIjoidytDQUlRSUNJRlUzQmhhVzQifQ==,Integración
eyJqb2JfdGl0bGUiOiJJbmdlbmllcm8vYSBTVyBlbWJlYmlkbyBDKysgQ2liZXJzZWd1cmlkYWQiLCJjb21wYW55X25hbWUiOiJJbmRyYSIsImFkZHJlc3NfY2l0eSI6IlRvcnJlasOzbiBkZSBBcmRveiwgU3BhaW4iLCJodGlkb2NpZCI6InlHRnAxSEUycnNIRVRXUEJBQUFBQUE9PSIsInV1bGUiOiJ3K0NBSVFJQ0lGVTNCaGFXNCJ9,Seguridad
eyJqb2JfdGl0bGUiOiJJbmdlbmllcm8vYSBTVyBlbWJlYmlkbyBDKysgQ2liZXJzZWd1cmlkYWQiLCJjb21wYW55X25hbWUiOiJJbmRyYSIsImFkZHJlc3NfY2l0eSI6IlRvcnJlasOzbiBkZSBBcmRveiwgU3BhaW4iLCJodGlkb2NpZCI6InlHRnAxSEUycnNIRVRXUEJBQUFBQUE9PSIsInV1bGUiOiJ3K0NBSVFJQ0lGVTNCaGFXNCJ9,Integración
eyJqb2JfdGl0bGUiOiJJbmdlbmllcm8gRGUgU29mdHdhcmUgRW1iZWJpZG8iLCJjb21wYW55X25hbWUiOiJDYXBpdG9sZSBDb25zdWx0aW5nIiwiYWRkcmVzc19jaXR5IjoiTWFkcmlkLCBTcGFpbiIsImh0aWRvY2lkIjoiMjQ2TUtFbEFxU200dmhSRUFBQUFBQT09IiwidXVsZSI6IncrQ0FJUUlDSUZVM0JoYVc0In0=,Base de datos
eyJqb2JfdGl0bGUiOiJJbmdlbmllcm8vYSBkZSBMaW51eCBFbWJlYmlkbyB5IEZXIiwiY29tcGFueV9uYW1lIjoiU2luIGVzcGVjaWZpY2FyIiwiYWRkcmVzc19jaXR5IjoiQmlsYmFvLCBTcGFpbiIsImh0aWRvY2lkIjoicks3ZVdUM0k5dzR5Sm1pT0FBQUFBQT09IiwidXVsZSI6IncrQ0FJUUlDSUZVM0JoYVc0In0=,Seguridad
eyJqb2JfdGl0bGUiOiJJbmdlbmllcm8vYSBkZSBMaW51eCBFbWJlYmlkbyB5IEZXIiwiY29tcGFueV9uYW1lIjoiU2luIGVzcGVjaWZpY2FyIiwiYWRkcmVzc19jaXR5IjoiQmlsYmFvLCBTcGFpbiIsImh0aWRvY2lkIjoicks3ZVdUM0k5dzR5Sm1pT0FBQUFBQT09IiwidXVsZSI6IncrQ0FJUUlDSUZVM0JoYVc0In0=,Integración
eyJqb2JfdGl0bGUiOiJJbmdlbmllcm8vQSBEZSBUZWxlY29tdW5pY2FjaW9uZXMgUGFyYSBEZXNhcnJvbGxvIERlIFNvZnR3YXJlIEVtYmViaWRvIiwiY29tcGFueV9uYW1lIjoiTm92YSBOb3RpbyBTLkwuIiwiYWRkcmVzc19jaXR5IjoiVG9ycmVqw7NuIGRlIEFyZG96LCBTcGFpbiIsImh0aWRvY2lkIjoiQUk2RFFIaEZWUDBXRkNRLUFBQUFBQT09IiwidXVsZSI6IncrQ0FJUUlDSUZVM0JoYVc0In0=,Seguridad
eyJqb2JfdGl0bGUiOiJJbmdlbmllcm8vQSBEZSBUZWxlY29tdW5pY2FjaW9uZXMgUGFyYSBEZXNhcnJvbGxvIERlIFNvZnR3YXJlIEVtYmViaWRvIiwiY29tcGFueV9uYW1lIjoiTm92YSBOb3RpbyBTLkwuIiwiYWRkcmVzc19jaXR5IjoiVG9ycmVqw7NuIGRlIEFyZG96LCBTcGFpbiIsImh0aWRvY2lkIjoiQUk2RFFIaEZWUDBXRkNRLUFBQUFBQT09IiwidXVsZSI6IncrQ0FJUUlDSUZVM0JoYVc0In0=,Integración
eyJqb2JfdGl0bGUiOiJJbmdlbmllcm8gZGUgU29mdHdhcmUgRW1iZWJpZG8gQysrIiwiY29tcGFueV9uYW1lIjoiTmVvdGFsZW50IENvbmNsdXNpb24iLCJhZGRyZXNzX2NpdHkiOiJTcGFpbiIsImh0aWRvY2lkIjoiU0RyMnRHTXVHTUpOX0p4YUFBQUFBQT09IiwidXVsZSI6IncrQ0FJUUlDSUZVM0JoYVc0In0=,Integración
eyJqb2JfdGl0bGUiOiJTT0ZUV0FSRSBFTUJFRERFRCBJRkYgUkFEQVIgMiIsImNvbXBhbnlfbmFtZSI6IkNhcGdlbWluaSIsImFkZHJlc3NfY2l0eSI6Ik1hZHJpZCwgU3BhaW4iLCJodGlkb2NpZCI6InNsMmZOdkNZaTg4TldUUC1BQUFBQUE9PSIsInV1bGUiOiJ3K0NBSVFJQ0lGVTNCaGFXNCJ9,Integración
eyJqb2JfdGl0bGUiOiJJbmdlbmllcm8vYSBwYXJhIERlc2Fycm9sbG8gZGUgU29mdHdhcmUgRW1iZWJpZG8gQysiLCJjb21wYW55X25hbWUiOiJiYW5jb2VtcGxlbyIsImFkZHJlc3NfY2l0eSI6IlRvcnJlasOzbiBkZSBBcmRveiwgU3BhaW4iLCJodGlkb2NpZCI6IkwtQWVzUm92RFlucGZRTExBQUFBQUE9PSIsInV1bGUiOiJ3K0NBSVFJQ0lGVTNCaGFXNCJ9,Seguridad
eyJqb2JfdGl0bGUiOiJUVGVjaF9TLUFycXVpdGVjdG8vYSBkZSBTaXN0ZW1hcyIsImNvbXBhbnlfbmFtZSI6IlRlbGVmw7NuaWNhIiwiYWRkcmVzc19jaXR5IjoiTWFkcmlkLCBTcGFpbiIsImh0aWRvY2lkIjoiUXZOV0R4M1NqWGxfRXVOTUFBQUFBQT09IiwidXVsZSI6IncrQ0FJUUlDSUZVM0JoYVc0In0=,Seguridad
eyJqb2JfdGl0bGUiOiJUVGVjaF9TLUFycXVpdGVjdG8vYSBkZSBTaXN0ZW1hcyIsImNvbXBhbnlfbmFtZSI6IlRlbGVmw7NuaWNhIiwiYWRkcmVzc19jaXR5IjoiTWFkcmlkLCBTcGFpbiIsImh0aWRvY2lkIjoiUXZOV0R4M1NqWGxfRXVOTUFBQUFBQT09IiwidXVsZSI6IncrQ0FJUUlDSUZVM0JoYVc0In0=,Integración
eyJqb2JfdGl0bGUiOiLimIEgQXJxdWl0ZWN0byBDbG91ZCBTZW5pb3IgQXp1cmUgXHUwMDI2IEt1YmVybmV0ZXMiLCJjb21wYW55X25hbWUiOiJrbm93bWFkIG1vb2QiLCJhZGRyZXNzX2NpdHkiOiJNYWRyaWQsIFNwYWluIiwiaHRpZG9jaWQiOiJacXFnaWlTM2pBNndNMlpXQUFBQUFBPT0iLCJ1dWxlIjoidytDQUlRSUNJRlUzQmhhVzQifQ==,Base de datos
eyJqb2JfdGl0bGUiOiJBcnF1aXRlY3RvL2EgR29vZ2xlIENsb3VkIHkgQXBpZ2VlIiwiY29tcGFueV9uYW1lIjoiR3J1cG8gTlMiLCJhZGRyZXNzX2NpdHkiOiJNYWRyaWQsIFNwYWluIiwiaHRpZG9jaWQiOiJWMlZ3YzBWcmtOZERxY0xzQUFBQUFBPT0iLCJ1dWxlIjoidytDQUlRSUNJRlUzQmhhVzQifQ==,Seguridad
eyJqb2JfdGl0bGUiOiJBcnF1aXRlY3RvL2EgR29vZ2xlIENsb3VkIHkgQXBpZ2VlIiwiY29tcGFueV9uYW1lIjoiR3J1cG8gTlMiLCJhZGRyZXNzX2NpdHkiOiJNYWRyaWQsIFNwYWluIiwiaHRpZG9jaWQiOiJWMlZ3YzBWcmtOZERxY0xzQUFBQUFBPT0iLCJ1dWxlIjoidytDQUlRSUNJRlUzQmhhVzQifQ==,Integración
eyJqb2JfdGl0bGUiOiJBcnF1aXRlY3RvIENsb3VkIEdDUCIsImNvbXBhbnlfbmFtZSI6IlJlY29kbWUiLCJhZGRyZXNzX2NpdHkiOiJNYWRyaWQsIFNwYWluIiwiaHRpZG9jaWQiOiJnN1I4b29tYTRjMUxieWZuQUFBQUFBPT0iLCJ1dWxlIjoidytDQUlRSUNJRlUzQmhhVzQifQ==,Seguridad
eyJqb2JfdGl0bGUiOiJBcnF1aXRlY3RvIENsb3VkIElBLyBJbmdsw6lzIEMxLUMyLyBSZW1vdG8gMTAwJSIsImNvbXBhbnlfbmFtZSI6IktyZWxsLWNvbnN1bHRpbmciLCJhZGRyZXNzX2NpdHkiOiJNYWRyaWQsIFNwYWluIiwiaHRpZG9jaWQiOiJ6LW5GcU9KREgtOWFvZ1llQUFBQUFBPT0iLCJ1dWxlIjoidytDQUlRSUNJRlUzQmhhVzQifQ==,Seguridad
eyJqb2JfdGl0bGUiOiJFc3BlY2lhbGlzdGEgZW4gQmlnIERhdGEgeSBzY3JpcHRzIGdlb3NwYWNpYWxlcyBjb24gUHl0aG9uIiwiY29tcGFueV9uYW1lIjoiVFlDIEdJUyBGb3JtYWNpw7NuIiwiYWRkcmVzc19jaXR5IjoiVmlnbywgTXVuaWNpcGFsaXR5IG9mIFZpZ28sIFNwYWluIiwiaHRpZG9jaWQiOiI4aTJUbGJNNUVZM3lCVndDQUFBQUFBPT0iLCJ1dWxlIjoidytDQUlRSUNJRlUzQmhhVzQifQ==,Base de datos
eyJqb2JfdGl0bGUiOiJFeHBlcnRvL2EgZW4gQmlnIERhdGEiLCJjb21wYW55X25hbWUiOiJBTFRFTiBTcGFpbiIsImFkZHJlc3NfY2l0eSI6Ik1hZHJpZCwgU3BhaW4iLCJodGlkb2NpZCI6InpyNTdzSlpXLTdBSTZOOXVBQUFBQUE9PSIsInV1bGUiOiJ3K0NBSVFJQ0lGVTNCaGFXNCJ9,Seguridad
eyJqb2JfdGl0bGUiOiJFeHBlcnRvL2EgZW4gQmlnIERhdGEiLCJjb21wYW55X25hbWUiOiJBTFRFTiBTcGFpbiIsImFkZHJlc3NfY2l0eSI6Ik1hZHJpZCwgU3BhaW4iLCJodGlkb2NpZCI6InpyNTdzSlpXLTdBSTZOOXVBQUFBQUE9PSIsInV1bGUiOiJ3K0NBSVFJQ0lGVTNCaGFXNCJ9,Integración
eyJqb2JfdGl0bGUiOiJFc3BlY2lhbGlzdGEgZW4gQW7DoWxpc2lzIGRlIERhdG9zIEFtYmllbnRhbGVzIiwiY29tcGFueV9uYW1lIjoiR01WIiwiYWRkcmVzc19jaXR5IjoiVHJlcyBDYW50b3MsIFNwYWluIiwiaHRpZG9jaWQiOiJpeVRLcGYzUThjdnBMeDA4QUFBQUFBPT0iLCJ1dWxlIjoidytDQUlRSUNJRlUzQmhhVzQifQ==,Seguridad
eyJqb2JfdGl0bGUiOiJBbmFsaXN0YSBkZSBEYXRvcyAoKlMpIiwiY29tcGFueV9uYW1lIjoiQmV0d2VlbiBUZWNobm9sb2d5IiwiYWRkcmVzc19jaXR5IjoiQWxtZXLDrWEsIFNwYWluIiwiaHRpZG9jaWQiOiItRG9GTEp6Y1ZXZHBYUUxVQUFBQUFBPT0iLCJ1dWxlIjoidytDQUlRSUNJRlUzQmhhVzQifQ==,Seguridad
eyJqb2JfdGl0bGUiOiJFeHBlcnRvIEJpZyBEYXRhIiwiY29tcGFueV9uYW1lIjoiUHJvY2VzaWEiLCJhZGRyZXNzX2NpdHkiOiJTcGFpbiIsImh0aWRvY2lkIjoiQXhfZTB1N1Vsd3dGLTd1d0FBQUFBQT09IiwidXVsZSI6IncrQ0FJUUlDSUZVM0JoYVc0In0=,Seguridad
eyJqb2JfdGl0bGUiOiJFeHBlcnRvIEJpZyBEYXRhIiwiY29tcGFueV9uYW1lIjoiUHJvY2VzaWEiLCJhZGRyZXNzX2NpdHkiOiJTcGFpbiIsImh0aWRvY2lkIjoiQXhfZTB1N1Vsd3dGLTd1d0FBQUFBQT09IiwidXVsZSI6IncrQ0FJUUlDSUZVM0JoYVc0In0=,Integración
eyJqb2JfdGl0bGUiOiJEZXNhcnJvbGxhZG9yIGRlIGZyb250LWVuZCIsImNvbXBhbnlfbmFtZSI6IkxJUyBEYXRhIFNvbHV0aW9ucyBFUyB8IERhdGEgZm9yIENoYW5nZSIsImFkZHJlc3NfY2l0eSI6IlNhbnRhIENydXogZGUgQmV6YW5hLCBTcGFpbiIsImh0aWRvY2lkIjoibVRjdTlxRUpPNHBXMkVvS0FBQUFBQT09IiwidXVsZSI6IncrQ0FJUUlDSUZVM0JoYVc0In0=,Backend
eyJqb2JfdGl0bGUiOiJUw6ljbmljbyBkZSBTaXN0ZW1hcyB5IENvbXVuaWNhY2lvbmVzIiwiY29tcGFueV9uYW1lIjoiQ1NBIEFzc29jaWF0cyIsImFkZHJlc3NfY2l0eSI6IkJhcmNlbG9uYSwgU3BhaW4iLCJodGlkb2NpZCI6IjFfdEdTMXE1SVB5MDc5dUVBQUFBQUE9PSIsInV1bGUiOiJ3K0NBSVFJQ0lGVTNCaGFXNCJ9,Seguridad
eyJqb2JfdGl0bGUiOiJUw6ljbmljby9hIGRlIGNvbXVuaWNhY2lvbmVzIHBhcmEgR3JhbmRlcyBDdWVudGFzIiwiY29tcGFueV9uYW1lIjoiU2lzdGVtYXMgQXZhbnphZG9zIGRlIFRlY25vbG9nw61hLCBTLkEuICggU0FURUMgKSIsImFkZHJlc3NfY2l0eSI6IlZpZ28sIE11bmljaXBhbGl0eSBvZiBWaWdvLCBTcGFpbiIsImh0aWRvY2lkIjoia2RyUDAwNlFIQWo5TVQwOEFBQUFBQT09IiwidXVsZSI6IncrQ0FJUUlDSUZVM0JoYVc0In0=,Seguridad
eyJqb2JfdGl0bGUiOiJUw6ljbmljby9hIGRlIGNvbXVuaWNhY2lvbmVzIHBhcmEgR3JhbmRlcyBDdWVudGFzIiwiY29tcGFueV9uYW1lIjoiU2lzdGVtYXMgQXZhbnphZG9zIGRlIFRlY25vbG9nw61hLCBTLkEuICggU0FURUMgKSIsImFkZHJlc3NfY2l0eSI6IlZpZ28sIE11bmljaXBhbGl0eSBvZiBWaWdvLCBTcGFpbiIsImh0aWRvY2lkIjoia2RyUDAwNlFIQWo5TVQwOEFBQUFBQT09IiwidXVsZSI6IncrQ0FJUUlDSUZVM0JoYVc0In0=,Integración
eyJqb2JfdGl0bGUiOiJUw6ljbmljbyBkZSBzZWd1cmlkYWQgeSBjb211bmljYWNpb25lcyIsImNvbXBhbnlfbmFtZSI6Ik1pY2hhZWwgUGFnZSIsImFkZHJlc3NfY2l0eSI6IsOBbGF2YSwgU3BhaW4iLCJodGlkb2NpZCI6ImhlNml4Nk1UUG53OTYyVU1BQUFBQUE9PSIsInV1bGUiOiJ3K0NBSVFJQ0lGVTNCaGFXNCJ9,Seguridad
eyJqb2JfdGl0bGUiOiJUw6ljbmljby9hIFNlbmlvciBTaXN0ZW1hcyB5IENvbXVuaWNhY2lvbmVzIiwiY29tcGFueV9uYW1lIjoiQTE2QklUIiwiYWRkcmVzc19jaXR5IjoiTWF0YXLDsywgU3BhaW4iLCJodGlkb2NpZCI6IlB5Z2lkNU1lcndJZTFwTUtBQUFBQUE9PSIsInV1bGUiOiJ3K0NBSVFJQ0lGVTNCaGFXNCJ9,Seguridad
eyJqb2JfdGl0bGUiOiJUw6ljbmljby9hIGRlIFJlZGVzIHkgQ29tdW5pY2FjaW9uZXMgKHByZXNlbmNpYWwsIGhvcmFyaW8gZGUgN2ggYSAxNWgpIiwiY29tcGFueV9uYW1lIjoiU2lzdGVtYXMgQXZhbnphZG9zIGRlIFRlY25vbG9nw61hLCBTLkEuICggU0FURUMgKSIsImFkZHJlc3NfY2l0eSI6Ik1hZHJpZCwgU3BhaW4iLCJodGlkb2NpZCI6IkVueEt2QkZ1ZW14R0ZFTDRBQUFBQUE9PSIsInV1bGUiOiJ3K0NBSVFJQ0lGVTNCaGFXNCJ9,Seguridad
eyJqb2JfdGl0bGUiOiJUw6ljbmljby9hIGRlIFJlZGVzIHkgQ29tdW5pY2FjaW9uZXMgKHByZXNlbmNpYWwsIGhvcmFyaW8gZGUgN2ggYSAxNWgpIiwiY29tcGFueV9uYW1lIjoiU2lzdGVtYXMgQXZhbnphZG9zIGRlIFRlY25vbG9nw61hLCBTLkEuICggU0FURUMgKSIsImFkZHJlc3NfY2l0eSI6Ik1hZHJpZCwgU3BhaW4iLCJodGlkb2NpZCI6IkVueEt2QkZ1ZW14R0ZFTDRBQUFBQUE9PSIsInV1bGUiOiJ3K0NBSVFJQ0lGVTNCaGFXNCJ9,Integración
eyJqb2JfdGl0bGUiOiJUw6ljbmljby9hIENvbXVuaWNhY2lvbmVzIHkgUmVkZXMiLCJjb21wYW55X25hbWUiOiJDU0EiLCJhZGRyZXNzX2NpdHkiOiJNYWRyaWQsIFNwYWluIiwiaHRpZG9jaWQiOiJpcHg0YXNyczVCMy0tNThjQUFBQUFBPT0iLCJ1dWxlIjoidytDQUlRSUNJRlUzQmhhVzQifQ==,Seguridad
eyJqb2JfdGl0bGUiOiJUw6ljbmljbyBkZSBSZWRlcyIsImNvbXBhbnlfbmFtZSI6Ik1pY2hhZWwgUGFnZSIsImFkZHJlc3NfY2l0eSI6Ik5hdmFycmUsIFNwYWluIiwiaHRpZG9jaWQiOiJQSE9fZGhIdUJUUGtITVp2QUFBQUFBPT0iLCJ1dWxlIjoidytDQUlRSUNJRlUzQmhhVzQifQ==,Seguridad
eyJqb2JfdGl0bGUiOiJUw6ljbmljbyBkZSBUZWxlY29tdW5pY2FjaW9uZXMgZW4gWmFyYWdvemEiLCJjb21wYW55X25hbWUiOiJHb3RvciBDb211bmljYWNpb25lcyIsImFkZHJlc3NfY2l0eSI6Ik1hZHJpZCwgU3BhaW4iLCJodGlkb2NpZCI6IlVELUstemZGTVNPSDdpUTdBQUFBQUE9PSIsInV1bGUiOiJ3K0NBSVFJQ0lGVTNCaGFXNCJ9,Seguridad
eyJqb2JfdGl0bGUiOiJUw6ljbmljbyBkZSBNYW50ZW5pbWllbnRvIFRlbGVjb211bmljYWNpb25lcyAoSC9NL1gpIiwiY29tcGFueV9uYW1lIjoiQ2liZXJub3MiLCJhZGRyZXNzX2NpdHkiOiJMYXMgUGFsbWFzIGRlIEdyYW4gQ2FuYXJpYSwgU3BhaW4iLCJodGlkb2NpZCI6IjJXUXdpU0ptcGtfY21WclFBQUFBQUE9PSIsInV1bGUiOiJ3K0NBSVFJQ0lGVTNCaGFXNCJ9,Seguridad
eyJqb2JfdGl0bGUiOiJUw6ljbmljby9hIERlcGFydGFtZW50byBkZSBDb211bmljYWNpb25lcyB5IE3Ds3ZpbGVzIiwiY29tcGFueV9uYW1lIjoiSUNFWCIsImFkZHJlc3NfY2l0eSI6Ik1hZHJpZCwgU3BhaW4iLCJodGlkb2NpZCI6IkdfaVloWHc0Qi1QLWJwdnJBQUFBQUE9PSIsInV1bGUiOiJ3K0NBSVFJQ0lGVTNCaGFXNCJ9,Seguridad
eyJqb2JfdGl0bGUiOiJUw6ljbmljby9hIHJlZGVzL2NvbXVuaWNhY2lvbmVzIChsYW4pIiwiY29tcGFueV9uYW1lIjoiU2VyZW0iLCJhZGRyZXNzX2NpdHkiOiJDYW50YWJyaWEsIFNwYWluIiwiaHRpZG9jaWQiOiJBaDhDUVVKbVZkbHBLVllfQUFBQUFBPT0iLCJ1dWxlIjoidytDQUlRSUNJRlUzQmhhVzQifQ==,Seguridad
eyJqb2JfdGl0bGUiOiJUw6ljbmljbyBkZSBDb211bmljYWNpb25lcyB5IFNlZ3VyaWRhZCAoSC9NL1gpIiwiY29tcGFueV9uYW1lIjoiU2lzdGVtYXMgQXZhbnphZG9zIGRlIFRlY25vbG9nw61hLCBTLkEuICggU0FURUMgKSIsImFkZHJlc3NfY2l0eSI6IkJpbGJhbywgU3BhaW4iLCJodGlkb2NpZCI6InBSQjhQTjNpTll0T3oxR25BQUFBQUE9PSIsInV1bGUiOiJ3K0NBSVFJQ0lGVTNCaGFXNCJ9,Seguridad
eyJqb2JfdGl0bGUiOiJUw6ljbmljbyBkZSBDb211bmljYWNpb25lcyB5IFNlZ3VyaWRhZCAoSC9NL1gpIiwiY29tcGFueV9uYW1lIjoiU2lzdGVtYXMgQXZhbnphZG9zIGRlIFRlY25vbG9nw61hLCBTLkEuICggU0FURUMgKSIsImFkZHJlc3NfY2l0eSI6IkJpbGJhbywgU3BhaW4iLCJodGlkb2NpZCI6InBSQjhQTjNpTll0T3oxR25BQUFBQUE9PSIsInV1bGUiOiJ3K0NBSVFJQ0lGVTNCaGFXNCJ9,Integración
eyJqb2JfdGl0bGUiOiJUw6ljbmljbyBkZSBpbnN0YWxhY2nDs24gZGUgcmVkZXMgeSBjb211bmljYWNpb25lcyIsImNvbXBhbnlfbmFtZSI6IlYtQ29uc3VsdGluZyIsImFkZHJlc3NfY2l0eSI6IkPDs3Jkb2JhLCBTcGFpbiIsImh0aWRvY2lkIjoic1hZQ1plejJHV2F4NlpUTkFBQUFBQT09IiwidXVsZSI6IncrQ0FJUUlDSUZVM0JoYVc0In0=,Seguridad
eyJqb2JfdGl0bGUiOiJUZWNuaWNvL2EgZGUgc2VndXJpZGFkIHkgY29tdW5pY2FjaW9uZXMiLCJjb21wYW55X25hbWUiOiJUUlMgU3RhZmZpbmcgU29sdXRpb25zIiwiYWRkcmVzc19jaXR5IjoiU2V2aWxsZSwgU3BhaW4iLCJodGlkb2NpZCI6IjdFVXkxbXprZXlQcFlaa1BBQUFBQUE9PSIsInV1bGUiOiJ3K0NBSVFJQ0lGVTNCaGFXNCJ9,Seguridad
eyJqb2JfdGl0bGUiOiJJbmdlbmllcm8gZGUgUmFkaW9jb211bmljYWNpb25lcyIsImNvbXBhbnlfbmFtZSI6IkRlaW1vcyBTcGFjZSIsImFkZHJlc3NfY2l0eSI6IlRyZXMgQ2FudG9zLCBTcGFpbiIsImh0aWRvY2lkIjoiMF8tYzNkaldoUXM5aDdGOUFBQUFBQT09IiwidXVsZSI6IncrQ0FJUUlDSUZVM0JoYVc0In0=,Integración
eyJqb2JfdGl0bGUiOiJUw6ljbmljbyBkZSBzZWd1cmlkYWQgeSBjb211bmljYWNpb25lcywgw4FsYXZhIiwiY29tcGFueV9uYW1lIjoiTWljaGFlbCBQYWdlIiwiYWRkcmVzc19jaXR5IjoiVml0b3JpYS1HYXN0ZWl6LCBTcGFpbiIsImh0aWRvY2lkIjoieFY2UWRib0Q1VVlzZjA4NUFBQUFBQT09IiwidXVsZSI6IncrQ0FJUUlDSUZVM0JoYVc0In0=,Seguridad
eyJqb2JfdGl0bGUiOiJEZXNhcnJvbGxhZG9yIGRlIEFwbGljYWNpb25lcyBNw7N2aWxlcyIsImNvbXBhbnlfbmFtZSI6Ik1hcmxleCIsImFkZHJlc3NfY2l0eSI6Ik1hZHJpZCwgU3BhaW4iLCJodGlkb2NpZCI6Ii00cnZ2Uk40dE5taDBiaFpBQUFBQUE9PSIsInV1bGUiOiJ3K0NBSVFJQ0lGVTNCaGFXNCJ9,Mobile
eyJqb2JfdGl0bGUiOiJEZXNhcnJvbGxhZG9yIGRlIEFwbGljYWNpb25lcyBNw7N2aWxlcyIsImNvbXBhbnlfbmFtZSI6Ik1hcmxleCIsImFkZHJlc3NfY2l0eSI6Ik1hZHJpZCwgU3BhaW4iLCJodGlkb2NpZCI6Ii00cnZ2Uk40dE5taDBiaFpBQUFBQUE9PSIsInV1bGUiOiJ3K0NBSVFJQ0lGVTNCaGFXNCJ9,Integración
eyJqb2JfdGl0bGUiOiJEZXNhcnJvbGxhZG9yIGRlIEFwbGljYWNpb25lcyBNw7N2aWxlcyIsImNvbXBhbnlfbmFtZSI6Ik1hcmxleCIsImFkZHJlc3NfY2l0eSI6Ik1hZHJpZCwgU3BhaW4iLCJodGlkb2NpZCI6Ii00cnZ2Uk40dE5taDBiaFpBQUFBQUE9PSIsInV1bGUiOiJ3K0NBSVFJQ0lGVTNCaGFXNCJ9,Backend
eyJqb2JfdGl0bGUiOiJEZXNhcnJvbGxhZG9yL2EgZGUgYXBsaWNhY2lvbmVzIG3Ds3ZpbGVzIiwiY29tcGFueV9uYW1lIjoiU0FMVE8gU3lzdGVtcyIsImFkZHJlc3NfY2l0eSI6IkVsaXphbGRlLCBTcGFpbiIsImh0aWRvY2lkIjoiMkZzRjJRZC1FN2FDYXAwVkFBQUFBQT09IiwidXVsZSI6IncrQ0FJUUlDSUZVM0JoYVc0In0=,Seguridad
eyJqb2JfdGl0bGUiOiJEZXNhcnJvbGxhZG9yIEFwbGljYWNpb25lcyBNw7N2aWxlcyAoUmVhY3QgTmF0aXZlKSIsImNvbXBhbnlfbmFtZSI6IlVuc3BlY2lmaWVkIiwiYWRkcmVzc19jaXR5IjoiTWFkcmlkLCBTcGFpbiIsImh0aWRvY2lkIjoiald2VHBsSUUtOVVTM1piSUFBQUFBQT09IiwidXVsZSI6IncrQ0FJUUlDSUZVM0JoYVc0In0=,Integración
eyJqb2JfdGl0bGUiOiJQcm9ncmFtYWRvciBiYXNlcyBkZSBkYXRvcyIsImNvbXBhbnlfbmFtZSI6IkdydXBvIERpZ2l0YWwiLCJhZGRyZXNzX2NpdHkiOiJNYWRyaWQsIFNwYWluIiwiaHRpZG9jaWQiOiJSbkZIWFNfSVA1Vk0yaHlCQUFBQUFBPT0iLCJ1dWxlIjoidytDQUlRSUNJRlUzQmhhVzQifQ==,Base de datos
eyJqb2JfdGl0bGUiOiJQcm9ncmFtYWRvciAuTmV0IENvcmUvIE9yYWNsZS9zcWwgc2VydmVyIiwiY29tcGFueV9uYW1lIjoiR1JVUE8gTlMiLCJhZGRyZXNzX2NpdHkiOiJNYWRyaWQsIFNwYWluIiwiaHRpZG9jaWQiOiJoQWd3Z1VBNVhpNG5Yc25iQUFBQUFBPT0iLCJ1dWxlIjoidytDQUlRSUNJRlUzQmhhVzQifQ==,Base de datos
eyJqb2JfdGl0bGUiOiJQcm9ncmFtYWRvciAuTmV0IENvcmUvIE9yYWNsZS9zcWwgc2VydmVyIiwiY29tcGFueV9uYW1lIjoiR1JVUE8gTlMiLCJhZGRyZXNzX2NpdHkiOiJNYWRyaWQsIFNwYWluIiwiaHRpZG9jaWQiOiJoQWd3Z1VBNVhpNG5Yc25iQUFBQUFBPT0iLCJ1dWxlIjoidytDQUlRSUNJRlUzQmhhVzQifQ==,Integración
eyJqb2JfdGl0bGUiOiJQcm9ncmFtYWRvciBTUUwgKEgvTSkiLCJjb21wYW55X25hbWUiOiJHcnVwbyBDcml0IiwiYWRkcmVzc19jaXR5IjoiTGlicmlsbGEsIFNwYWluIiwiaHRpZG9jaWQiOiJPWTF1bXhGQkl0NUhRanhFQUFBQUFBPT0iLCJ1dWxlIjoidytDQUlRSUNJRlUzQmhhVzQifQ==,Base de datos
eyJqb2JfdGl0bGUiOiJkaXNlw7FhZG9yZSAvIHByb2dyYW1hZG9yIGNvbiBjb25vY2ltaWVudG9zIGVuIEphdmEsIGJhc2UgZGUgZGF0b3MsIFBIUCB5IEdlbmV4dXMiLCJjb21wYW55X25hbWUiOiJHcnVwbyBEYXJhIElubm92YWNpw7NuIFRlY25vbMOzZ2ljYSIsImFkZHJlc3NfY2l0eSI6Ik1hZHJpZCwgU3BhaW4iLCJodGlkb2NpZCI6IjhZTmRsaEdlUzlkbEh1TmVBQUFBQUE9PSIsInV1bGUiOiJ3K0NBSVFJQ0lGVTNCaGFXNCJ9,Base de datos
eyJqb2JfdGl0bGUiOiJJbmdlbmllcm8vYSBkZSBTaXN0ZW1hcyBKdW5pb3IiLCJjb21wYW55X25hbWUiOiJLLUxhZ2FuIiwiYWRkcmVzc19jaXR5IjoiU3BhaW4iLCJodGlkb2NpZCI6ImtFRWg1V1RXM2VIUllrMmJBQUFBQUE9PSIsInV1bGUiOiJ3K0NBSVFJQ0lGVTNCaGFXNCJ9,Seguridad
eyJqb2JfdGl0bGUiOiJJbmdlbmllcm8vYSBkZSBTaXN0ZW1hcyBKdW5pb3IiLCJjb21wYW55X25hbWUiOiJLLUxhZ2FuIiwiYWRkcmVzc19jaXR5IjoiU3BhaW4iLCJodGlkb2NpZCI6ImtFRWg1V1RXM2VIUllrMmJBQUFBQUE9PSIsInV1bGUiOiJ3K0NBSVFJQ0lGVTNCaGFXNCJ9,Integración
eyJqb2JfdGl0bGUiOiJJbmdlbmllcm8gSW5mb3Jtw6F0aWNvIC0gRnVsbCBTdGFjayBEZXZlbG9wZXIiLCJjb21wYW55X25hbWUiOiJTZW5zaW5nIFRleCIsImFkZHJlc3NfY2l0eSI6IlNhbnQgQ3VnYXQgZGVsIFZhbGzDqHMsIFNwYWluIiwiaHRpZG9jaWQiOiJJS0xIRGgtSHpDNFFsOFgtQUFBQUFBPT0iLCJ1dWxlIjoidytDQUlRSUNJRlUzQmhhVzQifQ==,Backend
eyJqb2JfdGl0bGUiOiJJbmdlbmllcm8vYSBJbmZvcm3DoXRpY28iLCJjb21wYW55X25hbWUiOiJSdXNzdWxhIiwiYWRkcmVzc19jaXR5IjoiQSBDb3J1w7FhLCBTcGFpbiIsImh0aWRvY2lkIjoib3Z2aTRMU0wtTEo5OTRJbEFBQUFBQT09IiwidXVsZSI6IncrQ0FJUUlDSUZVM0JoYVc0In0=,Seguridad
eyJqb2JfdGl0bGUiOiJJbmdlbmllcm8vYSBJbmZvcm3DoXRpY28iLCJjb21wYW55X25hbWUiOiJSdXNzdWxhIiwiYWRkcmVzc19jaXR5IjoiQSBDb3J1w7FhLCBTcGFpbiIsImh0aWRvY2lkIjoib3Z2aTRMU0wtTEo5OTRJbEFBQUFBQT09IiwidXVsZSI6IncrQ0FJUUlDSUZVM0JoYVc0In0=,Integración
eyJqb2JfdGl0bGUiOiJJbmdlbmllcm8gU2lzdGVtYXMgVU1MIC8gRG9vcnMgLyBJbmdsw6lzLCBwcmVzZW5jaWFsIiwiY29tcGFueV9uYW1lIjoiUEFORUwgU2lzdGVtYXMgSW5mb3Jtw6F0aWNvcyIsImFkZHJlc3NfY2l0eSI6Ik3DoWxhZ2EsIFNwYWluIiwiaHRpZG9jaWQiOiJpV0hjdjg4NlpjRTNxM2J6QUFBQUFBPT0iLCJ1dWxlIjoidytDQUlRSUNJRlUzQmhhVzQifQ==,Integración
eyJqb2JfdGl0bGUiOiJJbmdlbmllcm8vYSBkZSBTaXN0ZW1hcyBkZSBTQVRDT00sIGhpYnJpZG8iLCJjb21wYW55X25hbWUiOiJHTVYiLCJhZGRyZXNzX2NpdHkiOiJTZXZpbGxlLCBTcGFpbiIsImh0aWRvY2lkIjoiRzVLMG5VTWtmOURYQW9GOEFBQUFBQT09IiwidXVsZSI6IncrQ0FJUUlDSUZVM0JoYVc0In0=,Integración
eyJqb2JfdGl0bGUiOiJFUyAtIDI0Xzk4MDFBIElOR0VOSUVSTy9BIENBRSBzaXN0ZW1hcyBkZSBzZWd1cmlkYWQgdmVow61jdWxvIiwiY29tcGFueV9uYW1lIjoiQmVydHJhbmR0IEFHIiwiYWRkcmVzc19jaXR5IjoiTWFkcmlkLCBTcGFpbiIsImh0aWRvY2lkIjoiTUJsdTk5cERkRVB4dzBaVUFBQUFBQT09IiwidXVsZSI6IncrQ0FJUUlDSUZVM0JoYVc0In0=,Seguridad
eyJqb2JfdGl0bGUiOiJUw4lDTklDTy9BIERFIElORk9STcOBVElDQSIsImNvbXBhbnlfbmFtZSI6IkVtcHJlc2FzIElNQU4iLCJhZGRyZXNzX2NpdHkiOiJFbCBQcmF0IGRlIExsb2JyZWdhdCwgU3BhaW4iLCJodGlkb2NpZCI6InlyUHhkSDdvS1lkdGxUTmtBQUFBQUE9PSIsInV1bGUiOiJ3K0NBSVFJQ0lGVTNCaGFXNCJ9,Seguridad
eyJqb2JfdGl0bGUiOiJJbmdlbmllcm8vYSBJbmZvcm3DoXRpY28vYSAtIENpYmVyc2VndXJpZGFkKE1hZHJpZCkiLCJjb21wYW55X25hbWUiOiJCYXJjZSIsImFkZHJlc3NfY2l0eSI6IlNwYWluIiwiaHRpZG9jaWQiOiJITngwcUh2b3hleW53Nkl2QUFBQUFBPT0iLCJ1dWxlIjoidytDQUlRSUNJRlUzQmhhVzQifQ==,Seguridad
eyJqb2JfdGl0bGUiOiJQcm9ncmFtYWRvci9hIEluZm9ybcOhdGljby9hIiwiY29tcGFueV9uYW1lIjoiQ3JpdGVyaWEgUmVjdXJzb3MgSHVtYW5vcyIsImFkZHJlc3NfY2l0eSI6IkJlcmdhLCBTcGFpbiIsImh0aWRvY2lkIjoialpBRDFNTTRqWU9HYVhyUUFBQUFBQT09IiwidXVsZSI6IncrQ0FJUUlDSUZVM0JoYVc0In0=,Seguridad
eyJqb2JfdGl0bGUiOiJJbmdlbmllcm8vYSBkZSBTaXN0ZW1hcyBjb24gZXNwZWNpYWxpemFjacOzbiBlbiBDaWJlcnNlZ3VyaWRhZCIsImNvbXBhbnlfbmFtZSI6IkV1cm9jb250cm9sIiwiYWRkcmVzc19jaXR5IjoiTWFkcmlkLCBTcGFpbiIsImh0aWRvY2lkIjoiZGVYeFNEWWtiNFdYa0l4RkFBQUFBQT09IiwidXVsZSI6IncrQ0FJUUlDSUZVM0JoYVc0In0=,Seguridad
eyJqb2JfdGl0bGUiOiJMw61kZXIgVMOpY25pY28geSBkZSBEZXNhcnJvbGxvIiwiY29tcGFueV9uYW1lIjoiUGFuZWwgU2lzdGVtYXMgSW5mb3JtYXRpY29zIiwiYWRkcmVzc19jaXR5IjoiU3BhaW4iLCJodGlkb2NpZCI6IlBrcTFmYllpVXdfZWZMWW9BQUFBQUE9PSIsInV1bGUiOiJ3K0NBSVFJQ0lGVTNCaGFXNCJ9,Seguridad
eyJqb2JfdGl0bGUiOiJJbmdlbmllcm8gZGUgU2lzdGVtYXMiLCJjb21wYW55X25hbWUiOiJTcGFuaXNjaGUgRmFjaGtyw6RmdGUgLSBUVEEgUGVyc29uYWwgR21iSCIsImFkZHJlc3NfY2l0eSI6IlNwYWluIiwiaHRpZG9jaWQiOiJ2MlpNZUJwZGlUelhxc0dyQUFBQUFBPT0iLCJ1dWxlIjoidytDQUlRSUNJRlUzQmhhVzQifQ==,Seguridad
eyJqb2JfdGl0bGUiOiJJbmdlbmllcm8gZGUgU2lzdGVtYXMiLCJjb21wYW55X25hbWUiOiJTcGFuaXNjaGUgRmFjaGtyw6RmdGUgLSBUVEEgUGVyc29uYWwgR21iSCIsImFkZHJlc3NfY2l0eSI6IlNwYWluIiwiaHRpZG9jaWQiOiJ2MlpNZUJwZGlUelhxc0dyQUFBQUFBPT0iLCJ1dWxlIjoidytDQUlRSUNJRlUzQmhhVzQifQ==,Base de datos
eyJqb2JfdGl0bGUiOiJPcGVyYWRvciBkZSBzaXN0ZW1hcyBKdW5pb3IuIFTDqWNuaWNvIFJBQ0YiLCJjb21wYW55X25hbWUiOiJNaWNoYWVsIFBhZ2UiLCJhZGRyZXNzX2NpdHkiOiJCYXJjZWxvbmEsIFNwYWluIiwiaHRpZG9jaWQiOiJVOV9aWGJSYmY4U0l0a2c2QUFBQUFBPT0iLCJ1dWxlIjoidytDQUlRSUNJRlUzQmhhVzQifQ==,Seguridad
eyJqb2JfdGl0bGUiOiJJbmdlbmllcm8vYSBkZSBTaXN0ZW1hcyBFbWJhcmNhZG9zLCBNYWRyaWQiLCJjb21wYW55X25hbWUiOiJHTVYiLCJhZGRyZXNzX2NpdHkiOiJNYWRyaWQsIFNwYWluIiwiaHRpZG9jaWQiOiI1ZE1DVXZrZnhQcFBibVlmQUFBQUFBPT0iLCJ1dWxlIjoidytDQUlRSUNJRlUzQmhhVzQifQ==,Integración
eyJqb2JfdGl0bGUiOiJJdCBTdXBwb3J0IEVuZ2luZWVyIiwiY29tcGFueV9uYW1lIjoiQW1hem9uIiwiYWRkcmVzc19jaXR5IjoiTXVyY2lhLCBTcGFpbiIsImh0aWRvY2lkIjoiUTBTczRGUXBWdi1uZ3FrZEFBQUFBQT09IiwidXVsZSI6IncrQ0FJUUlDSUZVM0JoYVc0In0=,Seguridad
eyJqb2JfdGl0bGUiOiJleHBlcnRvIGF1dG9tYXRpemFjacOzbiBCTUMiLCJjb21wYW55X25hbWUiOiJEYXRhIEFkdmlzZXIiLCJhZGRyZXNzX2NpdHkiOiJNYWRyaWQsIFNwYWluIiwiaHRpZG9jaWQiOiJScDhOM213b0NVLV94TlFTQUFBQUFBPT0iLCJ1dWxlIjoidytDQUlRSUNJRlUzQmhhVzQifQ==,Seguridad
eyJqb2JfdGl0bGUiOiJFc3BlY2lhbGlzdGEgZW4gUHJveWVjdG9zIGRlIEF1dG9tYXRpemFjacOzbiBTZW5pb3IiLCJjb21wYW55X25hbWUiOiJHUlVQTyBTQVJSQUxMRSIsImFkZHJlc3NfY2l0eSI6IkF6cGVpdGlhLCBTcGFpbiIsImh0aWRvY2lkIjoiYURPME5rNER2MXEwVGNqQkFBQUFBQT09IiwidXVsZSI6IncrQ0FJUUlDSUZVM0JoYVc0In0=,Integración
eyJqb2JfdGl0bGUiOiJleHBlcnRvIGVuIGF1dG9tYXRpemFjacOzbiBkZSBwcm9jZXNvcyBjb250YWJsZXMvZmluYW5jaWVyb3MiLCJjb21wYW55X25hbWUiOiJUZWxlZm9uaWNhIFMuQS4iLCJhZGRyZXNzX2NpdHkiOiJNYWRyaWQsIFNwYWluIiwiaHRpZG9jaWQiOiJEUEpEWE9uN0draXRHVG5XQUFBQUFBPT0iLCJ1dWxlIjoidytDQUlRSUNJRlUzQmhhVzQifQ==,Seguridad
eyJqb2JfdGl0bGUiOiJFeHBlcnRvIEF1dG9tYXRpemFjacOzbiBEZSBTdXNjcmlwY2lvbmVzIFkiLCJjb21wYW55X25hbWUiOiJNYXRjaHRlY2ggR3JvdXAgKFVrKSBMdGQiLCJhZGRyZXNzX2NpdHkiOiJNYWRyaWQsIFNwYWluIiwiaHRpZG9jaWQiOiJUbmgwRUlFMTJZWV83VDFnQUFBQUFBPT0iLCJ1dWxlIjoidytDQUlRSUNJRlUzQmhhVzQifQ==,Mobile
eyJqb2JfdGl0bGUiOiJUw6ljbmljby9hIGRlIHNpc3RlbWFzIElUIEp1bmlvciAoTGluYXJlcykiLCJjb21wYW55X25hbWUiOiJMb2dpUkFJTCIsImFkZHJlc3NfY2l0eSI6IkxpbmFyZXMsIFNwYWluIiwiaHRpZG9jaWQiOiJ1cks5azBRWHdJT1dzdjJWQUFBQUFBPT0iLCJ1dWxlIjoidytDQUlRSUNJRlUzQmhhVzQifQ==,Seguridad
eyJqb2JfdGl0bGUiOiJUw6ljbmljby9hIGRlIHNpc3RlbWFzIElUIEp1bmlvciAoTGluYXJlcykiLCJjb21wYW55X25hbWUiOiJMb2dpUkFJTCIsImFkZHJlc3NfY2l0eSI6IkxpbmFyZXMsIFNwYWluIiwiaHRpZG9jaWQiOiJ1cks5azBRWHdJT1dzdjJWQUFBQUFBPT0iLCJ1dWxlIjoidytDQUlRSUNJRlUzQmhhVzQifQ==,Base de datos
eyJqb2JfdGl0bGUiOiJBbmFsaXN0YSBQcm9ncmFtYWRvciIsImNvbXBhbnlfbmFtZSI6ImRvbWVzdGlrby5jb20iLCJhZGRyZXNzX2NpdHkiOiJaYXJhZ296YSwgU3BhaW4iLCJodGlkb2NpZCI6IkVDYzhncFJuMFdNUFhveVVBQUFBQUE9PSIsInV1bGUiOiJ3K0NBSVFJQ0lGVTNCaGFXNCJ9,Seguridad
eyJqb2JfdGl0bGUiOiJBbmFsaXN0YSBQcm9ncmFtYWRvci9hIiwiY29tcGFueV9uYW1lIjoiTVNYIEludGVybmF0aW9uYWwiLCJhZGRyZXNzX2NpdHkiOiJTYW50IEp1c3QgRGVzdmVybiwgU3BhaW4iLCJodGlkb2NpZCI6Im9PdFVTSUFVb2dyRC1BNHlBQUFBQUE9PSIsInV1bGUiOiJ3K0NBSVFJQ0lGVTNCaGFXNCJ9,Integración
eyJqb2JfdGl0bGUiOiJUw6ljbmljbyBkZSBzaXN0ZW1hcyBJVCBKdW5pb3IgKE3DqXJpZGEpIiwiY29tcGFueV9uYW1lIjoiTG9naVJBSUwiLCJhZGRyZXNzX2NpdHkiOiJNw6lyaWRhLCBTcGFpbiIsImh0aWRvY2lkIjoiWFF6V3l6VG42eWtiM1h2VEFBQUFBQT09IiwidXVsZSI6IncrQ0FJUUlDSUZVM0JoYVc0In0=,Seguridad
eyJqb2JfdGl0bGUiOiJCSSBBbmFseXN0IiwiY29tcGFueV9uYW1lIjoiQklQIiwiYWRkcmVzc19jaXR5IjoiTWFkcmlkLCBTcGFpbiIsImh0aWRvY2lkIjoib29EVW5HNWJUSHM0UFhJRkFBQUFBQT09IiwidXVsZSI6IncrQ0FJUUlDSUZVM0JoYVc0In0=,Seguridad
eyJqb2JfdGl0bGUiOiJUw6ljbmljbyBlbiBJbnRlbGlnZW5jaWEgQXJ0aWZpY2lhbCIsImNvbXBhbnlfbmFtZSI6IkVudGlkYWQgRmluYW5jaWVyYSIsImFkZHJlc3NfY2l0eSI6Ik3DoWxhZ2EsIFNwYWluIiwiaHRpZG9jaWQiOiItS2JDVW5RUTF5UTBVSG1TQUFBQUFBPT0iLCJ1dWxlIjoidytDQUlRSUNJRlUzQmhhVzQifQ==,Seguridad
eyJqb2JfdGl0bGUiOiJEZXNhcnJvbGxhZG9yIEJJIENvZ25vcyBTciIsImNvbXBhbnlfbmFtZSI6IkxvZ2ljYWxpcyBTcGFpbiIsImFkZHJlc3NfY2l0eSI6IlNwYWluIiwiaHRpZG9jaWQiOiJvNGE0S0VUOHhya0FUVDN6QUFBQUFBPT0iLCJ1dWxlIjoidytDQUlRSUNJRlUzQmhhVzQifQ==,Integración
eyJqb2JfdGl0bGUiOiJBc2Vzb3IvYSBUw6ljbmljbyBlbiBJbmZyYWVzdHJ1Y3R1cmEgSVQiLCJjb21wYW55X25hbWUiOiJTRUlET1IiLCJhZGRyZXNzX2NpdHkiOiJCYXJjZWxvbmEsIFNwYWluIiwiaHRpZG9jaWQiOiJodGFEdjdFOGFuU08tSk9ZQUFBQUFBPT0iLCJ1dWxlIjoidytDQUlRSUNJRlUzQmhhVzQifQ==,Seguridad
eyJqb2JfdGl0bGUiOiJUw6ljbmljby9hIGluZm9ybcOhdGljbyAoVHJhbnNmb3JtYWNpw7NuIERpZ2l0YWwpIiwiY29tcGFueV9uYW1lIjoiQU5DTyIsImFkZHJlc3NfY2l0eSI6IkJhcmNlbG9uYSwgU3BhaW4iLCJodGlkb2NpZCI6Il9YaXJXbEFoYzlfM0laOFVBQUFBQUE9PSIsInV1bGUiOiJ3K0NBSVFJQ0lGVTNCaGFXNCJ9,Seguridad
eyJqb2JfdGl0bGUiOiJUVGVjaF9Jbmdlbmllcm8vYSBtb25pdG9yaXphY2lvbiBDbG91ZCIsImNvbXBhbnlfbmFtZSI6IlRlbGVmw7NuaWNhLCBTLkEuIiwiYWRkcmVzc19jaXR5IjoiU3BhaW4iLCJodGlkb2NpZCI6ImM4T0lha1MwdG9mWjRLN0lBQUFBQUE9PSIsInV1bGUiOiJ3K0NBSVFJQ0lGVTNCaGFXNCJ9,Seguridad
eyJqb2JfdGl0bGUiOiJUVGVjaF9Jbmdlbmllcm8vYSBtb25pdG9yaXphY2lvbiBDbG91ZCIsImNvbXBhbnlfbmFtZSI6IlRlbGVmw7NuaWNhLCBTLkEuIiwiYWRkcmVzc19jaXR5IjoiU3BhaW4iLCJodGlkb2NpZCI6ImM4T0lha1MwdG9mWjRLN0lBQUFBQUE9PSIsInV1bGUiOiJ3K0NBSVFJQ0lGVTNCaGFXNCJ9,Integración
eyJqb2JfdGl0bGUiOiJBcnF1aXRlY3RvIEF6dXJlIENsb3VkIiwiY29tcGFueV9uYW1lIjoiVGQgU3lubmV4IiwiYWRkcmVzc19jaXR5IjoiTWFkcmlkLCBTcGFpbiIsImh0aWRvY2lkIjoiYXd3NVl5cnBGaW5nYmJ6Q0FBQUFBQT09IiwidXVsZSI6IncrQ0FJUUlDSUZVM0JoYVc0In0=,Seguridad
eyJqb2JfdGl0bGUiOiJHb29nbGUgQ2xvdWQgQXJjaGl0ZWN0IiwiY29tcGFueV9uYW1lIjoiVEQgU1lOTkVYIiwiYWRkcmVzc19jaXR5IjoiTWFkcmlkLCBTcGFpbiIsImh0aWRvY2lkIjoiaEZaVlRXUFNGaDhLem8wQUFBQUFBQT09IiwidXVsZSI6IncrQ0FJUUlDSUZVM0JoYVc0In0=,Seguridad
eyJqb2JfdGl0bGUiOiJFeHBlcnRvL2EgZW4gQ2liZXJzZWd1cmlkYWQgQ2xvdWQiLCJjb21wYW55X25hbWUiOiJDYXJyZWZvdXIgRXNwYcOxYSIsImFkZHJlc3NfY2l0eSI6IlNwYWluIiwiaHRpZG9jaWQiOiJial85VW9GTDBIV3NObXZqQUFBQUFBPT0iLCJ1dWxlIjoidytDQUlRSUNJRlUzQmhhVzQifQ==,Seguridad
eyJqb2JfdGl0bGUiOiJFeHBlcnRvL2EgZW4gQ2liZXJzZWd1cmlkYWQgQ2xvdWQiLCJjb21wYW55X25hbWUiOiJDYXJyZWZvdXIgRXNwYcOxYSIsImFkZHJlc3NfY2l0eSI6IlNwYWluIiwiaHRpZG9jaWQiOiJial85VW9GTDBIV3NObXZqQUFBQUFBPT0iLCJ1dWxlIjoidytDQUlRSUNJRlUzQmhhVzQifQ==,Integración
eyJqb2JfdGl0bGUiOiJUw6ljbmljby9hIFByZXZlbnRhIElUIiwiY29tcGFueV9uYW1lIjoiU0VJRE9SIiwiYWRkcmVzc19jaXR5IjoiQmFyY2Vsb25hLCBTcGFpbiIsImh0aWRvY2lkIjoiY2J0TU1ZOTlRelB4ODdqakFBQUFBQT09IiwidXVsZSI6IncrQ0FJUUlDSUZVM0JoYVc0In0=,Seguridad
eyJqb2JfdGl0bGUiOiJSZXNwb25zYWJsZSBkZSBzaXN0ZW1hcyIsImNvbXBhbnlfbmFtZSI6IkxISCIsImFkZHJlc3NfY2l0eSI6IlRhcnJhZ29uYSwgU3BhaW4iLCJodGlkb2NpZCI6Im1DbjMxQnljVGZRbHVQemdBQUFBQUE9PSIsInV1bGUiOiJ3K0NBSVFJQ0lGVTNCaGFXNCJ9,Seguridad
eyJqb2JfdGl0bGUiOiJJbmdlbmllcm8gSnIgR2VzdGnDs24gZGUgUHJveWVjdG9zIiwiY29tcGFueV9uYW1lIjoiQWxzYSIsImFkZHJlc3NfY2l0eSI6Ik1hZHJpZCwgU3BhaW4iLCJodGlkb2NpZCI6IkpZaWs0SXlucTdUUWMyRFFBQUFBQUE9PSIsInV1bGUiOiJ3K0NBSVFJQ0lGVTNCaGFXNCJ9,Seguridad
eyJqb2JfdGl0bGUiOiJHZXN0b3IvYSBkZSBQcm95ZWN0b3MgRGVzYXJyb2xsbyBTb2Z0d2FyZSBDbG91ZCB5IGFwbGljYWNpb25lcyBXRUIiLCJjb21wYW55X25hbWUiOiJPcm9uYSIsImFkZHJlc3NfY2l0eSI6Ikhlcm5hbmksIFNwYWluIiwiaHRpZG9jaWQiOiJJaWdqZVdEQmpPSXkwck81QUFBQUFBPT0iLCJ1dWxlIjoidytDQUlRSUNJRlUzQmhhVzQifQ==,Integración
eyJqb2JfdGl0bGUiOiJJbmdlbmllcm8vYSBkZSBHZXN0acOzbiBkZSBQcm95ZWN0b3MgLSBKdW5pb3IgKFNlY3RvciBOYXZhbCkiLCJjb21wYW55X25hbWUiOiJDZW50dW0iLCJhZGRyZXNzX2NpdHkiOiJDw6FkaXosIFNwYWluIiwiaHRpZG9jaWQiOiJNdENXdzhibFFidnU3WFlIQUFBQUFBPT0iLCJ1dWxlIjoidytDQUlRSUNJRlUzQmhhVzQifQ==,Seguridad
eyJqb2JfdGl0bGUiOiJEZXNhcnJvbGxhZG9yL2EgZGUgU29mdHdhcmUgLk5FVCBTZW5pb3IiLCJjb21wYW55X25hbWUiOiJHTVYiLCJhZGRyZXNzX2NpdHkiOiJWYWxsYWRvbGlkLCBTcGFpbiIsImh0aWRvY2lkIjoibERpYTlKSzhmUWx2TmhnNEFBQUFBQT09IiwidXVsZSI6IncrQ0FJUUlDSUZVM0JoYVc0In0=,Integración
eyJqb2JfdGl0bGUiOiJUZWNuaWNvIGRlIE1hbnRlbmltaWVudG8iLCJjb21wYW55X25hbWUiOiJFcXVpbml4IiwiYWRkcmVzc19jaXR5IjoiTWFkcmlkLCBTcGFpbiIsImh0aWRvY2lkIjoiVWIxVW9IMGdGSnVidkFFbkFBQUFBQT09IiwidXVsZSI6IncrQ0FJUUlDSUZVM0JoYVc0In0=,Seguridad
eyJqb2JfdGl0bGUiOiJUw6ljbmljby9hIGRlIE1hbnRlbmltaWVudG8gU2lzdGVtYXMgZGUgU2VndXJpZGFkIC0gSW5zdGFsYWNpw7NuIHkgTWFudGVuaW1pZW50byBkZSBQdWVydGFzIEF1dG9tw6F0aWNhcyIsImNvbXBhbnlfbmFtZSI6IklTUFJPWCIsImFkZHJlc3NfY2l0eSI6IkFsY29iZW5kYXMsIFNwYWluIiwiaHRpZG9jaWQiOiJEck9HUFpUYk0xeWl1d0tjQUFBQUFBPT0iLCJ1dWxlIjoidytDQUlRSUNJRlUzQmhhVzQifQ==,Seguridad
eyJqb2JfdGl0bGUiOiJUw6ljbmljby9hIGRlIE1hbnRlbmltaWVudG8gU2lzdGVtYXMgZGUgU2VndXJpZGFkIC0gSW5zdGFsYWNpw7NuIHkgTWFudGVuaW1pZW50byBkZSBQdWVydGFzIEF1dG9tw6F0aWNhcyIsImNvbXBhbnlfbmFtZSI6IklTUFJPWCIsImFkZHJlc3NfY2l0eSI6IkFsY29iZW5kYXMsIFNwYWluIiwiaHRpZG9jaWQiOiJEck9HUFpUYk0xeWl1d0tjQUFBQUFBPT0iLCJ1dWxlIjoidytDQUlRSUNJRlUzQmhhVzQifQ==,Integración
eyJqb2JfdGl0bGUiOiJUw6ljbmljbyBkZSBNYW50ZW5pbWllbnRvIChtZWPDoW5pY28pIiwiY29tcGFueV9uYW1lIjoiQWxzdG9tIiwiYWRkcmVzc19jaXR5IjoiU2FudGEgUGVycMOodHVhIGRlIE1vZ29kYSwgU3BhaW4iLCJodGlkb2NpZCI6ImkwcG5Ka24xUm82c0M1T25BQUFBQUE9PSIsInV1bGUiOiJ3K0NBSVFJQ0lGVTNCaGFXNCJ9,Seguridad
eyJqb2JfdGl0bGUiOiJEYXRhIENlbnRlciBUZWNobmljaWFuIiwiY29tcGFueV9uYW1lIjoiSGF5cyIsImFkZHJlc3NfY2l0eSI6Ik1hZHJpZCwgU3BhaW4iLCJodGlkb2NpZCI6ImY5cFNvZ0xzejZ6SGprU0xBQUFBQUE9PSIsInV1bGUiOiJ3K0NBSVFJQ0lGVTNCaGFXNCJ9,Seguridad
eyJqb2JfdGl0bGUiOiJEYXRhIENlbnRlciBUZWNobmljaWFuIiwiY29tcGFueV9uYW1lIjoiSGF5cyIsImFkZHJlc3NfY2l0eSI6Ik1hZHJpZCwgU3BhaW4iLCJodGlkb2NpZCI6ImY5cFNvZ0xzejZ6SGprU0xBQUFBQUE9PSIsInV1bGUiOiJ3K0NBSVFJQ0lGVTNCaGFXNCJ9,Integración
eyJqb2JfdGl0bGUiOiJUw6ljbmljbyBkZSBNYW50ZW5pbWllbnRvIiwiY29tcGFueV9uYW1lIjoiTWFycmlvdHQgSW50ZXJuYXRpb25hbCIsImFkZHJlc3NfY2l0eSI6IlNldmlsbGUsIFNwYWluIiwiaHRpZG9jaWQiOiIzc0ExajZjcGEydzhlU0pLQUFBQUFBPT0iLCJ1dWxlIjoidytDQUlRSUNJRlUzQmhhVzQifQ==,Seguridad
eyJqb2JfdGl0bGUiOiJUw6ljbmljby9hIGRlIEVsZWN0csOzbmljYSB5IE1hbnRlbmltaWVudG8gZGUgU2lzdGVtYXMgZGUgU2VndXJpZGFkLiBBZXJvcHVlcnRvIFBhbG1hIGRlIE1hbGxvcmNhIChtL2YvZCkiLCJjb21wYW55X25hbWUiOiJTaWVtZW5zIiwiYWRkcmVzc19jaXR5IjoiUGFsbWEsIFNwYWluIiwiaHRpZG9jaWQiOiJHZFl3WmVtUW0waXJTeDZiQUFBQUFBPT0iLCJ1dWxlIjoidytDQUlRSUNJRlUzQmhhVzQifQ==,Seguridad
eyJqb2JfdGl0bGUiOiJUw6ljbmljby9hIGRlIEVsZWN0csOzbmljYSB5IE1hbnRlbmltaWVudG8gZGUgU2lzdGVtYXMgZGUgU2VndXJpZGFkLiBBZXJvcHVlcnRvIFBhbG1hIGRlIE1hbGxvcmNhIChtL2YvZCkiLCJjb21wYW55X25hbWUiOiJTaWVtZW5zIiwiYWRkcmVzc19jaXR5IjoiUGFsbWEsIFNwYWluIiwiaHRpZG9jaWQiOiJHZFl3WmVtUW0waXJTeDZiQUFBQUFBPT0iLCJ1dWxlIjoidytDQUlRSUNJRlUzQmhhVzQifQ==,Integración
eyJqb2JfdGl0bGUiOiJUw6ljbmljby9hIGRlIE1hbnRlbmltaWVudG8gSW5kdXN0cmlhbCIsImNvbXBhbnlfbmFtZSI6Ik5BIiwiYWRkcmVzc19jaXR5IjoiU3BhaW4iLCJodGlkb2NpZCI6Ink1ZVVEZ0p2aDFLdUJfeTBBQUFBQUE9PSIsInV1bGUiOiJ3K0NBSVFJQ0lGVTNCaGFXNCJ9,Seguridad
eyJqb2JfdGl0bGUiOiJUw6ljbmljby9hIGRlIE1hbnRlbmltaWVudG8uIFBhbG1hIGRlIE1hbGxvcmNhIChNL0YvRCkiLCJjb21wYW55X25hbWUiOiJUSyBFTEVWQURPUkVTIEVTUEHDkUEsIFNMVSIsImFkZHJlc3NfY2l0eSI6IlBhbG1hLCBTcGFpbiIsImh0aWRvY2lkIjoiMEVsVTZwTWM5a3ZuYUtQakFBQUFBQT09IiwidXVsZSI6IncrQ0FJUUlDSUZVM0JoYVc0In0=,Seguridad
eyJqb2JfdGl0bGUiOiJUw6ljbmljby9hIFN1cGVyaW9yIGVuIE1hbnRlbmltaWVudG8gRWxlY3Ryw7NuaWNvIiwiY29tcGFueV9uYW1lIjoiVGhhbGVzIiwiYWRkcmVzc19jaXR5IjoiTWFkcmlkLCBTcGFpbiIsImh0aWRvY2lkIjoiMmM1UXIyMjNxa0JIQVRNX0FBQUFBQT09IiwidXVsZSI6IncrQ0FJUUlDSUZVM0JoYVc0In0=,Seguridad
eyJqb2JfdGl0bGUiOiJUw6ljbmljby9hIFN1cGVyaW9yIGVuIE1hbnRlbmltaWVudG8gRWxlY3Ryw7NuaWNvIiwiY29tcGFueV9uYW1lIjoiVGhhbGVzIiwiYWRkcmVzc19jaXR5IjoiTWFkcmlkLCBTcGFpbiIsImh0aWRvY2lkIjoiMmM1UXIyMjNxa0JIQVRNX0FBQUFBQT09IiwidXVsZSI6IncrQ0FJUUlDSUZVM0JoYVc0In0=,Mobile
eyJqb2JfdGl0bGUiOiJUw6ljbmljby9hIGRlIE1hbnRlbmltaWVudG8iLCJjb21wYW55X25hbWUiOiJTeWNvIEludGVncmFjacOzbiBEZSBTaXN0ZW1hcyBHZXN0acOzbiBEZSBFbmVyZ8OtYSBTZWd1cmlkYWQgUyBSIEwiLCJhZGRyZXNzX2NpdHkiOiJHcmFuYWRhLCBTcGFpbiIsImh0aWRvY2lkIjoicWcxR0NwN3hvd01OZE03VkFBQUFBQT09IiwidXVsZSI6IncrQ0FJUUlDSUZVM0JoYVc0In0=,Seguridad
eyJqb2JfdGl0bGUiOiJUw6ljbmljby9hIGRlIEluc3RhbGFjacOzbiB5IE1hbnRlbmltaWVudG8gZGUgU2lzdGVtYXMgZGUgU2VndXJpZGFkIiwiY29tcGFueV9uYW1lIjoiSGF5cyIsImFkZHJlc3NfY2l0eSI6Ik11cmNpYSwgU3BhaW4iLCJodGlkb2NpZCI6IlV6b0FSdmQ5cml1VHpPOENBQUFBQUE9PSIsInV1bGUiOiJ3K0NBSVFJQ0lGVTNCaGFXNCJ9,Seguridad
eyJqb2JfdGl0bGUiOiJNYWludGVuYW5jZSBUZWNobmljaWFuIC8gVMOpY25pY28gZGUgTWFudGVuaW1pZW50byIsImNvbXBhbnlfbmFtZSI6Ik1hbmRhcmluIE9yaWVudGFsIENhcmVlcnMiLCJhZGRyZXNzX2NpdHkiOiJCYXJjZWxvbmEsIFNwYWluIiwiaHRpZG9jaWQiOiJNeVpOMVlYZll3MHRaamVNQUFBQUFBPT0iLCJ1dWxlIjoidytDQUlRSUNJRlUzQmhhVzQifQ==,Seguridad
eyJqb2JfdGl0bGUiOiJUw6ljbmljby9hIGRlIGJhc2VzIGRlIGRhdG9zIENsb3VkIiwiY29tcGFueV9uYW1lIjoiSm9ib3NzIiwiYWRkcmVzc19jaXR5IjoiTWFkcmlkLCBTcGFpbiIsImh0aWRvY2lkIjoic0JrV1B1SFRQY0VQd2tybUFBQUFBQT09IiwidXVsZSI6IncrQ0FJUUlDSUZVM0JoYVc0In0=,Base de datos
eyJqb2JfdGl0bGUiOiJUw6ljbmljby9hIElUIChBZG1pbmlzdHJhZG9yL2EgQmFzZXMgZGUgZGF0b3MgLSBTUUwpIiwiY29tcGFueV9uYW1lIjoiTEhIIiwiYWRkcmVzc19jaXR5IjoiQmFyY2Vsb25hLCBTcGFpbiIsImh0aWRvY2lkIjoiMFV6UkZjM3RLaEhvRElFUkFBQUFBQT09IiwidXVsZSI6IncrQ0FJUUlDSUZVM0JoYVc0In0=,Base de datos
eyJqb2JfdGl0bGUiOiJUw6ljbmljbyBkZSBCYXNlIGRlIERhdG9zIChEQkEpIHkgQ29vcmRpbmFkb3IgZGVsIEVxdWlwbyBUw6ljbmljbyIsImNvbXBhbnlfbmFtZSI6IiNBdHRpdHR1ZFRhbGVudCBBdHJhZXIgeSBEZXNhcnJvbGxhciBlbCBUYWxlbnRvIiwiYWRkcmVzc19jaXR5IjoiQmFyY2Vsb25hLCBTcGFpbiIsImh0aWRvY2lkIjoiRkNHX3NabFdSMFgyX0VSS0FBQUFBQT09IiwidXVsZSI6IncrQ0FJUUlDSUZVM0JoYVc0In0=,Seguridad
eyJqb2JfdGl0bGUiOiJUw6ljbmljbyBkZSBCYXNlIGRlIERhdG9zIChEQkEpIHkgQ29vcmRpbmFkb3IgZGVsIEVxdWlwbyBUw6ljbmljbyIsImNvbXBhbnlfbmFtZSI6IiNBdHRpdHR1ZFRhbGVudCBBdHJhZXIgeSBEZXNhcnJvbGxhciBlbCBUYWxlbnRvIiwiYWRkcmVzc19jaXR5IjoiQmFyY2Vsb25hLCBTcGFpbiIsImh0aWRvY2lkIjoiRkNHX3NabFdSMFgyX0VSS0FBQUFBQT09IiwidXVsZSI6IncrQ0FJUUlDSUZVM0JoYVc0In0=,Base de datos
eyJqb2JfdGl0bGUiOiJUw6ljbmljbyBCRCBzaXN0ZW1hcyIsImNvbXBhbnlfbmFtZSI6Ik1pY2hhZWwgUGFnZSIsImFkZHJlc3NfY2l0eSI6Ik1hZHJpZCwgU3BhaW4iLCJodGlkb2NpZCI6Ik5JOG92d1NTbVdrSzRVcThBQUFBQUE9PSIsInV1bGUiOiJ3K0NBSVFJQ0lGVTNCaGFXNCJ9,Seguridad
eyJqb2JfdGl0bGUiOiJUw6ljbmljbyBCRCBzaXN0ZW1hcyIsImNvbXBhbnlfbmFtZSI6Ik1pY2hhZWwgUGFnZSIsImFkZHJlc3NfY2l0eSI6Ik1hZHJpZCwgU3BhaW4iLCJodGlkb2NpZCI6Ik5JOG92d1NTbVdrSzRVcThBQUFBQUE9PSIsInV1bGUiOiJ3K0NBSVFJQ0lGVTNCaGFXNCJ9,Base de datos
eyJqb2JfdGl0bGUiOiJUw6ljbmljbyBBZG1pbmlzdHJhZG9yIERCQSBPcmFjbGUiLCJjb21wYW55X25hbWUiOiJHcnVwbyBBcmVsYW5jZSIsImFkZHJlc3NfY2l0eSI6IlNwYWluIiwiaHRpZG9jaWQiOiJIYTlpOWE2Rjh1My03VzJtQUFBQUFBPT0iLCJ1dWxlIjoidytDQUlRSUNJRlUzQmhhVzQifQ==,Integración
eyJqb2JfdGl0bGUiOiJCaWcgRGF0YSBEZXZlbG9wZXIiLCJjb21wYW55X25hbWUiOiJWZXJtb250IFNvbHV0aW9ucyIsImFkZHJlc3NfY2l0eSI6IlNwYWluIiwiaHRpZG9jaWQiOiJvbzVCYnlwUUMxY21CWlRLQUFBQUFBPT0iLCJ1dWxlIjoidytDQUlRSUNJRlUzQmhhVzQifQ==,Seguridad
eyJqb2JfdGl0bGUiOiJCaWcgRGF0YSBEZXZlbG9wZXIiLCJjb21wYW55X25hbWUiOiJWZXJtb250IFNvbHV0aW9ucyIsImFkZHJlc3NfY2l0eSI6IlNwYWluIiwiaHRpZG9jaWQiOiJvbzVCYnlwUUMxY21CWlRLQUFBQUFBPT0iLCJ1dWxlIjoidytDQUlRSUNJRlUzQmhhVzQifQ==,Integración
eyJqb2JfdGl0bGUiOiLhtLXhtLrhtLEgQW5hbGlzdGEgUHJvZ3JhbWFkb3IgeSBQcm9ncmFtYWRvciBEQVRBIChKYXZhLE9yYWNsZSxQeXRob24sQXBhY2hlKSIsImNvbXBhbnlfbmFtZSI6IlByb2Nlc2lhIiwiYWRkcmVzc19jaXR5IjoiTWFkcmlkLCBTcGFpbiIsImh0aWRvY2lkIjoiR202ZGxxZHhkRGxWenU5UkFBQUFBQT09IiwidXVsZSI6IncrQ0FJUUlDSUZVM0JoYVc0In0=,Seguridad
eyJqb2JfdGl0bGUiOiLhtLXhtLrhtLEgQW5hbGlzdGEgUHJvZ3JhbWFkb3IgeSBQcm9ncmFtYWRvciBEQVRBIChKYXZhLE9yYWNsZSxQeXRob24sQXBhY2hlKSIsImNvbXBhbnlfbmFtZSI6IlByb2Nlc2lhIiwiYWRkcmVzc19jaXR5IjoiTWFkcmlkLCBTcGFpbiIsImh0aWRvY2lkIjoiR202ZGxxZHhkRGxWenU5UkFBQUFBQT09IiwidXVsZSI6IncrQ0FJUUlDSUZVM0JoYVc0In0=,Integración
eyJqb2JfdGl0bGUiOiJJbmdlbmllcm8gZGUgZGF0b3MiLCJjb21wYW55X25hbWUiOiJBYmFsaWEiLCJhZGRyZXNzX2NpdHkiOiJTcGFpbiIsImh0aWRvY2lkIjoiaTVDb0NOeFltS1ZrVjV2d0FBQUFBQT09IiwidXVsZSI6IncrQ0FJUUlDSUZVM0JoYVc0In0=,Seguridad
eyJqb2JfdGl0bGUiOiJEZXNhcnJvbGxhZG9yL2EgU0FQIEJ1c2luZXNzIEludGVsaWdlbmNlIiwiY29tcGFueV9uYW1lIjoiVmFudHVyZSBFU1MiLCJhZGRyZXNzX2NpdHkiOiJTcGFpbiIsImh0aWRvY2lkIjoiNGtqUU5RZmd6NnRoVDFYbUFBQUFBQT09IiwidXVsZSI6IncrQ0FJUUlDSUZVM0JoYVc0In0=,Integración
eyJqb2JfdGl0bGUiOiJBbmFsaXN0YSBQcm9ncmFtYWRvci9hIEphdmEgKE1hZHJpZCkgLSBNYWRyaWQsIEVzcGHDsWEiLCJjb21wYW55X25hbWUiOiJHcnVwbyBEaWdpdGFsIiwiYWRkcmVzc19jaXR5IjoiTWFkcmlkLCBTcGFpbiIsImh0aWRvY2lkIjoidVRCbUdiV1l4OHdKeDBrakFBQUFBQT09IiwidXVsZSI6IncrQ0FJUUlDSUZVM0JoYVc0In0=,Analisis de Datos
eyJqb2JfdGl0bGUiOiJBbmFsaXN0YSBQcm9ncmFtYWRvci9hIEphdmEgKE1hZHJpZCkgLSBNYWRyaWQsIEVzcGHDsWEiLCJjb21wYW55X25hbWUiOiJHcnVwbyBEaWdpdGFsIiwiYWRkcmVzc19jaXR5IjoiTWFkcmlkLCBTcGFpbiIsImh0aWRvY2lkIjoidVRCbUdiV1l4OHdKeDBrakFBQUFBQT09IiwidXVsZSI6IncrQ0FJUUlDSUZVM0JoYVc0In0=,Integración
eyJqb2JfdGl0bGUiOiJJbmdlbmllcm8gZGUgZGF0b3MgZW4gc2lzdGVtYXMgYmFzYWRvcyBlbiBlbCBjb25vY2ltaWVudG8iLCJjb21wYW55X25hbWUiOiJWaWNvbXRlY2giLCJhZGRyZXNzX2NpdHkiOiJEb25vc3RpYS1TYW4gU2ViYXN0aWFuLCBTcGFpbiIsImh0aWRvY2lkIjoiWks4QlhUOWRhVmtVZ3otaUFBQUFBQT09IiwidXVsZSI6IncrQ0FJUUlDSUZVM0JoYVc0In0=,Seguridad
eyJqb2JfdGl0bGUiOiJJbmdlbmllcm8gZGUgZGF0b3MgZW4gc2lzdGVtYXMgYmFzYWRvcyBlbiBlbCBjb25vY2ltaWVudG8iLCJjb21wYW55X25hbWUiOiJWaWNvbXRlY2giLCJhZGRyZXNzX2NpdHkiOiJEb25vc3RpYS1TYW4gU2ViYXN0aWFuLCBTcGFpbiIsImh0aWRvY2lkIjoiWks4QlhUOWRhVmtVZ3otaUFBQUFBQT09IiwidXVsZSI6IncrQ0FJUUlDSUZVM0JoYVc0In0=,Integración
eyJqb2JfdGl0bGUiOiJBbmFsaXN0YSBQcm9ncmFtYWRvciBPcmFjbGUgMTAwJSByZW1vdG8iLCJjb21wYW55X25hbWUiOiJJT09OIiwiYWRkcmVzc19jaXR5IjoiU3BhaW4iLCJodGlkb2NpZCI6Im5SY2tJYzRZbEVQT3paRGhBQUFBQUE9PSIsInV1bGUiOiJ3K0NBSVFJQ0lGVTNCaGFXNCJ9,Integración
eyJqb2JfdGl0bGUiOiJQcsOhY3RpY2FzIFJlbXVuZXJhZGFzIERlc2Fycm9sbGFkb3IgZGUgU29mdHdhcmUgR0lTIChRR0lTKSIsImNvbXBhbnlfbmFtZSI6IkltcGxlbWVudGFsIFN5c3RlbXMiLCJhZGRyZXNzX2NpdHkiOiJNYWRyaWQsIFNwYWluIiwiaHRpZG9jaWQiOiJ6VlRBMTNObndmOTZUM2ZxQUFBQUFBPT0iLCJ1dWxlIjoidytDQUlRSUNJRlUzQmhhVzQifQ==,Base de datos
eyJqb2JfdGl0bGUiOiJQcsOhY3RpY2FzIFJlbXVuZXJhZGFzIERlc2Fycm9sbGFkb3IgZGUgU29mdHdhcmUgR0lTIChRR0lTKSIsImNvbXBhbnlfbmFtZSI6IkltcGxlbWVudGFsIFN5c3RlbXMiLCJhZGRyZXNzX2NpdHkiOiJNYWRyaWQsIFNwYWluIiwiaHRpZG9jaWQiOiJ6VlRBMTNObndmOTZUM2ZxQUFBQUFBPT0iLCJ1dWxlIjoidytDQUlRSUNJRlUzQmhhVzQifQ==,Backend
eyJqb2JfdGl0bGUiOiJDb21lcmNpYWwgZGUgc2lzdGVtYXMgZGUgc2VndXJpZGFkIiwiY29tcGFueV9uYW1lIjoiR2kgR3JvdXAiLCJhZGRyZXNzX2NpdHkiOiJTcGFpbiIsImh0aWRvY2lkIjoiZV93bU9EWHlXSGFCVzdxTkFBQUFBQT09IiwidXVsZSI6IncrQ0FJUUlDSUZVM0JoYVc0In0=,Seguridad
eyJqb2JfdGl0bGUiOiIoRUVMNjcpIC0gSU5HRU5JRVJPIERFIFNFR1VSSURBRCBERSBTSVNURU1BUyIsImNvbXBhbnlfbmFtZSI6IkFlY29tIiwiYWRkcmVzc19jaXR5IjoiU3BhaW4iLCJodGlkb2NpZCI6IkhKYjR2dkFRVGpQNDFGUV9BQUFBQUE9PSIsInV1bGUiOiJ3K0NBSVFJQ0lGVTNCaGFXNCJ9,Seguridad
eyJqb2JfdGl0bGUiOiIoRUVMNjcpIC0gSU5HRU5JRVJPIERFIFNFR1VSSURBRCBERSBTSVNURU1BUyIsImNvbXBhbnlfbmFtZSI6IkFlY29tIiwiYWRkcmVzc19jaXR5IjoiU3BhaW4iLCJodGlkb2NpZCI6IkhKYjR2dkFRVGpQNDFGUV9BQUFBQUE9PSIsInV1bGUiOiJ3K0NBSVFJQ0lGVTNCaGFXNCJ9,Integración
eyJqb2JfdGl0bGUiOiJJbmdlbmllcm8gaW5kdXN0cmlhbCBqdW5pb3IiLCJjb21wYW55X25hbWUiOiJBQiBTZWd1cmlkYWQiLCJhZGRyZXNzX2NpdHkiOiJCYXJjZWxvbmEsIFNwYWluIiwiaHRpZG9jaWQiOiJMWm5TcmlSdzJ6Q0o3cGhwQUFBQUFBPT0iLCJ1dWxlIjoidytDQUlRSUNJRlUzQmhhVzQifQ==,Seguridad
eyJqb2JfdGl0bGUiOiJJbmdlbmllcm8vYSBTaXN0ZW1hcyBTZWd1cmlkYWQiLCJjb21wYW55X25hbWUiOiJTYWZlZ3VhcmQgR2xvYmFsIFN0YWZmIExlYXNpbmcgU3BhaW4iLCJhZGRyZXNzX2NpdHkiOiJTcGFpbiIsImh0aWRvY2lkIjoiSEVLQW5VMmxHekN4d0tWSUFBQUFBQT09IiwidXVsZSI6IncrQ0FJUUlDSUZVM0JoYVc0In0=,Seguridad
eyJqb2JfdGl0bGUiOiJJbmdlbmllcm8gZGUgUHJveWVjdG9zIGRlIFNpc3RlbWFzIGRlIFNlZ3VyaWRhZCBFbGVjdHJvbmljYSIsImNvbXBhbnlfbmFtZSI6IkVaRU5USVMgSU5HRU5JRVJJQSBERSBTRUdVUklEQUQiLCJhZGRyZXNzX2NpdHkiOiJTcGFpbiIsImh0aWRvY2lkIjoiVW1UbTd5RmwwNmJQemZzWkFBQUFBQT09IiwidXVsZSI6IncrQ0FJUUlDSUZVM0JoYVc0In0=,Seguridad
eyJqb2JfdGl0bGUiOiJUw6ljbmljbyBkZSBFbnNheW9zIGVuIExhYm9yYXRvcmlvIGRlIFNpc3RlbWFzIGRlIFNlZ3VyaWRhZCAtIEluZ2VuaWVyby9hIEVsZWN0csOzbmljby9hIiwiY29tcGFueV9uYW1lIjoiSVNQUk9YIiwiYWRkcmVzc19jaXR5IjoiTWFkcmlkLCBTcGFpbiIsImh0aWRvY2lkIjoid09hUG40a0hSN3dTeTMyekFBQUFBQT09IiwidXVsZSI6IncrQ0FJUUlDSUZVM0JoYVc0In0=,Seguridad
eyJqb2JfdGl0bGUiOiJUw6ljbmljbyBkZSBFbnNheW9zIGVuIExhYm9yYXRvcmlvIGRlIFNpc3RlbWFzIGRlIFNlZ3VyaWRhZCAtIEluZ2VuaWVyby9hIEVsZWN0csOzbmljby9hIiwiY29tcGFueV9uYW1lIjoiSVNQUk9YIiwiYWRkcmVzc19jaXR5IjoiTWFkcmlkLCBTcGFpbiIsImh0aWRvY2lkIjoid09hUG40a0hSN3dTeTMyekFBQUFBQT09IiwidXVsZSI6IncrQ0FJUUlDSUZVM0JoYVc0In0=,Integración
eyJqb2JfdGl0bGUiOiJJbmdlbmllcm8gSW5zdGFsYWNpb25lcy0gU2lzdGVtYXMgU2VndXJpZGFkIHkgUENJIiwiY29tcGFueV9uYW1lIjoiQVZBTlNFTCBTZWxlY2Npw7NuIC0gQ29uc3VsdG9yYSBkZSBSZWN1cnNvcyBIdW1hbm9zIiwiYWRkcmVzc19jaXR5IjoiUGludG8sIFNwYWluIiwiaHRpZG9jaWQiOiJrVnRIZGhsUjZvZ0J4ZXdlQUFBQUFBPT0iLCJ1dWxlIjoidytDQUlRSUNJRlUzQmhhVzQifQ==,Seguridad
eyJqb2JfdGl0bGUiOiJJbmdlbmllcm8vYSBjaWJlcnNlZ3VyaWRhZCIsImNvbXBhbnlfbmFtZSI6IkdNViIsImFkZHJlc3NfY2l0eSI6Ik1hZHJpZCwgU3BhaW4iLCJodGlkb2NpZCI6IllqY25kdkY0cjdMcXlWc3ZBQUFBQUE9PSIsInV1bGUiOiJ3K0NBSVFJQ0lGVTNCaGFXNCJ9,Seguridad
eyJqb2JfdGl0bGUiOiJUNDExIC0gSU5HRU5JRVJPIFNFR1VSSURBRCBJVCIsImNvbXBhbnlfbmFtZSI6IlNvdGVjIENvbnN1bHRpbmciLCJhZGRyZXNzX2NpdHkiOiJDb21tdW5pdHkgb2YgTWFkcmlkLCBTcGFpbiIsImh0aWRvY2lkIjoieFNnQVNQdUtvTzZIUW5QbUFBQUFBQT09IiwidXVsZSI6IncrQ0FJUUlDSUZVM0JoYVc0In0=,Seguridad
eyJqb2JfdGl0bGUiOiJJbmdlbmllcm8vYSBkZSBTZWd1cmlkYWQgeSBOZXR3b3JraW5nIC0gTUFEUklEIiwiY29tcGFueV9uYW1lIjoiVkFTUyIsImFkZHJlc3NfY2l0eSI6Ik1hZHJpZCwgU3BhaW4iLCJodGlkb2NpZCI6Ii1vb0RYQ21ZRk1abERDX3lBQUFBQUE9PSIsInV1bGUiOiJ3K0NBSVFJQ0lGVTNCaGFXNCJ9,Seguridad
eyJqb2JfdGl0bGUiOiJJbmdlbmllcm8gRGUgUHJveWVjdG9zIERlIFNpc3RlbWFzIERlIFNlZ3VyaWRhZCBFbGVjdHJvbmljYSIsImNvbXBhbnlfbmFtZSI6IkV6ZW50aXMgSW5nZW5pZXJpYSBEZSBTZWd1cmlkYWQiLCJhZGRyZXNzX2NpdHkiOiJTZXZpbGxlLCBTcGFpbiIsImh0aWRvY2lkIjoiZXR5Y2xyb1QxaE43T3dQLUFBQUFBQT09IiwidXVsZSI6IncrQ0FJUUlDSUZVM0JoYVc0In0=,Seguridad
eyJqb2JfdGl0bGUiOiJJbmdlbmllcm8vYSBUw6ljbmljby9hIiwiY29tcGFueV9uYW1lIjoiTGF5c2FuIFNlZ3VyaWRhZCBTLkwuIiwiYWRkcmVzc19jaXR5IjoiQWxjw6F6YXIgZGUgU2FuIEp1YW4sIFNwYWluIiwiaHRpZG9jaWQiOiJJOU9IeThwdEp4SEFrM0dOQUFBQUFBPT0iLCJ1dWxlIjoidytDQUlRSUNJRlUzQmhhVzQifQ==,Seguridad
eyJqb2JfdGl0bGUiOiJBc2Vzb3IvYSBjb21lcmNpYWwgc2lzdGVtYXMgZGUgc2VndXJpZGFkIiwiY29tcGFueV9uYW1lIjoiRW1wcmVzYXMgSU1BTiIsImFkZHJlc3NfY2l0eSI6Ik1hZHJpZCwgU3BhaW4iLCJodGlkb2NpZCI6IkZvbU9DRTNkYV9XRllmVE9BQUFBQUE9PSIsInV1bGUiOiJ3K0NBSVFJQ0lGVTNCaGFXNCJ9,Seguridad
eyJqb2JfdGl0bGUiOiJJbmdlbmllcm8vYSBkZSBjaWJlcnNlZ3VyaWRhZCIsImNvbXBhbnlfbmFtZSI6IkdNViIsImFkZHJlc3NfY2l0eSI6IkJhcmNlbG9uYSwgU3BhaW4iLCJodGlkb2NpZCI6Im1Mb3dUd1ZKT2NJeUs2SWtBQUFBQUE9PSIsInV1bGUiOiJ3K0NBSVFJQ0lGVTNCaGFXNCJ9,Seguridad
eyJqb2JfdGl0bGUiOiJUw6ljbmljbyBNU1AgZGUgTWFudGVuaW1pZW50byBpbmZvcm3DoXRpY28iLCJjb21wYW55X25hbWUiOiJHYWxkaXRlY25vIiwiYWRkcmVzc19jaXR5IjoiVmlnbywgTXVuaWNpcGFsaXR5IG9mIFZpZ28sIFNwYWluIiwiaHRpZG9jaWQiOiIwYjVBd0oxQmNLVUlsenNoQUFBQUFBPT0iLCJ1dWxlIjoidytDQUlRSUNJRlUzQmhhVzQifQ==,Seguridad
eyJqb2JfdGl0bGUiOiJUw6ljbmljby9hIGRlIFNvcG9ydGUgZGUgUmVkZXMgLyBDb211bmljYWNpb25lcyIsImNvbXBhbnlfbmFtZSI6IlNBTkRBViIsImFkZHJlc3NfY2l0eSI6IkJhcmNlbG9uYSwgU3BhaW4iLCJodGlkb2NpZCI6IlB1TjRwc0h5REthX3lnUU1BQUFBQUE9PSIsInV1bGUiOiJ3K0NBSVFJQ0lGVTNCaGFXNCJ9,Seguridad
eyJqb2JfdGl0bGUiOiJUw6ljbmljbyBkZSByZWRlcyB5IGNvbXVuaWNhY2lvbmVzIiwiY29tcGFueV9uYW1lIjoiRUROT04iLCJhZGRyZXNzX2NpdHkiOiJNYWRyaWQsIFNwYWluIiwiaHRpZG9jaWQiOiI4VUdrZjhjU0pJQ0M3cERBQUFBQUFBPT0iLCJ1dWxlIjoidytDQUlRSUNJRlUzQmhhVzQifQ==,Seguridad
eyJqb2JfdGl0bGUiOiJUw6ljbmljby9hIE4yIFJlZGVzIFR4IFRlbGVjb211bmljYWNpb25lcyIsImNvbXBhbnlfbmFtZSI6IkpvYnMgdmlhIGVGaW5hbmNpYWxDYXJlZXJzIiwiYWRkcmVzc19jaXR5IjoiTWFkcmlkLCBTcGFpbiIsImh0aWRvY2lkIjoiMEFpN1I5WmNOMW5HYnZwbEFBQUFBQT09IiwidXVsZSI6IncrQ0FJUUlDSUZVM0JoYVc0In0=,Seguridad
eyJqb2JfdGl0bGUiOiJUw6ljbmljby9BIERlIFJlZGVzIFkgVGVsZWNvbXVuaWNhY2lvbmVzIEJpXHUwMDI2SXQgwrcgTXV0eGFtZWwsIEFsaWNhbnRlIiwiY29tcGFueV9uYW1lIjoiQ2FsY29udXQiLCJhZGRyZXNzX2NpdHkiOiJNdXR4YW1lbCwgU3BhaW4iLCJodGlkb2NpZCI6Ik1pWTdzZHNYN2F2ckRlT0pBQUFBQUE9PSIsInV1bGUiOiJ3K0NBSVFJQ0lGVTNCaGFXNCJ9,Seguridad
eyJqb2JfdGl0bGUiOiJUw6ljbmljby9hIGRlIEVxdWlwb3MgeSBTaXN0ZW1hcy1SRURFUy4gQlVSR09TIiwiY29tcGFueV9uYW1lIjoiQmV0d2VlbiBUZWNobm9sb2d5IiwiYWRkcmVzc19jaXR5IjoiU3BhaW4iLCJodGlkb2NpZCI6InpqTWhnS1NrcXJWdFZ4SWlBQUFBQUE9PSIsInV1bGUiOiJ3K0NBSVFJQ0lGVTNCaGFXNCJ9,Seguridad
eyJqb2JfdGl0bGUiOiJUw6ljbmljbyBkZSBzZWd1cmlkYWQgeSBjb211bmljYWNpb25lcyIsImNvbXBhbnlfbmFtZSI6IlBhZ2UgUGVyc29ubmVsIiwiYWRkcmVzc19jaXR5IjoiTWFkcmlkLCBTcGFpbiIsImh0aWRvY2lkIjoiREhyY0dZVHlxUnNRZUN4VUFBQUFBQT09IiwidXVsZSI6IncrQ0FJUUlDSUZVM0JoYVc0In0=,Seguridad
eyJqb2JfdGl0bGUiOiJURUNOSUNBL08gQ09NVU5JQ0FDSU9ORVMgTkVUV09SS0lORyIsImNvbXBhbnlfbmFtZSI6IkdydXBvIFNlcm1pY3JvIiwiYWRkcmVzc19jaXR5IjoiU2V2aWxsZSwgU3BhaW4iLCJodGlkb2NpZCI6IkRqWDA1VTJGQmxsdU02SFRBQUFBQUE9PSIsInV1bGUiOiJ3K0NBSVFJQ0lGVTNCaGFXNCJ9,Seguridad
eyJqb2JfdGl0bGUiOiJUw4lDTklDTyBSRURFUyBZIFNJU1RFTUFTIChDSUJFUlNFR1VSSURBRCnwn5K7IiwiY29tcGFueV9uYW1lIjoiRG90Z2FpbmVuIiwiYWRkcmVzc19jaXR5IjoiQmFyY2Vsb25hLCBTcGFpbiIsImh0aWRvY2lkIjoiVjBVeU1CVG5YR21HdXM1cEFBQUFBQT09IiwidXVsZSI6IncrQ0FJUUlDSUZVM0JoYVc0In0=,Seguridad
eyJqb2JfdGl0bGUiOiJUw6ljbmljbyBkZSBTaXN0ZW1hcyB5IFJlZGVzIiwiY29tcGFueV9uYW1lIjoiVW5pdmVyc2lkYWQgQW50b25pbyBkZSBOZWJyaWphIiwiYWRkcmVzc19jaXR5IjoiTWFkcmlkLCBTcGFpbiIsImh0aWRvY2lkIjoiTDVKUF9mbXpva0JCTGt0ZkFBQUFBQT09IiwidXVsZSI6IncrQ0FJUUlDSUZVM0JoYVc0In0=,Seguridad
eyJqb2JfdGl0bGUiOiJUw6ljbmljbyBJbmZvcm3DoXRpY28iLCJjb21wYW55X25hbWUiOiJIYXlzIiwiYWRkcmVzc19jaXR5IjoiVmFsZW5jaWEsIFNwYWluIiwiaHRpZG9jaWQiOiI0SndvR0tVS3d1NTlpdHR5QUFBQUFBPT0iLCJ1dWxlIjoidytDQUlRSUNJRlUzQmhhVzQifQ==,Seguridad
eyJqb2JfdGl0bGUiOiJDb25zdWx0b3IvQSBHcmMgRW4gQ2liZXJzZWd1cmlkYWQgLSBBc3R1cmlhcyIsImNvbXBhbnlfbmFtZSI6IkdPVkVSVElTIiwiYWRkcmVzc19jaXR5IjoiTXVyY2lhLCBTcGFpbiIsImh0aWRvY2lkIjoiejdHSEgzcnE3S05XWENVbEFBQUFBQT09IiwidXVsZSI6IncrQ0FJUUlDSUZVM0JoYVc0In0=,Seguridad
eyJqb2JfdGl0bGUiOiJDb25zdWx0b3IgL2EgZGUgU2VndXJpZGFkIGRlIGxhIEluZm9ybWFjacOzbiIsImNvbXBhbnlfbmFtZSI6IkluZXR1bSIsImFkZHJlc3NfY2l0eSI6Ik1hZHJpZCwgU3BhaW4iLCJodGlkb2NpZCI6InJBYVZyX0RmWHhXcFdsRWVBQUFBQUE9PSIsInV1bGUiOiJ3K0NBSVFJQ0lGVTNCaGFXNCJ9,Seguridad
eyJqb2JfdGl0bGUiOiJDb25zdWx0b3IvQSBHcmMgWSBTb3ggRW4gQ2liZXJzZWd1cmlkYWQgLSBNYWRyaWQiLCJjb21wYW55X25hbWUiOiJHT1ZFUlRJUyIsImFkZHJlc3NfY2l0eSI6IlphcmFnb3phLCBTcGFpbiIsImh0aWRvY2lkIjoicWc5cDhqZnc2V09xQ3RGV0FBQUFBQT09IiwidXVsZSI6IncrQ0FJUUlDSUZVM0JoYVc0In0=,Seguridad
eyJqb2JfdGl0bGUiOiJDb25zdWx0b3JAIGNvbWVyY2lhbCBDaWJlcnNlZ3VyaWRhZCIsImNvbXBhbnlfbmFtZSI6IkluZm9yZGlzYSIsImFkZHJlc3NfY2l0eSI6IlZhbGxzLCBTcGFpbiIsImh0aWRvY2lkIjoiLXhma01yeU1IX2U1cVFsT0FBQUFBQT09IiwidXVsZSI6IncrQ0FJUUlDSUZVM0JoYVc0In0=,Seguridad
eyJqb2JfdGl0bGUiOiJDb25zdWx0b3IvYSBkZSBDaWJlcnNlZ3VyaWRhZCB5IFByaXZhY2lkYWQiLCJjb21wYW55X25hbWUiOiJLUE1HIEVzcGHDsWEiLCJhZGRyZXNzX2NpdHkiOiJCYXJjZWxvbmEsIFNwYWluIiwiaHRpZG9jaWQiOiJHZ1JxcWFHaUJSQmhyN1FRQUFBQUFBPT0iLCJ1dWxlIjoidytDQUlRSUNJRlUzQmhhVzQifQ==,Seguridad
eyJqb2JfdGl0bGUiOiJDb25zdWx0b3IgQ2liZXJzZWd1cmlkYWQiLCJjb21wYW55X25hbWUiOiJQbGV4dXMgVGVjaCIsImFkZHJlc3NfY2l0eSI6Ik1hZHJpZCwgU3BhaW4iLCJodGlkb2NpZCI6Ii1SQ0xZTWVUYWU1eldiUFlBQUFBQUE9PSIsInV1bGUiOiJ3K0NBSVFJQ0lGVTNCaGFXNCJ9,Seguridad
eyJqb2JfdGl0bGUiOiJDb25zdWx0b3IvYSBkZSBDaWJlcnNlZ3VyaWRhZCIsImNvbXBhbnlfbmFtZSI6IkdNViIsImFkZHJlc3NfY2l0eSI6Ik1hZHJpZCwgU3BhaW4iLCJodGlkb2NpZCI6IkhlZWpYalhOQjFzd3BYSzBBQUFBQUE9PSIsInV1bGUiOiJ3K0NBSVFJQ0lGVTNCaGFXNCJ9,Seguridad
eyJqb2JfdGl0bGUiOiLWjiBDb25zdWx0b3IgZGUgU2VndXJpZGFkIChJQSkg4bS54bS2IiwiY29tcGFueV9uYW1lIjoiUHJvY2VzaWEiLCJhZGRyZXNzX2NpdHkiOiJNYWRyaWQsIFNwYWluIiwiaHRpZG9jaWQiOiJzaWhvMVVydGNaMGFFUEp1QUFBQUFBPT0iLCJ1dWxlIjoidytDQUlRSUNJRlUzQmhhVzQifQ==,Seguridad
eyJqb2JfdGl0bGUiOiLWjiBDb25zdWx0b3IgZGUgU2VndXJpZGFkIChJQSkg4bS54bS2IiwiY29tcGFueV9uYW1lIjoiUHJvY2VzaWEiLCJhZGRyZXNzX2NpdHkiOiJNYWRyaWQsIFNwYWluIiwiaHRpZG9jaWQiOiJzaWhvMVVydGNaMGFFUEp1QUFBQUFBPT0iLCJ1dWxlIjoidytDQUlRSUNJRlUzQmhhVzQifQ==,Integración
eyJqb2JfdGl0bGUiOiJDb25zdWx0b3IgRGUgU2VndXJpZGFkIiwiY29tcGFueV9uYW1lIjoiRGV2b3RlYW0gU3BhaW4iLCJhZGRyZXNzX2NpdHkiOiJNYWRyaWQsIFNwYWluIiwiaHRpZG9jaWQiOiJIbHFVT2JLczQ3V2lvdUlYQUFBQUFBPT0iLCJ1dWxlIjoidytDQUlRSUNJRlUzQmhhVzQifQ==,Seguridad
eyJqb2JfdGl0bGUiOiJDb25zdWx0b3IvYSBDaWJlcnNlZ3VyaWRhZCBcdTAwMjYgSUEiLCJjb21wYW55X25hbWUiOiJBeWVzYSIsImFkZHJlc3NfY2l0eSI6IkRlcmlvLCBTcGFpbiIsImh0aWRvY2lkIjoiMnRmWl9YbEtMYko2SElmVEFBQUFBQT09IiwidXVsZSI6IncrQ0FJUUlDSUZVM0JoYVc0In0=,Seguridad
eyJqb2JfdGl0bGUiOiJDb25zdWx0b3IvYSBkZSBTZWd1cmlkYWQgR1JDIiwiY29tcGFueV9uYW1lIjoiYWdhcDIgRXNwYcOxYSIsImFkZHJlc3NfY2l0eSI6IlNwYWluIiwiaHRpZG9jaWQiOiI5R05UTkwwYldpckpVUXhDQUFBQUFBPT0iLCJ1dWxlIjoidytDQUlRSUNJRlUzQmhhVzQifQ==,Seguridad
eyJqb2JfdGl0bGUiOiJDb25zdWx0b3IvYSBlbiBDaWJlcnNlZ3VyaWRhZCIsImNvbXBhbnlfbmFtZSI6IkluZWNvIiwiYWRkcmVzc19jaXR5IjoiTWFkcmlkLCBTcGFpbiIsImh0aWRvY2lkIjoiV3Y2YXFzc2RXNFVmaHVKVUFBQUFBQT09IiwidXVsZSI6IncrQ0FJUUlDSUZVM0JoYVc0In0=,Seguridad
eyJqb2JfdGl0bGUiOiJDb25zdWx0b3IvYSBDaWJlcnNlZ3VyaWRhZC4gUmVtb3RvIiwiY29tcGFueV9uYW1lIjoiSW5mb3JnZXMiLCJhZGRyZXNzX2NpdHkiOiJNdXJjaWEsIFNwYWluIiwiaHRpZG9jaWQiOiJXVHBCdzdsREdlakdPMk1TQUFBQUFBPT0iLCJ1dWxlIjoidytDQUlRSUNJRlUzQmhhVzQifQ==,Seguridad
eyJqb2JfdGl0bGUiOiJDb25zdWx0b3IgY2liZXJzZWd1cmlkYWQgLSBOb2xvZ2luIiwiY29tcGFueV9uYW1lIjoiTm9sb2dpbiIsImFkZHJlc3NfY2l0eSI6IkxhcyBSb3phcyBkZSBNYWRyaWQsIFNwYWluIiwiaHRpZG9jaWQiOiJfSkp6NUd4Z2xuYUhqeWx2QUFBQUFBPT0iLCJ1dWxlIjoidytDQUlRSUNJRlUzQmhhVzQifQ==,Seguridad
eyJqb2JfdGl0bGUiOiJDb25zdWx0b3IvYSBDaWJlcnNlZ3VyaWRhZCIsImNvbXBhbnlfbmFtZSI6IkhvcGxhISBTb2Z0d2FyZSIsImFkZHJlc3NfY2l0eSI6IkJpbGJhbywgU3BhaW4iLCJodGlkb2NpZCI6IjR2bnp2MUpiVEFVdEdoMW1BQUFBQUE9PSIsInV1bGUiOiJ3K0NBSVFJQ0lGVTNCaGFXNCJ9,Seguridad
eyJqb2JfdGl0bGUiOiJDb25zdWx0b3IgRGUgUmllc2dvIEl0LCBDaWJlcnNlZ3VyaWRhZCwgR29iaWVybm8iLCJjb21wYW55X25hbWUiOiJTYW5kYXYiLCJhZGRyZXNzX2NpdHkiOiJNYWRyaWQsIFNwYWluIiwiaHRpZG9jaWQiOiJUOGlFUVBKM1ZlLWFLY1ZlQUFBQUFBPT0iLCJ1dWxlIjoidytDQUlRSUNJRlUzQmhhVzQifQ==,Seguridad
eyJqb2JfdGl0bGUiOiJDb25zdWx0b3IvYSBjb250aW51aWRhZCBkZSBuZWdvY2lvIC0gQ2liZXJzZWd1cmlkYWQiLCJjb21wYW55X25hbWUiOiJOVFQgREFUQSBFdXJvcGUgXHUwMDI2IExhdGFtIiwiYWRkcmVzc19jaXR5IjoiTWFkcmlkLCBTcGFpbiIsImh0aWRvY2lkIjoiNGlzcUxWSkpFWEY1VGFRVkFBQUFBQT09IiwidXVsZSI6IncrQ0FJUUlDSUZVM0JoYVc0In0=,Seguridad
eyJqb2JfdGl0bGUiOiJDb25zdWx0b3IgSnVuaW9yIFNlZ3VyaWRhZCBBbGltZW50YXJpYSB5IFNpc3RlbWFzIGRlIEdlc3Rpw7NuIiwiY29tcGFueV9uYW1lIjoiU3VwZXJpYSBDb25zdWx0b3JlcyIsImFkZHJlc3NfY2l0eSI6Ik11cmNpYSwgU3BhaW4iLCJodGlkb2NpZCI6Ikk4OGpsYnptSlFHRnVTNGlBQUFBQUE9PSIsInV1bGUiOiJ3K0NBSVFJQ0lGVTNCaGFXNCJ9,Seguridad
eyJqb2JfdGl0bGUiOiJDb25zdWx0b3IvQSBHcmMgRW4gQ2liZXJzZWd1cmlkYWQgLSBNYWRyaWQiLCJjb21wYW55X25hbWUiOiJHT1ZFUlRJUyIsImFkZHJlc3NfY2l0eSI6IkJhcmNlbG9uYSwgU3BhaW4iLCJodGlkb2NpZCI6IkFubjVvR3F4VzhGSUZPaHRBQUFBQUE9PSIsInV1bGUiOiJ3K0NBSVFJQ0lGVTNCaGFXNCJ9,Seguridad
eyJqb2JfdGl0bGUiOiJDb25zdWx0b3JhIERlIFNlZ3VyaWRhZCBZIE5vcm1hdGl2YSIsImNvbXBhbnlfbmFtZSI6IkhoIEh1bnRlcnMiLCJhZGRyZXNzX2NpdHkiOiJTYW4gRmVybmFuZG8gZGUgSGVuYXJlcywgU3BhaW4iLCJodGlkb2NpZCI6Ikp1cHdOLXE1UlpvM05ib19BQUFBQUE9PSIsInV1bGUiOiJ3K0NBSVFJQ0lGVTNCaGFXNCJ9,Seguridad
eyJqb2JfdGl0bGUiOiJFc3BlY2lhbGlzdGEgZW4gQW5hbMOtdGljYSBEaWdpdGFsIHkgT3B0aW1pemFjacOzbiIsImNvbXBhbnlfbmFtZSI6IlNlc2FtZSBIUiIsImFkZHJlc3NfY2l0eSI6IlZhbGVuY2lhLCBTcGFpbiIsImh0aWRvY2lkIjoiQ0xMMkxSb3RPVUhQMlNmTkFBQUFBQT09IiwidXVsZSI6IncrQ0FJUUlDSUZVM0JoYVc0In0=,Integración
eyJqb2JfdGl0bGUiOiJEaWdpdGFsIERhdGEgQW5hbHlzdCAoR29vZ2xlKSIsImNvbXBhbnlfbmFtZSI6IkdhcmFqZSBkZSBpZGVhcyIsImFkZHJlc3NfY2l0eSI6IlNwYWluIiwiaHRpZG9jaWQiOiJwelJfbkRlTVNOeXhaR1RsQUFBQUFBPT0iLCJ1dWxlIjoidytDQUlRSUNJRlUzQmhhVzQifQ==,Integración
eyJqb2JfdGl0bGUiOiJFc3BlY2lhbGlzdGEgR29vZ2xlIEFkcyBZIFNvY2lhbCBNZWRpYSBBZHMiLCJjb21wYW55X25hbWUiOiJDb211bmljYXJlIiwiYWRkcmVzc19jaXR5IjoiTWFkcmlkLCBTcGFpbiIsImh0aWRvY2lkIjoiTlB2c2x0S2NqVVNGbXVwVkFBQUFBQT09IiwidXVsZSI6IncrQ0FJUUlDSUZVM0JoYVc0In0=,Mobile
eyJqb2JfdGl0bGUiOiJFc3BlY2lhbGlzdGEgZW4gUHVibGljaWRhZCBEaWdpdGFsIiwiY29tcGFueV9uYW1lIjoiRm9ydHlnZXN0aW9uIiwiYWRkcmVzc19jaXR5IjoiQWxpY2FudGUsIFNwYWluIiwiaHRpZG9jaWQiOiJPQjgwSzRlRmdFZmJPaXkwQUFBQUFBPT0iLCJ1dWxlIjoidytDQUlRSUNJRlUzQmhhVzQifQ==,Integración
eyJqb2JfdGl0bGUiOiJUZWxlbcOhdGljYS9UZWxlY29tdW5pY2FjaW9uZXMiLCJjb21wYW55X25hbWUiOiIzZGlnaXRzIiwiYWRkcmVzc19jaXR5IjoiUGFsbWEsIFNwYWluIiwiaHRpZG9jaWQiOiJqc2Z2eU9JMFNGem9LQzZVQUFBQUFBPT0iLCJ1dWxlIjoidytDQUlRSUNJRlUzQmhhVzQifQ==,Seguridad
eyJqb2JfdGl0bGUiOiJFc3BlY2lhbGlzdGFzIGVuIE1vbnRhamUgZGUgU2lzdGVtYXMgZGUgUmFkaW8iLCJjb21wYW55X25hbWUiOiJDSVJDRVQgQ0FCTEVWRU4gU09DSUVEQUQgTElNSVRBREEuIiwiYWRkcmVzc19jaXR5IjoiVmlnbywgTXVuaWNpcGFsaXR5IG9mIFZpZ28sIFNwYWluIiwiaHRpZG9jaWQiOiJncWVwdHVBekxmNlRWSmh2QUFBQUFBPT0iLCJ1dWxlIjoidytDQUlRSUNJRlUzQmhhVzQifQ==,Seguridad
eyJqb2JfdGl0bGUiOiJFc3BlY2lhbGlzdGFzIGVuIE1vbnRhamUgZGUgU2lzdGVtYXMgZGUgUmFkaW8iLCJjb21wYW55X25hbWUiOiJDSVJDRVQgQ0FCTEVWRU4gU09DSUVEQUQgTElNSVRBREEuIiwiYWRkcmVzc19jaXR5IjoiVmlnbywgTXVuaWNpcGFsaXR5IG9mIFZpZ28sIFNwYWluIiwiaHRpZG9jaWQiOiJncWVwdHVBekxmNlRWSmh2QUFBQUFBPT0iLCJ1dWxlIjoidytDQUlRSUNJRlUzQmhhVzQifQ==,Integración
eyJqb2JfdGl0bGUiOiJFc3BlY2lhbGlzdGEgZW4gSW5zdGFsYWNpw7NuIHkgTWFudGVuaW1pZW50byBkZSBTaXN0ZW1hcyBkZSBTZWd1cmlkYWQiLCJjb21wYW55X25hbWUiOiJJbnN0YWx2aWEgVGVsZWNvbXVuaWNhY2lvbmVzIFMuTC4iLCJhZGRyZXNzX2NpdHkiOiJQYWxtYSwgU3BhaW4iLCJodGlkb2NpZCI6Ik5yc1pOUXBwQlFDcGN4cjhBQUFBQUE9PSIsInV1bGUiOiJ3K0NBSVFJQ0lGVTNCaGFXNCJ9,Seguridad
eyJqb2JfdGl0bGUiOiJFc3BlY2lhbGlzdGEgZW4gSW5zdGFsYWNpw7NuIHkgTWFudGVuaW1pZW50byBkZSBTaXN0ZW1hcyBkZSBTZWd1cmlkYWQiLCJjb21wYW55X25hbWUiOiJJbnN0YWx2aWEgVGVsZWNvbXVuaWNhY2lvbmVzIFMuTC4iLCJhZGRyZXNzX2NpdHkiOiJQYWxtYSwgU3BhaW4iLCJodGlkb2NpZCI6Ik5yc1pOUXBwQlFDcGN4cjhBQUFBQUE9PSIsInV1bGUiOiJ3K0NBSVFJQ0lGVTNCaGFXNCJ9,Integración
eyJqb2JfdGl0bGUiOiJJbmdlbmllcm8vYSBkZSBUZWxlY29tdW5pY2FjaW9uZXMuIFNlY3RvciBGZXJyb3ZpYXJpbyIsImNvbXBhbnlfbmFtZSI6IkV4Y2VsdGljIiwiYWRkcmVzc19jaXR5IjoiTWFkcmlkLCBTcGFpbiIsImh0aWRvY2lkIjoiZzBITXVETVpTU3h6a1VFcUFBQUFBQT09IiwidXVsZSI6IncrQ0FJUUlDSUZVM0JoYVc0In0=,Seguridad
eyJqb2JfdGl0bGUiOiJFc3BlY2lhbGlzdGEgZW4gc29wb3J0ZSB0w6ljbmljbyIsImNvbXBhbnlfbmFtZSI6IjA3R2xvYmFsYW4iLCJhZGRyZXNzX2NpdHkiOiJTcGFpbiIsImh0aWRvY2lkIjoiZzZXOElBWnBUWVJzbHRPbkFBQUFBQT09IiwidXVsZSI6IncrQ0FJUUlDSUZVM0JoYVc0In0=,Seguridad
eyJqb2JfdGl0bGUiOiJUw4lDTklDTyBERSBURUxFQ09NVU5JQ0FDSU9ORVMiLCJjb21wYW55X25hbWUiOiJWaWxhcmRlYsOzIiwiYWRkcmVzc19jaXR5IjoiTGEgR2FycmlnYSwgU3BhaW4iLCJodGlkb2NpZCI6IkxpWmNraTRzS08td0gtcEhBQUFBQUE9PSIsInV1bGUiOiJ3K0NBSVFJQ0lGVTNCaGFXNCJ9,Seguridad
eyJqb2JfdGl0bGUiOiJUZWNuaWNvIGRlIENhbXBvIFRlbGVjb211bmljYWNpb25lcyIsImNvbXBhbnlfbmFtZSI6IkNUQyBDb25zdWx0aW5nIFNMIiwiYWRkcmVzc19jaXR5IjoiRG9ub3N0aWEtU2FuIFNlYmFzdGlhbiwgU3BhaW4iLCJodGlkb2NpZCI6IjFIX1JQcERqWFJDM1ZZZWdBQUFBQUE9PSIsInV1bGUiOiJ3K0NBSVFJQ0lGVTNCaGFXNCJ9,Seguridad
eyJqb2JfdGl0bGUiOiJJbmdlbmllcm8gZW4gVGVsZWNvbXVuaWNhY2lvbmVzIiwiY29tcGFueV9uYW1lIjoiQmVsbW9udGUgR3JvdXAiLCJhZGRyZXNzX2NpdHkiOiJCYXJjZWxvbmEsIFNwYWluIiwiaHRpZG9jaWQiOiJxQVV2Vm9NeTZ2X2szakFPQUFBQUFBPT0iLCJ1dWxlIjoidytDQUlRSUNJRlUzQmhhVzQifQ==,Integración
eyJqb2JfdGl0bGUiOiJJbmdlbmllcm8vYSBUZWxlY29tdW5pY2FjaW9uZXMiLCJjb21wYW55X25hbWUiOiJMaW5lYSBEaXJlY3RhIEFzZWd1cmFkb3JhIiwiYWRkcmVzc19jaXR5IjoiTWFkcmlkLCBTcGFpbiIsImh0aWRvY2lkIjoibFJvVmdxUVo3cTJkTHkzSkFBQUFBQT09IiwidXVsZSI6IncrQ0FJUUlDSUZVM0JoYVc0In0=,Seguridad
eyJqb2JfdGl0bGUiOiJJbmdlbmllcm8vYSBUZWxlY29tdW5pY2FjaW9uZXMiLCJjb21wYW55X25hbWUiOiJEaWdpdGFsIFRhbGVudCBBZ2VuY3kiLCJhZGRyZXNzX2NpdHkiOiJNYWRyaWQsIFNwYWluIiwiaHRpZG9jaWQiOiJHMjhEdEJjXzQ3WGZBTEdyQUFBQUFBPT0iLCJ1dWxlIjoidytDQUlRSUNJRlUzQmhhVzQifQ==,Integración
eyJqb2JfdGl0bGUiOiJJbmdlbmllcm8vYSBkZSBDb211bmljYWNpb25lcyBUw6FjdGljYXMiLCJjb21wYW55X25hbWUiOiJTdGFydCBQZW9wbGUiLCJhZGRyZXNzX2NpdHkiOiJNYWRyaWQsIFNwYWluIiwiaHRpZG9jaWQiOiJxeTA4aVBjZzJVVXhFOGVGQUFBQUFBPT0iLCJ1dWxlIjoidytDQUlRSUNJRlUzQmhhVzQifQ==,Integración
eyJqb2JfdGl0bGUiOiJJbmdlbmllcm8vYSBkZSBTaXN0ZW1hcyBkZSBDb211bmljYWNpb25lcyBwb3IgU2F0w6lsaXRlIiwiY29tcGFueV9uYW1lIjoiSGlzZGVzYXQgU2VydmljaW9zIEVzdHJhdGVnaWNvcyBTLkEuIiwiYWRkcmVzc19jaXR5IjoiTWFkcmlkLCBTcGFpbiIsImh0aWRvY2lkIjoiVU1mdjBlbWdwTnIxaTJtbEFBQUFBQT09IiwidXVsZSI6IncrQ0FJUUlDSUZVM0JoYVc0In0=,Integración
eyJqb2JfdGl0bGUiOiJJbmdlbmllcm8gZGUgVGVsZWNvbXVuaWNhY2lvbmVzIiwiY29tcGFueV9uYW1lIjoiRXhjZWx0aWMiLCJhZGRyZXNzX2NpdHkiOiJNYWRyaWQsIFNwYWluIiwiaHRpZG9jaWQiOiJpZlVYOE9ZejZ1dERKZnQ0QUFBQUFBPT0iLCJ1dWxlIjoidytDQUlRSUNJRlUzQmhhVzQifQ==,Seguridad
eyJqb2JfdGl0bGUiOiJJbmdlbmllcm8vYSBkZSBTaXN0ZW1hcyBvIFRlbGVjb211bmljYWNpb25lcyAtIElubm92YWNpw7NuIGVuIEluZnJhZXN0cnVjdHVyYSB5IENsb3VkIiwiY29tcGFueV9uYW1lIjoiRXhjZWx0aWMiLCJhZGRyZXNzX2NpdHkiOiJTcGFpbiIsImh0aWRvY2lkIjoiS2RuZWxxUEpzTEMzdmlVVUFBQUFBQT09IiwidXVsZSI6IncrQ0FJUUlDSUZVM0JoYVc0In0=,Seguridad
eyJqb2JfdGl0bGUiOiJUZWNobmljYWwgTmV0d29ya2luZyBFbmdpbmVlciIsImNvbXBhbnlfbmFtZSI6IlRlbGRhdCIsImFkZHJlc3NfY2l0eSI6IlRyZXMgQ2FudG9zLCBTcGFpbiIsImh0aWRvY2lkIjoiRENMRnFVdGRFSG9ZQkJHUUFBQUFBQT09IiwidXVsZSI6IncrQ0FJUUlDSUZVM0JoYVc0In0=,Seguridad
eyJqb2JfdGl0bGUiOiJUw4lDTklDTy9BIE4yIC0gTjMgREUgUkVERVMgVm9JUCIsImNvbXBhbnlfbmFtZSI6IlNJUlQiLCJhZGRyZXNzX2NpdHkiOiJCYXJjZWxvbmEsIFNwYWluIiwiaHRpZG9jaWQiOiJNejZJNkZHUG9Id3BuNFFmQUFBQUFBPT0iLCJ1dWxlIjoidytDQUlRSUNJRlUzQmhhVzQifQ==,Integración
eyJqb2JfdGl0bGUiOiJJbmdlbmllcm8gZGUgaGFyZHdhcmUgZXNwZWNpYWxpc3RhIGVuIGRpc2XDsW8gUlRMIiwiY29tcGFueV9uYW1lIjoiSWtlcmxhbiIsImFkZHJlc3NfY2l0eSI6IkFycmFzYXRlLCBTcGFpbiIsImh0aWRvY2lkIjoiS0hFNzg1V0V6aVJ2ak9NMEFBQUFBQT09IiwidXVsZSI6IncrQ0FJUUlDSUZVM0JoYVc0In0=,Seguridad
eyJqb2JfdGl0bGUiOiJJbmdlbmllcm8gZGUgaGFyZHdhcmUgZXNwZWNpYWxpc3RhIGVuIGRpc2XDsW8gUlRMIiwiY29tcGFueV9uYW1lIjoiSWtlcmxhbiIsImFkZHJlc3NfY2l0eSI6IkFycmFzYXRlLCBTcGFpbiIsImh0aWRvY2lkIjoiS0hFNzg1V0V6aVJ2ak9NMEFBQUFBQT09IiwidXVsZSI6IncrQ0FJUUlDSUZVM0JoYVc0In0=,Integración
eyJqb2JfdGl0bGUiOiJJbmdlbmllcm8gZGUgaGFyZHdhcmUgZXNwZWNpYWxpc3RhIGVuIGRpc2XDsW8gZWxlY3Ryw7NuaWNvIHkgdmVyaWZpY2FjacOzbiIsImNvbXBhbnlfbmFtZSI6IklLRVJMQU4iLCJhZGRyZXNzX2NpdHkiOiJBcnJhc2F0ZSwgU3BhaW4iLCJodGlkb2NpZCI6ImxSVVU5TWdEZGUzeDBWNExBQUFBQUE9PSIsInV1bGUiOiJ3K0NBSVFJQ0lGVTNCaGFXNCJ9,Seguridad
eyJqb2JfdGl0bGUiOiJJbmdlbmllcm8gZGUgaGFyZHdhcmUgZXNwZWNpYWxpc3RhIGVuIGRpc2XDsW8gZWxlY3Ryw7NuaWNvIHkgdmVyaWZpY2FjacOzbiIsImNvbXBhbnlfbmFtZSI6IklLRVJMQU4iLCJhZGRyZXNzX2NpdHkiOiJBcnJhc2F0ZSwgU3BhaW4iLCJodGlkb2NpZCI6ImxSVVU5TWdEZGUzeDBWNExBQUFBQUE9PSIsInV1bGUiOiJ3K0NBSVFJQ0lGVTNCaGFXNCJ9,Integración
eyJqb2JfdGl0bGUiOiJFc3BlY2lhbGlzdGEgZW4gRGlzZcOxbyBkZSBTaXN0ZW1hcyBkZSBUdWJlcsOtYXMiLCJjb21wYW55X25hbWUiOiJFSUEyMSB8IEVzdHVkaW9zIGUgSW5nZW5pZXLDrWEgQXBsaWNhZGEgWFhJIiwiYWRkcmVzc19jaXR5IjoiTWFkcmlkLCBTcGFpbiIsImh0aWRvY2lkIjoiMUNhNDJxMVNZMWZ6eGxsUkFBQUFBQT09IiwidXVsZSI6IncrQ0FJUUlDSUZVM0JoYVc0In0=,Integración
eyJqb2JfdGl0bGUiOiJEaXNlw7FvIGRlIFNpc3RlbWFzIEZ1bmNpb25hbGVzIEhhcmR3YXJlIFJBREFSIiwiY29tcGFueV9uYW1lIjoiSW5kcmEiLCJhZGRyZXNzX2NpdHkiOiJBcmFuanVleiwgU3BhaW4iLCJodGlkb2NpZCI6Ii1RMUpaa0ZlV2ZVSjJVY1lBQUFBQUE9PSIsInV1bGUiOiJ3K0NBSVFJQ0lGVTNCaGFXNCJ9,Integración
eyJqb2JfdGl0bGUiOiJJTkdFTklFUkAgREUgREVTQVJPTExPIERFIFNJU1RFTUFTIERFIE1PTklUT1JJWkFDSU9OIFkgQ09OVFJPTCIsImNvbXBhbnlfbmFtZSI6IlN0YWRsZXIgVmFsZW5jaWEiLCJhZGRyZXNzX2NpdHkiOiJTcGFpbiIsImh0aWRvY2lkIjoiMS11c1ZfRzhDNEVUcHVYcEFBQUFBQT09IiwidXVsZSI6IncrQ0FJUUlDSUZVM0JoYVc0In0=,Integración
eyJqb2JfdGl0bGUiOiJEaXNlw7FvIGRlIFNpc3RlbWFzIEZ1bmNpb25hbGVzIHNlY3RvciBFc3BhY2lvIiwiY29tcGFueV9uYW1lIjoiSm9ib3NzIiwiYWRkcmVzc19jaXR5IjoiTWFkcmlkLCBTcGFpbiIsImh0aWRvY2lkIjoic2Z5clZQNmdfU2p5RXppU0FBQUFBQT09IiwidXVsZSI6IncrQ0FJUUlDSUZVM0JoYVc0In0=,Integración
eyJqb2JfdGl0bGUiOiJKQVZBIFNwcmluZyBCb290IChCYWNrZW5kKSAvIEFuZ3VsYXIiLCJjb21wYW55X25hbWUiOiJQQU5FTCBTaXN0ZW1hcyBJbmZvcm3DoXRpY29zIiwiYWRkcmVzc19jaXR5IjoiTWFkcmlkLCBTcGFpbiIsImh0aWRvY2lkIjoidmFGX3l4NmYxcEh1eFExOEFBQUFBQT09IiwidXVsZSI6IncrQ0FJUUlDSUZVM0JoYVc0In0=,Full Stack
eyJqb2JfdGl0bGUiOiJKQVZBIFNwcmluZyBCb290IChCYWNrZW5kKSAvIEFuZ3VsYXIiLCJjb21wYW55X25hbWUiOiJQQU5FTCBTaXN0ZW1hcyBJbmZvcm3DoXRpY29zIiwiYWRkcmVzc19jaXR5IjoiTWFkcmlkLCBTcGFpbiIsImh0aWRvY2lkIjoidmFGX3l4NmYxcEh1eFExOEFBQUFBQT09IiwidXVsZSI6IncrQ0FJUUlDSUZVM0JoYVc0In0=,Backend
eyJqb2JfdGl0bGUiOiJJbnZlc3RpZ2Fkb3IvYSBlbiBJbmdlbmllcsOtYSBkZSBzb2Z0d2FyZSB5IFNpc3RlbWFzIGRlbCBmdXR1cm8iLCJjb21wYW55X25hbWUiOiJURUNOQUxJQSBSZXNlYXJjaCBcdTAwMjYgSW5ub3ZhdGlvbiIsImFkZHJlc3NfY2l0eSI6IkRlcmlvLCBTcGFpbiIsImh0aWRvY2lkIjoiQ1FMNUo1bHhkWkxLTGFIX0FBQUFBQT09IiwidXVsZSI6IncrQ0FJUUlDSUZVM0JoYVc0In0=,Seguridad
eyJqb2JfdGl0bGUiOiJJbnZlc3RpZ2Fkb3IvYSBlbiBJbmdlbmllcsOtYSBkZSBzb2Z0d2FyZSB5IFNpc3RlbWFzIGRlbCBmdXR1cm8iLCJjb21wYW55X25hbWUiOiJURUNOQUxJQSBSZXNlYXJjaCBcdTAwMjYgSW5ub3ZhdGlvbiIsImFkZHJlc3NfY2l0eSI6IkRlcmlvLCBTcGFpbiIsImh0aWRvY2lkIjoiQ1FMNUo1bHhkWkxLTGFIX0FBQUFBQT09IiwidXVsZSI6IncrQ0FJUUlDSUZVM0JoYVc0In0=,Integración
eyJqb2JfdGl0bGUiOiJJbmdlbmllcm8vYSBkZSBDaWJlcnNlZ3VyaWRhZCAtIFNPQyBMMiAvIEwzIiwiY29tcGFueV9uYW1lIjoiRVkiLCJhZGRyZXNzX2NpdHkiOiJCYXJjZWxvbmEsIFNwYWluIiwiaHRpZG9jaWQiOiJLQlNfOVNxU3E1c3VLdDRoQUFBQUFBPT0iLCJ1dWxlIjoidytDQUlRSUNJRlUzQmhhVzQifQ==,Seguridad
eyJqb2JfdGl0bGUiOiJJbmdlbmllcm8gZGUgY2liZXJzZWd1cmlkYWQiLCJjb21wYW55X25hbWUiOiJKb2Jvc3MiLCJhZGRyZXNzX2NpdHkiOiJTYW4gRmVybmFuZG8gZGUgSGVuYXJlcywgU3BhaW4iLCJodGlkb2NpZCI6InR1c0lRMDVVVXByc0VMbkZBQUFBQUE9PSIsInV1bGUiOiJ3K0NBSVFJQ0lGVTNCaGFXNCJ9,Seguridad
eyJqb2JfdGl0bGUiOiJJbmdlbmllcm8gZGUgUmVkIG8gSW5nZW5pZXJvIGRlIENpYmVyc2VndXJpZGFkIiwiY29tcGFueV9uYW1lIjoiYnJpdGVsIMOxYW0iLCJhZGRyZXNzX2NpdHkiOiJNYWRyaWQsIFNwYWluIiwiaHRpZG9jaWQiOiJweDJFV3R1bVJJR0lYRmRyQUFBQUFBPT0iLCJ1dWxlIjoidytDQUlRSUNJRlUzQmhhVzQifQ==,Seguridad
eyJqb2JfdGl0bGUiOiJJbmdlbmllcm8gQ2liZXJzZWd1cmlkYWQgUGVudGVzdGVyIiwiY29tcGFueV9uYW1lIjoiSXdhbnRpYyIsImFkZHJlc3NfY2l0eSI6IlNwYWluIiwiaHRpZG9jaWQiOiJ5WjQ4VEFQeDdpbnpEZ1N4QUFBQUFBPT0iLCJ1dWxlIjoidytDQUlRSUNJRlUzQmhhVzQifQ==,Seguridad
eyJqb2JfdGl0bGUiOiJJbmdlbmllcm8gZGUgQ2liZXJzZWd1cmlkYWQgKEgvTSkiLCJjb21wYW55X25hbWUiOiJHSEVOT1ZBIiwiYWRkcmVzc19jaXR5IjoiU2V2aWxsZSwgU3BhaW4iLCJodGlkb2NpZCI6IjJpeGFxckJ5YTV0blpDQjJBQUFBQUE9PSIsInV1bGUiOiJ3K0NBSVFJQ0lGVTNCaGFXNCJ9,Seguridad
eyJqb2JfdGl0bGUiOiJJbmdlbmllcm8gY2liZXJzZWd1cmlkYWQiLCJjb21wYW55X25hbWUiOiJIYXlzIiwiYWRkcmVzc19jaXR5IjoiQmFyY2Vsb25hLCBTcGFpbiIsImh0aWRvY2lkIjoic0VIWkE1aEdZbUYzWXFfREFBQUFBQT09IiwidXVsZSI6IncrQ0FJUUlDSUZVM0JoYVc0In0=,Seguridad
eyJqb2JfdGl0bGUiOiJJbmdlbmllcm8gZGUgQ2liZXJzZWd1cmlkYWQgT1QvSVQgKGYvbS9kKSAtIFJldWJpY2FjacOzbiBhIEhhbWJ1cmdvLCBHZXJtYW55IChow61icmlkbykiLCJjb21wYW55X25hbWUiOiJFbkJXIEVuZXJnaWUgQmFkZW4tV8O8cnR0ZW1iZXJnIiwiYWRkcmVzc19jaXR5IjoiTG9ncm/DsW8sIFNwYWluIiwiaHRpZG9jaWQiOiJsdmlpczl3VlBPWlpNUzk0QUFBQUFBPT0iLCJ1dWxlIjoidytDQUlRSUNJRlUzQmhhVzQifQ==,Seguridad
eyJqb2JfdGl0bGUiOiJJbmdlbmllcm8vYSBkZSBDaWJlcnNlZ3VyaWRhZCBTZW5pb3IiLCJjb21wYW55X25hbWUiOiJHcnVwbyBDb2JyYSIsImFkZHJlc3NfY2l0eSI6Ik1hZHJpZCwgU3BhaW4iLCJodGlkb2NpZCI6InJjWVhKQWVWb2RmVWNfazdBQUFBQUE9PSIsInV1bGUiOiJ3K0NBSVFJQ0lGVTNCaGFXNCJ9,Seguridad
eyJqb2JfdGl0bGUiOiJJTkdFTklFUk8vQSBDSUJFUlNFR1VSSURBRCIsImNvbXBhbnlfbmFtZSI6IkluZXR1bSIsImFkZHJlc3NfY2l0eSI6IkJpbGJhbywgU3BhaW4iLCJodGlkb2NpZCI6Imc1ZjV1SzVHbFcxeThSRmFBQUFBQUE9PSIsInV1bGUiOiJ3K0NBSVFJQ0lGVTNCaGFXNCJ9,Seguridad
eyJqb2JfdGl0bGUiOiJJbmdlbmllcm8gQ2liZXJzZWd1cmlkYWQgSW5kdXN0cmlhbCwgaGlicmlkbyIsImNvbXBhbnlfbmFtZSI6IlBhZ2UgUGVyc29ubmVsIiwiYWRkcmVzc19jaXR5IjoiQnVyZ29zLCBTcGFpbiIsImh0aWRvY2lkIjoiLWFLUy1TUlZSd21YWGhlRkFBQUFBQT09IiwidXVsZSI6IncrQ0FJUUlDSUZVM0JoYVc0In0=,Seguridad
eyJqb2JfdGl0bGUiOiJJbmdlbmllcm8vYSBkZSBDaWJlcnNlZ3VyaWRhZCAoMjAyNC1UMDAyMTUpIDUiLCJjb21wYW55X25hbWUiOiJJc2RlZmUiLCJhZGRyZXNzX2NpdHkiOiJNYWRyaWQsIFNwYWluIiwiaHRpZG9jaWQiOiJaNWhQSjZiVGF1MmxTdGx4QUFBQUFBPT0iLCJ1dWxlIjoidytDQUlRSUNJRlUzQmhhVzQifQ==,Seguridad
eyJqb2JfdGl0bGUiOiJJbmdlbmllcm8vYSBkZSBjaWJlcnNlZ3VyaWRhZCBTSUVNLCBCYXJjZWxvbmEiLCJjb21wYW55X25hbWUiOiJHTVYiLCJhZGRyZXNzX2NpdHkiOiJCYXJjZWxvbmEsIFNwYWluIiwiaHRpZG9jaWQiOiJwclVBeHh3b20yVENab1ZIQUFBQUFBPT0iLCJ1dWxlIjoidytDQUlRSUNJRlUzQmhhVzQifQ==,Seguridad
eyJqb2JfdGl0bGUiOiJJbmdlbmllcm9zL2FzIEp1bmlvciBDaWJlcnNlZ3VyaWRhZCAtIEVudGVycHJpc2UgU2VjdXJpdHkgQkNOIiwiY29tcGFueV9uYW1lIjoiRGVsb2l0dGUiLCJhZGRyZXNzX2NpdHkiOiJCYXJjZWxvbmEsIFNwYWluIiwiaHRpZG9jaWQiOiJkSXZRejNDZ0ExbEpoa3U2QUFBQUFBPT0iLCJ1dWxlIjoidytDQUlRSUNJRlUzQmhhVzQifQ==,Seguridad
eyJqb2JfdGl0bGUiOiJJbmdlbmllcm8gUHl0aG9uIENpYmVyc2VndXJpZGFkIiwiY29tcGFueV9uYW1lIjoiWWVlcGx5IiwiYWRkcmVzc19jaXR5IjoiTWFkcmlkLCBTcGFpbiIsImh0aWRvY2lkIjoiMldFbF9qZ2NIVGM5eXh3TEFBQUFBQT09IiwidXVsZSI6IncrQ0FJUUlDSUZVM0JoYVc0In0=,Seguridad
eyJqb2JfdGl0bGUiOiJJbmdlbmllcm8ganVuaW9yIGRlIGNpYmVyc2VndXJpZGFkIiwiY29tcGFueV9uYW1lIjoiR212IiwiYWRkcmVzc19jaXR5IjoiTWFkcmlkLCBTcGFpbiIsImh0aWRvY2lkIjoiN1JTdEI5TkNVVjR5RjlKTEFBQUFBQT09IiwidXVsZSI6IncrQ0FJUUlDSUZVM0JoYVc0In0=,Seguridad
eyJqb2JfdGl0bGUiOiJJTkdFTklFUk8vQSBTVyAtIEhXIFkgQ0lCRVJTRUdVUklEQUQiLCJjb21wYW55X25hbWUiOiJQXHUwMDI2UEQgSW5nZW5pZXJvcyIsImFkZHJlc3NfY2l0eSI6IlNldmlsbGUsIFNwYWluIiwiaHRpZG9jaWQiOiJoVEhQVEwxNG1uaEkwM1VGQUFBQUFBPT0iLCJ1dWxlIjoidytDQUlRSUNJRlUzQmhhVzQifQ==,Seguridad
eyJqb2JfdGl0bGUiOiJJTkdFTklFUk8vQSBTVyAtIEhXIFkgQ0lCRVJTRUdVUklEQUQiLCJjb21wYW55X25hbWUiOiJQXHUwMDI2UEQgSW5nZW5pZXJvcyIsImFkZHJlc3NfY2l0eSI6IlNldmlsbGUsIFNwYWluIiwiaHRpZG9jaWQiOiJoVEhQVEwxNG1uaEkwM1VGQUFBQUFBPT0iLCJ1dWxlIjoidytDQUlRSUNJRlUzQmhhVzQifQ==,Integración
eyJqb2JfdGl0bGUiOiJJbmdlbmllcm8vYSBDaWJlcnNlZ3VyaWRhZCBPVCAoU0NBREEvUExDKSIsImNvbXBhbnlfbmFtZSI6IkRpZ2l0YWwgVGFsZW50IEFnZW5jeSIsImFkZHJlc3NfY2l0eSI6Ik1hZHJpZCwgU3BhaW4iLCJodGlkb2NpZCI6InVEWFN5U0x3V04zX3J6ci1BQUFBQUE9PSIsInV1bGUiOiJ3K0NBSVFJQ0lGVTNCaGFXNCJ9,Seguridad
eyJqb2JfdGl0bGUiOiJJbmdlbmllcm8gZGUgQ2liZXJzZWd1cmlkYWQgLSBDQURJWiIsImNvbXBhbnlfbmFtZSI6IkRSQUdBRE9TIE9GRlNIT1JFIiwiYWRkcmVzc19jaXR5IjoiQ8OhZGl6LCBTcGFpbiIsImh0aWRvY2lkIjoiN2NxOFkzVl9peDFaUVhFWkFBQUFBQT09IiwidXVsZSI6IncrQ0FJUUlDSUZVM0JoYVc0In0=,Seguridad
eyJqb2JfdGl0bGUiOiJJbmdlbmllcm8vQSBEZSBDaWJlcnNlZ3VyaWRhZCIsImNvbXBhbnlfbmFtZSI6IkFudGFsIEludGVybmF0aW9uYWwiLCJhZGRyZXNzX2NpdHkiOiJCYXJjZWxvbmEsIFNwYWluIiwiaHRpZG9jaWQiOiJWcU8ycWZ0aHZwbXVYWDVFQUFBQUFBPT0iLCJ1dWxlIjoidytDQUlRSUNJRlUzQmhhVzQifQ==,Seguridad
eyJqb2JfdGl0bGUiOiJJbmdlbmllcm8vYSBpbmZyYSBkZSBjaWJlcnNlZ3VyaWRhZCIsImNvbXBhbnlfbmFtZSI6IkdtdiIsImFkZHJlc3NfY2l0eSI6Ik1hZHJpZCwgU3BhaW4iLCJodGlkb2NpZCI6Ill1czdNMGY2dWJtaWpVLU1BQUFBQUE9PSIsInV1bGUiOiJ3K0NBSVFJQ0lGVTNCaGFXNCJ9,Seguridad
eyJqb2JfdGl0bGUiOiJJbmdlbmllcm8vYSBkZSBDaWJlcnNlZ3VyaWRhZCBPVCAoU0NBREEvUExDKSAoUmVtb3RvKSIsImNvbXBhbnlfbmFtZSI6IlJhd3NvbiBCUE8iLCJhZGRyZXNzX2NpdHkiOiJNYWRyaWQsIFNwYWluIiwiaHRpZG9jaWQiOiJyMjVIZkRSS3NoejJYNThlQUFBQUFBPT0iLCJ1dWxlIjoidytDQUlRSUNJRlUzQmhhVzQifQ==,Seguridad
eyJqb2JfdGl0bGUiOiJJbmdlbmllcm8vYSBDaWJlcnNlZ3VyaWRhZCIsImNvbXBhbnlfbmFtZSI6Ikdlc3RlbGNvbSBTZXJ2aWNpb3MiLCJhZGRyZXNzX2NpdHkiOiJCYXJjZWxvbmEsIFNwYWluIiwiaHRpZG9jaWQiOiJxUkxPb3FZVkFDdmpxVF9OQUFBQUFBPT0iLCJ1dWxlIjoidytDQUlRSUNJRlUzQmhhVzQifQ==,Seguridad
eyJqb2JfdGl0bGUiOiJJbmdlbmllcm9zIGVuIENpYmVyc2VndXJpZGFkIiwiY29tcGFueV9uYW1lIjoiUHJvY2VzaWEiLCJhZGRyZXNzX2NpdHkiOiJNYWRyaWQsIFNwYWluIiwiaHRpZG9jaWQiOiJNel8tbnRwYUJoSXdLMGRNQUFBQUFBPT0iLCJ1dWxlIjoidytDQUlRSUNJRlUzQmhhVzQifQ==,Seguridad
eyJqb2JfdGl0bGUiOiJJbmdlbmllcm8gQ2liZXJzZWd1cmlkYWQgSW5kdXN0cmlhbCIsImNvbXBhbnlfbmFtZSI6IlBhZ2UgUGVyc29ubmVsIiwiYWRkcmVzc19jaXR5IjoiQnVyZ29zLCBTcGFpbiIsImh0aWRvY2lkIjoiRkF4V19LRWlTQTZrZ2l1YkFBQUFBQT09IiwidXVsZSI6IncrQ0FJUUlDSUZVM0JoYVc0In0=,Seguridad
eyJqb2JfdGl0bGUiOiJEZXZlbG9wZXIgQXBwIG5hdGl2YXMgKElPUyAvIEFuZHJvaWQpIiwiY29tcGFueV9uYW1lIjoic2cgdGVjaCIsImFkZHJlc3NfY2l0eSI6Ik1hZHJpZCwgU3BhaW4iLCJodGlkb2NpZCI6Ild5c3RQbzY2MWZGNU1ITXBBQUFBQUE9PSIsInV1bGUiOiJ3K0NBSVFJQ0lGVTNCaGFXNCJ9,Integración
eyJqb2JfdGl0bGUiOiJEZXZlbG9wZXIgQXBwIG5hdGl2YXMgKElPUyAvIEFuZHJvaWQpIiwiY29tcGFueV9uYW1lIjoic2cgdGVjaCIsImFkZHJlc3NfY2l0eSI6Ik1hZHJpZCwgU3BhaW4iLCJodGlkb2NpZCI6Ild5c3RQbzY2MWZGNU1ITXBBQUFBQUE9PSIsInV1bGUiOiJ3K0NBSVFJQ0lGVTNCaGFXNCJ9,Backend
eyJqb2JfdGl0bGUiOiJEZXZlbG9wZXIgSmF2YSBow61icmlkbyBNYWRyaWQiLCJjb21wYW55X25hbWUiOiJJYmVydGVjaCBJVCBTZXJ2aWNlcyIsImFkZHJlc3NfY2l0eSI6Ik1hZHJpZCwgU3BhaW4iLCJodGlkb2NpZCI6IjNxWW9uWHFXdkMwVVF4NDNBQUFBQUE9PSIsInV1bGUiOiJ3K0NBSVFJQ0lGVTNCaGFXNCJ9,Integración
eyJqb2JfdGl0bGUiOiJEZXZlbG9wZXIgQXBwIE5hdGl2YXMiLCJjb21wYW55X25hbWUiOiJTZ3RlY2giLCJhZGRyZXNzX2NpdHkiOiJNYWRyaWQsIFNwYWluIiwiaHRpZG9jaWQiOiJIMEprb09rTlpVOEJhTW1YQUFBQUFBPT0iLCJ1dWxlIjoidytDQUlRSUNJRlUzQmhhVzQifQ==,Integración
eyJqb2JfdGl0bGUiOiJEZXZlbG9wZXIgQXBwIE5hdGl2YXMiLCJjb21wYW55X25hbWUiOiJTZ3RlY2giLCJhZGRyZXNzX2NpdHkiOiJNYWRyaWQsIFNwYWluIiwiaHRpZG9jaWQiOiJIMEprb09rTlpVOEJhTW1YQUFBQUFBPT0iLCJ1dWxlIjoidytDQUlRSUNJRlUzQmhhVzQifQ==,Backend
eyJqb2JfdGl0bGUiOiJBbmFsaXN0YSBwcm9ncmFtYWRvci9hIGphdmEsIGhpYnJpZG8iLCJjb21wYW55X25hbWUiOiJTZXJieXRlIFNlcnZpY2lvcyBJdCIsImFkZHJlc3NfY2l0eSI6Ik1hZHJpZCwgU3BhaW4iLCJodGlkb2NpZCI6IktidGR5cGRQUDRoUXdSMElBQUFBQUE9PSIsInV1bGUiOiJ3K0NBSVFJQ0lGVTNCaGFXNCJ9,Integración
eyJqb2JfdGl0bGUiOiJEZXNhcnJvbGxhZG9yL2EgSmF2YSBjb24gTWljcm9zZXJ2aWNpb3MsIGhpYnJpZG8iLCJjb21wYW55X25hbWUiOiJUdXnDuiBUZWNobm9sb2d5IiwiYWRkcmVzc19jaXR5IjoiTWFkcmlkLCBTcGFpbiIsImh0aWRvY2lkIjoiUTZuN1RQdkROcEs5QWdlWUFBQUFBQT09IiwidXVsZSI6IncrQ0FJUUlDSUZVM0JoYVc0In0=,Integración
eyJqb2JfdGl0bGUiOiJTZW5pb3IgZnVsbHN0YWNrIGRldmVsb3BlciAoUFlUSE9OLURKQU5HTyktIEjDrWJyaWRvIiwiY29tcGFueV9uYW1lIjoiVGltdXAiLCJhZGRyZXNzX2NpdHkiOiJCYXJjZWxvbmEsIFNwYWluIiwiaHRpZG9jaWQiOiJKWUNDLThheXRIWllKOVRGQUFBQUFBPT0iLCJ1dWxlIjoidytDQUlRSUNJRlUzQmhhVzQifQ==,Backend
eyJqb2JfdGl0bGUiOiJbRS03NTFdIC0gRXNwZWNpYWxpc3RhIEVuIFNlZ3VyaWRhZCBFbiBQcm95ZWN0b3MgSXQiLCJjb21wYW55X25hbWUiOiIqTm9tYnJlIE9jdWx0byoiLCJhZGRyZXNzX2NpdHkiOiJNYWRyaWQsIFNwYWluIiwiaHRpZG9jaWQiOiI5ZlBlbkN1SUZsMDREem00QUFBQUFBPT0iLCJ1dWxlIjoidytDQUlRSUNJRlUzQmhhVzQifQ==,Seguridad
eyJqb2JfdGl0bGUiOiJHZXN0b3IgZGUgVGVjbm9sb2fDrWEgeSBQcm95ZWN0b3MgRGlnaXRhbGVzIHBhcmEgRXZlbnRvcyIsImNvbXBhbnlfbmFtZSI6IkdydXBvIEFic29sdXRlIiwiYWRkcmVzc19jaXR5IjoiU2V2aWxsZSwgU3BhaW4iLCJodGlkb2NpZCI6ImZjOGFsZHhESENvMG5ZeExBQUFBQUE9PSIsInV1bGUiOiJ3K0NBSVFJQ0lGVTNCaGFXNCJ9,Integración
eyJqb2JfdGl0bGUiOiJDb29yZGluYWRvci9hIGRlIFByb3llY3RvcyBUSSIsImNvbXBhbnlfbmFtZSI6IkJJT1ciLCJhZGRyZXNzX2NpdHkiOiJMbGFuZXJhLCBTcGFpbiIsImh0aWRvY2lkIjoibm9fejZZWi1SN0tGSjhVVUFBQUFBQT09IiwidXVsZSI6IncrQ0FJUUlDSUZVM0JoYVc0In0=,Seguridad
eyJqb2JfdGl0bGUiOiJDb29yZGluYWRvci9hIGRlIFByb3llY3RvcyBUSSIsImNvbXBhbnlfbmFtZSI6IkJJT1ciLCJhZGRyZXNzX2NpdHkiOiJMbGFuZXJhLCBTcGFpbiIsImh0aWRvY2lkIjoibm9fejZZWi1SN0tGSjhVVUFBQUFBQT09IiwidXVsZSI6IncrQ0FJUUlDSUZVM0JoYVc0In0=,Integración
eyJqb2JfdGl0bGUiOiJKZWZlIGRlIFByb3llY3RvcyBwYXJhIFNnZSIsImNvbXBhbnlfbmFtZSI6IkNvbmZpZGVuY2lhbCIsImFkZHJlc3NfY2l0eSI6Ik1hZHJpZCwgU3BhaW4iLCJodGlkb2NpZCI6IlZvbmtMYmEtSUpMSkxqcndBQUFBQUE9PSIsInV1bGUiOiJ3K0NBSVFJQ0lGVTNCaGFXNCJ9,Seguridad
eyJqb2JfdGl0bGUiOiJQcm9qZWN0IE1hbmFnZXIgLSBDbGllbnRlIEludGVybmFjaW9uYWwiLCJjb21wYW55X25hbWUiOiJQYWdlIFBlcnNvbm5lbCIsImFkZHJlc3NfY2l0eSI6IkJhcmNlbG9uYSwgU3BhaW4iLCJodGlkb2NpZCI6IlBxLUJEQW9ReXVtaXNyREhBQUFBQUE9PSIsInV1bGUiOiJ3K0NBSVFJQ0lGVTNCaGFXNCJ9,Backend
eyJqb2JfdGl0bGUiOiJSZXNwb25zYWJsZSBkZSBwcm95ZWN0b3MgSVQiLCJjb21wYW55X25hbWUiOiJWYWxvcmEyMDIxIiwiYWRkcmVzc19jaXR5IjoiU3BhaW4iLCJodGlkb2NpZCI6Ink2UUcwcmZZT1Y4a3pfT1VBQUFBQUE9PSIsInV1bGUiOiJ3K0NBSVFJQ0lGVTNCaGFXNCJ9,Integración
eyJqb2JfdGl0bGUiOiJFc3BlY2lhbGlzdGEgR3JjIFNlZ3VyaWRhZCBJdCIsImNvbXBhbnlfbmFtZSI6IkdydXBvIE5zIiwiYWRkcmVzc19jaXR5IjoiWmFyYWdvemEsIFNwYWluIiwiaHRpZG9jaWQiOiJsUlhBZHdVTjJPZ3o0TmpOQUFBQUFBPT0iLCJ1dWxlIjoidytDQUlRSUNJRlUzQmhhVzQifQ==,Seguridad
eyJqb2JfdGl0bGUiOiJEZXNhcnJvbGxhZG9yL2EgZnVsbCBTdGFjayAoQyMvQW5ndWxhcikiLCJjb21wYW55X25hbWUiOiJKb3BweSIsImFkZHJlc3NfY2l0eSI6IlRvcnJlasOzbiBkZSBBcmRveiwgU3BhaW4iLCJodGlkb2NpZCI6IjlveVlPY2c5YXJuSTZTcG5BQUFBQUE9PSIsInV1bGUiOiJ3K0NBSVFJQ0lGVTNCaGFXNCJ9,Integración
eyJqb2JfdGl0bGUiOiJEZXNhcnJvbGxhZG9yL2EgU29mdHdhcmUgQysrIChIL00vTikiLCJjb21wYW55X25hbWUiOiJCZXJ0cmFuZHQgR3JvdXAiLCJhZGRyZXNzX2NpdHkiOiJUb3JyZWrDs24gZGUgQXJkb3osIFNwYWluIiwiaHRpZG9jaWQiOiJDN3UzMTdDdF85VlZqTGo4QUFBQUFBPT0iLCJ1dWxlIjoidytDQUlRSUNJRlUzQmhhVzQifQ==,Integración
eyJqb2JfdGl0bGUiOiJEZXNhcnJvbGxhZG9yIEJhY2stRW5kIEphdmEgKEYvTSkiLCJjb21wYW55X25hbWUiOiJBdG9zIiwiYWRkcmVzc19jaXR5IjoiQmFyY2Vsb25hLCBTcGFpbiIsImh0aWRvY2lkIjoiNENFTTVEQ2l5Z194Nk5mT0FBQUFBQT09IiwidXVsZSI6IncrQ0FJUUlDSUZVM0JoYVc0In0=,Integración
eyJqb2JfdGl0bGUiOiJEZXNhcnJvbGxhZG9yIHNvZnR3YXJlIGVtYmViaWRvIiwiY29tcGFueV9uYW1lIjoiSGF5cyIsImFkZHJlc3NfY2l0eSI6IlZhbGVuY2lhLCBTcGFpbiIsImh0aWRvY2lkIjoiTjQ2SVdwNFo3RG55SWpoQkFBQUFBQT09IiwidXVsZSI6IncrQ0FJUUlDSUZVM0JoYVc0In0=,Seguridad
eyJqb2JfdGl0bGUiOiJFc3BlY2lhbGlzdGEgZW4gR2VzdGnDs24gZGUgSWRlbnRpZGFkIiwiY29tcGFueV9uYW1lIjoiS2FwcmVzIFRlY2hub2xvZ3ksIFMuTC4iLCJhZGRyZXNzX2NpdHkiOiJNYWRyaWQsIFNwYWluIiwiaHRpZG9jaWQiOiJRS19UZTdhSGpxZnVUX19JQUFBQUFBPT0iLCJ1dWxlIjoidytDQUlRSUNJRlUzQmhhVzQifQ==,Seguridad
eyJqb2JfdGl0bGUiOiJFc3BlY2lhbGlzdGEgZW4gZ2VzdGnDs24gZGUgZGF0b3MgcGVyc29uYWxlcyIsImNvbXBhbnlfbmFtZSI6ImRvbWVzdGlrbyIsImFkZHJlc3NfY2l0eSI6IlZhbGxhZG9saWQsIFNwYWluIiwiaHRpZG9jaWQiOiJYeGJrVkxfcDUtZUZXZXdRQUFBQUFBPT0iLCJ1dWxlIjoidytDQUlRSUNJRlUzQmhhVzQifQ==,Seguridad
eyJqb2JfdGl0bGUiOiJFc3BlY2lhbGlzdGEgRW4gR2VzdGnDs24gRGUgUHJvZHVjdG9zIFkgRS1Db21tZXJjZSBbQkNZMTQ0XSIsImNvbXBhbnlfbmFtZSI6IlBPUFAgTElHSFRJTkciLCJhZGRyZXNzX2NpdHkiOiJGdWVubGFicmFkYSwgU3BhaW4iLCJodGlkb2NpZCI6IlE1MjM2NEFzU0I1VzdUcWdBQUFBQUE9PSIsInV1bGUiOiJ3K0NBSVFJQ0lGVTNCaGFXNCJ9,Base de datos
eyJqb2JfdGl0bGUiOiJFc3BlY2lhbGlzdGEgRW4gR2VzdGnDs24gRGUgUHJvZHVjdG9zIFkgRS1Db21tZXJjZSBbQkNZMTQ0XSIsImNvbXBhbnlfbmFtZSI6IlBPUFAgTElHSFRJTkciLCJhZGRyZXNzX2NpdHkiOiJGdWVubGFicmFkYSwgU3BhaW4iLCJodGlkb2NpZCI6IlE1MjM2NEFzU0I1VzdUcWdBQUFBQUE9PSIsInV1bGUiOiJ3K0NBSVFJQ0lGVTNCaGFXNCJ9,Integración
eyJqb2JfdGl0bGUiOiJFc3BlY2lhbGlzdGEgZW4gR2VzdGnDs24gZGUgU2lzdGVtYXMgSW5mb3Jtw6F0aWNvcyIsImNvbXBhbnlfbmFtZSI6InNnIHRlY2giLCJhZGRyZXNzX2NpdHkiOiJNYWRyaWQsIFNwYWluIiwiaHRpZG9jaWQiOiJndTZ2WTVfNko4eVM1UkNMQUFBQUFBPT0iLCJ1dWxlIjoidytDQUlRSUNJRlUzQmhhVzQifQ==,Seguridad
eyJqb2JfdGl0bGUiOiJBbmFsaXN0YSBEZXNhcnJvbGxhZG9yL2EgZGUgYXBsaWNhY2lvbmVzIHdlYiIsImNvbXBhbnlfbmFtZSI6IkNyaXRlcmlhIFJlY3Vyc29zIEh1bWFub3MiLCJhZGRyZXNzX2NpdHkiOiJCYXJjZWxvbmEsIFNwYWluIiwiaHRpZG9jaWQiOiJmRjAtNWd0MWJ1VWtlM3ppQUFBQUFBPT0iLCJ1dWxlIjoidytDQUlRSUNJRlUzQmhhVzQifQ==,Frontend Web
eyJqb2JfdGl0bGUiOiJBbmFsaXN0YSBEZXNhcnJvbGxhZG9yL2EgZGUgYXBsaWNhY2lvbmVzIHdlYiIsImNvbXBhbnlfbmFtZSI6IkNyaXRlcmlhIFJlY3Vyc29zIEh1bWFub3MiLCJhZGRyZXNzX2NpdHkiOiJCYXJjZWxvbmEsIFNwYWluIiwiaHRpZG9jaWQiOiJmRjAtNWd0MWJ1VWtlM3ppQUFBQUFBPT0iLCJ1dWxlIjoidytDQUlRSUNJRlUzQmhhVzQifQ==,Base de datos
eyJqb2JfdGl0bGUiOiJBbmFsaXN0YSBEZXNhcnJvbGxhZG9yL2EgZGUgYXBsaWNhY2lvbmVzIHdlYiIsImNvbXBhbnlfbmFtZSI6IkNyaXRlcmlhIFJlY3Vyc29zIEh1bWFub3MiLCJhZGRyZXNzX2NpdHkiOiJCYXJjZWxvbmEsIFNwYWluIiwiaHRpZG9jaWQiOiJmRjAtNWd0MWJ1VWtlM3ppQUFBQUFBPT0iLCJ1dWxlIjoidytDQUlRSUNJRlUzQmhhVzQifQ==,Integración
eyJqb2JfdGl0bGUiOiJEZXNhcnJvbGxhZG9yIEFwbGljYWNpb25lcyBkZSBFc2NyaXRvcmlvLCBNYWRyaWQiLCJjb21wYW55X25hbWUiOiJDb25maWRlbmNpYWwiLCJhZGRyZXNzX2NpdHkiOiJNYWRyaWQsIFNwYWluIiwiaHRpZG9jaWQiOiJGWC16MHdrbUYwWXM4VV9YQUFBQUFBPT0iLCJ1dWxlIjoidytDQUlRSUNJRlUzQmhhVzQifQ==,Base de datos
eyJqb2JfdGl0bGUiOiJFc3BlY2lhbGlzdGEgZW4gRGVzYXJyb2xsbyBBbmd1bGFyIGUgSW9uaWMiLCJjb21wYW55X25hbWUiOiJLcmVsbCBDb25zdWx0aW5nIFx1MDAyNiBUcmFpbmluZyIsImFkZHJlc3NfY2l0eSI6Ik1hZHJpZCwgU3BhaW4iLCJodGlkb2NpZCI6IktHd0RqRlNQUFRibVdaZ0RBQUFBQUE9PSIsInV1bGUiOiJ3K0NBSVFJQ0lGVTNCaGFXNCJ9,Base de datos
eyJqb2JfdGl0bGUiOiJFc3BlY2lhbGlzdGEgZW4gRGVzYXJyb2xsbyBBbmd1bGFyIGUgSW9uaWMiLCJjb21wYW55X25hbWUiOiJLcmVsbCBDb25zdWx0aW5nIFx1MDAyNiBUcmFpbmluZyIsImFkZHJlc3NfY2l0eSI6Ik1hZHJpZCwgU3BhaW4iLCJodGlkb2NpZCI6IktHd0RqRlNQUFRibVdaZ0RBQUFBQUE9PSIsInV1bGUiOiJ3K0NBSVFJQ0lGVTNCaGFXNCJ9,Integración
eyJqb2JfdGl0bGUiOiJUZWNobmljYWwgTGVhZCIsImNvbXBhbnlfbmFtZSI6Ilppb3JlbSIsImFkZHJlc3NfY2l0eSI6Ik1hZHJpZCwgU3BhaW4iLCJodGlkb2NpZCI6InlFRGFDT1kxQlVRVVFnMUtBQUFBQUE9PSIsInV1bGUiOiJ3K0NBSVFJQ0lGVTNCaGFXNCJ9,Integración
eyJqb2JfdGl0bGUiOiJUZWNobmljYWwgTGVhZCIsImNvbXBhbnlfbmFtZSI6Ilppb3JlbSIsImFkZHJlc3NfY2l0eSI6Ik1hZHJpZCwgU3BhaW4iLCJodGlkb2NpZCI6InlFRGFDT1kxQlVRVVFnMUtBQUFBQUE9PSIsInV1bGUiOiJ3K0NBSVFJQ0lGVTNCaGFXNCJ9,Backend
eyJqb2JfdGl0bGUiOiJEZXNhcnJvbGxhZG9yIEFwbGljYWNpb25lcyBNw7N2aWxlcyAoUmVhY3QgTmF0aXZlKSIsImNvbXBhbnlfbmFtZSI6IkxlYXNiYSIsImFkZHJlc3NfY2l0eSI6Ikxlw7NuLCBTcGFpbiIsImh0aWRvY2lkIjoiUXlkOE1oamxxd0lzMEc1NUFBQUFBQT09IiwidXVsZSI6IncrQ0FJUUlDSUZVM0JoYVc0In0=,Integración
eyJqb2JfdGl0bGUiOiJERVNBUlJPTExBRE9SIElORk9STUFUSUNPIERFIEFQUCBXRUIgWSBFQ09NTUVSQ0UgQ09OIEVYUEVSSUVOQ0lBIiwiY29tcGFueV9uYW1lIjoiU0xFRVBaWk9ORSBMQU5EIFMuTC4iLCJhZGRyZXNzX2NpdHkiOiJNYWRyaWQsIFNwYWluIiwiaHRpZG9jaWQiOiJRazZvajNFalN4TFNaRTNnQUFBQUFBPT0iLCJ1dWxlIjoidytDQUlRSUNJRlUzQmhhVzQifQ==,Base de datos
eyJqb2JfdGl0bGUiOiJERVNBUlJPTExBRE9SIElORk9STUFUSUNPIERFIEFQUCBXRUIgWSBFQ09NTUVSQ0UgQ09OIEVYUEVSSUVOQ0lBIiwiY29tcGFueV9uYW1lIjoiU0xFRVBaWk9ORSBMQU5EIFMuTC4iLCJhZGRyZXNzX2NpdHkiOiJNYWRyaWQsIFNwYWluIiwiaHRpZG9jaWQiOiJRazZvajNFalN4TFNaRTNnQUFBQUFBPT0iLCJ1dWxlIjoidytDQUlRSUNJRlUzQmhhVzQifQ==,Integración
eyJqb2JfdGl0bGUiOiJFc3BlY2lhbGlzdGEgUFNTIiwiY29tcGFueV9uYW1lIjoiUmFuZHN0YWQgRGlnaXRhbCIsImFkZHJlc3NfY2l0eSI6IkJhcmNlbG9uYSwgU3BhaW4iLCJodGlkb2NpZCI6IjR0RjIydXpCM2ZRRkNqN2FBQUFBQUE9PSIsInV1bGUiOiJ3K0NBSVFJQ0lGVTNCaGFXNCJ9,Seguridad
eyJqb2JfdGl0bGUiOiJEZXNhcnJvbGxhZG9yL2EgaU9TIiwiY29tcGFueV9uYW1lIjoiQmV0d2VlbiBUZWNobm9sb2d5IiwiYWRkcmVzc19jaXR5IjoiQmFyY2Vsb25hLCBTcGFpbiIsImh0aWRvY2lkIjoiTmUtUFI1TWRjZEhVbDVabEFBQUFBQT09IiwidXVsZSI6IncrQ0FJUUlDSUZVM0JoYVc0In0=,Seguridad
eyJqb2JfdGl0bGUiOiJEZXNhcnJvbGxhZG9yL2EgRnJvbnQvQXBwcyIsImNvbXBhbnlfbmFtZSI6IlN0YXJ0IFBlb3BsZSIsImFkZHJlc3NfY2l0eSI6Ik1hZHJpZCwgU3BhaW4iLCJodGlkb2NpZCI6IkpfdnN5V2djU1VGcHpuOUFBQUFBQUE9PSIsInV1bGUiOiJ3K0NBSVFJQ0lGVTNCaGFXNCJ9,Integración
eyJqb2JfdGl0bGUiOiJEZXNhcnJvbGxhZG9yIFdlYiIsImNvbXBhbnlfbmFtZSI6IlJvYmxlciIsImFkZHJlc3NfY2l0eSI6IlZhbGVuY2lhLCBTcGFpbiIsImh0aWRvY2lkIjoicFA0WmxFOXhXS1R6SWlZY0FBQUFBQT09IiwidXVsZSI6IncrQ0FJUUlDSUZVM0JoYVc0In0=,Seguridad
eyJqb2JfdGl0bGUiOiJGcmVlbGFuY2UgQW5kcm9pZCBTZW5pb3IgRGV2ZWxvcGVyIiwiY29tcGFueV9uYW1lIjoiQVJLQU5BIiwiYWRkcmVzc19jaXR5IjoiQ8OhZGl6LCBTcGFpbiIsImh0aWRvY2lkIjoiaTdpcEFkSWFHcE4xWTBVb0FBQUFBQT09IiwidXVsZSI6IncrQ0FJUUlDSUZVM0JoYVc0In0=,Seguridad
eyJqb2JfdGl0bGUiOiJGcmVlbGFuY2UgQW5kcm9pZCBTZW5pb3IgRGV2ZWxvcGVyIiwiY29tcGFueV9uYW1lIjoiQVJLQU5BIiwiYWRkcmVzc19jaXR5IjoiQ8OhZGl6LCBTcGFpbiIsImh0aWRvY2lkIjoiaTdpcEFkSWFHcE4xWTBVb0FBQUFBQT09IiwidXVsZSI6IncrQ0FJUUlDSUZVM0JoYVc0In0=,Integración
eyJqb2JfdGl0bGUiOiJJbXBsZW1lbnRhY2lvbiBEZSBBcHBzIFBhcmEgUmVkIFNvY2lhbCBFbC4uLiIsImNvbXBhbnlfbmFtZSI6IkVtcHJlc2EgUmVjb25vY2lkYSIsImFkZHJlc3NfY2l0eSI6Ik1hZHJpZCwgU3BhaW4iLCJodGlkb2NpZCI6ImhOczlLcEh2UmFhWjFXemZBQUFBQUE9PSIsInV1bGUiOiJ3K0NBSVFJQ0lGVTNCaGFXNCJ9,Mobile
eyJqb2JfdGl0bGUiOiJJbXBsZW1lbnRhY2lvbiBEZSBBcHBzIFBhcmEgUmVkIFNvY2lhbCBFbC4uLiIsImNvbXBhbnlfbmFtZSI6IkVtcHJlc2EgUmVjb25vY2lkYSIsImFkZHJlc3NfY2l0eSI6Ik1hZHJpZCwgU3BhaW4iLCJodGlkb2NpZCI6ImhOczlLcEh2UmFhWjFXemZBQUFBQUE9PSIsInV1bGUiOiJ3K0NBSVFJQ0lGVTNCaGFXNCJ9,Backend
eyJqb2JfdGl0bGUiOiJEZXNhcnJvbGxhZG9yIGRlIGFwbGljYWNpb25lcyBtw7N2aWxlcyIsImNvbXBhbnlfbmFtZSI6IklOTk9WQVNVUiIsImFkZHJlc3NfY2l0eSI6Ikphw6luLCBTcGFpbiIsImh0aWRvY2lkIjoiajVYZ3hoRU1QcmNoSmpRUEFBQUFBQT09IiwidXVsZSI6IncrQ0FJUUlDSUZVM0JoYVc0In0=,Backend
eyJqb2JfdGl0bGUiOiI/IChCdWVuIFNhbGFyaW8pIERlc2Fycm9sbGFkb3IgRGUgQXBsaWNhY2lvbmVzIE3Ds3ZpbGVzIiwiY29tcGFueV9uYW1lIjoiSU5OT1ZBU1VSIiwiYWRkcmVzc19jaXR5IjoiSmHDqW4sIFNwYWluIiwiaHRpZG9jaWQiOiIwdFFJdFNsTDJvOVhUYV9pQUFBQUFBPT0iLCJ1dWxlIjoidytDQUlRSUNJRlUzQmhhVzQifQ==,Backend
eyJqb2JfdGl0bGUiOiJEZXNhcnJvbGxhZG9yIElPTklDIiwiY29tcGFueV9uYW1lIjoiRXhwb3J0YWRvcmEgRGF0YSBCYXNlIFMuQS4iLCJhZGRyZXNzX2NpdHkiOiJNYWRyaWQsIFNwYWluIiwiaHRpZG9jaWQiOiI2dmc0V3JHT0RFQmgyRXZ2QUFBQUFBPT0iLCJ1dWxlIjoidytDQUlRSUNJRlUzQmhhVzQifQ==,Seguridad
eyJqb2JfdGl0bGUiOiJEZXNhcnJvbGxhZG9yIG1vYmlsZSIsImNvbXBhbnlfbmFtZSI6IkNsYWlyZSBKb3N0ZXIiLCJhZGRyZXNzX2NpdHkiOiJFbGl6YWxkZSwgU3BhaW4iLCJodGlkb2NpZCI6Ino2Q0JwdzdYeXFjTnpOZnBBQUFBQUE9PSIsInV1bGUiOiJ3K0NBSVFJQ0lGVTNCaGFXNCJ9,Seguridad
eyJqb2JfdGl0bGUiOiJKZWZlL2EgZGUgcHJveWVjdG8gZGVzYXJyb2xsbyBzb2Z0d2FyZSIsImNvbXBhbnlfbmFtZSI6IkdNViIsImFkZHJlc3NfY2l0eSI6Ik1hZHJpZCwgU3BhaW4iLCJodGlkb2NpZCI6IjBEaGhGbzBwWTZFRXJkWVBBQUFBQUE9PSIsInV1bGUiOiJ3K0NBSVFJQ0lGVTNCaGFXNCJ9,Seguridad
eyJqb2JfdGl0bGUiOiJQcm9ncmFtYWRvci9hIEVzcGVjaWFsaXN0YSBlbiBEcnVwYWwiLCJjb21wYW55X25hbWUiOiJHUlVQTyBURUNPUFkiLCJhZGRyZXNzX2NpdHkiOiJNYWRyaWQsIFNwYWluIiwiaHRpZG9jaWQiOiJKRktEYzVCTHdOR1BRZmNLQUFBQUFBPT0iLCJ1dWxlIjoidytDQUlRSUNJRlUzQmhhVzQifQ==,Integración
eyJqb2JfdGl0bGUiOiJFc3BlY2lhbGlzdGEgRW4gQ2liZXJzZWd1cmlkYWQiLCJjb21wYW55X25hbWUiOiJOZXh0dGljIiwiYWRkcmVzc19jaXR5IjoiQSBDb3J1w7FhLCBTcGFpbiIsImh0aWRvY2lkIjoiRXlaM29HQVBpQmNnYTZzV0FBQUFBQT09IiwidXVsZSI6IncrQ0FJUUlDSUZVM0JoYVc0In0=,Seguridad
eyJqb2JfdGl0bGUiOiJBZG1pbmlzdHJhZG9yIGRlIHNlZ3VyaWRhZCBwZXJpbWV0cmFsIiwiY29tcGFueV9uYW1lIjoiU2Vjb25kIFdpbmRvdyIsImFkZHJlc3NfY2l0eSI6Ik1hZHJpZCwgU3BhaW4iLCJodGlkb2NpZCI6ImVRZ1ZuaWFVVW1jQkJuLVVBQUFBQUE9PSIsInV1bGUiOiJ3K0NBSVFJQ0lGVTNCaGFXNCJ9,Seguridad
eyJqb2JfdGl0bGUiOiJUw6ljbmljbyBTZWd1cmlkYWQgUGVyaW1ldHJhbCIsImNvbXBhbnlfbmFtZSI6IkFyZWxhbmNlIiwiYWRkcmVzc19jaXR5IjoiTWFkcmlkLCBTcGFpbiIsImh0aWRvY2lkIjoic2tjaFpycE9lbUFHZkdoSkFBQUFBQT09IiwidXVsZSI6IncrQ0FJUUlDSUZVM0JoYVc0In0=,Seguridad
eyJqb2JfdGl0bGUiOiJBZG1pbmlzdHJhZG9yL2EgZGUgU2VndXJpZGFkIHBlcmltZXRyYWwsIDEwMCUgRW4gcmVtb3RvIiwiY29tcGFueV9uYW1lIjoiR3J1cG8gU0lBIiwiYWRkcmVzc19jaXR5IjoiU3BhaW4iLCJodGlkb2NpZCI6IldGajBaMUFmb1hsUEVSeVJBQUFBQUE9PSIsInV1bGUiOiJ3K0NBSVFJQ0lGVTNCaGFXNCJ9,Seguridad
eyJqb2JfdGl0bGUiOiJUw6ljbmljbyBzZWd1cmlkYWQgcGVyaW1ldHJhbCAoRm9ydGlnYXRlIHkvbyBQYWxvIGFsdG8geSBDaGVja3BvaW50KSIsImNvbXBhbnlfbmFtZSI6Ildlc3Rjb24tQ29tc3RvciIsImFkZHJlc3NfY2l0eSI6IlNwYWluIiwiaHRpZG9jaWQiOiI5Tk9FakhQQi1XdDJJNTI2QUFBQUFBPT0iLCJ1dWxlIjoidytDQUlRSUNJRlUzQmhhVzQifQ==,Seguridad
eyJqb2JfdGl0bGUiOiJFU1BFQ0lBTElTVEEgQ0lCRVJTRUdVUklEQUQgR1JDIiwiY29tcGFueV9uYW1lIjoiR3J1cG8gU2VybWljcm8iLCJhZGRyZXNzX2NpdHkiOiJCYWxlYXJpYyBJc2xhbmRzLCBTcGFpbiIsImh0aWRvY2lkIjoidW5zWmRZalJrOHBfXzFQN0FBQUFBQT09IiwidXVsZSI6IncrQ0FJUUlDSUZVM0JoYVc0In0=,Seguridad
eyJqb2JfdGl0bGUiOiJFeHBlcnRvL2EgRXNxdWVtYSBOYWNpb25hbCBkZSBTZWd1cmlkYWQgKEVOUykgLSBDaWJlcnNlZ3VyaWRhZCIsImNvbXBhbnlfbmFtZSI6Ik5UVCBEQVRBIEV1cm9wZSBcdTAwMjYgTGF0YW0iLCJhZGRyZXNzX2NpdHkiOiJNYWRyaWQsIFNwYWluIiwiaHRpZG9jaWQiOiJuM3hIamdQRThYcVJ2c0duQUFBQUFBPT0iLCJ1dWxlIjoidytDQUlRSUNJRlUzQmhhVzQifQ==,Seguridad
eyJqb2JfdGl0bGUiOiJFeHBlcnRvIGVuIFNlZ3VyaWRhZCBJVC9PVCBwYXJhIFByb3llY3RvIGRlIEkrRCBlbiBTb0MiLCJjb21wYW55X25hbWUiOiJDbGlja0RlZmVuc2UiLCJhZGRyZXNzX2NpdHkiOiJTcGFpbiIsImh0aWRvY2lkIjoiV2hDNFJFV3FnNHdrOTd4YUFBQUFBQT09IiwidXVsZSI6IncrQ0FJUUlDSUZVM0JoYVc0In0=,Seguridad
eyJqb2JfdGl0bGUiOiJHZXN0acOzbiBkZSBQcm95ZWN0b3MsIFJpZXNnb3MgeSBDdW1wbGltaWVudG8gZGUgQ2liZXJzZWd1cmlkYWQgZW4gU29mdHdhcmUiLCJjb21wYW55X25hbWUiOiJUYWxlbnRIdW50ZXIiLCJhZGRyZXNzX2NpdHkiOiJTcGFpbiIsImh0aWRvY2lkIjoiQkRDM1E0djFNdUFTaTlYUEFBQUFBQT09IiwidXVsZSI6IncrQ0FJUUlDSUZVM0JoYVc0In0=,Seguridad
eyJqb2JfdGl0bGUiOiJQcsOhY3RpY2FzIGRlIGNpYmVyc2VndXJpZGFkIC0gU09DIiwiY29tcGFueV9uYW1lIjoiSVRoaW5rVVBDIiwiYWRkcmVzc19jaXR5IjoiQmFyY2Vsb25hLCBTcGFpbiIsImh0aWRvY2lkIjoiLTU3YldHY3prS2hXdnI5dkFBQUFBQT09IiwidXVsZSI6IncrQ0FJUUlDSUZVM0JoYVc0In0=,Seguridad
eyJqb2JfdGl0bGUiOiJSZXNwb25zYWJsZSBkZSBTZWd1cmlkYWQgSW5mb3Jtw6F0aWNhIHkgUmVkZXMiLCJjb21wYW55X25hbWUiOiJBTElFUiIsImFkZHJlc3NfY2l0eSI6IlJvc3NlbGzDsywgU3BhaW4iLCJodGlkb2NpZCI6IlhERjItNGZXS0Nia2k5d3BBQUFBQUE9PSIsInV1bGUiOiJ3K0NBSVFJQ0lGVTNCaGFXNCJ9,Seguridad
eyJqb2JfdGl0bGUiOiJFc3BlY2lhbGlzdGEgZW4gcmVkZXMgeSBzaXN0ZW1hcywgaGlicmlkbyIsImNvbXBhbnlfbmFtZSI6IkhheXMiLCJhZGRyZXNzX2NpdHkiOiJBdmFsbGUsIFBhcnJlcywgU3BhaW4iLCJodGlkb2NpZCI6ImVzb1Noa0l6SGh3bF90eGpBQUFBQUE9PSIsInV1bGUiOiJ3K0NBSVFJQ0lGVTNCaGFXNCJ9,Seguridad
eyJqb2JfdGl0bGUiOiJFc3BlY2lhbGlzdGEgU2VndXJpZGFkIFJlZCBac2NhbGVyLiBSZW1vdG8gW0lQTDA5OF0iLCJjb21wYW55X25hbWUiOiJHcnVwbyBOUyIsImFkZHJlc3NfY2l0eSI6Ik1hZHJpZCwgU3BhaW4iLCJodGlkb2NpZCI6IjlhM1NTaFlSbU1GcWFtSjdBQUFBQUE9PSIsInV1bGUiOiJ3K0NBSVFJQ0lGVTNCaGFXNCJ9,Seguridad
eyJqb2JfdGl0bGUiOiJCZWNhIFRhbGVudHVtIC0gw4FyZWEgZGUgSW5ub3ZhY2nDs24geSBTZWd1cmlkYWQgcGFyYSBSZWRlcyBJUCB5IGRlIFRyYW5zcG9ydGUiLCJjb21wYW55X25hbWUiOiJUZWxlZsOzbmljYSIsImFkZHJlc3NfY2l0eSI6Ik1hZHJpZCwgU3BhaW4iLCJodGlkb2NpZCI6InpveUlTajd1NWg3ZlcwRUhBQUFBQUE9PSIsInV1bGUiOiJ3K0NBSVFJQ0lGVTNCaGFXNCJ9,Seguridad
eyJqb2JfdGl0bGUiOiJEZXNhcnJvbGxhZG9yL2EgRnVsbHN0YWNrIFBIUC9KUyIsImNvbXBhbnlfbmFtZSI6IkVJU0kgU29mdCIsImFkZHJlc3NfY2l0eSI6IkJhbGVhcmljIElzbGFuZHMsIFNwYWluIiwiaHRpZG9jaWQiOiJNdWlVaEEtWDZ5bHI5Sl8xQUFBQUFBPT0iLCJ1dWxlIjoidytDQUlRSUNJRlUzQmhhVzQifQ==,Infraestructura cloud
eyJqb2JfdGl0bGUiOiJEZXNhcnJvbGxhZG9yL2EgRnVsbHN0YWNrIFBIUC9KUyIsImNvbXBhbnlfbmFtZSI6IkVJU0kgU29mdCIsImFkZHJlc3NfY2l0eSI6IkJhbGVhcmljIElzbGFuZHMsIFNwYWluIiwiaHRpZG9jaWQiOiJNdWlVaEEtWDZ5bHI5Sl8xQUFBQUFBPT0iLCJ1dWxlIjoidytDQUlRSUNJRlUzQmhhVzQifQ==,Integración
eyJqb2JfdGl0bGUiOiJEZXNhcnJvbGxhZG9yL2EgRnVsbHN0YWNrIFBIUC9KUyIsImNvbXBhbnlfbmFtZSI6IkVJU0kgU09GVCIsImFkZHJlc3NfY2l0eSI6IlBhbG1hLCBTcGFpbiIsImh0aWRvY2lkIjoiZnBuV0dvcTdnZW5DSUROWUFBQUFBQT09IiwidXVsZSI6IncrQ0FJUUlDSUZVM0JoYVc0In0=,Infraestructura cloud
eyJqb2JfdGl0bGUiOiJEZXNhcnJvbGxhZG9yL2EgRnVsbHN0YWNrIFBIUC9KUyIsImNvbXBhbnlfbmFtZSI6IkVJU0kgU09GVCIsImFkZHJlc3NfY2l0eSI6IlBhbG1hLCBTcGFpbiIsImh0aWRvY2lkIjoiZnBuV0dvcTdnZW5DSUROWUFBQUFBQT09IiwidXVsZSI6IncrQ0FJUUlDSUZVM0JoYVc0In0=,Integración
eyJqb2JfdGl0bGUiOiJEZXNhcnJvbGxhZG9yIEZ1bGwgU3RhY2sgKEFuZ3VsYXIpIiwiY29tcGFueV9uYW1lIjoiQ29uc3VsdG9yYSBHZXN0YWwiLCJhZGRyZXNzX2NpdHkiOiJDw7NyZG9iYSwgU3BhaW4iLCJodGlkb2NpZCI6ImJXYmxlR3pCUW9XUDVfUElBQUFBQUE9PSIsInV1bGUiOiJ3K0NBSVFJQ0lGVTNCaGFXNCJ9,Full Stack
eyJqb2JfdGl0bGUiOiJEZXNhcnJvbGxhZG9yL2EgZGUgQW5ndWxhciIsImNvbXBhbnlfbmFtZSI6ImhpYmVydXMiLCJhZGRyZXNzX2NpdHkiOiJTcGFpbiIsImh0aWRvY2lkIjoiOHZDUzhZUUIxTWU3WTNxM0FBQUFBQT09IiwidXVsZSI6IncrQ0FJUUlDSUZVM0JoYVc0In0=,Integración
eyJqb2JfdGl0bGUiOiJEZXNhcnJvbGxhZG9yIEZ1bGwgU3RhY2siLCJjb21wYW55X25hbWUiOiJUaGUgSG9vayAtIElLSSBHcm91cCIsImFkZHJlc3NfY2l0eSI6Ik1hZHJpZCwgU3BhaW4iLCJodGlkb2NpZCI6InBTOHZGRjJYOVQ3ZUJ3UzRBQUFBQUE9PSIsInV1bGUiOiJ3K0NBSVFJQ0lGVTNCaGFXNCJ9,Integración
eyJqb2JfdGl0bGUiOiJEZXNhcnJvbGxhZG9yIEZ1bGwgU3RhY2siLCJjb21wYW55X25hbWUiOiJUaGUgSG9vayAtIElLSSBHcm91cCIsImFkZHJlc3NfY2l0eSI6Ik1hZHJpZCwgU3BhaW4iLCJodGlkb2NpZCI6InBTOHZGRjJYOVQ3ZUJ3UzRBQUFBQUE9PSIsInV1bGUiOiJ3K0NBSVFJQ0lGVTNCaGFXNCJ9,Full Stack
eyJqb2JfdGl0bGUiOiJEZXNhcnJvbGxhZG9yL2EgRnVsbCBTdGFjayBKYXZhIiwiY29tcGFueV9uYW1lIjoiQ0lCIEdyb3VwIEVzcGHDsWEiLCJhZGRyZXNzX2NpdHkiOiJMYXMgUGFsbWFzIGRlIEdyYW4gQ2FuYXJpYSwgU3BhaW4iLCJodGlkb2NpZCI6IjRtclFyTTJyZkE3bFhtVmNBQUFBQUE9PSIsInV1bGUiOiJ3K0NBSVFJQ0lGVTNCaGFXNCJ9,Base de datos
eyJqb2JfdGl0bGUiOiJEZXNhcnJvbGxhZG9yL2EgRnVsbCBTdGFjayBKYXZhIiwiY29tcGFueV9uYW1lIjoiQ0lCIEdyb3VwIEVzcGHDsWEiLCJhZGRyZXNzX2NpdHkiOiJMYXMgUGFsbWFzIGRlIEdyYW4gQ2FuYXJpYSwgU3BhaW4iLCJodGlkb2NpZCI6IjRtclFyTTJyZkE3bFhtVmNBQUFBQUE9PSIsInV1bGUiOiJ3K0NBSVFJQ0lGVTNCaGFXNCJ9,Integración
eyJqb2JfdGl0bGUiOiJEZXNhcnJvbGxhZG9yL2EgLk5FVCIsImNvbXBhbnlfbmFtZSI6IkFSQVRFQ0ggbGlmZXN0eWxlIHRlY2hub2xvZ3kiLCJhZGRyZXNzX2NpdHkiOiJEb25vc3RpYS1TYW4gU2ViYXN0aWFuLCBTcGFpbiIsImh0aWRvY2lkIjoibXV1VHcxOVZwRm1uLVlWVkFBQUFBQT09IiwidXVsZSI6IncrQ0FJUUlDSUZVM0JoYVc0In0=,Base de datos
eyJqb2JfdGl0bGUiOiJTZW5pb3IgU29mdHdhcmUgRGV2ZWxvcGVyIC8gRGF0YSBTY2llbnRpc3QiLCJjb21wYW55X25hbWUiOiJWZWxhdGlhIENhcmVlcnMiLCJhZGRyZXNzX2NpdHkiOiJCb3JvYSwgU3BhaW4iLCJodGlkb2NpZCI6ImprNkZLcm94M0FaUzdSQ3RBQUFBQUE9PSIsInV1bGUiOiJ3K0NBSVFJQ0lGVTNCaGFXNCJ9,Integración
eyJqb2JfdGl0bGUiOiJEZXNhcnJvbGxhZG9yL3JhIGRlIFNvZnR3YXJlIEVtYmViaWRvIChTZW5pb3IpIHwgU2VjdG9yIERlZmVuc2EiLCJjb21wYW55X25hbWUiOiJDZW50dW0iLCJhZGRyZXNzX2NpdHkiOiJNYWRyaWQsIFNwYWluIiwiaHRpZG9jaWQiOiJSbU8wbEkxaXpZdmJEVEtZQUFBQUFBPT0iLCJ1dWxlIjoidytDQUlRSUNJRlUzQmhhVzQifQ==,Seguridad
eyJqb2JfdGl0bGUiOiJQcm9ncmFtYWRvciBmdWxsIHN0YWNrIiwiY29tcGFueV9uYW1lIjoiSE9MQSBDT05TVUxUT1JFUyBTTCIsImFkZHJlc3NfY2l0eSI6IkJhcmNlbG9uYSwgU3BhaW4iLCJodGlkb2NpZCI6IkluMmR6c1lMMndZUUJDQ29BQUFBQUE9PSIsInV1bGUiOiJ3K0NBSVFJQ0lGVTNCaGFXNCJ9,Full Stack
eyJqb2JfdGl0bGUiOiJERVNBUlJPTExBRE9SL0EgWSBQUk9HUkFNQURPUi9BIEZMVVRURVIiLCJjb21wYW55X25hbWUiOiJGYW1hcnljb29sIiwiYWRkcmVzc19jaXR5IjoiQWxpY2FudGUsIFNwYWluIiwiaHRpZG9jaWQiOiJOVDRVeU4ycUFFVU9sT1dwQUFBQUFBPT0iLCJ1dWxlIjoidytDQUlRSUNJRlUzQmhhVzQifQ==,Base de datos
eyJqb2JfdGl0bGUiOiJUw6ljbmljby9hIHN1cGVyaW9yIGVuIGluZm9ybcOhdGljYSIsImNvbXBhbnlfbmFtZSI6ImRvbWVzdGlrby5jb20iLCJhZGRyZXNzX2NpdHkiOiJPdmllZG8sIE11bmljaXBhbGl0eSBvZiBPdmllZG8sIFNwYWluIiwiaHRpZG9jaWQiOiIxcGpvREtwem5HQkV2V3BUQUFBQUFBPT0iLCJ1dWxlIjoidytDQUlRSUNJRlUzQmhhVzQifQ==,Seguridad
eyJqb2JfdGl0bGUiOiJUw6ljbmljbyBtaWNyb2luZm9ybcOhdGljbyBkZSBjYW1wbyIsImNvbXBhbnlfbmFtZSI6IktyZWxsIENvbnN1bHRpbmcgXHUwMDI2QW1wOyBUcmFpbmluZyIsImFkZHJlc3NfY2l0eSI6IlZhbGxhZG9saWQsIFNwYWluIiwiaHRpZG9jaWQiOiJaVmJtcmF6bDdFajMzbTg2QUFBQUFBPT0iLCJ1dWxlIjoidytDQUlRSUNJRlUzQmhhVzQifQ==,Seguridad
eyJqb2JfdGl0bGUiOiJEZXNhcnJvbGxhZG9yL2EgZXNwZWNpYWxpemFkby9hIGVuIGltcGxlbWVudGFjacOzbiBkZSBJbnRlbGlnZW5jaWEgQXJ0aWZpY2lhbCIsImNvbXBhbnlfbmFtZSI6IlRSSU9URUNBIiwiYWRkcmVzc19jaXR5IjoiQmFyY2Vsb25hLCBTcGFpbiIsImh0aWRvY2lkIjoiYzlzWDZOdmh1MVN4RWVObEFBQUFBQT09IiwidXVsZSI6IncrQ0FJUUlDSUZVM0JoYVc0In0=,Integración
eyJqb2JfdGl0bGUiOiJEZXNhcnJvbGxhZG9yL2EgZXNwZWNpYWxpemFkby9hIGVuIGltcGxlbWVudGFjacOzbiBkZSBJbnRlbGlnZW5jaWEgQXJ0aWZpY2lhbCIsImNvbXBhbnlfbmFtZSI6IlRSSU9URUNBIiwiYWRkcmVzc19jaXR5IjoiQmFyY2Vsb25hLCBTcGFpbiIsImh0aWRvY2lkIjoiYzlzWDZOdmh1MVN4RWVObEFBQUFBQT09IiwidXVsZSI6IncrQ0FJUUlDSUZVM0JoYVc0In0=,Backend
eyJqb2JfdGl0bGUiOiJEZXNhcnJvbGxhZG9yIGRlIFByb21wdHMgZGUgSW50ZWxpZ2VuY2lhIEFydGlmaWNpYWwgKElBKSIsImNvbXBhbnlfbmFtZSI6Ik1PQklVUyBHUk9VUCIsImFkZHJlc3NfY2l0eSI6IkFsY29iZW5kYXMsIFNwYWluIiwiaHRpZG9jaWQiOiJ2RlZLRHdBYlA4MkdLR05WQUFBQUFBPT0iLCJ1dWxlIjoidytDQUlRSUNJRlUzQmhhVzQifQ==,Integración
eyJqb2JfdGl0bGUiOiJSZWYgMjAyNDA2MDEgRnVsbCBTdGFjayBTZW5pb3IgRGV2ZWxvcGVyIChBaSBObHAgTGxtKSBBcGxpY2FyIEVuIDMgTWludXRvcyIsImNvbXBhbnlfbmFtZSI6IlNhcGllbnRpcyIsImFkZHJlc3NfY2l0eSI6IkJhcmNlbG9uYSwgU3BhaW4iLCJodGlkb2NpZCI6Ik5wSWZUQmZ6OTNPMWUwWmJBQUFBQUE9PSIsInV1bGUiOiJ3K0NBSVFJQ0lGVTNCaGFXNCJ9,Integración
eyJqb2JfdGl0bGUiOiJSZWYgMjAyNDA2MDEgRnVsbCBTdGFjayBTZW5pb3IgRGV2ZWxvcGVyIChBaSBObHAgTGxtKSBBcGxpY2FyIEVuIDMgTWludXRvcyIsImNvbXBhbnlfbmFtZSI6IlNhcGllbnRpcyIsImFkZHJlc3NfY2l0eSI6IkJhcmNlbG9uYSwgU3BhaW4iLCJodGlkb2NpZCI6Ik5wSWZUQmZ6OTNPMWUwWmJBQUFBQUE9PSIsInV1bGUiOiJ3K0NBSVFJQ0lGVTNCaGFXNCJ9,Full Stack
eyJqb2JfdGl0bGUiOiJSZWYgMjAyNDA2MDEgRnVsbCBTdGFjayBTZW5pb3IgRGV2ZWxvcGVyIChBaSBObHAgTGxtKSBBcGxpY2FyIEVuIDMgTWludXRvcyIsImNvbXBhbnlfbmFtZSI6IlNhcGllbnRpcyIsImFkZHJlc3NfY2l0eSI6IkJhcmNlbG9uYSwgU3BhaW4iLCJodGlkb2NpZCI6Ik5wSWZUQmZ6OTNPMWUwWmJBQUFBQUE9PSIsInV1bGUiOiJ3K0NBSVFJQ0lGVTNCaGFXNCJ9,Backend
eyJqb2JfdGl0bGUiOiJEaXNlbmFkb3IgQSBXZWIgWSBHcmFmaWNvIEVzcGVjaWFsaXN0YSBFbiBDcm8iLCJjb21wYW55X25hbWUiOiJFbXByZXNhIFJlY29ub2NpZGEiLCJhZGRyZXNzX2NpdHkiOiJNYWRyaWQsIFNwYWluIiwiaHRpZG9jaWQiOiJRZzhPRUU0MS1PN19EclNZQUFBQUFBPT0iLCJ1dWxlIjoidytDQUlRSUNJRlUzQmhhVzQifQ==,Integración
eyJqb2JfdGl0bGUiOiJJbmdlbmllcm8vYSBFc3BlY2lhbGlzdGEgZW4gR2VvdMOpY25pYSB5IFTDum5lbGVzIiwiY29tcGFueV9uYW1lIjoiSW50ZWNzYSIsImFkZHJlc3NfY2l0eSI6IlNwYWluIiwiaHRpZG9jaWQiOiJKcXJucnVfMEJ5ZnZrNVdUQUFBQUFBPT0iLCJ1dWxlIjoidytDQUlRSUNJRlUzQmhhVzQifQ==,Base de datos
eyJqb2JfdGl0bGUiOiJJbmdlbmllcm8vYSBFc3BlY2lhbGlzdGEgcGFyYSBDb29yZGluYWNpw7NuIGRlIE1vZGVsbyBlbiBTaXN0ZW1hcyBNZWPDoW5pY29zIiwiY29tcGFueV9uYW1lIjoiTmF2YW50aWEsIFMuQS4sIFMuTS5FIiwiYWRkcmVzc19jaXR5IjoiUHVlcnRvIFJlYWwsIFNwYWluIiwiaHRpZG9jaWQiOiJTVThUVWU2MS15OFlJbm5TQUFBQUFBPT0iLCJ1dWxlIjoidytDQUlRSUNJRlUzQmhhVzQifQ==,Integración
eyJqb2JfdGl0bGUiOiJJTkdFTklFUk8vQSBFU1BFQ0lBTElTVEEgRU4gSU5TVEFMQUNJT05FUyBJTkRVU1RSSUFMRVMuIExVR08iLCJjb21wYW55X25hbWUiOiJOb3J2ZW50byBFbmVyeMOtYSIsImFkZHJlc3NfY2l0eSI6Ikx1Z28sIFNwYWluIiwiaHRpZG9jaWQiOiJ3eGxId0plSkJHaFl2eXJHQUFBQUFBPT0iLCJ1dWxlIjoidytDQUlRSUNJRlUzQmhhVzQifQ==,Integración
eyJqb2JfdGl0bGUiOiJJTkdFTklFUk8vQSBFU1BFQ0lBTElTVEEgRU4gSU5TVEFMQUNJT05FUyBUw4lSTUlDQVMgSU5EVVNUUklBTEVTIiwiY29tcGFueV9uYW1lIjoiTm9ydmVudG8gRW5lcnjDrWEiLCJhZGRyZXNzX2NpdHkiOiJNYWRyaWQsIFNwYWluIiwiaHRpZG9jaWQiOiI5QkIzRmZJV1ZQeG1NN3NTQUFBQUFBPT0iLCJ1dWxlIjoidytDQUlRSUNJRlUzQmhhVzQifQ==,Integración
eyJqb2JfdGl0bGUiOiJJbmdlbmllcm8gZXNwZWNpYWxpc3RhIGVuIGluc3RhbGFjaW9uZXMgdMOpcm1pY2FzIGluZHVzdHJpYWxlcyIsImNvbXBhbnlfbmFtZSI6ImV3aSByZWNydWl0bWVudCIsImFkZHJlc3NfY2l0eSI6IlNwYWluIiwiaHRpZG9jaWQiOiJGekI5UC1BdkVpeHFzOEgwQUFBQUFBPT0iLCJ1dWxlIjoidytDQUlRSUNJRlUzQmhhVzQifQ==,Integración
eyJqb2JfdGl0bGUiOiJFc3BlY2lhbGlzdGEgZGUgU2lzdGVtYXMgZGUgTWV0cm8gQXV0b23DoXRpY28iLCJjb21wYW55X25hbWUiOiJTWVNUUkEgSWLDqXJpY2EiLCJhZGRyZXNzX2NpdHkiOiJNYWRyaWQsIFNwYWluIiwiaHRpZG9jaWQiOiI4WGhuYnJuaDVQVFVaem5fQUFBQUFBPT0iLCJ1dWxlIjoidytDQUlRSUNJRlUzQmhhVzQifQ==,Seguridad
eyJqb2JfdGl0bGUiOiJJbmdlbmllcmEvbyBFc3BlY2lhbGlzdGEgZW4gUmVkZXMgZGUgRGlzdHJpYnVjacOzbiAtIENlcnRpZmljYWRvIGRlIGRpc2NhcGFjaWRhZCAoTWFkcmlkKSAtIDExNjc5IiwiY29tcGFueV9uYW1lIjoiTmF0dXJneSIsImFkZHJlc3NfY2l0eSI6Ik1hZHJpZCwgU3BhaW4iLCJodGlkb2NpZCI6IkJxVDg3VjZUeWdPTTU3RHpBQUFBQUE9PSIsInV1bGUiOiJ3K0NBSVFJQ0lGVTNCaGFXNCJ9,Integración
eyJqb2JfdGl0bGUiOiJSZWYuOiBEZWxpbmVhbnRlIEVzcGVjaWFsaXN0YSBFbiBFbGVjdHJpY2lkYWQuIExhcyBSb3phcywgTWFkcmlkIiwiY29tcGFueV9uYW1lIjoiRXVyb2RlbiBTTC4iLCJhZGRyZXNzX2NpdHkiOiJNYWRyaWQsIFNwYWluIiwiaHRpZG9jaWQiOiJjaGZ2SkJYanhsU2Zvb2JoQUFBQUFBPT0iLCJ1dWxlIjoidytDQUlRSUNJRlUzQmhhVzQifQ==,Base de datos
eyJqb2JfdGl0bGUiOiJUw6ljbmljby9hIGVsZWN0csOzbmljby9pbmZvcm3DoXRpY28gZXNwZWNpYWxpc3RhIGVuIHRlbGVmb27DrWEgbcOzdmlsIHkgbWljcm9zb2xkYWR1cmEiLCJjb21wYW55X25hbWUiOiJEb2N0b3IgVHJvbmljIiwiYWRkcmVzc19jaXR5IjoiTXVyY2lhLCBTcGFpbiIsImh0aWRvY2lkIjoiMXZTM2I2aUFCdlVrSW1VMEFBQUFBQT09IiwidXVsZSI6IncrQ0FJUUlDSUZVM0JoYVc0In0=,Seguridad
eyJqb2JfdGl0bGUiOiJUw6ljbmljbyBFc3BlY2lhbGlzdGEgU0NBREEgKEgvTSkiLCJjb21wYW55X25hbWUiOiJBY3RlbWl1bSBTcGFpbiIsImFkZHJlc3NfY2l0eSI6Ik9ydHVlbGxhLCBTcGFpbiIsImh0aWRvY2lkIjoiemJPQmFJREZYYXpZWlRNS0FBQUFBQT09IiwidXVsZSI6IncrQ0FJUUlDSUZVM0JoYVc0In0=,Integración
eyJqb2JfdGl0bGUiOiJJbmdlbmllcm8vYSBUZWxlY29tdW5pY2FjaW9uZXMvU0NBREEiLCJjb21wYW55X25hbWUiOiJJU1BST1giLCJhZGRyZXNzX2NpdHkiOiJTcGFpbiIsImh0aWRvY2lkIjoiTmJUTkEtMFFBNmE3NUdBaEFBQUFBQT09IiwidXVsZSI6IncrQ0FJUUlDSUZVM0JoYVc0In0=,Integración
eyJqb2JfdGl0bGUiOiJBZG1pbmlzdHJhZG9yL2EgZGUgU2lzdGVtYXMgU0NBREEgKG0vZi9kKSIsImNvbXBhbnlfbmFtZSI6IlNpZW1lbnMiLCJhZGRyZXNzX2NpdHkiOiJUcmVzIENhbnRvcywgU3BhaW4iLCJodGlkb2NpZCI6Ik56UmQ3UURhVnFHUEN3MThBQUFBQUE9PSIsInV1bGUiOiJ3K0NBSVFJQ0lGVTNCaGFXNCJ9,Seguridad
eyJqb2JfdGl0bGUiOiJTY2FkYSBFbmdpbmVlciIsImNvbXBhbnlfbmFtZSI6IkdyZWVuIFJlY3J1aXRtZW50IENvbXBhbnkiLCJhZGRyZXNzX2NpdHkiOiJaYXJhZ296YSwgU3BhaW4iLCJodGlkb2NpZCI6Im1nT3VxVkVQS1RfeG5pc0hBQUFBQUE9PSIsInV1bGUiOiJ3K0NBSVFJQ0lGVTNCaGFXNCJ9,Seguridad
eyJqb2JfdGl0bGUiOiJJbmZvcm1hdGljbyBpbnRlZ3JhY2nDs24gdGVsZWdlc3Rpw7NuLCBQTEMsIFNjYWRhIiwiY29tcGFueV9uYW1lIjoiSVRJU0EsIFNMIiwiYWRkcmVzc19jaXR5IjoiRm9ybmVsbHMgZGUgbGEgU2VsdmEsIFNwYWluIiwiaHRpZG9jaWQiOiJ4LXR5WUpGc1NFcHd4cTlXQUFBQUFBPT0iLCJ1dWxlIjoidytDQUlRSUNJRlUzQmhhVzQifQ==,Integración
eyJqb2JfdGl0bGUiOiJERVNBUlJPTExBRE9SIFdPTkRFUldPUkUgU0NBREEiLCJjb21wYW55X25hbWUiOiJUZWNpbWFuIiwiYWRkcmVzc19jaXR5IjoiRG9ub3N0aWEtU2FuIFNlYmFzdGlhbiwgU3BhaW4iLCJodGlkb2NpZCI6IkxFYXNnRWxJSW9WLVFhdWxBQUFBQUE9PSIsInV1bGUiOiJ3K0NBSVFJQ0lGVTNCaGFXNCJ9,Integración
eyJqb2JfdGl0bGUiOiJJdCBTdXBwb3J0IFNjYWRhIiwiY29tcGFueV9uYW1lIjoiQW1hcmlzIENvbnN1bHRpbmciLCJhZGRyZXNzX2NpdHkiOiJWYWxlbmNpYSwgU3BhaW4iLCJodGlkb2NpZCI6ImNtQWVVWGdKZnJoQUFkdTFBQUFBQUE9PSIsInV1bGUiOiJ3K0NBSVFJQ0lGVTNCaGFXNCJ9,Integración
eyJqb2JfdGl0bGUiOiJQcm9ncmFtYWRvci9hIGRlIFBMQywgSE1JIHkgU0NBREEgKEluZHVzdHJpYSkiLCJjb21wYW55X25hbWUiOiJOVU5TWVMiLCJhZGRyZXNzX2NpdHkiOiJQYXRlcm5hLCBTcGFpbiIsImh0aWRvY2lkIjoicXBrOHVOOTFvNlBNbjFTVkFBQUFBQT09IiwidXVsZSI6IncrQ0FJUUlDSUZVM0JoYVc0In0=,Integración
eyJqb2JfdGl0bGUiOiJDb25zdWx0b3IgZGUgQ2liZXJzZWd1cmlkYWQgfCBEZXRlY2Npw7NuIHkgbW9uaXRvcml6YWNpw7NuIGRlIGFtZW5hemFzIiwiY29tcGFueV9uYW1lIjoiR3J1cG8gU0lBIiwiYWRkcmVzc19jaXR5IjoiQmlsYmFvLCBTcGFpbiIsImh0aWRvY2lkIjoicUdXNlZFOVBLSHNKYTVFeEFBQUFBQT09IiwidXVsZSI6IncrQ0FJUUlDSUZVM0JoYVc0In0=,Seguridad
eyJqb2JfdGl0bGUiOiJDb25zdWx0b3IgZGUgQ2liZXJzZWd1cmlkYWQgfCBEZXRlY2Npw7NuIHkgbW9uaXRvcml6YWNpw7NuIGRlIGFtZW5hemFzIiwiY29tcGFueV9uYW1lIjoiR3J1cG8gU0lBIiwiYWRkcmVzc19jaXR5IjoiQmlsYmFvLCBTcGFpbiIsImh0aWRvY2lkIjoicUdXNlZFOVBLSHNKYTVFeEFBQUFBQT09IiwidXVsZSI6IncrQ0FJUUlDSUZVM0JoYVc0In0=,Integración
eyJqb2JfdGl0bGUiOiJDb25zdWx0b3IvQSBHcmMgRW4gQ2liZXJzZWd1cmlkYWQgKENvbiBJZGlvbWEgSW5nbMOpcyBGbHVpZG8pIiwiY29tcGFueV9uYW1lIjoiR09WRVJUSVMiLCJhZGRyZXNzX2NpdHkiOiJaYXJhZ296YSwgU3BhaW4iLCJodGlkb2NpZCI6IkRoS3FjTmN3VXZGS0VNdzFBQUFBQUE9PSIsInV1bGUiOiJ3K0NBSVFJQ0lGVTNCaGFXNCJ9,Seguridad
eyJqb2JfdGl0bGUiOiJDb25zdWx0b3IvQSBHcmMgRW4gQ2liZXJzZWd1cmlkYWQgLSBSaWVzZ29zIC0gTWFkcmlkIiwiY29tcGFueV9uYW1lIjoiR09WRVJUSVMiLCJhZGRyZXNzX2NpdHkiOiJaYXJhZ296YSwgU3BhaW4iLCJodGlkb2NpZCI6IllwN3ZIZmNVeW5USlFtN3dBQUFBQUE9PSIsInV1bGUiOiJ3K0NBSVFJQ0lGVTNCaGFXNCJ9,Seguridad
eyJqb2JfdGl0bGUiOiJDb25zdWx0b3IgLSBBcnF1aXRlY3R1cmEgZGUgQ2liZXJzZWd1cmlkYWQiLCJjb21wYW55X25hbWUiOiJBY2NlbnR1cmUiLCJhZGRyZXNzX2NpdHkiOiJNYWRyaWQsIFNwYWluIiwiaHRpZG9jaWQiOiJlRHl0NlhIc0NSZDRnaWRvQUFBQUFBPT0iLCJ1dWxlIjoidytDQUlRSUNJRlUzQmhhVzQifQ==,Seguridad
eyJqb2JfdGl0bGUiOiJUVGVjaF9Db25zdWx0b3IvYSBkZSBDaWJlcnNlZ3VyaWRhZCBPVCIsImNvbXBhbnlfbmFtZSI6IlRlbGVmw7NuaWNhIiwiYWRkcmVzc19jaXR5IjoiTWFkcmlkLCBTcGFpbiIsImh0aWRvY2lkIjoiSG9VMXRxTTRfckh2MXBlVkFBQUFBQT09IiwidXVsZSI6IncrQ0FJUUlDSUZVM0JoYVc0In0=,Seguridad
eyJqb2JfdGl0bGUiOiJDb25zdWx0b3IvYSBDaWJlcnNlZ3VyaWRhZCBEZWxlZ2FkbyBkZSBQcm90ZWNjacOzbiBkZSBEYXRvcyIsImNvbXBhbnlfbmFtZSI6InNlcmVtLiBDb25zdWx0b3LDrWEgZW1wcmVzYXJpYWwiLCJhZGRyZXNzX2NpdHkiOiJTcGFpbiIsImh0aWRvY2lkIjoidGV3Ti1HN1FXcWhJTUxZckFBQUFBQT09IiwidXVsZSI6IncrQ0FJUUlDSUZVM0JoYVc0In0=,Seguridad
eyJqb2JfdGl0bGUiOiJDb25zdWx0b3IvYSBDaWJlcnNlZ3VyaWRhZCIsImNvbXBhbnlfbmFtZSI6IkdydXBvIE9lc2lhIiwiYWRkcmVzc19jaXR5IjoiTWFkcmlkLCBTcGFpbiIsImh0aWRvY2lkIjoicnNXVGNTQmpGbjBQeHZnLUFBQUFBQT09IiwidXVsZSI6IncrQ0FJUUlDSUZVM0JoYVc0In0=,Seguridad
eyJqb2JfdGl0bGUiOiJDT05TVUxUT1IvRk9STUFET1IgQ0lCRVJTRUdVUklEQUQgSU5EVVNUUklBTCIsImNvbXBhbnlfbmFtZSI6IkZvcm1hZG9yZXMgSVQiLCJhZGRyZXNzX2NpdHkiOiJNYWRyaWQsIFNwYWluIiwiaHRpZG9jaWQiOiJ3ZkhiaFo0VmdYbmo2Q0FPQUFBQUFBPT0iLCJ1dWxlIjoidytDQUlRSUNJRlUzQmhhVzQifQ==,Seguridad
eyJqb2JfdGl0bGUiOiJDb25zdWx0b3IvYSBTZW5pb3IgQ2liZXJzZWd1cmlkYWQgLSBTZWN0b3IgRmluYW5jaWVybyIsImNvbXBhbnlfbmFtZSI6IkVZIiwiYWRkcmVzc19jaXR5IjoiTWFkcmlkLCBTcGFpbiIsImh0aWRvY2lkIjoiLTNTT2U4MHZqaFlpRDlhYkFBQUFBQT09IiwidXVsZSI6IncrQ0FJUUlDSUZVM0JoYVc0In0=,Seguridad
eyJqb2JfdGl0bGUiOiJDb25zdWx0b3IgQ2liZXJzZWd1cmlkYWQgU2VudGluZWwiLCJjb21wYW55X25hbWUiOiJNTkVNTyBTRVJWSUNJT1MgVEkiLCJhZGRyZXNzX2NpdHkiOiJNYWRyaWQsIFNwYWluIiwiaHRpZG9jaWQiOiJxdGl6R0R3MklqS1V0Yl9GQUFBQUFBPT0iLCJ1dWxlIjoidytDQUlRSUNJRlUzQmhhVzQifQ==,Seguridad
eyJqb2JfdGl0bGUiOiJQLjAwMC4wMDAzIENvbnN1bHRvciBkZSBDaWJlcnNlZ3VyaWRhZCIsImNvbXBhbnlfbmFtZSI6IkF1ZGVhIiwiYWRkcmVzc19jaXR5IjoiTWFkcmlkLCBTcGFpbiIsImh0aWRvY2lkIjoiTDd3aHZPeUk0Rl9fSkF3dEFBQUFBQT09IiwidXVsZSI6IncrQ0FJUUlDSUZVM0JoYVc0In0=,Seguridad
eyJqb2JfdGl0bGUiOiJDb25zdWx0b3IvYSBkZSBDaWJlcnNlZ3VyaWRhZCAtIENJRVMiLCJjb21wYW55X25hbWUiOiJTZXJlc2NvIiwiYWRkcmVzc19jaXR5IjoiQXN0dXJpYXMsIFNwYWluIiwiaHRpZG9jaWQiOiJFcVBTeG5lS1g2MmFSOUtVQUFBQUFBPT0iLCJ1dWxlIjoidytDQUlRSUNJRlUzQmhhVzQifQ==,Seguridad
eyJqb2JfdGl0bGUiOiJDb25zdWx0b3IvYSBkZSBDaWJlcnNlZ3VyaWRhZCAtIENJRVMiLCJjb21wYW55X25hbWUiOiJTZXJlc2NvIiwiYWRkcmVzc19jaXR5IjoiQXN0dXJpYXMsIFNwYWluIiwiaHRpZG9jaWQiOiJFcVBTeG5lS1g2MmFSOUtVQUFBQUFBPT0iLCJ1dWxlIjoidytDQUlRSUNJRlUzQmhhVzQifQ==,Integración
eyJqb2JfdGl0bGUiOiJUVGVjaF9USC1Db25zdWx0b3IvYSBHUkMgZW4gQ2liZXJzZWd1cmlkYWQiLCJjb21wYW55X25hbWUiOiJUZWxlZsOzbmljYSIsImFkZHJlc3NfY2l0eSI6Ik1hZHJpZCwgU3BhaW4iLCJodGlkb2NpZCI6InVLSjZwc0M4S0RnaWZWTjlBQUFBQUE9PSIsInV1bGUiOiJ3K0NBSVFJQ0lGVTNCaGFXNCJ9,Seguridad
eyJqb2JfdGl0bGUiOiJDb25zdWx0b3IgY2liZXJzZWd1cmlkYWQiLCJjb21wYW55X25hbWUiOiJQYWdlIFBlcnNvbm5lbCIsImFkZHJlc3NfY2l0eSI6Ik1hZHJpZCwgU3BhaW4iLCJodGlkb2NpZCI6ImU3alp1RHlOUHBWTkRqeGZBQUFBQUE9PSIsInV1bGUiOiJ3K0NBSVFJQ0lGVTNCaGFXNCJ9,Seguridad
eyJqb2JfdGl0bGUiOiJDb25zdWx0b3IgZGUgQ2liZXJzZWd1cmlkYWQiLCJjb21wYW55X25hbWUiOiLhtJvhtIvKmSDhtIThtI/JtOqcseG0nMqf4bSb4bSPyoDhtIfqnLEiLCJhZGRyZXNzX2NpdHkiOiJTcGFpbiIsImh0aWRvY2lkIjoiQXBNU2ZIWEtRMC0zT3NudUFBQUFBQT09IiwidXVsZSI6IncrQ0FJUUlDSUZVM0JoYVc0In0=,Seguridad
eyJqb2JfdGl0bGUiOiJDb25zdWx0b3IvYSBjaWJlcnNlZ3VyaWRhZCBlIGludGVsaWdlbmNpYSIsImNvbXBhbnlfbmFtZSI6Ik5leHRyZXQiLCJhZGRyZXNzX2NpdHkiOiJNYWRyaWQsIFNwYWluIiwiaHRpZG9jaWQiOiJiWmV4VGhqeVlrYnF2ODU3QUFBQUFBPT0iLCJ1dWxlIjoidytDQUlRSUNJRlUzQmhhVzQifQ==,Seguridad
eyJqb2JfdGl0bGUiOiJDb25zdWx0b3IvYSBDaWJlcnNlZ3VyaWRhZCBEZWxlZ2FkbyBkZSBQcm90ZWNjacOzbiBkZSBEYXRvcyIsImNvbXBhbnlfbmFtZSI6IkF0b3MgU0UiLCJhZGRyZXNzX2NpdHkiOiJDb21tdW5pdHkgb2YgTWFkcmlkLCBTcGFpbiIsImh0aWRvY2lkIjoiTTBxVVVXdVkwSy1NeEFVZUFBQUFBQT09IiwidXVsZSI6IncrQ0FJUUlDSUZVM0JoYVc0In0=,Seguridad
eyJqb2JfdGl0bGUiOiJDb25zdWx0b3IvYSBDaWJlcnNlZ3VyaWRhZCAoVG9kYSBFc3Bhw7FhKSIsImNvbXBhbnlfbmFtZSI6IklORUNPIiwiYWRkcmVzc19jaXR5IjoiTWFkcmlkLCBTcGFpbiIsImh0aWRvY2lkIjoiLWctR2tQQlJPbFRfVG5kRUFBQUFBQT09IiwidXVsZSI6IncrQ0FJUUlDSUZVM0JoYVc0In0=,Seguridad
eyJqb2JfdGl0bGUiOiJDb25zdWx0b3IgY2liZXJzZWd1cmlkYWQgKGRldm9wcykiLCJjb21wYW55X25hbWUiOiJDYXBnZW1pbmkiLCJhZGRyZXNzX2NpdHkiOiJNYWRyaWQsIFNwYWluIiwiaHRpZG9jaWQiOiIxeG02bDNSM1FldTY3U2swQUFBQUFBPT0iLCJ1dWxlIjoidytDQUlRSUNJRlUzQmhhVzQifQ==,Seguridad
eyJqb2JfdGl0bGUiOiJDb25zdWx0b3IvQSBDaWJlcnNlZ3VyaWRhZCIsImNvbXBhbnlfbmFtZSI6IlplbXNhbmlhIiwiYWRkcmVzc19jaXR5IjoiQSBDb3J1w7FhLCBTcGFpbiIsImh0aWRvY2lkIjoiZ1VXWFV0NlFRSU43SjhwLUFBQUFBQT09IiwidXVsZSI6IncrQ0FJUUlDSUZVM0JoYVc0In0=,Seguridad
eyJqb2JfdGl0bGUiOiJDb25zdWx0b3IvYSBDaWJlcnNlZ3VyaWRhZCAtIEp1bmlvciIsImNvbXBhbnlfbmFtZSI6IkdydXBvIE9lc2lhIiwiYWRkcmVzc19jaXR5IjoiQSBDb3J1w7FhLCBTcGFpbiIsImh0aWRvY2lkIjoiNkNfVTUzVklnSVJoQmVKSEFBQUFBQT09IiwidXVsZSI6IncrQ0FJUUlDSUZVM0JoYVc0In0=,Seguridad
eyJqb2JfdGl0bGUiOiJDb25zdWx0b3IvYSBHUkMgZW4gQ2liZXJzZWd1cmlkYWQgLSBaYXJhZ296YSIsImNvbXBhbnlfbmFtZSI6IkdvdmVydGlzIiwiYWRkcmVzc19jaXR5IjoiWmFyYWdvemEsIFNwYWluIiwiaHRpZG9jaWQiOiI1RzFzdDVFM0YtQy1RWEZsQUFBQUFBPT0iLCJ1dWxlIjoidytDQUlRSUNJRlUzQmhhVzQifQ==,Seguridad
eyJqb2JfdGl0bGUiOiJDb25zdWx0b3IvYSBkZSByZWRlcyB5IGNpYmVyc2VndXJpZGFkIiwiY29tcGFueV9uYW1lIjoiRGlnaXRhbCBUYWxlbnQgQWdlbmN5IiwiYWRkcmVzc19jaXR5IjoiQXN0dXJpYXMsIFNwYWluIiwiaHRpZG9jaWQiOiJ4SUowMENoLXZEdF9xRHhqQUFBQUFBPT0iLCJ1dWxlIjoidytDQUlRSUNJRlUzQmhhVzQifQ==,Seguridad
eyJqb2JfdGl0bGUiOiJDT05TVUxUT1IgRU4gQ0lCRVJTRUdVUklEQUQgWSBSSUVTR09TIFRFQ05PTMOTR0lDT1MgTUFEUklEIiwiY29tcGFueV9uYW1lIjoiTWFuYWdlbWVudCBTb2x1dGlvbnMiLCJhZGRyZXNzX2NpdHkiOiJNYWRyaWQsIFNwYWluIiwiaHRpZG9jaWQiOiJoSTZsQlZJLVA2V3Q1R3BhQUFBQUFBPT0iLCJ1dWxlIjoidytDQUlRSUNJRlUzQmhhVzQifQ==,Seguridad
eyJqb2JfdGl0bGUiOiJDT05TVUxUT1IgRU4gQ0lCRVJTRUdVUklEQUQgWSBSSUVTR09TIFRFQ05PTMOTR0lDT1MgTUFEUklEIiwiY29tcGFueV9uYW1lIjoiTWFuYWdlbWVudCBTb2x1dGlvbnMiLCJhZGRyZXNzX2NpdHkiOiJNYWRyaWQsIFNwYWluIiwiaHRpZG9jaWQiOiJoSTZsQlZJLVA2V3Q1R3BhQUFBQUFBPT0iLCJ1dWxlIjoidytDQUlRSUNJRlUzQmhhVzQifQ==,Integración
eyJqb2JfdGl0bGUiOiJDT05TVUxUT1IvQSBDSUJFUlNFR1VSSURBRCIsImNvbXBhbnlfbmFtZSI6IkliZXJtYXRpY2EiLCJhZGRyZXNzX2NpdHkiOiJCYXNxdWUgQ291bnRyeSwgU3BhaW4iLCJodGlkb2NpZCI6ImhFWU11YjVBVjBIYk9BN2VBQUFBQUE9PSIsInV1bGUiOiJ3K0NBSVFJQ0lGVTNCaGFXNCJ9,Seguridad
eyJqb2JfdGl0bGUiOiJDb25zdWx0b3IvQSBDaWJlcnNlZ3VyaWRhZCIsImNvbXBhbnlfbmFtZSI6IkluZm9yZ2VzIiwiYWRkcmVzc19jaXR5IjoiTXVyY2lhLCBTcGFpbiIsImh0aWRvY2lkIjoiTXAybWZHWldsNVNSMEttc0FBQUFBQT09IiwidXVsZSI6IncrQ0FJUUlDSUZVM0JoYVc0In0=,Seguridad
eyJqb2JfdGl0bGUiOiJDb25zdWx0b3IvYSBHUkMgZW4gQ2liZXJzZWd1cmlkYWQiLCJjb21wYW55X25hbWUiOiJHb3ZlcnRpcyIsImFkZHJlc3NfY2l0eSI6IlZpZ28sIE11bmljaXBhbGl0eSBvZiBWaWdvLCBTcGFpbiIsImh0aWRvY2lkIjoiX3ZzWFhfeDRVdlVvNU9WS0FBQUFBQT09IiwidXVsZSI6IncrQ0FJUUlDSUZVM0JoYVc0In0=,Seguridad
eyJqb2JfdGl0bGUiOiJDb25zdWx0b3IgRGUgQ2liZXJzZWd1cmlkYWQgT2ZlbnNpdmEgSSBBcmdlbnRpbmEiLCJjb21wYW55X25hbWUiOiJQcm9tZXRlbyBUYWxlbnQiLCJhZGRyZXNzX2NpdHkiOiJCYWRham96LCBTcGFpbiIsImh0aWRvY2lkIjoiSGZvd1V6LVkzcUNEQmVuNkFBQUFBQT09IiwidXVsZSI6IncrQ0FJUUlDSUZVM0JoYVc0In0=,Seguridad
eyJqb2JfdGl0bGUiOiJDb25zdWx0b3LDrWEgSSBDb25zdWx0b3IgU2VuaW9yIENpYmVyc2VndXJpZGFkIE9UIiwiY29tcGFueV9uYW1lIjoiUHdDIEVzcGHDsWEiLCJhZGRyZXNzX2NpdHkiOiJNYWRyaWQsIFNwYWluIiwiaHRpZG9jaWQiOiI2UHdKSHBZV1FsNDZXcjlfQUFBQUFBPT0iLCJ1dWxlIjoidytDQUlRSUNJRlUzQmhhVzQifQ==,Seguridad
eyJqb2JfdGl0bGUiOiJDb25zdWx0b3IgU2VuaW9yIENpYmVyc2VndXJpZGFkIiwiY29tcGFueV9uYW1lIjoiQ2FwZ2VtaW5pIiwiYWRkcmVzc19jaXR5IjoiU3BhaW4iLCJodGlkb2NpZCI6ImtHRWpMN0paYl9Uai1ud1ZBQUFBQUE9PSIsInV1bGUiOiJ3K0NBSVFJQ0lGVTNCaGFXNCJ9,Seguridad
eyJqb2JfdGl0bGUiOiJDb25zdWx0b3IvYSBDaWJlcnNlZ3VyaWRhZCAtIEp1bmlvciIsImNvbXBhbnlfbmFtZSI6IkdydXBvIE9lc2lhIiwiYWRkcmVzc19jaXR5IjoiTWFkcmlkLCBTcGFpbiIsImh0aWRvY2lkIjoiQlNoOXNXZWsxWVl0NF9EV0FBQUFBQT09IiwidXVsZSI6IncrQ0FJUUlDSUZVM0JoYVc0In0=,Seguridad
eyJqb2JfdGl0bGUiOiIoRkJYMTQ5KSBDb25zdWx0b3IvYSBDaWJlcnNlZ3VyaWRhZCIsImNvbXBhbnlfbmFtZSI6IkliZXJtw6F0aWNhIiwiYWRkcmVzc19jaXR5IjoiQmFyYWthbGRvLCBTcGFpbiIsImh0aWRvY2lkIjoiMVp3SWFkcms1SnFaYk03MkFBQUFBQT09IiwidXVsZSI6IncrQ0FJUUlDSUZVM0JoYVc0In0=,Seguridad
eyJqb2JfdGl0bGUiOiIoRkJYMTQ5KSBDb25zdWx0b3IvYSBDaWJlcnNlZ3VyaWRhZCIsImNvbXBhbnlfbmFtZSI6IkliZXJtw6F0aWNhIiwiYWRkcmVzc19jaXR5IjoiQmFyYWthbGRvLCBTcGFpbiIsImh0aWRvY2lkIjoiMVp3SWFkcms1SnFaYk03MkFBQUFBQT09IiwidXVsZSI6IncrQ0FJUUlDSUZVM0JoYVc0In0=,Integración
eyJqb2JfdGl0bGUiOiJDb25zdWx0b3IgZGUgQ2liZXJzZWd1cmlkYWQgT2ZlbnNpdmEgSSBBcmdlbnRpbmEiLCJjb21wYW55X25hbWUiOiJQcm9tZXRlbyBUYWxlbnQiLCJhZGRyZXNzX2NpdHkiOiJBenVhZ2EsIFNwYWluIiwiaHRpZG9jaWQiOiJES1QzdE5LQnVWeU5WX2FiQUFBQUFBPT0iLCJ1dWxlIjoidytDQUlRSUNJRlUzQmhhVzQifQ==,Seguridad
eyJqb2JfdGl0bGUiOiJDb25zdWx0b3IvYSBkZSBDaWJlcnNlZ3VyaWRhZCIsImNvbXBhbnlfbmFtZSI6IktQTUcgQXNlc29yZXMgTWFkcmlkIiwiYWRkcmVzc19jaXR5IjoiTWFkcmlkLCBTcGFpbiIsImh0aWRvY2lkIjoiYnRFTlY1ZGJDUEVhNHQtRUFBQUFBQT09IiwidXVsZSI6IncrQ0FJUUlDSUZVM0JoYVc0In0=,Seguridad
eyJqb2JfdGl0bGUiOiJJbmdlbmllcm8vQSBEZSBTb2Z0d2FyZSBFbWJlYmlkbyIsImNvbXBhbnlfbmFtZSI6IlVuc3BlY2lmaWVkIiwiYWRkcmVzc19jaXR5IjoiQWxiYWNldGUsIFNwYWluIiwiaHRpZG9jaWQiOiJuSkVhZi1ONVNPc3huQWR1QUFBQUFBPT0iLCJ1dWxlIjoidytDQUlRSUNJRlUzQmhhVzQifQ==,Integración
eyJqb2JfdGl0bGUiOiJJbmdlbmllcm8vQSBEZSBTaXN0ZW1hcyBFbWJhcmNhZG9zIiwiY29tcGFueV9uYW1lIjoiR212IiwiYWRkcmVzc19jaXR5IjoiTWFkcmlkLCBTcGFpbiIsImh0aWRvY2lkIjoiSFB2RlVDMV8ybHpGRkFGMUFBQUFBQT09IiwidXVsZSI6IncrQ0FJUUlDSUZVM0JoYVc0In0=,Integración
eyJqb2JfdGl0bGUiOiJUZWFtIExlYWQgZGUgUHJveWVjdG9zIGRlIFNvZnR3YXJlIHBhcmEgU2lzdGVtYXMgRW1iZWJpZG9zIiwiY29tcGFueV9uYW1lIjoiVGhlIENUIEVuZ2luZWVyaW5nIEdyb3VwIiwiYWRkcmVzc19jaXR5IjoiR2V0YWZlLCBTcGFpbiIsImh0aWRvY2lkIjoiMURaRXRuOUs4enhNZHBNNkFBQUFBQT09IiwidXVsZSI6IncrQ0FJUUlDSUZVM0JoYVc0In0=,Integración
eyJqb2JfdGl0bGUiOiJFbWJlZGRlZCBTb2Z0d2FyZSBFbmdpbmVlciIsImNvbXBhbnlfbmFtZSI6IkFsw6luIFNwYWNlIiwiYWRkcmVzc19jaXR5IjoiTmlncsOhbiwgU3BhaW4iLCJodGlkb2NpZCI6IlRBeHFTSmxhNEZNdGRPMlRBQUFBQUE9PSIsInV1bGUiOiJ3K0NBSVFJQ0lGVTNCaGFXNCJ9,Integración
eyJqb2JfdGl0bGUiOiJDb29yZGluYWRvci9hIHNvcG9ydGUgdMOpY25pY28gQkEiLCJjb21wYW55X25hbWUiOiJESUdJIEVzcGHDsWEiLCJhZGRyZXNzX2NpdHkiOiJNYWRyaWQsIFNwYWluIiwiaHRpZG9jaWQiOiJ1clNUWUVRZTBZZlNSNFl4QUFBQUFBPT0iLCJ1dWxlIjoidytDQUlRSUNJRlUzQmhhVzQifQ==,Integración
eyJqb2JfdGl0bGUiOiJDb29yZGluYWRvci9hIGRlIFNvcG9ydGUgVMOpY25pY28iLCJjb21wYW55X25hbWUiOiJJZGR0ZWsiLCJhZGRyZXNzX2NpdHkiOiJHaXB1emtvYSwgU3BhaW4iLCJodGlkb2NpZCI6IktoSTFaQXFNcGM3Qk5mYjNBQUFBQUE9PSIsInV1bGUiOiJ3K0NBSVFJQ0lGVTNCaGFXNCJ9,Base de datos
eyJqb2JfdGl0bGUiOiJDb29yZGluYWRvci9hIGRlIHNvcG9ydGUgdMOpY25pY28gQ09SIEZUVEgiLCJjb21wYW55X25hbWUiOiJESUdJIEVzcGHDsWEiLCJhZGRyZXNzX2NpdHkiOiJBbGNvYmVuZGFzLCBTcGFpbiIsImh0aWRvY2lkIjoiS3Jtc3ZlUjgzT2F4OFZoX0FBQUFBQT09IiwidXVsZSI6IncrQ0FJUUlDSUZVM0JoYVc0In0=,Integración
eyJqb2JfdGl0bGUiOiJDb29yZGluYWRvciBkZSBzb3BvcnRlIChpbmdsw6lzIGFsdG8pIiwiY29tcGFueV9uYW1lIjoiU2VyZW0iLCJhZGRyZXNzX2NpdHkiOiJNYWRyaWQsIFNwYWluIiwiaHRpZG9jaWQiOiJVakt0S003SmxiT3FGc3psQUFBQUFBPT0iLCJ1dWxlIjoidytDQUlRSUNJRlUzQmhhVzQifQ==,Seguridad
eyJqb2JfdGl0bGUiOiJDb29yZGluYWRvciBUw6ljbmljbyAoU29wb3J0ZSBPbnNpdGUpIiwiY29tcGFueV9uYW1lIjoic2VyZW0uIENvbnN1bHRvcsOtYSBlbXByZXNhcmlhbCIsImFkZHJlc3NfY2l0eSI6IlZhbGVuY2lhLCBTcGFpbiIsImh0aWRvY2lkIjoiNzJiVVVfOGd0Y0FJRkdUX0FBQUFBQT09IiwidXVsZSI6IncrQ0FJUUlDSUZVM0JoYVc0In0=,Seguridad
eyJqb2JfdGl0bGUiOiJDb29yZGluYWRvci9hIGRlIEF0ZW5jacOzbiBhbCBDbGllbnRlIFTDqWNuaWNvIiwiY29tcGFueV9uYW1lIjoiaXJpdGVrIGRpc2XDsW8geSBkZWxpbmVhY2nDs24sIFNsIiwiYWRkcmVzc19jaXR5IjoiU3BhaW4iLCJodGlkb2NpZCI6IlNQSk1LOFJQRXZRMzNKcnlBQUFBQUE9PSIsInV1bGUiOiJ3K0NBSVFJQ0lGVTNCaGFXNCJ9,Base de datos
eyJqb2JfdGl0bGUiOiJDT09SRElOQURPUiBJVCIsImNvbXBhbnlfbmFtZSI6IkZ1bmRhY2nDs24gR29vZGpvYiIsImFkZHJlc3NfY2l0eSI6IlRyZXMgQ2FudG9zLCBTcGFpbiIsImh0aWRvY2lkIjoieU5FTllGV3RCX3RVU2loV0FBQUFBQT09IiwidXVsZSI6IncrQ0FJUUlDSUZVM0JoYVc0In0=,Seguridad
eyJqb2JfdGl0bGUiOiJDT09SRElOQURPUiBJVCIsImNvbXBhbnlfbmFtZSI6IkZ1bmRhY2nDs24gR29vZGpvYiIsImFkZHJlc3NfY2l0eSI6IlRyZXMgQ2FudG9zLCBTcGFpbiIsImh0aWRvY2lkIjoieU5FTllGV3RCX3RVU2loV0FBQUFBQT09IiwidXVsZSI6IncrQ0FJUUlDSUZVM0JoYVc0In0=,Integración
eyJqb2JfdGl0bGUiOiJDb29yZGluYWRvciBUZWNub2zDs2dpY28iLCJjb21wYW55X25hbWUiOiJIYXlzIiwiYWRkcmVzc19jaXR5IjoiU2V2aWxsZSwgU3BhaW4iLCJodGlkb2NpZCI6IkFTV01ST0kxdFZOdVZvUFRBQUFBQUE9PSIsInV1bGUiOiJ3K0NBSVFJQ0lGVTNCaGFXNCJ9,Integración
eyJqb2JfdGl0bGUiOiJDb29yZGluYWRvci9hIGRlIFNlcnZpY2lvcyBUw6ljbmljb3MiLCJjb21wYW55X25hbWUiOiJSZXBzb2wiLCJhZGRyZXNzX2NpdHkiOiJNYWRyaWQsIFNwYWluIiwiaHRpZG9jaWQiOiJwYjA1dlY5S0ZmYWhjY1FjQUFBQUFBPT0iLCJ1dWxlIjoidytDQUlRSUNJRlUzQmhhVzQifQ==,Seguridad
eyJqb2JfdGl0bGUiOiJUw4lDTklDTy9BIEVOIElORk9STcOBVElDQSBPIFRFTEVDT01VTklDQUNJT05FUyBFTiBBUkFOREEgREUgRFVFUk8iLCJjb21wYW55X25hbWUiOiJNSUNIRUxJTiIsImFkZHJlc3NfY2l0eSI6IkNhc3RpbGUgYW5kIExlw7NuLCBTcGFpbiIsImh0aWRvY2lkIjoiZ253X1EwNTNiNVVUU3VwX0FBQUFBQT09IiwidXVsZSI6IncrQ0FJUUlDSUZVM0JoYVc0In0=,Seguridad
eyJqb2JfdGl0bGUiOiJUw6ljbmljbyBlbiBJbnN0YWxhY2nDs24geSBNYW50ZW5pbWllbnRvIGRlIFNpc3RlbWFzIGRlIFRlbGVjb211bmljYWNpb25lcyIsImNvbXBhbnlfbmFtZSI6ImRvbWVzdGlrbyIsImFkZHJlc3NfY2l0eSI6IlphcmFnb3phLCBTcGFpbiIsImh0aWRvY2lkIjoiaW9wVldDMHlJdnpFdU8wTkFBQUFBQT09IiwidXVsZSI6IncrQ0FJUUlDSUZVM0JoYVc0In0=,Seguridad
eyJqb2JfdGl0bGUiOiJDT05TVUxUT1IvQSBTRU5JT1IgREUgU0lTVEVNQVMiLCJjb21wYW55X25hbWUiOiJRdUVTVCBHbG9iYWwiLCJhZGRyZXNzX2NpdHkiOiJNYWRyaWQsIFNwYWluIiwiaHRpZG9jaWQiOiItcHdOTWkzVXVPTnlkMF9zQUFBQUFBPT0iLCJ1dWxlIjoidytDQUlRSUNJRlUzQmhhVzQifQ==,Seguridad
eyJqb2JfdGl0bGUiOiJDT05TVUxUT1IvQSBTRU5JT1IgREUgU0lTVEVNQVMiLCJjb21wYW55X25hbWUiOiJRdUVTVCBHbG9iYWwiLCJhZGRyZXNzX2NpdHkiOiJNYWRyaWQsIFNwYWluIiwiaHRpZG9jaWQiOiItcHdOTWkzVXVPTnlkMF9zQUFBQUFBPT0iLCJ1dWxlIjoidytDQUlRSUNJRlUzQmhhVzQifQ==,Integración
eyJqb2JfdGl0bGUiOiJDT05TVUxUT1IvQSBERSBTSVNURU1BUyIsImNvbXBhbnlfbmFtZSI6Im9uaHVudGVycyIsImFkZHJlc3NfY2l0eSI6IkNvbW11bml0eSBvZiBNYWRyaWQsIFNwYWluIiwiaHRpZG9jaWQiOiJVOXViaG9BVGEtZmJyZHhsQUFBQUFBPT0iLCJ1dWxlIjoidytDQUlRSUNJRlUzQmhhVzQifQ==,Seguridad
eyJqb2JfdGl0bGUiOiJDT05TVUxUT1IvQSBERSBTSVNURU1BUyIsImNvbXBhbnlfbmFtZSI6Im9uaHVudGVycyIsImFkZHJlc3NfY2l0eSI6IkNvbW11bml0eSBvZiBNYWRyaWQsIFNwYWluIiwiaHRpZG9jaWQiOiJVOXViaG9BVGEtZmJyZHhsQUFBQUFBPT0iLCJ1dWxlIjoidytDQUlRSUNJRlUzQmhhVzQifQ==,Integración
eyJqb2JfdGl0bGUiOiJDb25zdWx0b3IvQXVkaXRvciBUaSIsImNvbXBhbnlfbmFtZSI6IkNTQSBJbnRlZ3JhY2nDsyBkZSBTaXN0ZW1lcyIsImFkZHJlc3NfY2l0eSI6IlphcmFnb3phLCBTcGFpbiIsImh0aWRvY2lkIjoiaXZjc3FUT2RUSmdHeXpIVEFBQUFBQT09IiwidXVsZSI6IncrQ0FJUUlDSUZVM0JoYVc0In0=,Seguridad
eyJqb2JfdGl0bGUiOiJDb25zdWx0b3IgZGUgaW1wbGFudGFjacOzbiBkZSBzb2Z0d2FyZSIsImNvbXBhbnlfbmFtZSI6IkFzcGlyZSBTb2Z0d2FyZSIsImFkZHJlc3NfY2l0eSI6IkJhcmNlbG9uYSwgU3BhaW4iLCJodGlkb2NpZCI6IjIzVFBkMlJvUFIwYUVsRVdBQUFBQUE9PSIsInV1bGUiOiJ3K0NBSVFJQ0lGVTNCaGFXNCJ9,Integración
eyJqb2JfdGl0bGUiOiJDb25zdWx0b3IgZGUgUUEgLyBBZG0gU2lzdGVtYXMiLCJjb21wYW55X25hbWUiOiJub3Zhbm90aW8iLCJhZGRyZXNzX2NpdHkiOiJNYWRyaWQsIFNwYWluIiwiaHRpZG9jaWQiOiJKeE5TQnBOR3hYa3hMRk5QQUFBQUFBPT0iLCJ1dWxlIjoidytDQUlRSUNJRlUzQmhhVzQifQ==,Seguridad
eyJqb2JfdGl0bGUiOiJDb25zdWx0b3IvYSBtaWdyYWNpw7NuIHNpc3RlbWFzIGxlZ2FjeSBIL00iLCJjb21wYW55X25hbWUiOiJJbmV0dW0iLCJhZGRyZXNzX2NpdHkiOiJNYWRyaWQsIFNwYWluIiwiaHRpZG9jaWQiOiJMWTQ4WFNud3IwRmsxV1ZWQUFBQUFBPT0iLCJ1dWxlIjoidytDQUlRSUNJRlUzQmhhVzQifQ==,Integración
eyJqb2JfdGl0bGUiOiJDb25zdWx0b3IvYSBQcm9jZXNzIE1pbmluZyAtIENlbG9uaXMgMSIsImNvbXBhbnlfbmFtZSI6IlRlbGVmw7NuaWNhIiwiYWRkcmVzc19jaXR5IjoiTWFkcmlkLCBTcGFpbiIsImh0aWRvY2lkIjoiUmFEWE9fSVBtRlNSZE9KT0FBQUFBQT09IiwidXVsZSI6IncrQ0FJUUlDSUZVM0JoYVc0In0=,Integración
eyJqb2JfdGl0bGUiOiJDb25zdWx0b3IvYSBUw6ljbmljby9hIFNvZnR3YXJlIiwiY29tcGFueV9uYW1lIjoiSVBTIFRFQ0hOT0xPR1kiLCJhZGRyZXNzX2NpdHkiOiJMZcOzbiwgU3BhaW4iLCJodGlkb2NpZCI6IkNXUm9uU1NObno3dzBVNGhBQUFBQUE9PSIsInV1bGUiOiJ3K0NBSVFJQ0lGVTNCaGFXNCJ9,Integración
eyJqb2JfdGl0bGUiOiJDb25zdWx0b3IvYSB0w6ljbmljQCBlbiBBZG1pbmlzdHJhY2nDs24geSBHZXN0acOzbiBkZSBTaXN0ZW1hcyIsImNvbXBhbnlfbmFtZSI6InNnIHRlY2giLCJhZGRyZXNzX2NpdHkiOiJNYWRyaWQsIFNwYWluIiwiaHRpZG9jaWQiOiJ6MVgxc2tacFdpN1U0R2V5QUFBQUFBPT0iLCJ1dWxlIjoidytDQUlRSUNJRlUzQmhhVzQifQ==,Seguridad
eyJqb2JfdGl0bGUiOiJBcnF1aXRlY3RvL0NvbnN1bHRvci9QTSIsImNvbXBhbnlfbmFtZSI6IlRyZW50aWEgQ29uc3VsdGluZyIsImFkZHJlc3NfY2l0eSI6IkJhcmNlbG9uYSwgU3BhaW4iLCJodGlkb2NpZCI6IjJBdzhKTm13LXZjdDhTR1hBQUFBQUE9PSIsInV1bGUiOiJ3K0NBSVFJQ0lGVTNCaGFXNCJ9,Seguridad
eyJqb2JfdGl0bGUiOiJBcnF1aXRlY3RvL0NvbnN1bHRvci9QTSIsImNvbXBhbnlfbmFtZSI6IlRyZW50aWEgQ29uc3VsdGluZyIsImFkZHJlc3NfY2l0eSI6IkJhcmNlbG9uYSwgU3BhaW4iLCJodGlkb2NpZCI6IjJBdzhKTm13LXZjdDhTR1hBQUFBQUE9PSIsInV1bGUiOiJ3K0NBSVFJQ0lGVTNCaGFXNCJ9,Integración
eyJqb2JfdGl0bGUiOiJDb25zdWx0b3IvYSBkZSBzaXN0ZW1hcyBkZSBHZXN0acOzbiB5IFNPU1RFTklCSUxJREFEIiwiY29tcGFueV9uYW1lIjoiUEtGIEF0dGVzdCIsImFkZHJlc3NfY2l0eSI6IkJpbGJhbywgU3BhaW4iLCJodGlkb2NpZCI6ImVleDV2X3pObjdXSngxa29BQUFBQUE9PSIsInV1bGUiOiJ3K0NBSVFJQ0lGVTNCaGFXNCJ9,Seguridad
eyJqb2JfdGl0bGUiOiJDb25zdWx0b3IvYSBSZWluZ2VuaWVyw61hIGRlIHByb2Nlc29zIiwiY29tcGFueV9uYW1lIjoiR3J1cG8gaW5ub3ZhZG9yIGVuIElUIGNvbnN1bHRvcsOtYSBlbiBtb2Rlcm5pemFjacOzbiBkZSBsYSBBZG1pbmlzdHJhY2nDs24iLCJhZGRyZXNzX2NpdHkiOiJNYWRyaWQsIFNwYWluIiwiaHRpZG9jaWQiOiJMQjZfT0F0eEVOb2xyMHJSQUFBQUFBPT0iLCJ1dWxlIjoidytDQUlRSUNJRlUzQmhhVzQifQ==,Seguridad
eyJqb2JfdGl0bGUiOiJDb25zdWx0b3IvYSBDT05GSVJNRUQgTWFudWZhY3R1cmluZyBFeGVjdXRpb24gU3lzdGVtcyBNRVMvTU9NIChmL20pIiwiY29tcGFueV9uYW1lIjoiVC1TeXN0ZW1zIEliZXJpYSIsImFkZHJlc3NfY2l0eSI6IkJhcmNlbG9uYSwgU3BhaW4iLCJodGlkb2NpZCI6Ild3bGNGbm1TWHo3UmZjR1RBQUFBQUE9PSIsInV1bGUiOiJ3K0NBSVFJQ0lGVTNCaGFXNCJ9,Integración
eyJqb2JfdGl0bGUiOiJDb25zdWx0b3IgZGUgc29mdHdhcmUiLCJjb21wYW55X25hbWUiOiJXZUh1bnQgRXNwYcOxYSIsImFkZHJlc3NfY2l0eSI6IlZhbGVuY2lhLCBTcGFpbiIsImh0aWRvY2lkIjoicXhOMkNLdk95Q3lxS2JmSkFBQUFBQT09IiwidXVsZSI6IncrQ0FJUUlDSUZVM0JoYVc0In0=,Integración
eyJqb2JfdGl0bGUiOiJDT05TVUxUT1IvQSBTRUdVUklEQUQgREUgTEEgSU5GT1JNQUNJT04iLCJjb21wYW55X25hbWUiOiJTMiBHcnVwbyIsImFkZHJlc3NfY2l0eSI6Ik1hZHJpZCwgU3BhaW4iLCJodGlkb2NpZCI6Ilg5TW54RVluNzNhSFlfVnRBQUFBQUE9PSIsInV1bGUiOiJ3K0NBSVFJQ0lGVTNCaGFXNCJ9,Seguridad
eyJqb2JfdGl0bGUiOiJJbmR1c3RyeSBYIC0gQ29uc3VsdG9yIEluZ2VuaWVybyBkZSBTaXN0ZW1hcyBOYXZhbGVzIiwiY29tcGFueV9uYW1lIjoiQWNjZW50dXJlIEVzcGHDsWEiLCJhZGRyZXNzX2NpdHkiOiJTcGFpbiIsImh0aWRvY2lkIjoieDk2VFdDU2lvSkxvYUN5bUFBQUFBQT09IiwidXVsZSI6IncrQ0FJUUlDSUZVM0JoYVc0In0=,Integración
eyJqb2JfdGl0bGUiOiJDb25zdWx0b3IgQmFzZSBkZSBEYXRvcyIsImNvbXBhbnlfbmFtZSI6IlRSUyBTdGFmZmluZyBTb2x1dGlvbnMiLCJhZGRyZXNzX2NpdHkiOiJNYWRyaWQsIFNwYWluIiwiaHRpZG9jaWQiOiJfU0hLVTlNcEhpWi1RWGpCQUFBQUFBPT0iLCJ1dWxlIjoidytDQUlRSUNJRlUzQmhhVzQifQ==,Seguridad
eyJqb2JfdGl0bGUiOiJDb25zdWx0b3IgQmFzZSBkZSBEYXRvcyIsImNvbXBhbnlfbmFtZSI6IlRSUyBTdGFmZmluZyBTb2x1dGlvbnMiLCJhZGRyZXNzX2NpdHkiOiJNYWRyaWQsIFNwYWluIiwiaHRpZG9jaWQiOiJfU0hLVTlNcEhpWi1RWGpCQUFBQUFBPT0iLCJ1dWxlIjoidytDQUlRSUNJRlUzQmhhVzQifQ==,Integración
eyJqb2JfdGl0bGUiOiJDb25zdWx0b3IgRnVuY2lvbmFsIFBNLUJJIiwiY29tcGFueV9uYW1lIjoiQWx0aW4gU29sdXRpb25zIiwiYWRkcmVzc19jaXR5IjoiTWFkcmlkLCBTcGFpbiIsImh0aWRvY2lkIjoieExEUVlIQms3bGxNeGI3LUFBQUFBQT09IiwidXVsZSI6IncrQ0FJUUlDSUZVM0JoYVc0In0=,Integración
eyJqb2JfdGl0bGUiOiJJbnRlZHlhIEliZXJpY2EsIFMuTC46IENvbnN1bHRvciBkZSBTaXN0ZW1hcyBkZSBHZXN0acOzbiAtIE5vcm1hcyBJU08gMjcwMDEiLCJjb21wYW55X25hbWUiOiJqb2luLmNvbSIsImFkZHJlc3NfY2l0eSI6IkFsY2FsYSBkZSBIZW5hcmVzLCBTcGFpbiIsImh0aWRvY2lkIjoiUm85dXJ1ZExXeDFGdEVBcEFBQUFBQT09IiwidXVsZSI6IncrQ0FJUUlDSUZVM0JoYVc0In0=,Seguridad
eyJqb2JfdGl0bGUiOiJDb25zdWx0b3IvYSBpbXBsYW50YWNpw7NuIFNXIGluZHVzdHJpYWwiLCJjb21wYW55X25hbWUiOiJQcmVmZXJlbmNlIiwiYWRkcmVzc19jaXR5IjoiUGF0ZXJuYSwgU3BhaW4iLCJodGlkb2NpZCI6ImRRN3NqUlFzY09ZeEhXTENBQUFBQUE9PSIsInV1bGUiOiJ3K0NBSVFJQ0lGVTNCaGFXNCJ9,Integración
eyJqb2JfdGl0bGUiOiJDT05TVUxUT1IvQVVESVRPUiBUSSAoQkFOQ0EpIiwiY29tcGFueV9uYW1lIjoiQ1NBIEFzc29jaWF0cyIsImFkZHJlc3NfY2l0eSI6Ik1hZHJpZCwgU3BhaW4iLCJodGlkb2NpZCI6ImtpckVsVkhVT0htcjJycS1BQUFBQUE9PSIsInV1bGUiOiJ3K0NBSVFJQ0lGVTNCaGFXNCJ9,Seguridad
eyJqb2JfdGl0bGUiOiJDb25zdWx0b3IvYSBzZW5pb3IgY2liZXJzZWd1cmlkYWQiLCJjb21wYW55X25hbWUiOiJHTVYiLCJhZGRyZXNzX2NpdHkiOiJNYWRyaWQsIFNwYWluIiwiaHRpZG9jaWQiOiIzY0Z3Z1dzczVsbFJoelhNQUFBQUFBPT0iLCJ1dWxlIjoidytDQUlRSUNJRlUzQmhhVzQifQ==,Seguridad
eyJqb2JfdGl0bGUiOiJDT05TVUxUT1IvQSBTRUdVUklEQUQgREUgTEEgSU5GT1JNQUNJT04iLCJjb21wYW55X25hbWUiOiJTMiBHcnVwbyIsImFkZHJlc3NfY2l0eSI6IkNvbW11bml0eSBvZiBNYWRyaWQsIFNwYWluIiwiaHRpZG9jaWQiOiI2YlkybFNhX2FlZVNianpQQUFBQUFBPT0iLCJ1dWxlIjoidytDQUlRSUNJRlUzQmhhVzQifQ==,Seguridad
eyJqb2JfdGl0bGUiOiJbUC05MzRdIENvbnN1bHRvci9BIFNhbSIsImNvbXBhbnlfbmFtZSI6IkltcG9ydGFudGUgZW1wcmVzYSIsImFkZHJlc3NfY2l0eSI6Ik1hZHJpZCwgU3BhaW4iLCJodGlkb2NpZCI6InhlNkJDYVVFRFZUbnpXRndBQUFBQUE9PSIsInV1bGUiOiJ3K0NBSVFJQ0lGVTNCaGFXNCJ9,Seguridad
eyJqb2JfdGl0bGUiOiJDb25zdWx0b3IvYSBCSSAoTWljcm9zb2Z0KSIsImNvbXBhbnlfbmFtZSI6Ik1pY2hhZWwgUGFnZSIsImFkZHJlc3NfY2l0eSI6IkJhcmNlbG9uYSwgU3BhaW4iLCJodGlkb2NpZCI6InV3VUtJTzMxbUg2QXBaM2xBQUFBQUE9PSIsInV1bGUiOiJ3K0NBSVFJQ0lGVTNCaGFXNCJ9,Base de datos
eyJqb2JfdGl0bGUiOiJFeHBlcnRvIGNvbnN1bHRvci9hIHkgZGVzYXJyb2xsbyBTaXN0ZW1hcyBkZSBJbmZvcm1hY2nDs24gR2VvZ3LDoWZpY2EgKEdJUykiLCJjb21wYW55X25hbWUiOiJOVFQgREFUQSBFdXJvcGUgXHUwMDI2IExhdGFtIiwiYWRkcmVzc19jaXR5IjoiU3BhaW4iLCJodGlkb2NpZCI6IkhReUNvWlR1Ul9PY3VKYTBBQUFBQUE9PSIsInV1bGUiOiJ3K0NBSVFJQ0lGVTNCaGFXNCJ9,Integración
eyJqb2JfdGl0bGUiOiJDb25zdWx0b3IvYSBTQVAgQUJBUCBjb24gZXhwZXJpZW5jaWEgZW4gaW50ZWdyYWNpb25lcyIsImNvbXBhbnlfbmFtZSI6IkFYQSIsImFkZHJlc3NfY2l0eSI6Ik1hZHJpZCwgU3BhaW4iLCJodGlkb2NpZCI6Ijd0VHBodGljMGNSNjJNYXdBQUFBQUE9PSIsInV1bGUiOiJ3K0NBSVFJQ0lGVTNCaGFXNCJ9,Seguridad
eyJqb2JfdGl0bGUiOiJDb25zdWx0b3IvYSBTQVAgQUJBUCBjb24gZXhwZXJpZW5jaWEgZW4gaW50ZWdyYWNpb25lcyIsImNvbXBhbnlfbmFtZSI6IkFYQSIsImFkZHJlc3NfY2l0eSI6Ik1hZHJpZCwgU3BhaW4iLCJodGlkb2NpZCI6Ijd0VHBodGljMGNSNjJNYXdBQUFBQUE9PSIsInV1bGUiOiJ3K0NBSVFJQ0lGVTNCaGFXNCJ9,Integración
eyJqb2JfdGl0bGUiOiJDT05TVUxUT1IvQSBURUNOT0zDk0dJQ08iLCJjb21wYW55X25hbWUiOiJvbmh1bnRlcnMiLCJhZGRyZXNzX2NpdHkiOiJNYWRyaWQsIFNwYWluIiwiaHRpZG9jaWQiOiJhV3c3ZzUtOFhyd1JqUVhBQUFBQUFBPT0iLCJ1dWxlIjoidytDQUlRSUNJRlUzQmhhVzQifQ==,Seguridad
eyJqb2JfdGl0bGUiOiJDT05TVUxUT1IvQSBURUNOT0zDk0dJQ08iLCJjb21wYW55X25hbWUiOiJvbmh1bnRlcnMiLCJhZGRyZXNzX2NpdHkiOiJNYWRyaWQsIFNwYWluIiwiaHRpZG9jaWQiOiJhV3c3ZzUtOFhyd1JqUVhBQUFBQUFBPT0iLCJ1dWxlIjoidytDQUlRSUNJRlUzQmhhVzQifQ==,Integración
eyJqb2JfdGl0bGUiOiJDT05TVUxUT1IvQVVESVRPUiBUSSAoQkFOQ0EpIiwiY29tcGFueV9uYW1lIjoiQ3Nhc3NvY2lhdHMiLCJhZGRyZXNzX2NpdHkiOiJDb21tdW5pdHkgb2YgTWFkcmlkLCBTcGFpbiIsImh0aWRvY2lkIjoiQjlaMHd5Tk9DSUMwTFQ0X0FBQUFBQT09IiwidXVsZSI6IncrQ0FJUUlDSUZVM0JoYVc0In0=,Seguridad
eyJqb2JfdGl0bGUiOiJVbnJlYWwgZGV2ZWxvcGVyIiwiY29tcGFueV9uYW1lIjoiRmlyc3QgSHVudGluZyBScmhoIiwiYWRkcmVzc19jaXR5IjoiQmFyY2Vsb25hLCBTcGFpbiIsImh0aWRvY2lkIjoiYmZHNURYZlBDYkpuX3Zld0FBQUFBQT09IiwidXVsZSI6IncrQ0FJUUlDSUZVM0JoYVc0In0=,Mobile
eyJqb2JfdGl0bGUiOiJMdWNraGFuZCBHYW1pbmcsUy5MLjogUHJvZ3JhbWFkb3IiLCJjb21wYW55X25hbWUiOiJqb2luLmNvbSIsImFkZHJlc3NfY2l0eSI6IkJhcmNlbG9uYSwgU3BhaW4iLCJodGlkb2NpZCI6ImVBQ21kYlZ4dG01WXh1Wm5BQUFBQUE9PSIsInV1bGUiOiJ3K0NBSVFJQ0lGVTNCaGFXNCJ9,Seguridad
eyJqb2JfdGl0bGUiOiJMdWNraGFuZCBHYW1pbmcsUy5MLjogUHJvZ3JhbWFkb3IiLCJjb21wYW55X25hbWUiOiJqb2luLmNvbSIsImFkZHJlc3NfY2l0eSI6IkJhcmNlbG9uYSwgU3BhaW4iLCJodGlkb2NpZCI6ImVBQ21kYlZ4dG01WXh1Wm5BQUFBQUE9PSIsInV1bGUiOiJ3K0NBSVFJQ0lGVTNCaGFXNCJ9,Integración
eyJqb2JfdGl0bGUiOiJTZW5pb3IgVW5pdHkgRGV2ZWxvcGVyIiwiY29tcGFueV9uYW1lIjoiUmVkdmVsIEdhbWVzIiwiYWRkcmVzc19jaXR5IjoiU3BhaW4iLCJodGlkb2NpZCI6Ii1vWV9yQ3B5ZEZvYUdRZmJBQUFBQUE9PSIsInV1bGUiOiJ3K0NBSVFJQ0lGVTNCaGFXNCJ9,Integración
eyJqb2JfdGl0bGUiOiJTZW5pb3IgVW5pdHkgRGV2ZWxvcGVyIiwiY29tcGFueV9uYW1lIjoiUmVkdmVsIEdhbWVzIiwiYWRkcmVzc19jaXR5IjoiU3BhaW4iLCJodGlkb2NpZCI6Ii1vWV9yQ3B5ZEZvYUdRZmJBQUFBQUE9PSIsInV1bGUiOiJ3K0NBSVFJQ0lGVTNCaGFXNCJ9,Backend
eyJqb2JfdGl0bGUiOiJUw6ljbmljbyBkZSBzaXN0ZW1hcyBTZW5pb3IiLCJjb21wYW55X25hbWUiOiJBdXJlbiIsImFkZHJlc3NfY2l0eSI6Ik1hZHJpZCwgU3BhaW4iLCJodGlkb2NpZCI6IjhOMmpZc3B6Wnc1NDh5ZWFBQUFBQUE9PSIsInV1bGUiOiJ3K0NBSVFJQ0lGVTNCaGFXNCJ9,Seguridad
eyJqb2JfdGl0bGUiOiJUw6ljbmljbyBkZSBTaXN0ZW1hcyIsImNvbXBhbnlfbmFtZSI6IlJhbmRzdGFkIERpZ2l0YWwiLCJhZGRyZXNzX2NpdHkiOiJWaWMsIFNwYWluIiwiaHRpZG9jaWQiOiIxQ2ducGtzdkE1bkVwTTc4QUFBQUFBPT0iLCJ1dWxlIjoidytDQUlRSUNJRlUzQmhhVzQifQ==,Seguridad
eyJqb2JfdGl0bGUiOiJUZWNuaWNvIGRlIFNpc3RlbWFzIiwiY29tcGFueV9uYW1lIjoiQXV0b21hdGljYSBJbnRlbGxpZ2VuY2UiLCJhZGRyZXNzX2NpdHkiOiJTcGFpbiIsImh0aWRvY2lkIjoia1NyVnE0UXlxMV9VdjJRLUFBQUFBQT09IiwidXVsZSI6IncrQ0FJUUlDSUZVM0JoYVc0In0=,Seguridad
eyJqb2JfdGl0bGUiOiJUw6ljbmljby9hIGRlIFNpc3RlbWFzIChNYWRyaWQpIiwiY29tcGFueV9uYW1lIjoiU2VyZXNjbyIsImFkZHJlc3NfY2l0eSI6Ik1hZHJpZCwgU3BhaW4iLCJodGlkb2NpZCI6ImNRaUNCajgxWnpOczQtaUxBQUFBQUE9PSIsInV1bGUiOiJ3K0NBSVFJQ0lGVTNCaGFXNCJ9,Integración
eyJqb2JfdGl0bGUiOiIoUC0xNTMpIERlc2Fycm9sbGFkb3IvQSBTZW5pb3IgRHluYW1pY3MgQnVzaW5lc3MgQ2VudHJhbCwgLk5ldCIsImNvbXBhbnlfbmFtZSI6IkFudGFsIEludGVybmF0aW9uYWwgTmV0d29yayIsImFkZHJlc3NfY2l0eSI6Ik5hdmFycmUsIFNwYWluIiwiaHRpZG9jaWQiOiJvcG9nTXBqREdVV1hTTHV5QUFBQUFBPT0iLCJ1dWxlIjoidytDQUlRSUNJRlUzQmhhVzQifQ==,Seguridad
eyJqb2JfdGl0bGUiOiIoUC0xNTMpIERlc2Fycm9sbGFkb3IvQSBTZW5pb3IgRHluYW1pY3MgQnVzaW5lc3MgQ2VudHJhbCwgLk5ldCIsImNvbXBhbnlfbmFtZSI6IkFudGFsIEludGVybmF0aW9uYWwgTmV0d29yayIsImFkZHJlc3NfY2l0eSI6Ik5hdmFycmUsIFNwYWluIiwiaHRpZG9jaWQiOiJvcG9nTXBqREdVV1hTTHV5QUFBQUFBPT0iLCJ1dWxlIjoidytDQUlRSUNJRlUzQmhhVzQifQ==,Integración
eyJqb2JfdGl0bGUiOiJJTkdFTklFUk9TIFTDiUNOSUNPUyBFTiBJTkZPUk3DgVRJQ0EgREUgU0lTVEVNQVMiLCJjb21wYW55X25hbWUiOiJqY3lsLmVzIC0gam9iYm9hcmQiLCJhZGRyZXNzX2NpdHkiOiJMZcOzbiwgU3BhaW4iLCJodGlkb2NpZCI6IkYwaEdGckFhdkxCaUJITGRBQUFBQUE9PSIsInV1bGUiOiJ3K0NBSVFJQ0lGVTNCaGFXNCJ9,Seguridad
eyJqb2JfdGl0bGUiOiJUw4lDTklDTy9BIERFIFNJU1RFTUFTIiwiY29tcGFueV9uYW1lIjoiSU1BTiBURU1QT1JJTkcgRVRULCBTLkwuIiwiYWRkcmVzc19jaXR5IjoiTGxlaWRhLCBTcGFpbiIsImh0aWRvY2lkIjoidl9iY1BMcUFudjFaQy1fQkFBQUFBQT09IiwidXVsZSI6IncrQ0FJUUlDSUZVM0JoYVc0In0=,Seguridad
eyJqb2JfdGl0bGUiOiJSZXNwb25zYWJsZSBUw6ljbmljbyAvIFNpc3RlbWFzIiwiY29tcGFueV9uYW1lIjoiTWljaGFlbCBQYWdlIiwiYWRkcmVzc19jaXR5IjoiWmFyYWdvemEsIFNwYWluIiwiaHRpZG9jaWQiOiJqTkhVWktPcnI5emd6cDNzQUFBQUFBPT0iLCJ1dWxlIjoidytDQUlRSUNJRlUzQmhhVzQifQ==,Seguridad
eyJqb2JfdGl0bGUiOiJUZWNuaWNvIFNpc3RlbWFzIiwiY29tcGFueV9uYW1lIjoiUmFuZHN0YWQgRGlnaXRhbCIsImFkZHJlc3NfY2l0eSI6IkJhcmNlbG9uYSwgU3BhaW4iLCJodGlkb2NpZCI6InFHamhmMlJuLTB3NUpvWGFBQUFBQUE9PSIsInV1bGUiOiJ3K0NBSVFJQ0lGVTNCaGFXNCJ9,Seguridad
eyJqb2JfdGl0bGUiOiJBbmFsaXN0YSBkZSBEYXRvcyBCSSB8IFtFNjk3XSIsImNvbXBhbnlfbmFtZSI6IkVTTUwgU0QgSWJlcmlhIEhvbGRpbmcgUyBBIFUiLCJhZGRyZXNzX2NpdHkiOiJDb21tdW5pdHkgb2YgTWFkcmlkLCBTcGFpbiIsImh0aWRvY2lkIjoibkZBS3I1TGVhQWhnZzhsQUFBQUFBQT09IiwidXVsZSI6IncrQ0FJUUlDSUZVM0JoYVc0In0=,Integración
eyJqb2JfdGl0bGUiOiJBbmFsaXN0YSBkZSBEYXRvcyIsImNvbXBhbnlfbmFtZSI6IkFMREkgTm9yZCIsImFkZHJlc3NfY2l0eSI6IlNhbnQgQ3VnYXQgZGVsIFZhbGzDqHMsIFNwYWluIiwiaHRpZG9jaWQiOiJVem1tTnpMb0pidTdMS0dxQUFBQUFBPT0iLCJ1dWxlIjoidytDQUlRSUNJRlUzQmhhVzQifQ==,Seguridad
eyJqb2JfdGl0bGUiOiJBbmFsaXN0YSBkZSBEYXRvcyB5IE5lZ29jaW8gKFNlY3RvciBFbmVyZ8OpdGljbykiLCJjb21wYW55X25hbWUiOiJCT1NMQU4gSU5HRU5JRVJJQSBZIENPTlNVTFRPUklBIiwiYWRkcmVzc19jaXR5IjoiU3BhaW4iLCJodGlkb2NpZCI6IkxBZUZUQmRsVXJ1YnRKVlFBQUFBQUE9PSIsInV1bGUiOiJ3K0NBSVFJQ0lGVTNCaGFXNCJ9,Seguridad
eyJqb2JfdGl0bGUiOiJBbmFsaXN0YSBkZSBkYXRvcyIsImNvbXBhbnlfbmFtZSI6IkltcG9ydGFudGUgZW1wcmVzYSBkZWwgc2VjdG9yIiwiYWRkcmVzc19jaXR5IjoiQ8OzcmRvYmEsIFNwYWluIiwiaHRpZG9jaWQiOiJ0UWhOZEdXakF4X0czWGF5QUFBQUFBPT0iLCJ1dWxlIjoidytDQUlRSUNJRlUzQmhhVzQifQ==,Base de datos
eyJqb2JfdGl0bGUiOiJBbmFsaXN0YSBkZSBEYXRvcyIsImNvbXBhbnlfbmFtZSI6IkFMREkiLCJhZGRyZXNzX2NpdHkiOiJTcGFpbiIsImh0aWRvY2lkIjoiT0tiMFhQekZwTGQ1SE5EZ0FBQUFBQT09IiwidXVsZSI6IncrQ0FJUUlDSUZVM0JoYVc0In0=,Seguridad
eyJqb2JfdGl0bGUiOiJBbmFsaXN0YSBCdXNpbmVzcyBJbnRlbGxpZ2VuY2UgLSBEYXRhIFNjaWVuY2UiLCJjb21wYW55X25hbWUiOiJJT0RpZ2l0YWwiLCJhZGRyZXNzX2NpdHkiOiJNYWRyaWQsIFNwYWluIiwiaHRpZG9jaWQiOiJFQ2tYbjM1bWVfN1lWWFE4QUFBQUFBPT0iLCJ1dWxlIjoidytDQUlRSUNJRlUzQmhhVzQifQ==,Base de datos
eyJqb2JfdGl0bGUiOiJBbmFsaXN0YSAtIERhdGEgQ29sbGVjdGlvbiIsImNvbXBhbnlfbmFtZSI6IkZsYXQgMTAxIiwiYWRkcmVzc19jaXR5IjoiTWFkcmlkLCBTcGFpbiIsImh0aWRvY2lkIjoiLVJ3NU91OTVQY0JyZTNkWUFBQUFBQT09IiwidXVsZSI6IncrQ0FJUUlDSUZVM0JoYVc0In0=,Seguridad
eyJqb2JfdGl0bGUiOiJQZXJmaWwgaMOtYnJpZG8gZGUgQW5hbGlzdGEgVMOpY25pY28gZGUgTmVnb2NpbyB5IEFuYWxpc3RhIGRlIERhdG9zLiAxMDAlIFRlbGV0cmFiYWpvLiIsImNvbXBhbnlfbmFtZSI6IkdydXBvIEhhc3RlbiIsImFkZHJlc3NfY2l0eSI6Ik1hZHJpZCwgU3BhaW4iLCJodGlkb2NpZCI6IjljYUtBbDlBQWx2RzF2RGNBQUFBQUE9PSIsInV1bGUiOiJ3K0NBSVFJQ0lGVTNCaGFXNCJ9,Integración
eyJqb2JfdGl0bGUiOiJBbmFsaXN0YSAtIERhdGEgQ29sbGVjdGlvbiIsImNvbXBhbnlfbmFtZSI6IkZsYXQgMTAxIiwiYWRkcmVzc19jaXR5IjoiTWFkcmlkLCBTcGFpbiIsImh0aWRvY2lkIjoiTUFKNDRWaF9qN1pBZzBxbEFBQUFBQT09IiwidXVsZSI6IncrQ0FJUUlDSUZVM0JoYVc0In0=,Seguridad
eyJqb2JfdGl0bGUiOiJCZWNhIERlc2Fycm9sbG8gZGUgTmVnb2NpbyAtIEFuYWxpc3RhIENSTSIsImNvbXBhbnlfbmFtZSI6IkF1cmVuIiwiYWRkcmVzc19jaXR5IjoiTWFkcmlkLCBTcGFpbiIsImh0aWRvY2lkIjoieFhXbG52ZHQxUkpFdzU2dEFBQUFBQT09IiwidXVsZSI6IncrQ0FJUUlDSUZVM0JoYVc0In0=,Base de datos
eyJqb2JfdGl0bGUiOiJBbmFsaXN0YSBGdW5jaW9uYWwgQ1JNIiwiY29tcGFueV9uYW1lIjoiTWljaGFlbCBQYWdlIiwiYWRkcmVzc19jaXR5IjoiTWFkcmlkLCBTcGFpbiIsImh0aWRvY2lkIjoiZjhvUDJTOVUxRV9nckZkeEFBQUFBQT09IiwidXVsZSI6IncrQ0FJUUlDSUZVM0JoYVc0In0=,Integración
eyJqb2JfdGl0bGUiOiJUcmFiYWpvcyBlbiBCaWcgRGF0YSIsImNvbXBhbnlfbmFtZSI6IllvdW5nQ2FwaXRhbCIsImFkZHJlc3NfY2l0eSI6IkdyYW5hZGEsIFNwYWluIiwiaHRpZG9jaWQiOiJiZmxjU2h2bmV2QjM0cjE4QUFBQUFBPT0iLCJ1dWxlIjoidytDQUlRSUNJRlUzQmhhVzQifQ==,Base de datos
eyJqb2JfdGl0bGUiOiJBbmFsaXN0YSBGdW5jaW9uYWwgLk5FVCIsImNvbXBhbnlfbmFtZSI6IkRldm90ZWFtIiwiYWRkcmVzc19jaXR5IjoiTWFkcmlkLCBTcGFpbiIsImh0aWRvY2lkIjoiNUE3el9pQlBwU2ZJTUxiaUFBQUFBQT09IiwidXVsZSI6IncrQ0FJUUlDSUZVM0JoYVc0In0=,Seguridad
eyJqb2JfdGl0bGUiOiJBbmFsaXN0YSBEaWdpdGFsIC0gR0E0IHkgQWRvYmUgQW5hbHl0aWNzIiwiY29tcGFueV9uYW1lIjoiSW1wcm92aW5nIE1ldHJpY3MiLCJhZGRyZXNzX2NpdHkiOiJTcGFpbiIsImh0aWRvY2lkIjoiRkVaeTNMVjE3V2h5Qm9Zb0FBQUFBQT09IiwidXVsZSI6IncrQ0FJUUlDSUZVM0JoYVc0In0=,Integración
eyJqb2JfdGl0bGUiOiJQUk9DRVNPIERFIFNFTEVDQ0nDk04gQ0VSUkFETy4gQkVDQSBEYXRhIEFuYWx5c3QgVHJhaW5lZSIsImNvbXBhbnlfbmFtZSI6IkVVREUgQnVzaW5lc3MgU2Nob29sIiwiYWRkcmVzc19jaXR5IjoiTWFkcmlkLCBTcGFpbiIsImh0aWRvY2lkIjoiRmQ2eVZBVXBlbU5Tc0xYZ0FBQUFBQT09IiwidXVsZSI6IncrQ0FJUUlDSUZVM0JoYVc0In0=,Backend
eyJqb2JfdGl0bGUiOiJCdXNpbmVzcyBBbmFseXN0IGNvbiBmcmFuY8OpcyBDTkFNIiwiY29tcGFueV9uYW1lIjoic2cgdGVjaCIsImFkZHJlc3NfY2l0eSI6IlNwYWluIiwiaHRpZG9jaWQiOiJsalpKN2tRRjM3V3dYTTV4QUFBQUFBPT0iLCJ1dWxlIjoidytDQUlRSUNJRlUzQmhhVzQifQ==,Mantenimiento y Soporte
eyJqb2JfdGl0bGUiOiJSZXNwb25zYWJsZSBCdXNpbmVzcyBJbnRlbGxpZ2VuY2UgeSBSZXBvcnRpbmciLCJjb21wYW55X25hbWUiOiJVbml2ZXJzaXRhdCBJbnRlcm5hY2lvbmFsIGRlIENhdGFsdW55YSIsImFkZHJlc3NfY2l0eSI6IkJhcmNlbG9uYSwgU3BhaW4iLCJodGlkb2NpZCI6InVVdThrTXpSbzdwY1VyX1JBQUFBQUE9PSIsInV1bGUiOiJ3K0NBSVFJQ0lGVTNCaGFXNCJ9,Seguridad
eyJqb2JfdGl0bGUiOiJSZXNwb25zYWJsZSBkZSBEZXNhcnJvbGxvIElUIiwiY29tcGFueV9uYW1lIjoiTEhIIiwiYWRkcmVzc19jaXR5IjoiU2FudGEgT2xpdmEsIFNwYWluIiwiaHRpZG9jaWQiOiJtSnVDcEV2bDRoZ2lMSEdVQUFBQUFBPT0iLCJ1dWxlIjoidytDQUlRSUNJRlUzQmhhVzQifQ==,Base de datos
eyJqb2JfdGl0bGUiOiJSZXNwb25zYWJsZSBkZSBEZXNhcnJvbGxvIElUIiwiY29tcGFueV9uYW1lIjoiTEhIIiwiYWRkcmVzc19jaXR5IjoiU2FudGEgT2xpdmEsIFNwYWluIiwiaHRpZG9jaWQiOiJtSnVDcEV2bDRoZ2lMSEdVQUFBQUFBPT0iLCJ1dWxlIjoidytDQUlRSUNJRlUzQmhhVzQifQ==,Integración
eyJqb2JfdGl0bGUiOiJEZXNhcnJvbGxhZG9yIEZ1bGwgU3RhY2siLCJjb21wYW55X25hbWUiOiJWZWdhIENvbnN1bHRvcmVzIiwiYWRkcmVzc19jaXR5IjoiQSBDb3J1w7FhLCBTcGFpbiIsImh0aWRvY2lkIjoiUHZIbXVlVEpabmVnUjRJdEFBQUFBQT09IiwidXVsZSI6IncrQ0FJUUlDSUZVM0JoYVc0In0=,Integración
eyJqb2JfdGl0bGUiOiJEZXNhcnJvbGxhZG9yIEZ1bGwgU3RhY2siLCJjb21wYW55X25hbWUiOiJWZWdhIENvbnN1bHRvcmVzIiwiYWRkcmVzc19jaXR5IjoiQSBDb3J1w7FhLCBTcGFpbiIsImh0aWRvY2lkIjoiUHZIbXVlVEpabmVnUjRJdEFBQUFBQT09IiwidXVsZSI6IncrQ0FJUUlDSUZVM0JoYVc0In0=,Full Stack
eyJqb2JfdGl0bGUiOiJEZXNhcnJvbGxhZG9yIEZ1bGwgU3RhY2siLCJjb21wYW55X25hbWUiOiJWZWdhIENvbnN1bHRvcmVzIiwiYWRkcmVzc19jaXR5IjoiQSBDb3J1w7FhLCBTcGFpbiIsImh0aWRvY2lkIjoiUHZIbXVlVEpabmVnUjRJdEFBQUFBQT09IiwidXVsZSI6IncrQ0FJUUlDSUZVM0JoYVc0In0=,Backend
eyJqb2JfdGl0bGUiOiJEZXNhcnJvbGxhZG9yL2EgSmF2YSBGdWxsIFN0YWNrIiwiY29tcGFueV9uYW1lIjoiSU1BTiBURU1QT1JJTkcgRVRULCBTLkwuIiwiYWRkcmVzc19jaXR5IjoiR3JhbmFkYSwgU3BhaW4iLCJodGlkb2NpZCI6IkZCMEh4TnRFZ210RlJZelpBQUFBQUE9PSIsInV1bGUiOiJ3K0NBSVFJQ0lGVTNCaGFXNCJ9,Base de datos
eyJqb2JfdGl0bGUiOiJEZXNhcnJvbGxhZG9yIEpBVkEgU3ByaW5nYm9vdCIsImNvbXBhbnlfbmFtZSI6Ik96b25hIFRlY25vbG9nw61hIiwiYWRkcmVzc19jaXR5IjoiU2FudGlhZ28gZGUgQ29tcG9zdGVsYSwgTXVuaWNpcGFsaXR5IG9mIFNhbnRpYWdvIGRlIENvbXBvc3RlbGEsIFNwYWluIiwiaHRpZG9jaWQiOiJnNTNuQktsZWQtTGRqS2RfQUFBQUFBPT0iLCJ1dWxlIjoidytDQUlRSUNJRlUzQmhhVzQifQ==,Integración
eyJqb2JfdGl0bGUiOiJJbmdlbmllcm8vYSBzb2Z0d2FyZSBGcm9udC1lbmQgQW5ndWxhciIsImNvbXBhbnlfbmFtZSI6IkdNViIsImFkZHJlc3NfY2l0eSI6Ik1hZHJpZCwgU3BhaW4iLCJodGlkb2NpZCI6IlBjaURpNlJ2VzFTSXBITjZBQUFBQUE9PSIsInV1bGUiOiJ3K0NBSVFJQ0lGVTNCaGFXNCJ9,Seguridad
eyJqb2JfdGl0bGUiOiJJbmdlbmllcm8gZGUgQXBsaWNhY2lvbmVzICh3L20vZCkiLCJjb21wYW55X25hbWUiOiJIZXhhZ29uIE1hbnVmYWN0dXJpbmcgSW50ZWxsaWdlbmNlIiwiYWRkcmVzc19jaXR5IjoiQmFyY2Vsb25hLCBTcGFpbiIsImh0aWRvY2lkIjoiV0MzY05UZlFGXy1ldU9sekFBQUFBQT09IiwidXVsZSI6IncrQ0FJUUlDSUZVM0JoYVc0In0=,Integración
eyJqb2JfdGl0bGUiOiJTb2Z0d2FyZSBFbmdpbmVlciAtIFdlYiBCcm93c2VyIFNESyIsImNvbXBhbnlfbmFtZSI6IkRhdGFkb2ciLCJhZGRyZXNzX2NpdHkiOiJNYWRyaWQsIFNwYWluIiwiaHRpZG9jaWQiOiIyYUl1MHpOeWhITEZLTjBSQUFBQUFBPT0iLCJ1dWxlIjoidytDQUlRSUNJRlUzQmhhVzQifQ==,Mobile
eyJqb2JfdGl0bGUiOiJTb2Z0d2FyZSBFbmdpbmVlciAtIFdlYiBCcm93c2VyIFNESyIsImNvbXBhbnlfbmFtZSI6IkRhdGFkb2ciLCJhZGRyZXNzX2NpdHkiOiJNYWRyaWQsIFNwYWluIiwiaHRpZG9jaWQiOiIyYUl1MHpOeWhITEZLTjBSQUFBQUFBPT0iLCJ1dWxlIjoidytDQUlRSUNJRlUzQmhhVzQifQ==,Backend
eyJqb2JfdGl0bGUiOiJJbmdlbmllcm8vYSBkZSBJbnRlbGlnZW5jaWEgQXJ0aWZpY2lhbCB5IE1hY2hpbmUgTGVhcm5pbmciLCJjb21wYW55X25hbWUiOiJBTFRFTiBTcGFpbiIsImFkZHJlc3NfY2l0eSI6Ik1hZHJpZCwgU3BhaW4iLCJodGlkb2NpZCI6IjBLTXBjZWxaY3N4SE84ZU1BQUFBQUE9PSIsInV1bGUiOiJ3K0NBSVFJQ0lGVTNCaGFXNCJ9,Integración
eyJqb2JfdGl0bGUiOiJJbmdlbmllcm8vYSBkZSBJbm5vdmFjacOzbiBlbiBJbnRlbGlnZW5jaWEgQXJ0aWZpY2lhbCAoTWFkcmlkKSIsImNvbXBhbnlfbmFtZSI6IkJvIEdyb3d0aCIsImFkZHJlc3NfY2l0eSI6Ik1hZHJpZCwgU3BhaW4iLCJodGlkb2NpZCI6IlhLWjFXMGNsMC1ucFA0cjdBQUFBQUE9PSIsInV1bGUiOiJ3K0NBSVFJQ0lGVTNCaGFXNCJ9,Seguridad
eyJqb2JfdGl0bGUiOiJEZXNhcnJvbGxhZG9yIGRlIHNvbHVjaW9uZXMgSUEiLCJjb21wYW55X25hbWUiOiJvcmtpZC5pbyIsImFkZHJlc3NfY2l0eSI6IlNwYWluIiwiaHRpZG9jaWQiOiJGMkpicUtUZlVmNGZKWEQzQUFBQUFBPT0iLCJ1dWxlIjoidytDQUlRSUNJRlUzQmhhVzQifQ==,Integración
eyJqb2JfdGl0bGUiOiJEZXNhcnJvbGxhZG9yIGRlIHNvbHVjaW9uZXMgSUEiLCJjb21wYW55X25hbWUiOiJvcmtpZC5pbyIsImFkZHJlc3NfY2l0eSI6IlNwYWluIiwiaHRpZG9jaWQiOiJGMkpicUtUZlVmNGZKWEQzQUFBQUFBPT0iLCJ1dWxlIjoidytDQUlRSUNJRlUzQmhhVzQifQ==,Backend
eyJqb2JfdGl0bGUiOiJJbmdlbmllcm8vYSBkZSBJbm5vdmFjacOzbiBlbiBJbnRlbGlnZW5jaWEgQXJ0aWZpY2lhbCAoTWFkcmlkKSIsImNvbXBhbnlfbmFtZSI6IkJvIEdyb3d0aCIsImFkZHJlc3NfY2l0eSI6IkNvbW11bml0eSBvZiBNYWRyaWQsIFNwYWluIiwiaHRpZG9jaWQiOiJqTEQ5OXZKOV9UUXBtSXJ4QUFBQUFBPT0iLCJ1dWxlIjoidytDQUlRSUNJRlUzQmhhVzQifQ==,Seguridad
eyJqb2JfdGl0bGUiOiJEZXNhcnJvbGxhZG9yIGRlIFNvbHVjaW9uZXMgQ29nbml0aXZhcyBlbiBQeXRob24iLCJjb21wYW55X25hbWUiOiJRVUFOVCBBSSBMYWIiLCJhZGRyZXNzX2NpdHkiOiJTcGFpbiIsImh0aWRvY2lkIjoiU2NrdFFfeFV3aWk2TUhPTEFBQUFBQT09IiwidXVsZSI6IncrQ0FJUUlDSUZVM0JoYVc0In0=,Seguridad
eyJqb2JfdGl0bGUiOiJEZXNhcnJvbGxhZG9yIGRlIFNvbHVjaW9uZXMgQ29nbml0aXZhcyBlbiBQeXRob24iLCJjb21wYW55X25hbWUiOiJRVUFOVCBBSSBMYWIiLCJhZGRyZXNzX2NpdHkiOiJTcGFpbiIsImh0aWRvY2lkIjoiU2NrdFFfeFV3aWk2TUhPTEFBQUFBQT09IiwidXVsZSI6IncrQ0FJUUlDSUZVM0JoYVc0In0=,Integración
eyJqb2JfdGl0bGUiOiJQeXRob24gQUkgRGV2ZWxvcGVyIiwiY29tcGFueV9uYW1lIjoiS2l0ZXJpcyIsImFkZHJlc3NfY2l0eSI6Ik1hZHJpZCwgU3BhaW4iLCJodGlkb2NpZCI6IkRVQk52QXFHVWVlTlBsV1RBQUFBQUE9PSIsInV1bGUiOiJ3K0NBSVFJQ0lGVTNCaGFXNCJ9,Integración
eyJqb2JfdGl0bGUiOiJJbmdlbmllcm8vYSBkZSBzb2Z0d2FyZSB5IGRldm9wcyBlbiBpbnRlbGlnZW5jaWEgYXJ0aWZpY2lhbCIsImNvbXBhbnlfbmFtZSI6IlZpY29tdGVjaCIsImFkZHJlc3NfY2l0eSI6IkRvbm9zdGlhLVNhbiBTZWJhc3RpYW4sIFNwYWluIiwiaHRpZG9jaWQiOiJsRVd5S29GUF9QRnhlRnlQQUFBQUFBPT0iLCJ1dWxlIjoidytDQUlRSUNJRlUzQmhhVzQifQ==,Integración
eyJqb2JfdGl0bGUiOiJUw4lDTklDTyBJTlRFTElHRU5DSUEgQVJUSUZJQ0lBTC9BTsOBTElTSVMgREUgREFUT1MiLCJjb21wYW55X25hbWUiOiJJQ1AiLCJhZGRyZXNzX2NpdHkiOiJNZWNvLCBTcGFpbiIsImh0aWRvY2lkIjoiaDdnVEFvQ2pNZFRHVnloWkFBQUFBQT09IiwidXVsZSI6IncrQ0FJUUlDSUZVM0JoYVc0In0=,Integración
eyJqb2JfdGl0bGUiOiJUw4lDTklDTyBJTlRFTElHRU5DSUEgQVJUSUZJQ0lBTC9BTsOBTElTSVMgREUgREFUT1MiLCJjb21wYW55X25hbWUiOiJJQ1AiLCJhZGRyZXNzX2NpdHkiOiJNZWNvLCBTcGFpbiIsImh0aWRvY2lkIjoiaDdnVEFvQ2pNZFRHVnloWkFBQUFBQT09IiwidXVsZSI6IncrQ0FJUUlDSUZVM0JoYVc0In0=,Backend
eyJqb2JfdGl0bGUiOiJJUk43MTggSW5nZW5pZXJvIE1hY2hpbmUgTGVhcm5pbmciLCJjb21wYW55X25hbWUiOiJJdGpvYnMiLCJhZGRyZXNzX2NpdHkiOiJTcGFpbiIsImh0aWRvY2lkIjoiS1R0Yzc5ZUxOYi1yTkJCTkFBQUFBQT09IiwidXVsZSI6IncrQ0FJUUlDSUZVM0JoYVc0In0=,Integración
eyJqb2JfdGl0bGUiOiJJbmdlbmllcm8vYSBkZSBzb2Z0d2FyZSB5IGRldm9wcyBlbiBpbnRlbGlnZW5jaWEgYXJ0aWZpY2lhbCIsImNvbXBhbnlfbmFtZSI6IlNpbiBlc3BlY2lmaWNhciIsImFkZHJlc3NfY2l0eSI6IlNwYWluIiwiaHRpZG9jaWQiOiJUQWQxUmVOUldqOHpmTzdWQUFBQUFBPT0iLCJ1dWxlIjoidytDQUlRSUNJRlUzQmhhVzQifQ==,Integración
eyJqb2JfdGl0bGUiOiJWYWNhbnRlIGRlIFRJIGVuIHVuYSBjb21wYcOxw61hIGRlIGludGVsaWdlbmNpYSBhcnRpZmljaWFsIGVuIFNldmlsbGEsIEVzcGHDsWEgKHNvZnR3YXJlKSIsImNvbXBhbnlfbmFtZSI6IlNwYWluLUludGVybnNoaXAiLCJhZGRyZXNzX2NpdHkiOiJTZXZpbGxlLCBTcGFpbiIsImh0aWRvY2lkIjoiM1ZkOFhrRVVFYURIaVptOUFBQUFBQT09IiwidXVsZSI6IncrQ0FJUUlDSUZVM0JoYVc0In0=,Base de datos
eyJqb2JfdGl0bGUiOiJFc3BlY2lhbGlzdGEgZW4gR2VzdGnDs24gZGUgQ2FtYmlvcyBkZSBJbmdlbmllcsOtYSIsImNvbXBhbnlfbmFtZSI6IlBvd2VyIEVsZWN0cm9uaWNzIiwiYWRkcmVzc19jaXR5IjoiTGzDrXJpYSwgU3BhaW4iLCJodGlkb2NpZCI6IkpSeEl2Und1dzNxcEo2M2VBQUFBQUE9PSIsInV1bGUiOiJ3K0NBSVFJQ0lGVTNCaGFXNCJ9,Seguridad
eyJqb2JfdGl0bGUiOiJERVNBUlJPTExBRE9SIFdFQiIsImNvbXBhbnlfbmFtZSI6IlNlYXMiLCJhZGRyZXNzX2NpdHkiOiJaYXJhZ296YSwgU3BhaW4iLCJodGlkb2NpZCI6IkpGaVVYRHJNeU1BekxZZ01BQUFBQUE9PSIsInV1bGUiOiJ3K0NBSVFJQ0lGVTNCaGFXNCJ9,Seguridad
eyJqb2JfdGl0bGUiOiJEZXNhcnJvbGxhZG9yIEFwbGljYWNpb25lcyBJbmZvcm1hdGljYXMiLCJjb21wYW55X25hbWUiOiJSYW5kc3RhZCBEaWdpdGFsIiwiYWRkcmVzc19jaXR5IjoiVmljLCBTcGFpbiIsImh0aWRvY2lkIjoiTXdBV3dGSG1kVndWS3BpdkFBQUFBQT09IiwidXVsZSI6IncrQ0FJUUlDSUZVM0JoYVc0In0=,Seguridad
eyJqb2JfdGl0bGUiOiJEZXNhcnJvbGxhZG9yIFdlYi9BcHAiLCJjb21wYW55X25hbWUiOiJST0JMRVIiLCJhZGRyZXNzX2NpdHkiOiJWYWxlbmNpYSwgU3BhaW4iLCJodGlkb2NpZCI6ImFSZUF0d3UyMHk1cDdJMXlBQUFBQUE9PSIsInV1bGUiOiJ3K0NBSVFJQ0lGVTNCaGFXNCJ9,Seguridad
eyJqb2JfdGl0bGUiOiJQcm9ncmFtYWRvciBGdWxsc3RhY2sgKC5ORVQvQW5ndWxhcikiLCJjb21wYW55X25hbWUiOiJCYWJlbCIsImFkZHJlc3NfY2l0eSI6Ik1hZHJpZCwgU3BhaW4iLCJodGlkb2NpZCI6IjRRMFNtV2pvVkVVSDJMWkFBQUFBQUE9PSIsInV1bGUiOiJ3K0NBSVFJQ0lGVTNCaGFXNCJ9,Backend
eyJqb2JfdGl0bGUiOiJEZXNhcnJvbGxhZG9yIGRlIEFwbGljYWNpb25lcyBXZWIgKERBVykiLCJjb21wYW55X25hbWUiOiJDb25zdWx0b3JhIGRlIFJSSEggZW4gZGlzQ2FwYWNpZGFkIHkgVGFsZW50byIsImFkZHJlc3NfY2l0eSI6Ik1hZHJpZCwgU3BhaW4iLCJodGlkb2NpZCI6IjJWb01PN1V6Q0tGcFlpVllBQUFBQUE9PSIsInV1bGUiOiJ3K0NBSVFJQ0lGVTNCaGFXNCJ9,Seguridad
eyJqb2JfdGl0bGUiOiJEZXNhcnJvbGxhZG9yIGRlIEFwbGljYWNpb25lcyBXZWIgKERBVykiLCJjb21wYW55X25hbWUiOiJDb25zdWx0b3JhIGRlIFJSSEggZW4gZGlzQ2FwYWNpZGFkIHkgVGFsZW50byIsImFkZHJlc3NfY2l0eSI6Ik1hZHJpZCwgU3BhaW4iLCJodGlkb2NpZCI6IjJWb01PN1V6Q0tGcFlpVllBQUFBQUE9PSIsInV1bGUiOiJ3K0NBSVFJQ0lGVTNCaGFXNCJ9,Integración
eyJqb2JfdGl0bGUiOiJEZXNhcnJvbGxhZG9yIEZ1bGwgU3RhY2siLCJjb21wYW55X25hbWUiOiJJbmRpdmEgU2FhUyIsImFkZHJlc3NfY2l0eSI6IkFsYmFjZXRlLCBTcGFpbiIsImh0aWRvY2lkIjoiZGMwcjhJd3RIOWpHYmVVUEFBQUFBQT09IiwidXVsZSI6IncrQ0FJUUlDSUZVM0JoYVc0In0=,Full Stack
eyJqb2JfdGl0bGUiOiJQcm9ncmFtYWRvciBmdWxsIHN0YWNrIiwiY29tcGFueV9uYW1lIjoiQW1hcmlzIENvbnN1bHRpbmciLCJhZGRyZXNzX2NpdHkiOiJCYXJjZWxvbmEsIFNwYWluIiwiaHRpZG9jaWQiOiJtZjRFcjJSbFU4UTdCY08tQUFBQUFBPT0iLCJ1dWxlIjoidytDQUlRSUNJRlUzQmhhVzQifQ==,Full Stack
eyJqb2JfdGl0bGUiOiJCRUNBIERlc2Fycm9sbGFkb3IgV2ViIC0gRnVsbCBTdGFjayBXZWIgRGV2ZWxvcGVyIiwiY29tcGFueV9uYW1lIjoiTkVUVCBEaWdpdGFsIFNjaG9vbCIsImFkZHJlc3NfY2l0eSI6IkFsaWNhbnRlLCBTcGFpbiIsImh0aWRvY2lkIjoibG05Q0phd0lCTzhmZHhhNkFBQUFBQT09IiwidXVsZSI6IncrQ0FJUUlDSUZVM0JoYVc0In0=,Full Stack
eyJqb2JfdGl0bGUiOiJEZXNhcnJvbGxhZG9yL2EgV2ViIEZ1bGwgU3RhY2siLCJjb21wYW55X25hbWUiOiJFR0EgQ09OU1VMVE9SRVMiLCJhZGRyZXNzX2NpdHkiOiJWaWdvLCBNdW5pY2lwYWxpdHkgb2YgVmlnbywgU3BhaW4iLCJodGlkb2NpZCI6InF5dUk5QTk2aVZBSFcyZk1BQUFBQUE9PSIsInV1bGUiOiJ3K0NBSVFJQ0lGVTNCaGFXNCJ9,Seguridad
eyJqb2JfdGl0bGUiOiJEZXNhcnJvbGxhZG9yL2EgV2ViIEZ1bGwgU3RhY2siLCJjb21wYW55X25hbWUiOiJFR0EgQ09OU1VMVE9SRVMiLCJhZGRyZXNzX2NpdHkiOiJWaWdvLCBNdW5pY2lwYWxpdHkgb2YgVmlnbywgU3BhaW4iLCJodGlkb2NpZCI6InF5dUk5QTk2aVZBSFcyZk1BQUFBQUE9PSIsInV1bGUiOiJ3K0NBSVFJQ0lGVTNCaGFXNCJ9,Base de datos
eyJqb2JfdGl0bGUiOiJEZXNhcnJvbGxhZG9yL2EgV2ViIEZ1bGwgU3RhY2siLCJjb21wYW55X25hbWUiOiJFR0EgQ09OU1VMVE9SRVMiLCJhZGRyZXNzX2NpdHkiOiJWaWdvLCBNdW5pY2lwYWxpdHkgb2YgVmlnbywgU3BhaW4iLCJodGlkb2NpZCI6InF5dUk5QTk2aVZBSFcyZk1BQUFBQUE9PSIsInV1bGUiOiJ3K0NBSVFJQ0lGVTNCaGFXNCJ9,Full Stack
eyJqb2JfdGl0bGUiOiJEZXNhcnJvbGxhZG9yL2EgV2ViIEZ1bGwgU3RhY2siLCJjb21wYW55X25hbWUiOiJFR0EgQ09OU1VMVE9SRVMiLCJhZGRyZXNzX2NpdHkiOiJWaWdvLCBNdW5pY2lwYWxpdHkgb2YgVmlnbywgU3BhaW4iLCJodGlkb2NpZCI6InF5dUk5QTk2aVZBSFcyZk1BQUFBQUE9PSIsInV1bGUiOiJ3K0NBSVFJQ0lGVTNCaGFXNCJ9,Backend
eyJqb2JfdGl0bGUiOiJEZXNhcnJvbGxhZG9yIHN1cGVyaW9yIGRlIHDDoWdpbmFzIHdlYiIsImNvbXBhbnlfbmFtZSI6IkdMT0JBTCAzNjAgQlVTSU5FU1MiLCJhZGRyZXNzX2NpdHkiOiJNYWRyaWQsIFNwYWluIiwiaHRpZG9jaWQiOiJ5UXZvekItWDNWa3ZtR25qQUFBQUFBPT0iLCJ1dWxlIjoidytDQUlRSUNJRlUzQmhhVzQifQ==,Integración
eyJqb2JfdGl0bGUiOiJEZXNhcnJvbGxhZG9yIHN1cGVyaW9yIGRlIHDDoWdpbmFzIHdlYiIsImNvbXBhbnlfbmFtZSI6IkdMT0JBTCAzNjAgQlVTSU5FU1MiLCJhZGRyZXNzX2NpdHkiOiJNYWRyaWQsIFNwYWluIiwiaHRpZG9jaWQiOiJ5UXZvekItWDNWa3ZtR25qQUFBQUFBPT0iLCJ1dWxlIjoidytDQUlRSUNJRlUzQmhhVzQifQ==,Backend
eyJqb2JfdGl0bGUiOiJEZXZlbG9wZXIgLk5ldCIsImNvbXBhbnlfbmFtZSI6IkthcHRpYSIsImFkZHJlc3NfY2l0eSI6IkPDs3Jkb2JhLCBTcGFpbiIsImh0aWRvY2lkIjoiTmJCVEptd2xTUmhMaE5XT0FBQUFBQT09IiwidXVsZSI6IncrQ0FJUUlDSUZVM0JoYVc0In0=,Integración
eyJqb2JfdGl0bGUiOiJEZXNhcnJvbGxhZG9yL2EgSmF2YSIsImNvbXBhbnlfbmFtZSI6IklTUFJPWCIsImFkZHJlc3NfY2l0eSI6IkJhcmNlbG9uYSwgU3BhaW4iLCJodGlkb2NpZCI6IjZubURkeTRodWc0S3lrTWVBQUFBQUE9PSIsInV1bGUiOiJ3K0NBSVFJQ0lGVTNCaGFXNCJ9,Base de datos
eyJqb2JfdGl0bGUiOiJEZXNhcnJvbGxhZG9yIFBIUCIsImNvbXBhbnlfbmFtZSI6Ik5VTlNZUyIsImFkZHJlc3NfY2l0eSI6IlNwYWluIiwiaHRpZG9jaWQiOiJNX0Q4bDFITFRSMXk5dzNaQUFBQUFBPT0iLCJ1dWxlIjoidytDQUlRSUNJRlUzQmhhVzQifQ==,Backend
eyJqb2JfdGl0bGUiOiJEZXNhcnJvbGxhZG9yL2EgSmF2YS9QaHl0b24iLCJjb21wYW55X25hbWUiOiJJbmV0dW0iLCJhZGRyZXNzX2NpdHkiOiJNYWRyaWQsIFNwYWluIiwiaHRpZG9jaWQiOiJYYzlQbjhLVS1GcE1LeUFzQUFBQUFBPT0iLCJ1dWxlIjoidytDQUlRSUNJRlUzQmhhVzQifQ==,Backend
eyJqb2JfdGl0bGUiOiJEZXNhcnJvbGxhZG9yIGRlIGZyb250LWVuZCIsImNvbXBhbnlfbmFtZSI6IlBoaWN1cyBUZWNub2xvZ8OtYSwgUy5MLiIsImFkZHJlc3NfY2l0eSI6Ik11cmNpYSwgU3BhaW4iLCJodGlkb2NpZCI6InU3QXZjSlZUU0VuTUZJbVlBQUFBQUE9PSIsInV1bGUiOiJ3K0NBSVFJQ0lGVTNCaGFXNCJ9,Mobile
eyJqb2JfdGl0bGUiOiJEZXNhcnJvbGxhZG9yIGRlIGZyb250LWVuZCIsImNvbXBhbnlfbmFtZSI6IlBoaWN1cyBUZWNub2xvZ8OtYSwgUy5MLiIsImFkZHJlc3NfY2l0eSI6Ik11cmNpYSwgU3BhaW4iLCJodGlkb2NpZCI6InU3QXZjSlZUU0VuTUZJbVlBQUFBQUE9PSIsInV1bGUiOiJ3K0NBSVFJQ0lGVTNCaGFXNCJ9,Integración
eyJqb2JfdGl0bGUiOiJQcm9ncmFtYWRvciBKYXZhIC8gYmFja2VuZCBkZXZlbG9wZXIiLCJjb21wYW55X25hbWUiOiJTRVJCWVRFIHNlcnZpY2lvcyBJVCIsImFkZHJlc3NfY2l0eSI6Ik1hZHJpZCwgU3BhaW4iLCJodGlkb2NpZCI6IjhRaVhXUWl5R01GR1JyajZBQUFBQUE9PSIsInV1bGUiOiJ3K0NBSVFJQ0lGVTNCaGFXNCJ9,Backend
eyJqb2JfdGl0bGUiOiJQcm9ncmFtYWRvciBmdWxsIHN0YWNrIiwiY29tcGFueV9uYW1lIjoiSGF5cyIsImFkZHJlc3NfY2l0eSI6Ik1hZHJpZCwgU3BhaW4iLCJodGlkb2NpZCI6ImVzWmZ6TkVPYWZ6WHZSaHlBQUFBQUE9PSIsInV1bGUiOiJ3K0NBSVFJQ0lGVTNCaGFXNCJ9,Backend
eyJqb2JfdGl0bGUiOiJJbmdlbmllcm8vYSBkZSBUZWxlY29tdW5pY2FjaW9uZXMgLSBPYnJhIGluZHVzdHJpYWwiLCJjb21wYW55X25hbWUiOiJTRUdVTEEgVGVjaG5vbG9naWVzIiwiYWRkcmVzc19jaXR5IjoiVml0b3JpYS1HYXN0ZWl6LCBTcGFpbiIsImh0aWRvY2lkIjoiNE90WTFzRWt0ZlN0UlpFOEFBQUFBQT09IiwidXVsZSI6IncrQ0FJUUlDSUZVM0JoYVc0In0=,Seguridad
eyJqb2JfdGl0bGUiOiJGSUotODkwIHwgRXNwZWNpYWxpc3RhIEluZnJhZXN0cnVjdHVyYSBkZSBUZWxlY29tdW5pY2FjaW9uZXMiLCJjb21wYW55X25hbWUiOiJMw61uZWEgRGlyZWN0YSIsImFkZHJlc3NfY2l0eSI6Ik1hZHJpZCwgU3BhaW4iLCJodGlkb2NpZCI6IndMX3A0cUZGSWptUW1JSlpBQUFBQUE9PSIsInV1bGUiOiJ3K0NBSVFJQ0lGVTNCaGFXNCJ9,Seguridad
eyJqb2JfdGl0bGUiOiJFc3BlY2lhbGlzdGEgZW4gUmVkZXMiLCJjb21wYW55X25hbWUiOiJUaGUgV2hpdGVhbSIsImFkZHJlc3NfY2l0eSI6Ik1hZHJpZCwgU3BhaW4iLCJodGlkb2NpZCI6InVOd185RDJDbzVZSThkWWpBQUFBQUE9PSIsInV1bGUiOiJ3K0NBSVFJQ0lGVTNCaGFXNCJ9,Seguridad
eyJqb2JfdGl0bGUiOiJJbmdlbmllcm8vYSBUZWxlY29tdW5pY2FjaW9uZXMgLSBBIENvcnXDsWEiLCJjb21wYW55X25hbWUiOiJEaWdpdGFsIFRhbGVudCBBZ2VuY3kiLCJhZGRyZXNzX2NpdHkiOiJHYWxpY2lhLCBTcGFpbiIsImh0aWRvY2lkIjoiR29TTXhRb1FFazNEVmJnRkFBQUFBQT09IiwidXVsZSI6IncrQ0FJUUlDSUZVM0JoYVc0In0=,Integración
eyJqb2JfdGl0bGUiOiJJTkdFTklFUk8vQSBURUxFQ09NVU5JQ0FDSU9ORVMgKFBlUykiLCJjb21wYW55X25hbWUiOiJTRUdVTEEgVGVjaG5vbG9naWVzIiwiYWRkcmVzc19jaXR5IjoiVml0b3JpYS1HYXN0ZWl6LCBTcGFpbiIsImh0aWRvY2lkIjoialdGSG9BdUZmRG12Q01ZU0FBQUFBQT09IiwidXVsZSI6IncrQ0FJUUlDSUZVM0JoYVc0In0=,Seguridad
eyJqb2JfdGl0bGUiOiJUw6ljbmljbyBlbiBzaXN0ZW1hcyIsImNvbXBhbnlfbmFtZSI6IkV2ZWxiIiwiYWRkcmVzc19jaXR5IjoiTyBNaWxsYWRvaXJvLCBBbWVzLCBTcGFpbiIsImh0aWRvY2lkIjoicUZ0SnJyX1JxeVlQLVRudEFBQUFBQT09IiwidXVsZSI6IncrQ0FJUUlDSUZVM0JoYVc0In0=,Seguridad
eyJqb2JfdGl0bGUiOiJBbmFsaXN0YSBkZSBTaXN0ZW1hcyBkZSBJbmZvcm1hY2nDs24gR2VvZ3LDoWZpY2EiLCJjb21wYW55X25hbWUiOiJUdXJuZXIgXHUwMDI2IFRvd25zZW5kIiwiYWRkcmVzc19jaXR5IjoiTWFkcmlkLCBTcGFpbiIsImh0aWRvY2lkIjoibURvSnZYU1p1M1lMMDF0eUFBQUFBQT09IiwidXVsZSI6IncrQ0FJUUlDSUZVM0JoYVc0In0=,Seguridad
eyJqb2JfdGl0bGUiOiJBbmFsaXN0YSBkZSBTaXN0ZW1hcyBkZSBJbmZvcm1hY2nDs24gR2VvZ3LDoWZpY2EiLCJjb21wYW55X25hbWUiOiJUdXJuZXIgXHUwMDI2IFRvd25zZW5kIiwiYWRkcmVzc19jaXR5IjoiTWFkcmlkLCBTcGFpbiIsImh0aWRvY2lkIjoibURvSnZYU1p1M1lMMDF0eUFBQUFBQT09IiwidXVsZSI6IncrQ0FJUUlDSUZVM0JoYVc0In0=,Base de datos
eyJqb2JfdGl0bGUiOiJBbmFsaXN0YSBkZSBTaXN0ZW1hcyBkZSBJbmZvcm1hY2nDs24gR2VvZ3LDoWZpY2EiLCJjb21wYW55X25hbWUiOiJUdXJuZXIgXHUwMDI2IFRvd25zZW5kIiwiYWRkcmVzc19jaXR5IjoiTWFkcmlkLCBTcGFpbiIsImh0aWRvY2lkIjoibURvSnZYU1p1M1lMMDF0eUFBQUFBQT09IiwidXVsZSI6IncrQ0FJUUlDSUZVM0JoYVc0In0=,Integración
eyJqb2JfdGl0bGUiOiJBbmFsaXN0YSBGdW5jaW9uYWwiLCJjb21wYW55X25hbWUiOiJJbmV0dW0iLCJhZGRyZXNzX2NpdHkiOiJCaWxiYW8sIFNwYWluIiwiaHRpZG9jaWQiOiJjTUdCRVVpaGkxQ3RGY0lwQUFBQUFBPT0iLCJ1dWxlIjoidytDQUlRSUNJRlUzQmhhVzQifQ==,Base de datos
eyJqb2JfdGl0bGUiOiJBTkFMSVNUQSBDQUxJREFEIFNFTklPUiBTRUNUT1IgSVQiLCJjb21wYW55X25hbWUiOiJTMiBHcnVwbyIsImFkZHJlc3NfY2l0eSI6IlZhbGVuY2lhLCBTcGFpbiIsImh0aWRvY2lkIjoiRjJ1MTJhUWFGR1hFcnZnR0FBQUFBQT09IiwidXVsZSI6IncrQ0FJUUlDSUZVM0JoYVc0In0=,Seguridad
eyJqb2JfdGl0bGUiOiJQSFAgRGV2ZWxvcGVyIiwiY29tcGFueV9uYW1lIjoiU29mdGVjYSIsImFkZHJlc3NfY2l0eSI6IkJ1cmdvcywgU3BhaW4iLCJodGlkb2NpZCI6ImtyLUZVbGYxWGpGRGUyUnBBQUFBQUE9PSIsInV1bGUiOiJ3K0NBSVFJQ0lGVTNCaGFXNCJ9,Integración
eyJqb2JfdGl0bGUiOiJQSFAgRGV2ZWxvcGVyIiwiY29tcGFueV9uYW1lIjoiQW50YWwgSW50ZXJuYXRpb25hbCIsImFkZHJlc3NfY2l0eSI6Ik1hZHJpZCwgU3BhaW4iLCJodGlkb2NpZCI6InpLWXJXWGZDbEJKS3Y1d3JBQUFBQUE9PSIsInV1bGUiOiJ3K0NBSVFJQ0lGVTNCaGFXNCJ9,Integración
eyJqb2JfdGl0bGUiOiJQSFAgRGV2ZWxvcGVyIiwiY29tcGFueV9uYW1lIjoiQUNDT00iLCJhZGRyZXNzX2NpdHkiOiJNYWRyaWQsIFNwYWluIiwiaHRpZG9jaWQiOiJuM0xOb1pHQnZPbU12Q1RJQUFBQUFBPT0iLCJ1dWxlIjoidytDQUlRSUNJRlUzQmhhVzQifQ==,Full Stack
eyJqb2JfdGl0bGUiOiJEZXNhcnJvbGxhZG9yL2EgUEhQIGNvbiBTeW1mb255IiwiY29tcGFueV9uYW1lIjoiQlJBTkRUWSIsImFkZHJlc3NfY2l0eSI6IkFsaWNhbnRlLCBTcGFpbiIsImh0aWRvY2lkIjoiMFJBUzNXSjJWanNHZDhYUEFBQUFBQT09IiwidXVsZSI6IncrQ0FJUUlDSUZVM0JoYVc0In0=,Base de datos
eyJqb2JfdGl0bGUiOiJEZXNhcnJvbGxhZG9yL2EgUEhQIGNvbiBTeW1mb255IiwiY29tcGFueV9uYW1lIjoiQlJBTkRUWSIsImFkZHJlc3NfY2l0eSI6IkFsaWNhbnRlLCBTcGFpbiIsImh0aWRvY2lkIjoiMFJBUzNXSjJWanNHZDhYUEFBQUFBQT09IiwidXVsZSI6IncrQ0FJUUlDSUZVM0JoYVc0In0=,Integración
eyJqb2JfdGl0bGUiOiJQcm9ncmFtZG9yL2Egd2ViIHBocC1odG1sIiwiY29tcGFueV9uYW1lIjoiRGVuZW1heCBDb25zdWx0aW5nIFMuTCIsImFkZHJlc3NfY2l0eSI6IlZpbGxhdmljaW9zYSBkZSBPZMOzbiwgU3BhaW4iLCJodGlkb2NpZCI6IkkzZGFSbmJldEJ1LXJOZXdBQUFBQUE9PSIsInV1bGUiOiJ3K0NBSVFJQ0lGVTNCaGFXNCJ9,Base de datos
eyJqb2JfdGl0bGUiOiJJbmdlbmllcm8gZGUgU29mdHdhcmUgRnVsbHN0YWNrIiwiY29tcGFueV9uYW1lIjoiUml0aHVtIiwiYWRkcmVzc19jaXR5IjoiQWxjb2JlbmRhcywgU3BhaW4iLCJodGlkb2NpZCI6InVBQmxOYS1nb3dPNGlqUjJBQUFBQUE9PSIsInV1bGUiOiJ3K0NBSVFJQ0lGVTNCaGFXNCJ9,Integración
eyJqb2JfdGl0bGUiOiJQcm9ncmFtYWRvciBKdW5pb3IgUEhQIEZ1bGwgU3RhY2sgZW4gU2V2aWxsYSIsImNvbXBhbnlfbmFtZSI6IkdydXBvIElucHJleCIsImFkZHJlc3NfY2l0eSI6IlNwYWluIiwiaHRpZG9jaWQiOiJVMDhPZ0xHM0VoZzRrcEpmQUFBQUFBPT0iLCJ1dWxlIjoidytDQUlRSUNJRlUzQmhhVzQifQ==,Full Stack
eyJqb2JfdGl0bGUiOiJEZXNhcnJvbGxhZG9yIFBIUCB5IENNUyAoUHJlc3Rhc2hvcCkiLCJjb21wYW55X25hbWUiOiJFbnZpYW5kbyIsImFkZHJlc3NfY2l0eSI6IlNhbnRhbmRlciwgU3BhaW4iLCJodGlkb2NpZCI6IlYtWlBNSWpkREs0N0k2NlpBQUFBQUE9PSIsInV1bGUiOiJ3K0NBSVFJQ0lGVTNCaGFXNCJ9,Mobile
eyJqb2JfdGl0bGUiOiJFc3BlY2lhbGlzdGEgZW4gQ2liZXJzZWd1cmlkYWQiLCJjb21wYW55X25hbWUiOiJJemVydGlzIiwiYWRkcmVzc19jaXR5IjoiVGFycmFnb25hLCBTcGFpbiIsImh0aWRvY2lkIjoiUEkyaWpkb240Y2xpWlRUeUFBQUFBQT09IiwidXVsZSI6IncrQ0FJUUlDSUZVM0JoYVc0In0=,Seguridad
eyJqb2JfdGl0bGUiOiJFc3BlY2lhbGlzdGEgZW4gY2liZXJzZWd1cmlkYWQiLCJjb21wYW55X25hbWUiOiJPcHRpbWlzc2EiLCJhZGRyZXNzX2NpdHkiOiJTcGFpbiIsImh0aWRvY2lkIjoiSG9KMEFDLXdnc0RhMnhSWUFBQUFBQT09IiwidXVsZSI6IncrQ0FJUUlDSUZVM0JoYVc0In0=,Seguridad
eyJqb2JfdGl0bGUiOiJFc3BlY2lhbGlzdGEgZW4gY2liZXJzZWd1cmlkYWQiLCJjb21wYW55X25hbWUiOiJPcHRpbWlzc2EiLCJhZGRyZXNzX2NpdHkiOiJTcGFpbiIsImh0aWRvY2lkIjoiVVBzT3pkWmd1dENCT0ppdUFBQUFBQT09IiwidXVsZSI6IncrQ0FJUUlDSUZVM0JoYVc0In0=,Seguridad
eyJqb2JfdGl0bGUiOiJFU1BFQ0lBTElTVEEgU0VOSU9SIFRFQ05PTE9Hw41BUyBERSBDSUJFUkRFRkVOU0EiLCJjb21wYW55X25hbWUiOiJUZWxlZsOzbmljYSIsImFkZHJlc3NfY2l0eSI6Ik1hZHJpZCwgU3BhaW4iLCJodGlkb2NpZCI6Im8tajlRT0ZITE1aem1HNW5BQUFBQUE9PSIsInV1bGUiOiJ3K0NBSVFJQ0lGVTNCaGFXNCJ9,Seguridad
eyJqb2JfdGl0bGUiOiJFc3BlY2lhbGlzdGEgZW4gQ2liZXJzZWd1cmlkYWQiLCJjb21wYW55X25hbWUiOiJUaGUgV2lzZSBTZWVrZXIgU2VydmljZXMiLCJhZGRyZXNzX2NpdHkiOiJNYWRyaWQsIFNwYWluIiwiaHRpZG9jaWQiOiJ5ZUx1bjZtVlRmVks5R3B0QUFBQUFBPT0iLCJ1dWxlIjoidytDQUlRSUNJRlUzQmhhVzQifQ==,Seguridad
eyJqb2JfdGl0bGUiOiJFc3BlY2lhbGlzdGEgZW4gY2liZXJzZWd1cmlkYWQiLCJjb21wYW55X25hbWUiOiJVbml2ZXJzaWRhZCBJbnRlcm5hY2lvbmFsIGRlIExhIFJpb2phIChVTklSKSIsImFkZHJlc3NfY2l0eSI6Ik1hZHJpZCwgU3BhaW4iLCJodGlkb2NpZCI6ImV3Wk9pTFdyOXVEd0ZjUHZBQUFBQUE9PSIsInV1bGUiOiJ3K0NBSVFJQ0lGVTNCaGFXNCJ9,Seguridad
eyJqb2JfdGl0bGUiOiJBZG1pbmlzdHJhZG9yIGRlIFNpc3RlbWFzIEp1bmlvciIsImNvbXBhbnlfbmFtZSI6IkxvZ2ljYWxpcyBTcGFpbiIsImFkZHJlc3NfY2l0eSI6IkJhcmNlbG9uYSwgU3BhaW4iLCJodGlkb2NpZCI6IlVOdjZIRldoQU9PNnpfc21BQUFBQUE9PSIsInV1bGUiOiJ3K0NBSVFJQ0lGVTNCaGFXNCJ9,Seguridad
eyJqb2JfdGl0bGUiOiJBZG1pbmlzdHJhZG9yIGRlIHNpc3RlbWFzIHkgcmVkZXMiLCJjb21wYW55X25hbWUiOiJQYWxhdGluIiwiYWRkcmVzc19jaXR5IjoiU3BhaW4iLCJodGlkb2NpZCI6IkZhR015M0FRNzJuakdhY0JBQUFBQUE9PSIsInV1bGUiOiJ3K0NBSVFJQ0lGVTNCaGFXNCJ9,Seguridad
eyJqb2JfdGl0bGUiOiJBZG1pbmlzdHJhZG9yL2EgZGUgU2lzdGVtYXMgTGludXgiLCJjb21wYW55X25hbWUiOiJDZW50cm8gVGVjbm9sw7NnaWNvIGRlbCBOb3RhcmlhZG8iLCJhZGRyZXNzX2NpdHkiOiJTYW50IEN1Z2F0IGRlbCBWYWxsw6hzLCBTcGFpbiIsImh0aWRvY2lkIjoieUlqZGo4Z0NhWGJMZW1qcUFBQUFBQT09IiwidXVsZSI6IncrQ0FJUUlDSUZVM0JoYVc0In0=,Seguridad
eyJqb2JfdGl0bGUiOiJBZG1pbmlzdHJhY2nDs24gZGUgc2lzdGVtYXMgTGludXgiLCJjb21wYW55X25hbWUiOiJUZW50aCBSZXZvbHV0aW9uIEdyb3VwIiwiYWRkcmVzc19jaXR5IjoiU3BhaW4iLCJodGlkb2NpZCI6Ik1PZjRKTkdPYlNFQWpXWWNBQUFBQUE9PSIsInV1bGUiOiJ3K0NBSVFJQ0lGVTNCaGFXNCJ9,Seguridad
eyJqb2JfdGl0bGUiOiJBRE1JTklTVFJBRE9SIERFIFNJU1RFTUFTIiwiY29tcGFueV9uYW1lIjoiU2luIGluZm9ybWFjacOzbiIsImFkZHJlc3NfY2l0eSI6IkFsaWNhbnRlLCBTcGFpbiIsImh0aWRvY2lkIjoiOS0yZlFHMFBUbXdNcVRvV0FBQUFBQT09IiwidXVsZSI6IncrQ0FJUUlDSUZVM0JoYVc0In0=,Seguridad
eyJqb2JfdGl0bGUiOiJBZG1pbmlzdHJhZG9yIGRlIHNpc3RlbWFzIiwiY29tcGFueV9uYW1lIjoiQW50YWwgSW50ZXJuYXRpb25hbCIsImFkZHJlc3NfY2l0eSI6IlNwYWluIiwiaHRpZG9jaWQiOiJHLThWV3RvVkZNc25YQ3U2QUFBQUFBPT0iLCJ1dWxlIjoidytDQUlRSUNJRlUzQmhhVzQifQ==,Seguridad
eyJqb2JfdGl0bGUiOiJBZG1pbmlzdHJhZG9yIGRlIHNpc3RlbWFzIiwiY29tcGFueV9uYW1lIjoiQW50YWwgSW50ZXJuYXRpb25hbCIsImFkZHJlc3NfY2l0eSI6IlNwYWluIiwiaHRpZG9jaWQiOiJHLThWV3RvVkZNc25YQ3U2QUFBQUFBPT0iLCJ1dWxlIjoidytDQUlRSUNJRlUzQmhhVzQifQ==,Infraestructura cloud
eyJqb2JfdGl0bGUiOiJFcnAgRXNwZWNpYWxpc3QiLCJjb21wYW55X25hbWUiOiJBaXIgTGlxdWlkZSIsImFkZHJlc3NfY2l0eSI6Ik1hZHJpZCwgU3BhaW4iLCJodGlkb2NpZCI6IkpJZlRiREFNT09ZSE03c3VBQUFBQUE9PSIsInV1bGUiOiJ3K0NBSVFJQ0lGVTNCaGFXNCJ9,Seguridad
eyJqb2JfdGl0bGUiOiJCYWNrIEVuZCBEZXZlbG9wZXIiLCJjb21wYW55X25hbWUiOiJJbm5vdmEtdHNuIiwiYWRkcmVzc19jaXR5IjoiU3BhaW4iLCJodGlkb2NpZCI6ImhjQ1lfbGxJYUwtQWdLVFpBQUFBQUE9PSIsInV1bGUiOiJ3K0NBSVFJQ0lGVTNCaGFXNCJ9,Backend
eyJqb2JfdGl0bGUiOiJDb25zdWx0b3IgREFUQSBHT1ZFUk5BTkNFIiwiY29tcGFueV9uYW1lIjoiRGF0YVNwdXJzIiwiYWRkcmVzc19jaXR5IjoiTWFkcmlkLCBTcGFpbiIsImh0aWRvY2lkIjoiVGhlVHoxTURjOTlYa0l0dEFBQUFBQT09IiwidXVsZSI6IncrQ0FJUUlDSUZVM0JoYVc0In0=,Integración
eyJqb2JfdGl0bGUiOiJUZWNuaWNvIGRlIENhbXBvIFRlbGVjb211bmljYWNpb25lcyIsImNvbXBhbnlfbmFtZSI6IkNUQyBDb25zdWx0aW5nIFNMIiwiYWRkcmVzc19jaXR5IjoiTGFzIFBhbG1hcyBkZSBHcmFuIENhbmFyaWEsIFNwYWluIiwiaHRpZG9jaWQiOiI5bkFvMXNfYzY0VlpnQWUtQUFBQUFBPT0iLCJ1dWxlIjoidytDQUlRSUNJRlUzQmhhVzQifQ==,Seguridad
eyJqb2JfdGl0bGUiOiJUw6ljbmljbyBjYW1wbyByYWRpbyByZWQgbcOzdmlsIiwiY29tcGFueV9uYW1lIjoiT2ZnIiwiYWRkcmVzc19jaXR5IjoiVmFsZW5jaWEsIFNwYWluIiwiaHRpZG9jaWQiOiJDeTJVRWVQY1BGVllhS0kxQUFBQUFBPT0iLCJ1dWxlIjoidytDQUlRSUNJRlUzQmhhVzQifQ==,Integración
eyJqb2JfdGl0bGUiOiJUw6ljbmljbyBjYW1wbyBpbnN0YS9pbnRlZ3JhIDRnIDVnIiwiY29tcGFueV9uYW1lIjoiT2ZnIiwiYWRkcmVzc19jaXR5IjoiTWFkcmlkLCBTcGFpbiIsImh0aWRvY2lkIjoiWUJHLVFOdkc0ekxYaFpvOUFBQUFBQT09IiwidXVsZSI6IncrQ0FJUUlDSUZVM0JoYVc0In0=,Integración
eyJqb2JfdGl0bGUiOiJUZWNuaWNvIGRlIENhbXBvIFRlbGVjb211bmljYWNpb25lcyIsImNvbXBhbnlfbmFtZSI6IkNUQyBDT05TVUxUSU5HIFNFUlZJQ0lPUyBJTlRFR1JBTEVTIFNMIiwiYWRkcmVzc19jaXR5IjoiVmFsc2VxdWlsbG8gZGUgR3JhbiBDYW5hcmlhLCBTcGFpbiIsImh0aWRvY2lkIjoieUFkc2ZIXzlNZDhQMWk1VUFBQUFBQT09IiwidXVsZSI6IncrQ0FJUUlDSUZVM0JoYVc0In0=,Seguridad
eyJqb2JfdGl0bGUiOiJUZWNuaWNvIERlIENhbXBvIFRlbGVjb211bmljYWNpb25lcyIsImNvbXBhbnlfbmFtZSI6IkN0YyBDb25zdWx0aW5nIFNlcnZpY2lvcyBJbnRlZ3JhbGVzIFNsIiwiYWRkcmVzc19jaXR5IjoiQWxhdmEsIFNhbGFzLCBTcGFpbiIsImh0aWRvY2lkIjoiMW9EZU1nanRUT0tNeUNGM0FBQUFBQT09IiwidXVsZSI6IncrQ0FJUUlDSUZVM0JoYVc0In0=,Seguridad
eyJqb2JfdGl0bGUiOiJUw6ljbmljby9hIGRlIGNhbXBvIEZUVEgiLCJjb21wYW55X25hbWUiOiJFQUNPTSBTQSIsImFkZHJlc3NfY2l0eSI6IlBhbXBsb25hLCBTcGFpbiIsImh0aWRvY2lkIjoiMXd1S3JqTTk0aXFMSkdCLUFBQUFBQT09IiwidXVsZSI6IncrQ0FJUUlDSUZVM0JoYVc0In0=,Seguridad
eyJqb2JfdGl0bGUiOiJUw6ljbmljby9hIGRlIGNhbXBvIEZUVEgiLCJjb21wYW55X25hbWUiOiJFQUNPTSBTQSIsImFkZHJlc3NfY2l0eSI6IlBhbXBsb25hLCBTcGFpbiIsImh0aWRvY2lkIjoiMXd1S3JqTTk0aXFMSkdCLUFBQUFBQT09IiwidXVsZSI6IncrQ0FJUUlDSUZVM0JoYVc0In0=,Base de datos
eyJqb2JfdGl0bGUiOiJJbmljaW8gSW5tZWRpYXRvKSBUZWNuaWNvIERlIENhbXBvIFRlbGVjb211bmljYWNpb25lcyIsImNvbXBhbnlfbmFtZSI6IkN0YyBDb25zdWx0aW5nIFNlcnZpY2lvcyBJbnRlZ3JhbGVzIFNsIiwiYWRkcmVzc19jaXR5IjoiU2FudGEgQ3J1eiBkZSBUZW5lcmlmZSwgU3BhaW4iLCJodGlkb2NpZCI6IjZCZE0tLWVEQm9VTVlhck1BQUFBQUE9PSIsInV1bGUiOiJ3K0NBSVFJQ0lGVTNCaGFXNCJ9,Seguridad
eyJqb2JfdGl0bGUiOiJJbmdlbmllcm8gZGUgaGFyZHdhcmUgZXNwZWNpYWxpc3RhIGVuIGxheW91dHMgZGUgUENCcyIsImNvbXBhbnlfbmFtZSI6IklLRVJMQU4iLCJhZGRyZXNzX2NpdHkiOiJBcnJhc2F0ZSwgU3BhaW4iLCJodGlkb2NpZCI6ImFkZkc5cmp3YWYwVG0xQjZBQUFBQUE9PSIsInV1bGUiOiJ3K0NBSVFJQ0lGVTNCaGFXNCJ9,Integración
eyJqb2JfdGl0bGUiOiJJbmdlbmllcm8vYSBkZSBIYXJkd2FyZSAtIFByb2R1Y3QgTWFuYWdlciIsImNvbXBhbnlfbmFtZSI6IkVFVkFNIFRlY2hub2xvZ2llcyIsImFkZHJlc3NfY2l0eSI6IlNwYWluIiwiaHRpZG9jaWQiOiIzeGFPU3VIajJpaF9ma3hFQUFBQUFBPT0iLCJ1dWxlIjoidytDQUlRSUNJRlUzQmhhVzQifQ==,Seguridad
eyJqb2JfdGl0bGUiOiJJbmdlbmllcm8vYSBkZSBIYXJkd2FyZSAtIFByb2R1Y3QgTWFuYWdlciIsImNvbXBhbnlfbmFtZSI6IkVFVkFNIFRlY2hub2xvZ2llcyIsImFkZHJlc3NfY2l0eSI6IlNwYWluIiwiaHRpZG9jaWQiOiIzeGFPU3VIajJpaF9ma3hFQUFBQUFBPT0iLCJ1dWxlIjoidytDQUlRSUNJRlUzQmhhVzQifQ==,Integración
eyJqb2JfdGl0bGUiOiJJbmdlbmllcm8vYSBkZSBIYXJkd2FyZSIsImNvbXBhbnlfbmFtZSI6IkVtYmVudGlvbiIsImFkZHJlc3NfY2l0eSI6IkFsaWNhbnRlLCBTcGFpbiIsImh0aWRvY2lkIjoiY0tRQmZfSlFoYkNYMHFCWkFBQUFBQT09IiwidXVsZSI6IncrQ0FJUUlDSUZVM0JoYVc0In0=,Integración
eyJqb2JfdGl0bGUiOiJJbmdlbmllcm8gZGUgSGFyZHdhcmUgRWxlY3Ryw7NuaWNvIiwiY29tcGFueV9uYW1lIjoiU2V0IEV1cm9wYSIsImFkZHJlc3NfY2l0eSI6IkxsacOnw6AgZGUgVmFsbCwgU3BhaW4iLCJodGlkb2NpZCI6ImtRbmRmWGZjQ3N5eHVacTVBQUFBQUE9PSIsInV1bGUiOiJ3K0NBSVFJQ0lGVTNCaGFXNCJ9,Seguridad
eyJqb2JfdGl0bGUiOiJJbmdlbmllcm8vYSBkZSBoYXJkd2FyZSBlc3BlY2lhbGlzdGEgZW4gbGF5b3V0cyBkZSBQQ0JzIiwiY29tcGFueV9uYW1lIjoiSUtFUkxBTiwgUy4gQ29vcC4iLCJhZGRyZXNzX2NpdHkiOiJCYXJha2FsZG8sIFNwYWluIiwiaHRpZG9jaWQiOiJuTlV2QzdPNUVqeDRXeXA1QUFBQUFBPT0iLCJ1dWxlIjoidytDQUlRSUNJRlUzQmhhVzQifQ==,Integración
eyJqb2JfdGl0bGUiOiJJbmdlbmllcm8vYSBkZSBkZXNhcnJvbGxvIChIYXJkd2FyZSB5IFNvZnR3YXJlKSIsImNvbXBhbnlfbmFtZSI6Ikdsw7xjayBFbmdpbmVlcmluZyBHbWJIIiwiYWRkcmVzc19jaXR5IjoiU2FudCBBZHJpw6AgZGUgQmVzw7JzLCBTcGFpbiIsImh0aWRvY2lkIjoiY2tZMGxOT1BReVc4SzdlQkFBQUFBQT09IiwidXVsZSI6IncrQ0FJUUlDSUZVM0JoYVc0In0=,Integración
eyJqb2JfdGl0bGUiOiJJbmdlbmllcm8vYSBkZSBIYXJkd2FyZSAtIFByb2R1Y3QgTWFuYWdlciIsImNvbXBhbnlfbmFtZSI6IlNpTG9zVGllbmVzIiwiYWRkcmVzc19jaXR5IjoiTWFkcmlkLCBTcGFpbiIsImh0aWRvY2lkIjoiSEkyMEdEa1htRjU5ZU9qTUFBQUFBQT09IiwidXVsZSI6IncrQ0FJUUlDSUZVM0JoYVc0In0=,Seguridad
eyJqb2JfdGl0bGUiOiJJbmdlbmllcm8vYSBkZSBIYXJkd2FyZSAtIFByb2R1Y3QgTWFuYWdlciIsImNvbXBhbnlfbmFtZSI6IlNpTG9zVGllbmVzIiwiYWRkcmVzc19jaXR5IjoiTWFkcmlkLCBTcGFpbiIsImh0aWRvY2lkIjoiSEkyMEdEa1htRjU5ZU9qTUFBQUFBQT09IiwidXVsZSI6IncrQ0FJUUlDSUZVM0JoYVc0In0=,Integración
eyJqb2JfdGl0bGUiOiJJbmdlbmllcm8vYSBkZSBoYXJkd2FyZSBlc3BlY2lhbGlzdGEgZW4gZGlzZcOxbyBlbGVjdHLDs25pY28geSB2ZXJpZmljYWNpw7NuIiwiY29tcGFueV9uYW1lIjoiSUtFUkxBTiwgUy4gQ29vcC4iLCJhZGRyZXNzX2NpdHkiOiJCYXJha2FsZG8sIFNwYWluIiwiaHRpZG9jaWQiOiJIY0NiYmZ2Skd2OEEzU1RkQUFBQUFBPT0iLCJ1dWxlIjoidytDQUlRSUNJRlUzQmhhVzQifQ==,Seguridad
eyJqb2JfdGl0bGUiOiJJbmdlbmllcm8vYSBkZSBoYXJkd2FyZSBlc3BlY2lhbGlzdGEgZW4gZGlzZcOxbyBlbGVjdHLDs25pY28geSB2ZXJpZmljYWNpw7NuIiwiY29tcGFueV9uYW1lIjoiSUtFUkxBTiwgUy4gQ29vcC4iLCJhZGRyZXNzX2NpdHkiOiJCYXJha2FsZG8sIFNwYWluIiwiaHRpZG9jaWQiOiJIY0NiYmZ2Skd2OEEzU1RkQUFBQUFBPT0iLCJ1dWxlIjoidytDQUlRSUNJRlUzQmhhVzQifQ==,Integración
eyJqb2JfdGl0bGUiOiJIYXJkd2FyZSBFbmdpbmVlciAoUG93ZXIgRWxlY3Ryb25pY3MpLCBUcmFiYWpvIFJlbW90byIsImNvbXBhbnlfbmFtZSI6IlNPQ0lBTCBURUMgSFVOVElORyIsImFkZHJlc3NfY2l0eSI6IkJhcmNlbG9uYSwgU3BhaW4iLCJodGlkb2NpZCI6IkdwU3B3U25xbWh6bDN0RnZBQUFBQUE9PSIsInV1bGUiOiJ3K0NBSVFJQ0lGVTNCaGFXNCJ9,Integración
eyJqb2JfdGl0bGUiOiJJbmdlbmllcm8vYSBkZSBkZXNhcnJvbGxvIChIYXJkd2FyZSB5IFNvZnR3YXJlKSIsImNvbXBhbnlfbmFtZSI6Ikdsw7xjayBFbmdpbmVlcmluZyBHbWJIIiwiYWRkcmVzc19jaXR5IjoiU3BhaW4iLCJodGlkb2NpZCI6IkU5Z0E0T21wclF3UmJkMFJBQUFBQUE9PSIsInV1bGUiOiJ3K0NBSVFJQ0lGVTNCaGFXNCJ9,Integración
eyJqb2JfdGl0bGUiOiJJbmdlbmllcm8gRWxlY3Ryw7NuaWNvIEhhcmR3YXJlIiwiY29tcGFueV9uYW1lIjoiU3RhcnQgUGVvcGxlIiwiYWRkcmVzc19jaXR5IjoiQmFyY2Vsb25hLCBTcGFpbiIsImh0aWRvY2lkIjoiX3JsVnZHSHNEME5WQTRfVUFBQUFBQT09IiwidXVsZSI6IncrQ0FJUUlDSUZVM0JoYVc0In0=,Seguridad
eyJqb2JfdGl0bGUiOiJJbmdlbmllcm8vYSBGUEdBIiwiY29tcGFueV9uYW1lIjoiQ2FwZ2VtaW5pIiwiYWRkcmVzc19jaXR5IjoiQmFyY2Vsb25hLCBTcGFpbiIsImh0aWRvY2lkIjoiYmtwcUtUZWR0NVk1YnJqdkFBQUFBQT09IiwidXVsZSI6IncrQ0FJUUlDSUZVM0JoYVc0In0=,Integración
eyJqb2JfdGl0bGUiOiJJbmdlbmllcm8vYSBkZSBhZHF1aXNpY2lvbmVzIGhhcmR3YXJlIiwiY29tcGFueV9uYW1lIjoiR212IiwiYWRkcmVzc19jaXR5IjoiTWFkcmlkLCBTcGFpbiIsImh0aWRvY2lkIjoiZldtbmN6VlB4XzQ0Tk00d0FBQUFBQT09IiwidXVsZSI6IncrQ0FJUUlDSUZVM0JoYVc0In0=,Integración
eyJqb2JfdGl0bGUiOiJJbmdlbmllcm8vYSBkZSBmaXJtd2FyZSArIGhhcmR3YXJlIiwiY29tcGFueV9uYW1lIjoiTWljaGFlbCBQYWdlIiwiYWRkcmVzc19jaXR5IjoiQmFyY2Vsb25hLCBTcGFpbiIsImh0aWRvY2lkIjoiN0VDWkt1ZjU0YjNzaU1jLUFBQUFBQT09IiwidXVsZSI6IncrQ0FJUUlDSUZVM0JoYVc0In0=,Integración
eyJqb2JfdGl0bGUiOiJJbmdlbmllcm8vYSBFbGVjdHLDs25pY28gZGUgSGFyZHdhcmUiLCJjb21wYW55X25hbWUiOiJISCBodW50ZXJzIiwiYWRkcmVzc19jaXR5IjoiTGxpw6fDoCBkZSBWYWxsLCBTcGFpbiIsImh0aWRvY2lkIjoiWldKZTBwbDE1T25XSUxkd0FBQUFBQT09IiwidXVsZSI6IncrQ0FJUUlDSUZVM0JoYVc0In0=,Seguridad
eyJqb2JfdGl0bGUiOiJJbmdlbmllcm8vQSBIYXJkd2FyZS0gTGF5b3V0cyBZIEVzcXVlbWFzIEVsZWN0csOzbmljb3MgQ29uIEluZ2zDqXMiLCJjb21wYW55X25hbWUiOiJFdGFsZW50dW0iLCJhZGRyZXNzX2NpdHkiOiJCYXJjZWxvbmEsIFNwYWluIiwiaHRpZG9jaWQiOiJSNW5WOWNWb0pVT0JVaTM4QUFBQUFBPT0iLCJ1dWxlIjoidytDQUlRSUNJRlUzQmhhVzQifQ==,Seguridad
eyJqb2JfdGl0bGUiOiJDb25zdWx0b3IvYSBEZXZvcHMiLCJjb21wYW55X25hbWUiOiJFWSIsImFkZHJlc3NfY2l0eSI6IkJhcmNlbG9uYSwgU3BhaW4iLCJodGlkb2NpZCI6IlUtOGpUQW1FZUM0clZSZVdBQUFBQUE9PSIsInV1bGUiOiJ3K0NBSVFJQ0lGVTNCaGFXNCJ9,Seguridad
eyJqb2JfdGl0bGUiOiJDb25zdWx0b3IvYSBDb21lcmNpYWwgU2VndXJpZGFkIEZpc2ljYSIsImNvbXBhbnlfbmFtZSI6Ik51bnN5cyIsImFkZHJlc3NfY2l0eSI6IkVsIFB1ZXJ0byBkZSBTYW50YSBNYXLDrWEsIFNwYWluIiwiaHRpZG9jaWQiOiJ6TmlpS2pZSEQ1Nlhmb1NzQUFBQUFBPT0iLCJ1dWxlIjoidytDQUlRSUNJRlUzQmhhVzQifQ==,Seguridad
eyJqb2JfdGl0bGUiOiJDb25zdWx0b3Igc2VndXJpZGFkIiwiY29tcGFueV9uYW1lIjoiSGF5cyIsImFkZHJlc3NfY2l0eSI6IkJhcmNlbG9uYSwgU3BhaW4iLCJodGlkb2NpZCI6IlJ5bS1VRWdKdDdCb2c4Y3VBQUFBQUE9PSIsInV1bGUiOiJ3K0NBSVFJQ0lGVTNCaGFXNCJ9,Seguridad
eyJqb2JfdGl0bGUiOiJQLjAwMC4wMDAyIENvbnN1bHRvciBkZSBTZWd1cmlkYWQgR1JDIiwiY29tcGFueV9uYW1lIjoiQXVkZWEiLCJhZGRyZXNzX2NpdHkiOiJNYWRyaWQsIFNwYWluIiwiaHRpZG9jaWQiOiJLY0ZtNWZnMHAzMm1ZN2xLQUFBQUFBPT0iLCJ1dWxlIjoidytDQUlRSUNJRlUzQmhhVzQifQ==,Seguridad
eyJqb2JfdGl0bGUiOiJDb25zdWx0b3IvYSBkZSBzZWd1cmlkYWQgZGUgbGEgaW5mb3JtYWNpw7NuIiwiY29tcGFueV9uYW1lIjoiU2VpZG9yIiwiYWRkcmVzc19jaXR5IjoiQmFyY2Vsb25hLCBTcGFpbiIsImh0aWRvY2lkIjoiaGpONF9xZ21YdHlnczluMEFBQUFBQT09IiwidXVsZSI6IncrQ0FJUUlDSUZVM0JoYVc0In0=,Seguridad
eyJqb2JfdGl0bGUiOiJDb25zdWx0b3IgZW4gU2VndXJpZGFkIEFsaW1lbnRhcmlhIiwiY29tcGFueV9uYW1lIjoiRXVyb2ZpbnMiLCJhZGRyZXNzX2NpdHkiOiJCYXJjZWxvbmEsIFNwYWluIiwiaHRpZG9jaWQiOiIySnZpR0dCYXR1RFZ4SkVIQUFBQUFBPT0iLCJ1dWxlIjoidytDQUlRSUNJRlUzQmhhVzQifQ==,Seguridad
eyJqb2JfdGl0bGUiOiJDb25zdWx0b3IvYSBkZSBzZWd1cmlkYWQgZsOtc2ljYSIsImNvbXBhbnlfbmFtZSI6IlByb3NlZ3VyIiwiYWRkcmVzc19jaXR5IjoiTWFkcmlkLCBTcGFpbiIsImh0aWRvY2lkIjoieGdwTVdHbjl0aHZaUlBBQkFBQUFBQT09IiwidXVsZSI6IncrQ0FJUUlDSUZVM0JoYVc0In0=,Seguridad
eyJqb2JfdGl0bGUiOiJDb25zdWx0b3IvQSBOb3JtYXRpdmEgU2VndXJpZGFkIEl0IiwiY29tcGFueV9uYW1lIjoiV2FsdGVycyBQZW9wbGUiLCJhZGRyZXNzX2NpdHkiOiJNYWRyaWQsIFNwYWluIiwiaHRpZG9jaWQiOiJfOWtxUjZlWk1FYWNZV3BCQUFBQUFBPT0iLCJ1dWxlIjoidytDQUlRSUNJRlUzQmhhVzQifQ==,Seguridad
eyJqb2JfdGl0bGUiOiJDb25zdWx0b3IgUmVzcHVlc3RhIEluY2lkZW50ZXMgZGUgU2VndXJpZGFkIiwiY29tcGFueV9uYW1lIjoiQWNjZW50dXJlIiwiYWRkcmVzc19jaXR5IjoiTWFkcmlkLCBTcGFpbiIsImh0aWRvY2lkIjoiOFNnOUZvdTFVaUdkN3RHZUFBQUFBQT09IiwidXVsZSI6IncrQ0FJUUlDSUZVM0JoYVc0In0=,Seguridad
eyJqb2JfdGl0bGUiOiJDb25zdWx0b3IvYSBTZWd1cmlkYWQgTW9iaWxlIF8gQWxpY2FudGUiLCJjb21wYW55X25hbWUiOiJTZWN1cml0YXMgU2VndXJpZGFkIEVzcGHDsWEiLCJhZGRyZXNzX2NpdHkiOiJBbGljYW50ZSwgU3BhaW4iLCJodGlkb2NpZCI6InhKLTNzZTREYnlYS0hubVBBQUFBQUE9PSIsInV1bGUiOiJ3K0NBSVFJQ0lGVTNCaGFXNCJ9,Seguridad
eyJqb2JfdGl0bGUiOiJDb25zdWx0b3IvYSBTZWd1cmlkYWQgTW9iaWxlIF8gQWxpY2FudGUiLCJjb21wYW55X25hbWUiOiJTZWN1cml0YXMgU2VndXJpZGFkIEVzcGHDsWEiLCJhZGRyZXNzX2NpdHkiOiJBbGljYW50ZSwgU3BhaW4iLCJodGlkb2NpZCI6InhKLTNzZTREYnlYS0hubVBBQUFBQUE9PSIsInV1bGUiOiJ3K0NBSVFJQ0lGVTNCaGFXNCJ9,Mobile
eyJqb2JfdGl0bGUiOiJDb25zdWx0b3IvYSBkZSBTZWd1cmlkYWQgYWxpbWVudGFyaWEiLCJjb21wYW55X25hbWUiOiJTdXBlcmlhIENvbnN1bHRvcmVzIiwiYWRkcmVzc19jaXR5IjoiTXVyY2lhLCBTcGFpbiIsImh0aWRvY2lkIjoiNXpSclBGNmRsNjlfbXU1a0FBQUFBQT09IiwidXVsZSI6IncrQ0FJUUlDSUZVM0JoYVc0In0=,Seguridad
eyJqb2JfdGl0bGUiOiJDb25zdWx0b3IgZGUgU2VndXJpZGFkIEl0IiwiY29tcGFueV9uYW1lIjoiQUNNIElubm92YWNpw7NuIHkgUGVyc29uYXMiLCJhZGRyZXNzX2NpdHkiOiJBenVhZ2EsIFNwYWluIiwiaHRpZG9jaWQiOiJNVVRlM05xLWhzLXVWcUZuQUFBQUFBPT0iLCJ1dWxlIjoidytDQUlRSUNJRlUzQmhhVzQifQ==,Seguridad
eyJqb2JfdGl0bGUiOiJDb25zdWx0b3IvQSBNaWdyYWNpw7NuIFNpc3RlbWFzIExlZ2FjeSBIL00iLCJjb21wYW55X25hbWUiOiJTaXRpbyBSb3lhbHRpZXMiLCJhZGRyZXNzX2NpdHkiOiJaYXJhZ296YSwgU3BhaW4iLCJodGlkb2NpZCI6ImZsajdDaVNBbzNQdW1iclVBQUFBQUE9PSIsInV1bGUiOiJ3K0NBSVFJQ0lGVTNCaGFXNCJ9,Integración
eyJqb2JfdGl0bGUiOiJDb25zdWx0b3IvYSBKdW5pb3IgUHJvY2Vzb3MgeSBTaXN0ZW1hcyBkZSBHZXN0acOzbiIsImNvbXBhbnlfbmFtZSI6IkF1cmVuIiwiYWRkcmVzc19jaXR5IjoiQ29tbXVuaXR5IG9mIE1hZHJpZCwgU3BhaW4iLCJodGlkb2NpZCI6ImZHOVRUQ0pwTTNHRVNOSnVBQUFBQUE9PSIsInV1bGUiOiJ3K0NBSVFJQ0lGVTNCaGFXNCJ9,Seguridad
eyJqb2JfdGl0bGUiOiJDb25zdWx0b3IvYSBTaXN0ZW1hcyBkZSBnZXN0acOzbiIsImNvbXBhbnlfbmFtZSI6Ik1DIEhlYWRodW50aW5nIiwiYWRkcmVzc19jaXR5IjoiQmFyY2Vsb25hLCBTcGFpbiIsImh0aWRvY2lkIjoiRU5FNHNZMVBqVXVFcHpWZ0FBQUFBQT09IiwidXVsZSI6IncrQ0FJUUlDSUZVM0JoYVc0In0=,Seguridad
eyJqb2JfdGl0bGUiOiJDb25zdWx0b3IgQ2FseXBzbyBCYW5jbyBFc3Bhw7FhIiwiY29tcGFueV9uYW1lIjoiUEFORUwgU2lzdGVtYXMgSW5mb3Jtw6F0aWNvcyIsImFkZHJlc3NfY2l0eSI6Ik1hZHJpZCwgU3BhaW4iLCJodGlkb2NpZCI6IkRNSzJMbHR5UVBSZ1FfTG1BQUFBQUE9PSIsInV1bGUiOiJ3K0NBSVFJQ0lGVTNCaGFXNCJ9,Integración
eyJqb2JfdGl0bGUiOiJDb25zdWx0b3IvQSBEZSBTaXN0ZW1hcyB8IFNtei01NTIiLCJjb21wYW55X25hbWUiOiJPbmh1bnRlcnMiLCJhZGRyZXNzX2NpdHkiOiJCYXJjZWxvbmEsIFNwYWluIiwiaHRpZG9jaWQiOiI2d2pidlN5dlZHTTc4NXU1QUFBQUFBPT0iLCJ1dWxlIjoidytDQUlRSUNJRlUzQmhhVzQifQ==,Seguridad
eyJqb2JfdGl0bGUiOiJDb25zdWx0b3IvQSBEZSBTaXN0ZW1hcyB8IFNtei01NTIiLCJjb21wYW55X25hbWUiOiJPbmh1bnRlcnMiLCJhZGRyZXNzX2NpdHkiOiJCYXJjZWxvbmEsIFNwYWluIiwiaHRpZG9jaWQiOiI2d2pidlN5dlZHTTc4NXU1QUFBQUFBPT0iLCJ1dWxlIjoidytDQUlRSUNJRlUzQmhhVzQifQ==,Integración
eyJqb2JfdGl0bGUiOiJDb25zdWx0b3IvYSBKdW5pb3IgUHJvY2Vzb3MgeSBTaXN0ZW1hcyBkZSBHZXN0acOzbiIsImNvbXBhbnlfbmFtZSI6IkF1cmVuIiwiYWRkcmVzc19jaXR5IjoiTWFkcmlkLCBTcGFpbiIsImh0aWRvY2lkIjoiZVFES25mZGxVemVGcHNFYUFBQUFBQT09IiwidXVsZSI6IncrQ0FJUUlDSUZVM0JoYVc0In0=,Seguridad
eyJqb2JfdGl0bGUiOiJDT05TVUxUT1IvQSBTSVNURU1BUyBERSBHRVNUSU9OIOKAkyBHQUxJQ0lBIiwiY29tcGFueV9uYW1lIjoiUEZTIEdydXBvIiwiYWRkcmVzc19jaXR5IjoiQSBDb3J1w7FhLCBTcGFpbiIsImh0aWRvY2lkIjoiZkptdHduS1E1TjBSeWFrV0FBQUFBQT09IiwidXVsZSI6IncrQ0FJUUlDSUZVM0JoYVc0In0=,Seguridad
eyJqb2JfdGl0bGUiOiJDT05TVUxUT1IvQSBTSVNURU1BUyBERSBHRVNUSU9OIOKAkyBHQUxJQ0lBIiwiY29tcGFueV9uYW1lIjoiUEZTIEdydXBvIiwiYWRkcmVzc19jaXR5IjoiQSBDb3J1w7FhLCBTcGFpbiIsImh0aWRvY2lkIjoiZkptdHduS1E1TjBSeWFrV0FBQUFBQT09IiwidXVsZSI6IncrQ0FJUUlDSUZVM0JoYVc0In0=,Integración
eyJqb2JfdGl0bGUiOiJDb25zdWx0b3IvYSBJbnRlZ3JhY2lvbmVzIE1pcnRoIENvbm5lY3QiLCJjb21wYW55X25hbWUiOiJJbmV0dW0iLCJhZGRyZXNzX2NpdHkiOiJNYWRyaWQsIFNwYWluIiwiaHRpZG9jaWQiOiJwMm9kSXVsX0Z1NEpCVGhfQUFBQUFBPT0iLCJ1dWxlIjoidytDQUlRSUNJRlUzQmhhVzQifQ==,Integración
eyJqb2JfdGl0bGUiOiJDb25zdWx0b3IgZGUgSW1wbGFudGFjacOzbiBFc3Bhw7FhIiwiY29tcGFueV9uYW1lIjoiQURQIiwiYWRkcmVzc19jaXR5IjoiUG9ydHVnYWwiLCJodGlkb2NpZCI6IlNTMnhZc3ZJT25OWVRYbmVBQUFBQUE9PSIsInV1bGUiOiJ3K0NBSVFJQ0lGVTNCaGFXNCJ9,Seguridad
eyJqb2JfdGl0bGUiOiJDT05TVUxUT1IvQSBEQVRBIENFTlRFUlMiLCJjb21wYW55X25hbWUiOiJvbmh1bnRlcnMiLCJhZGRyZXNzX2NpdHkiOiJNYWRyaWQsIFNwYWluIiwiaHRpZG9jaWQiOiI0V3FrVXRCclNIS3NqYndhQUFBQUFBPT0iLCJ1dWxlIjoidytDQUlRSUNJRlUzQmhhVzQifQ==,Seguridad
eyJqb2JfdGl0bGUiOiJDT05TVUxUT1IvQSBEQVRBIENFTlRFUlMiLCJjb21wYW55X25hbWUiOiJvbmh1bnRlcnMiLCJhZGRyZXNzX2NpdHkiOiJNYWRyaWQsIFNwYWluIiwiaHRpZG9jaWQiOiI0V3FrVXRCclNIS3NqYndhQUFBQUFBPT0iLCJ1dWxlIjoidytDQUlRSUNJRlUzQmhhVzQifQ==,Integración
eyJqb2JfdGl0bGUiOiJDb25zdWx0b3IgVGVjaC1TZWd1cmlkYWQgZWxlY3Ryw7NuaWNhIiwiY29tcGFueV9uYW1lIjoiTWljaGFlbCBQYWdlIiwiYWRkcmVzc19jaXR5IjoiQmFyY2Vsb25hLCBTcGFpbiIsImh0aWRvY2lkIjoiaHQ5OUl2dFQ0ejk4UTRCWEFBQUFBQT09IiwidXVsZSI6IncrQ0FJUUlDSUZVM0JoYVc0In0=,Seguridad
eyJqb2JfdGl0bGUiOiJDb25zdWx0b3IvYSBpbnRlcnBlcmFiaWxpZGFkIHNhbml0YXJpYSIsImNvbXBhbnlfbmFtZSI6IkF0b3MiLCJhZGRyZXNzX2NpdHkiOiJNYWRyaWQsIFNwYWluIiwiaHRpZG9jaWQiOiJEZWhtQmN2cE85WUdmVlRFQUFBQUFBPT0iLCJ1dWxlIjoidytDQUlRSUNJRlUzQmhhVzQifQ==,Seguridad
eyJqb2JfdGl0bGUiOiJDb25zdWx0b3IvYSBpbnRlcnBlcmFiaWxpZGFkIHNhbml0YXJpYSIsImNvbXBhbnlfbmFtZSI6IkF0b3MiLCJhZGRyZXNzX2NpdHkiOiJNYWRyaWQsIFNwYWluIiwiaHRpZG9jaWQiOiJEZWhtQmN2cE85WUdmVlRFQUFBQUFBPT0iLCJ1dWxlIjoidytDQUlRSUNJRlUzQmhhVzQifQ==,Integración
eyJqb2JfdGl0bGUiOiJDb25zdWx0b3IgZGUgU2lzdGVtYXMgZGUgR2VzdGnDs24iLCJjb21wYW55X25hbWUiOiJJbnRlZHlhIEliZXJpY2EsIFMuTC4iLCJhZGRyZXNzX2NpdHkiOiJBbGNhbGEgZGUgSGVuYXJlcywgU3BhaW4iLCJodGlkb2NpZCI6ImUxSlFyQlBVWGVfSHBvd3ZBQUFBQUE9PSIsInV1bGUiOiJ3K0NBSVFJQ0lGVTNCaGFXNCJ9,Seguridad
eyJqb2JfdGl0bGUiOiJDb25zdWx0b3IvYSBTaXN0ZW1hcyBNaWNyb3NvZnQiLCJjb21wYW55X25hbWUiOiJJWkVSVElTIFMuQSIsImFkZHJlc3NfY2l0eSI6IlNwYWluIiwiaHRpZG9jaWQiOiJscGhFQlA0Sjk0dU8ybC1MQUFBQUFBPT0iLCJ1dWxlIjoidytDQUlRSUNJRlUzQmhhVzQifQ==,Seguridad
eyJqb2JfdGl0bGUiOiJDb25zdWx0b3IvYSBTQVAgVGVjaCBBcmNoIiwiY29tcGFueV9uYW1lIjoiQ0FGIEdyb3VwIiwiYWRkcmVzc19jaXR5IjoiQmVhc2FpbiwgU3BhaW4iLCJodGlkb2NpZCI6IkgzZWk0bVo3WVdJOEJVTjNBQUFBQUE9PSIsInV1bGUiOiJ3K0NBSVFJQ0lGVTNCaGFXNCJ9,Seguridad
eyJqb2JfdGl0bGUiOiJDb25zdWx0b3IvYSBTQVAgVGVjaCBBcmNoIiwiY29tcGFueV9uYW1lIjoiQ0FGIEdyb3VwIiwiYWRkcmVzc19jaXR5IjoiQmVhc2FpbiwgU3BhaW4iLCJodGlkb2NpZCI6IkgzZWk0bVo3WVdJOEJVTjNBQUFBQUE9PSIsInV1bGUiOiJ3K0NBSVFJQ0lGVTNCaGFXNCJ9,Integración
eyJqb2JfdGl0bGUiOiJDb25zdWx0b3IgZGUgU2lzdGVtYXMgZGUgR2VzdGnDs246IFNvc3RlbmliaWxpZGFkIHkvbyBBZ3JvYWxpbWVudGFyaWEuIiwiY29tcGFueV9uYW1lIjoiRXVyb2NvbnRyb2wiLCJhZGRyZXNzX2NpdHkiOiJTZXZpbGxlLCBTcGFpbiIsImh0aWRvY2lkIjoidVZyWjZMRXBCY09DTkx1ZEFBQUFBQT09IiwidXVsZSI6IncrQ0FJUUlDSUZVM0JoYVc0In0=,Seguridad
eyJqb2JfdGl0bGUiOiJDb25zdWx0b3IvYSBJVCIsImNvbXBhbnlfbmFtZSI6IkhBWVMiLCJhZGRyZXNzX2NpdHkiOiJCaXNjYXksIFNwYWluIiwiaHRpZG9jaWQiOiJjRDRTQ1BfNjFWbDMyX1l6QUFBQUFBPT0iLCJ1dWxlIjoidytDQUlRSUNJRlUzQmhhVzQifQ==,Seguridad
eyJqb2JfdGl0bGUiOiJDb25zdWx0b3IvYSBTaXN0ZW1hcyBNaWNyb3NvZnQgQmFzdGlvbmFkb3MgfCBbSDI0MF0iLCJjb21wYW55X25hbWUiOiJJemVydGlzIFMuIEEiLCJhZGRyZXNzX2NpdHkiOiJTcGFpbiIsImh0aWRvY2lkIjoibDVZTnNsT09GbGZqa0RHd0FBQUFBQT09IiwidXVsZSI6IncrQ0FJUUlDSUZVM0JoYVc0In0=,Mobile
eyJqb2JfdGl0bGUiOiJJbmR1c3RyeSBYIC0gQ29uc3VsdG9yIEluZ2VuaWVybyBkZSBTaXN0ZW1hcyBOYXZhbGVzIiwiY29tcGFueV9uYW1lIjoiQWNjZW50dXJlIiwiYWRkcmVzc19jaXR5IjoiTWFkcmlkLCBTcGFpbiIsImh0aWRvY2lkIjoidDRxREt6VTVrYXJaY01tVkFBQUFBQT09IiwidXVsZSI6IncrQ0FJUUlDSUZVM0JoYVc0In0=,Integración
eyJqb2JfdGl0bGUiOiJDb25zdWx0b3IgU2VndXJpZGFkIEFsaW1lbnRhcmlhIHkgU2lzdGVtYXMgZGUgR2VzdGnDs24iLCJjb21wYW55X25hbWUiOiJTdXBlcmlhIENvbnN1bHRvcmVzIiwiYWRkcmVzc19jaXR5IjoiTXVyY2lhLCBTcGFpbiIsImh0aWRvY2lkIjoidEtDZ2FKc3RWREZSZVFMZ0FBQUFBQT09IiwidXVsZSI6IncrQ0FJUUlDSUZVM0JoYVc0In0=,Seguridad
eyJqb2JfdGl0bGUiOiJUw4lDTklDTyBERSBTSVNURU1BUyBZIFNPUE9SVEUgTVVMVElDTElFTlRFIC0gMTAwJSBQUkVTRU5DSUFMIiwiY29tcGFueV9uYW1lIjoiU0VCQVNUScOBTiBDT05TVUxUT1JFUyIsImFkZHJlc3NfY2l0eSI6Ik1hZHJpZCwgU3BhaW4iLCJodGlkb2NpZCI6IkpJQnVqWHprV3BQcVdnNFZBQUFBQUE9PSIsInV1bGUiOiJ3K0NBSVFJQ0lGVTNCaGFXNCJ9,Seguridad
eyJqb2JfdGl0bGUiOiJDb25zdWx0b3IgZGUgY2FsaWRhZCwgbWVkaW9hbWJpZW50ZSB5IFNTVCIsImNvbXBhbnlfbmFtZSI6IkFSQ08gQ0FMSURBRCIsImFkZHJlc3NfY2l0eSI6IlNhbnRhIENydXogZGUgVGVuZXJpZmUsIFNwYWluIiwiaHRpZG9jaWQiOiJlZVM3bVFTU09ETXJlbFNkQUFBQUFBPT0iLCJ1dWxlIjoidytDQUlRSUNJRlUzQmhhVzQifQ==,Seguridad
eyJqb2JfdGl0bGUiOiJDb25zdWx0b3IvQSBEZSBTaXN0ZW1hcyB8IFNtei01NTIiLCJjb21wYW55X25hbWUiOiJPbmh1bnRlcnMiLCJhZGRyZXNzX2NpdHkiOiJaYXJhZ296YSwgU3BhaW4iLCJodGlkb2NpZCI6Ik1JRzl5cE42ZjhYcHJvdzdBQUFBQUE9PSIsInV1bGUiOiJ3K0NBSVFJQ0lGVTNCaGFXNCJ9,Seguridad
eyJqb2JfdGl0bGUiOiJDb25zdWx0b3IvQSBEZSBTaXN0ZW1hcyB8IFNtei01NTIiLCJjb21wYW55X25hbWUiOiJPbmh1bnRlcnMiLCJhZGRyZXNzX2NpdHkiOiJaYXJhZ296YSwgU3BhaW4iLCJodGlkb2NpZCI6Ik1JRzl5cE42ZjhYcHJvdzdBQUFBQUE9PSIsInV1bGUiOiJ3K0NBSVFJQ0lGVTNCaGFXNCJ9,Integración
eyJqb2JfdGl0bGUiOiJJbnZlc3RpZ2Fkb3IgSnVuaW9yIEludGVsaWdlbmNpYSBhcnRpZmljaWFsIGFwbGljYWRhIiwiY29tcGFueV9uYW1lIjoiRnVuZGl0ZWMiLCJhZGRyZXNzX2NpdHkiOiJNYWRyaWQsIFNwYWluIiwiaHRpZG9jaWQiOiI4STVad043ZEFxYnBmdWVGQUFBQUFBPT0iLCJ1dWxlIjoidytDQUlRSUNJRlUzQmhhVzQifQ==,Seguridad
eyJqb2JfdGl0bGUiOiJJbnZlc3RpZ2Fkb3IgSnVuaW9yIEludGVsaWdlbmNpYSBhcnRpZmljaWFsIGFwbGljYWRhIiwiY29tcGFueV9uYW1lIjoiRnVuZGl0ZWMiLCJhZGRyZXNzX2NpdHkiOiJNYWRyaWQsIFNwYWluIiwiaHRpZG9jaWQiOiI4STVad043ZEFxYnBmdWVGQUFBQUFBPT0iLCJ1dWxlIjoidytDQUlRSUNJRlUzQmhhVzQifQ==,Integración
eyJqb2JfdGl0bGUiOiJEZXNhcnJvbGxhZG9yL0EgSW50ZWxpZ2VuY2lhIEFydGlmaWNpYWwgSnVuaW9yIiwiY29tcGFueV9uYW1lIjoiVmVybW9udCBTb2x1dGlvbnMiLCJhZGRyZXNzX2NpdHkiOiJNYWRyaWQsIFNwYWluIiwiaHRpZG9jaWQiOiJqQ1lWTElYODU0ZWhDdGQxQUFBQUFBPT0iLCJ1dWxlIjoidytDQUlRSUNJRlUzQmhhVzQifQ==,Integración
eyJqb2JfdGl0bGUiOiJJbmdlbmllcm8vYSBkZSBhcGxpY2FjaW9uZXMgQUkgcGFyYSBGUEdBIiwiY29tcGFueV9uYW1lIjoiR3JhZGlhbnQiLCJhZGRyZXNzX2NpdHkiOiJWaWdvLCBNdW5pY2lwYWxpdHkgb2YgVmlnbywgU3BhaW4iLCJodGlkb2NpZCI6IlVWQ0ZVTXRfVFBlWEp1YmpBQUFBQUE9PSIsInV1bGUiOiJ3K0NBSVFJQ0lGVTNCaGFXNCJ9,Seguridad
eyJqb2JfdGl0bGUiOiJJbmdlbmllcm8vYSBkZSBhcGxpY2FjaW9uZXMgQUkgcGFyYSBGUEdBIiwiY29tcGFueV9uYW1lIjoiR3JhZGlhbnQiLCJhZGRyZXNzX2NpdHkiOiJWaWdvLCBNdW5pY2lwYWxpdHkgb2YgVmlnbywgU3BhaW4iLCJodGlkb2NpZCI6IlVWQ0ZVTXRfVFBlWEp1YmpBQUFBQUE9PSIsInV1bGUiOiJ3K0NBSVFJQ0lGVTNCaGFXNCJ9,Integración
eyJqb2JfdGl0bGUiOiJEZXNhcnJvbGxhZG9yL2EgZnVsbC1zdGFjayBwYXJhIElBIiwiY29tcGFueV9uYW1lIjoiVmljb210ZWNoIiwiYWRkcmVzc19jaXR5IjoiU3BhaW4iLCJodGlkb2NpZCI6IkFmdGNZYXNsc3V3akI0RHFBQUFBQUE9PSIsInV1bGUiOiJ3K0NBSVFJQ0lGVTNCaGFXNCJ9,Seguridad
eyJqb2JfdGl0bGUiOiJEZXNhcnJvbGxhZG9yL2EgZnVsbC1zdGFjayBwYXJhIElBIiwiY29tcGFueV9uYW1lIjoiVmljb210ZWNoIiwiYWRkcmVzc19jaXR5IjoiU3BhaW4iLCJodGlkb2NpZCI6IkFmdGNZYXNsc3V3akI0RHFBQUFBQUE9PSIsInV1bGUiOiJ3K0NBSVFJQ0lGVTNCaGFXNCJ9,Integración
eyJqb2JfdGl0bGUiOiJEaXNlw7FhZG9yL2EgRWzDqWN0cmljby9hIiwiY29tcGFueV9uYW1lIjoiTG9yYW1lbmRpIFMuIENvb3AuIiwiYWRkcmVzc19jaXR5IjoiVml0b3JpYS1HYXN0ZWl6LCBTcGFpbiIsImh0aWRvY2lkIjoiU2wybm5CRS1wajRXcXR4dUFBQUFBQT09IiwidXVsZSI6IncrQ0FJUUlDSUZVM0JoYVc0In0=,Seguridad
eyJqb2JfdGl0bGUiOiJEaXNlw7FhZG9yIENBRCAvIFBsYW5pZmljYWRvciBkZSBzaXN0ZW1hcyB0w6ljbmljb3MgZW4gZWwgVEdBIChtIC8gZiAvIGQpIiwiY29tcGFueV9uYW1lIjoiR1NBLUNBRCBHbWJIIFx1MDAyNiBDby4gS0ciLCJhZGRyZXNzX2NpdHkiOiJCaWxiYW8sIFNwYWluIiwiaHRpZG9jaWQiOiJtNmY0OXRKZ0JidTNZY09QQUFBQUFBPT0iLCJ1dWxlIjoidytDQUlRSUNJRlUzQmhhVzQifQ==,Seguridad
eyJqb2JfdGl0bGUiOiJEaXNlw7FhZG9yIERlIEJhc2VzIERlIERhdG9zIiwiY29tcGFueV9uYW1lIjoiU0VUIEV1cm9wYSIsImFkZHJlc3NfY2l0eSI6IkJhcmNlbG9uYSwgU3BhaW4iLCJodGlkb2NpZCI6InZuYkRMY0dlaE9CX2NxQUNBQUFBQUE9PSIsInV1bGUiOiJ3K0NBSVFJQ0lGVTNCaGFXNCJ9,Seguridad
eyJqb2JfdGl0bGUiOiJEZXNhcnJvbGxhZG9yL2Egc29mdHdhcmUgMTAwJSByZW1vdG8iLCJjb21wYW55X25hbWUiOiJOQSIsImFkZHJlc3NfY2l0eSI6Ik1hZHJpZCwgU3BhaW4iLCJodGlkb2NpZCI6ImlmVjRQdTVBdVZlLUpjb05BQUFBQUE9PSIsInV1bGUiOiJ3K0NBSVFJQ0lGVTNCaGFXNCJ9,Base de datos
eyJqb2JfdGl0bGUiOiJEZXNhcnJvbGxhZG9yL2EgZGUgU29mdHdhcmUgLiBORVQgU2VuaW9yIiwiY29tcGFueV9uYW1lIjoic2cgdGVjaCIsImFkZHJlc3NfY2l0eSI6Ik1hZHJpZCwgU3BhaW4iLCJodGlkb2NpZCI6InZPbWFfN042akNoQk0xVkRBQUFBQUE9PSIsInV1bGUiOiJ3K0NBSVFJQ0lGVTNCaGFXNCJ9,Integración
eyJqb2JfdGl0bGUiOiJERVNBUlJPTExBRE9SL0EgU09GVFdBUkUgTUFRVUlOQVJJQSIsImNvbXBhbnlfbmFtZSI6IlJBUyBFc3Bhw7FhIiwiYWRkcmVzc19jaXR5IjoiTWF0YXLDsywgU3BhaW4iLCJodGlkb2NpZCI6IkNSSE8wbldLeXoyT0kxd1BBQUFBQUE9PSIsInV1bGUiOiJ3K0NBSVFJQ0lGVTNCaGFXNCJ9,Integración
eyJqb2JfdGl0bGUiOiJEZXNhcnJvbGxhZG9yIEphdmEvTm9kZWpzL01vbmdvREIvVEREIiwiY29tcGFueV9uYW1lIjoiUEFORUwgU2lzdGVtYXMgSW5mb3Jtw6F0aWNvcyIsImFkZHJlc3NfY2l0eSI6Ik1hZHJpZCwgU3BhaW4iLCJodGlkb2NpZCI6Im80blU1b1d4U3BmWGpfNy1BQUFBQUE9PSIsInV1bGUiOiJ3K0NBSVFJQ0lGVTNCaGFXNCJ9,Integración
eyJqb2JfdGl0bGUiOiJBcnF1aXRlY3RvIFNvZnR3YXJlIEZ1bGxzdGFjayIsImNvbXBhbnlfbmFtZSI6IkRDUyBHcm91cCIsImFkZHJlc3NfY2l0eSI6Ik1hZHJpZCwgU3BhaW4iLCJodGlkb2NpZCI6ImRVWi1MbjhobHdNeWlmYUNBQUFBQUE9PSIsInV1bGUiOiJ3K0NBSVFJQ0lGVTNCaGFXNCJ9,Integración
eyJqb2JfdGl0bGUiOiJEZXNhcnJvbGxhZG9yL2EgU29mdHdhcmUgLk5FVCIsImNvbXBhbnlfbmFtZSI6IkdNViIsImFkZHJlc3NfY2l0eSI6Ik1hZHJpZCwgU3BhaW4iLCJodGlkb2NpZCI6Ikg4Mm5wbWhvNFd5cWNaem9BQUFBQUE9PSIsInV1bGUiOiJ3K0NBSVFJQ0lGVTNCaGFXNCJ9,Integración
eyJqb2JfdGl0bGUiOiJESVNFw5FBRE9SIEdSw4FGSUNPIDNEIiwiY29tcGFueV9uYW1lIjoiUGFydHlmeCBDb21wYW55IFNMIiwiYWRkcmVzc19jaXR5IjoiRnVlbmxhYnJhZGEsIFNwYWluIiwiaHRpZG9jaWQiOiJ2ZDZvOExIOEtKYVFteGcyQUFBQUFBPT0iLCJ1dWxlIjoidytDQUlRSUNJRlUzQmhhVzQifQ==,Diseñador Gráfico
eyJqb2JfdGl0bGUiOiJESVNFw5FBRE9SIEdSw4FGSUNPIFkgTVVMVElNRURJQSBFTiBBUkdBTkRBIERFTCBSRVkiLCJjb21wYW55X25hbWUiOiJTaW4gZXNwZWNpZmljYXIiLCJhZGRyZXNzX2NpdHkiOiJBcmdhbmRhIGRlbCBSZXksIFNwYWluIiwiaHRpZG9jaWQiOiJhaDk5Q0FnUEJyempEQU9qQUFBQUFBPT0iLCJ1dWxlIjoidytDQUlRSUNJRlUzQmhhVzQifQ==,Diseñador Gráfico
eyJqb2JfdGl0bGUiOiJEaXNlw7FhZG9yL2EgdmlzdWFsIHkgbW90aW9uIGdyYXBoZXIiLCJjb21wYW55X25hbWUiOiJFbWVyZ3lhIiwiYWRkcmVzc19jaXR5IjoiU2V2aWxsZSwgU3BhaW4iLCJodGlkb2NpZCI6IkJJTFdIb0RURGEwem1oQ0FBQUFBQUE9PSIsInV1bGUiOiJ3K0NBSVFJQ0lGVTNCaGFXNCJ9,Mobile
eyJqb2JfdGl0bGUiOiJQcsOhY3RpY2FzIE1hcXVldGFkb3IvRGlzZcOxYWRvciBHcsOhZmljbyBwYXJhIGNyZWF0aXZpZGFkIGVzdHJhdMOpZ2ljYSIsImNvbXBhbnlfbmFtZSI6IkFUUkVWSUEiLCJhZGRyZXNzX2NpdHkiOiJCYXJjZWxvbmEsIFNwYWluIiwiaHRpZG9jaWQiOiJMRVpEcnFoZFdXMWZVOEw0QUFBQUFBPT0iLCJ1dWxlIjoidytDQUlRSUNJRlUzQmhhVzQifQ==,Diseñador Gráfico
eyJqb2JfdGl0bGUiOiJILTY1NyBEaXNlbmFkb3IgR3JhZmljb3MgRW1haWxzIiwiY29tcGFueV9uYW1lIjoiSW1wb3J0YW50ZSBFbXByZXNhIiwiYWRkcmVzc19jaXR5IjoiTWFkcmlkLCBTcGFpbiIsImh0aWRvY2lkIjoiaF9lUkJZTkV4QUJ4czBkcUFBQUFBQT09IiwidXVsZSI6IncrQ0FJUUlDSUZVM0JoYVc0In0=,Diseñador Gráfico
eyJqb2JfdGl0bGUiOiJEaXNlw7FhZG9yIGdyw6FmaWNvIiwiY29tcGFueV9uYW1lIjoiQVBQSUEgR1JPVVAgYnkgVkdHIiwiYWRkcmVzc19jaXR5IjoiU3BhaW4iLCJodGlkb2NpZCI6Im8wODY2cGVPTTNmWHdHcVFBQUFBQUE9PSIsInV1bGUiOiJ3K0NBSVFJQ0lGVTNCaGFXNCJ9,Diseñador Gráfico
eyJqb2JfdGl0bGUiOiJQZXJmaWwgR3LDoWZpY28g4oCTIE1vdGlvbiBEZXNpZ25lciIsImNvbXBhbnlfbmFtZSI6IlRFTVBFIElORElURVgiLCJhZGRyZXNzX2NpdHkiOiJFbGNoZSBQYXJxdWUgSW5kdXN0cmlhbCwgU3BhaW4iLCJodGlkb2NpZCI6IlB0TVpubFNwVEVya1ZfOE5BQUFBQUE9PSIsInV1bGUiOiJ3K0NBSVFJQ0lGVTNCaGFXNCJ9,Diseñador Gráfico
eyJqb2JfdGl0bGUiOiJQZXJmaWwgR3LDoWZpY28g4oCTIE1vdGlvbiBEZXNpZ25lciIsImNvbXBhbnlfbmFtZSI6IlRFTVBFIElORElURVgiLCJhZGRyZXNzX2NpdHkiOiJFbGNoZSBQYXJxdWUgSW5kdXN0cmlhbCwgU3BhaW4iLCJodGlkb2NpZCI6IlB0TVpubFNwVEVya1ZfOE5BQUFBQUE9PSIsInV1bGUiOiJ3K0NBSVFJQ0lGVTNCaGFXNCJ9,Integración
eyJqb2JfdGl0bGUiOiJQcm9ncmFtYWRvciBkZSBQTEMiLCJjb21wYW55X25hbWUiOiJHRVMgQ09OU1VMVE9SRVMiLCJhZGRyZXNzX2NpdHkiOiJUcmF6bywgU3BhaW4iLCJodGlkb2NpZCI6Ilc1bGVoNDIwWC0zU21idU9BQUFBQUE9PSIsInV1bGUiOiJ3K0NBSVFJQ0lGVTNCaGFXNCJ9,Integración
eyJqb2JfdGl0bGUiOiJQUk9HUkFNQURPUi9BIFBMQyIsImNvbXBhbnlfbmFtZSI6IlJBUyBFc3Bhw7FhIiwiYWRkcmVzc19jaXR5IjoiVmljLCBTcGFpbiIsImh0aWRvY2lkIjoiVFIxOFBIVU9sRmU4RnZsOEFBQUFBQT09IiwidXVsZSI6IncrQ0FJUUlDSUZVM0JoYVc0In0=,Seguridad
eyJqb2JfdGl0bGUiOiJQcm9ncmFtYWRvciBkZSBQTEMiLCJjb21wYW55X25hbWUiOiJNaWNoYWVsIFBhZ2UiLCJhZGRyZXNzX2NpdHkiOiJCYXJjZWxvbmEsIFNwYWluIiwiaHRpZG9jaWQiOiJrVDdBc1hkSUZBLW83TGhBQUFBQUFBPT0iLCJ1dWxlIjoidytDQUlRSUNJRlUzQmhhVzQifQ==,Seguridad
eyJqb2JfdGl0bGUiOiJQcm9ncmFtYWRvci9hIFBMQyIsImNvbXBhbnlfbmFtZSI6IkdFUyBDT05TVUxUT1JFUyIsImFkZHJlc3NfY2l0eSI6IlNhbnRpYWdvIGRlIENvbXBvc3RlbGEsIE11bmljaXBhbGl0eSBvZiBTYW50aWFnbyBkZSBDb21wb3N0ZWxhLCBTcGFpbiIsImh0aWRvY2lkIjoiZk5lOHNnRng3VzFDT19DOEFBQUFBQT09IiwidXVsZSI6IncrQ0FJUUlDSUZVM0JoYVc0In0=,Seguridad
eyJqb2JfdGl0bGUiOiJQcm9ncmFtYWRvci9hIFBMQyIsImNvbXBhbnlfbmFtZSI6IkdFUyBDT05TVUxUT1JFUyIsImFkZHJlc3NfY2l0eSI6IlNhbnRpYWdvIGRlIENvbXBvc3RlbGEsIE11bmljaXBhbGl0eSBvZiBTYW50aWFnbyBkZSBDb21wb3N0ZWxhLCBTcGFpbiIsImh0aWRvY2lkIjoiZk5lOHNnRng3VzFDT19DOEFBQUFBQT09IiwidXVsZSI6IncrQ0FJUUlDSUZVM0JoYVc0In0=,Integración
eyJqb2JfdGl0bGUiOiJJbmdlbmllcm8vQSBFbWJlYmlkb3MvSW90IiwiY29tcGFueV9uYW1lIjoiSWtvciIsImFkZHJlc3NfY2l0eSI6IkFsYXZhLCBTYWxhcywgU3BhaW4iLCJodGlkb2NpZCI6ImZaWGdEQ2lUWklJUE5uQ2pBQUFBQUE9PSIsInV1bGUiOiJ3K0NBSVFJQ0lGVTNCaGFXNCJ9,Seguridad
eyJqb2JfdGl0bGUiOiJFU1BFQ0lBTElTVEEgQ0lCRVJJTlRFTElHRU5DSUEiLCJjb21wYW55X25hbWUiOiJUZWxlZsOzbmljYSIsImFkZHJlc3NfY2l0eSI6Ik1hZHJpZCwgU3BhaW4iLCJodGlkb2NpZCI6IjBfLUNnRnNzZDBDYnlZdS1BQUFBQUE9PSIsInV1bGUiOiJ3K0NBSVFJQ0lGVTNCaGFXNCJ9,Seguridad
eyJqb2JfdGl0bGUiOiJlc3BlY2lhbGlzdGEgY2liZXJpbnRlbGlnZW5jaWEiLCJjb21wYW55X25hbWUiOiJUZWxlZm9uaWNhIFMuQS4iLCJhZGRyZXNzX2NpdHkiOiJNYWRyaWQsIFNwYWluIiwiaHRpZG9jaWQiOiIwUFVORXNINjk0SXBFb1FyQUFBQUFBPT0iLCJ1dWxlIjoidytDQUlRSUNJRlUzQmhhVzQifQ==,Seguridad
eyJqb2JfdGl0bGUiOiJBbmFsaXN0YSBkZSBDaWJlcmludGVsaWdlbmNpYSIsImNvbXBhbnlfbmFtZSI6IlZBU1MiLCJhZGRyZXNzX2NpdHkiOiJNYWRyaWQsIFNwYWluIiwiaHRpZG9jaWQiOiI5eGQ3cnNGREwtbU9XMUJOQUFBQUFBPT0iLCJ1dWxlIjoidytDQUlRSUNJRlUzQmhhVzQifQ==,Seguridad
eyJqb2JfdGl0bGUiOiJBbmFsaXN0YSBkZSBDaWJlcmludGVsaWdlbmNpYSIsImNvbXBhbnlfbmFtZSI6IkVpYSEgLSBQcm9qZXRvIGRlIEludGVydmVuw6fDo28gU29jaWFsIiwiYWRkcmVzc19jaXR5IjoiTWFkcmlkLCBTcGFpbiIsImh0aWRvY2lkIjoiUGNHS3cyVktyeWNjb0x5TkFBQUFBQT09IiwidXVsZSI6IncrQ0FJUUlDSUZVM0JoYVc0In0=,Seguridad
eyJqb2JfdGl0bGUiOiJTZW5pb3IgY2liZXJpbnRlbGlnZW5jaWEgKEgvTSkiLCJjb21wYW55X25hbWUiOiJHcnVwbyBPZXPDrWEiLCJhZGRyZXNzX2NpdHkiOiJNYWRyaWQsIFNwYWluIiwiaHRpZG9jaWQiOiJlRjRwVlRtYWZmcGVLaEZxQUFBQUFBPT0iLCJ1dWxlIjoidytDQUlRSUNJRlUzQmhhVzQifQ==,Seguridad
eyJqb2JfdGl0bGUiOiJKdW5pb3IgQ3liZXJpbnRlbGxpZ2VuY2UgQW5hbHlzdC0gUkVNT1RFIiwiY29tcGFueV9uYW1lIjoiVGFybG9naWMiLCJhZGRyZXNzX2NpdHkiOiJNYWRyaWQsIFNwYWluIiwiaHRpZG9jaWQiOiJVWjJabnRLdUtxZEllcUJLQUFBQUFBPT0iLCJ1dWxlIjoidytDQUlRSUNJRlUzQmhhVzQifQ==,Seguridad
eyJqb2JfdGl0bGUiOiJKdW5pb3IgQ3liZXJpbnRlbGxpZ2VuY2UgQW5hbHlzdC0gUkVNT1RFIiwiY29tcGFueV9uYW1lIjoiVGFybG9naWMiLCJhZGRyZXNzX2NpdHkiOiJNYWRyaWQsIFNwYWluIiwiaHRpZG9jaWQiOiJVWjJabnRLdUtxZEllcUJLQUFBQUFBPT0iLCJ1dWxlIjoidytDQUlRSUNJRlUzQmhhVzQifQ==,Integración
eyJqb2JfdGl0bGUiOiJFc3BlY2lhbGlzdGEgZW4gU2VndXJpZGFkIE9mZW5zaXZhIiwiY29tcGFueV9uYW1lIjoiUmVwc29sIiwiYWRkcmVzc19jaXR5IjoiU3BhaW4iLCJodGlkb2NpZCI6IjJqcG1ZTks1TG9Ca1FBdHBBQUFBQUE9PSIsInV1bGUiOiJ3K0NBSVFJQ0lGVTNCaGFXNCJ9,Seguridad
eyJqb2JfdGl0bGUiOiJDeWJlcmludGVsbGlnZW5jZSBGcmF1ZCBDb25zdWx0YW50LSBSZW1vdGUiLCJjb21wYW55X25hbWUiOiJUYXJsb2dpYyIsImFkZHJlc3NfY2l0eSI6Ik1hZHJpZCwgU3BhaW4iLCJodGlkb2NpZCI6Imp6NUNaVURNQVc1ZDkwdHJBQUFBQUE9PSIsInV1bGUiOiJ3K0NBSVFJQ0lGVTNCaGFXNCJ9,Seguridad
eyJqb2JfdGl0bGUiOiJTZWN1cml0eSBBbmFseXN0ICBhdCBUYXJsb2dpYyIsImNvbXBhbnlfbmFtZSI6IlRhcmxvZ2ljIiwiYWRkcmVzc19jaXR5IjoiTWFkcmlkLCBTcGFpbiIsImh0aWRvY2lkIjoiejBzRGZycTZQUGgySXIxYkFBQUFBQT09IiwidXVsZSI6IncrQ0FJUUlDSUZVM0JoYVc0In0=,Seguridad
eyJqb2JfdGl0bGUiOiJQcm9ncmFtYWRvci9hIEFuZHJvaWQtV2ViIiwiY29tcGFueV9uYW1lIjoiSU1BTiBURU1QT1JJTkcgRVRULCBTLkwuIiwiYWRkcmVzc19jaXR5IjoiUGFsbWEsIFNwYWluIiwiaHRpZG9jaWQiOiJGclQ3Qy1HRzZZdjFaalNrQUFBQUFBPT0iLCJ1dWxlIjoidytDQUlRSUNJRlUzQmhhVzQifQ==,Mantenimiento y Soporte
eyJqb2JfdGl0bGUiOiJQcm9ncmFtYWRvciBpT1MvQW5kcm9pZCB5IEJhY2tlbmQiLCJjb21wYW55X25hbWUiOiJDR0kiLCJhZGRyZXNzX2NpdHkiOiJNYWRyaWQsIFNwYWluIiwiaHRpZG9jaWQiOiJQTGtXYXhicTd4OW5JTk8zQUFBQUFBPT0iLCJ1dWxlIjoidytDQUlRSUNJRlUzQmhhVzQifQ==,Backend
eyJqb2JfdGl0bGUiOiJEZXNhcnJvbGxhZG9yIEFuZHJvaWQiLCJjb21wYW55X25hbWUiOiJQYXJhZGlnbWEgRGlnaXRhbCIsImFkZHJlc3NfY2l0eSI6IlBvenVlbG8gZGUgQWxhcmPDs24sIFNwYWluIiwiaHRpZG9jaWQiOiJsam54bzZPWGFQTm16dExPQUFBQUFBPT0iLCJ1dWxlIjoidytDQUlRSUNJRlUzQmhhVzQifQ==,Mobile
eyJqb2JfdGl0bGUiOiJQcm9ncmFtYWRvciBhbmRyb2lkIiwiY29tcGFueV9uYW1lIjoiU2VyZW0iLCJhZGRyZXNzX2NpdHkiOiJCYXJjZWxvbmEsIFNwYWluIiwiaHRpZG9jaWQiOiJDMnRBLS1IMG1ram9LS1BHQUFBQUFBPT0iLCJ1dWxlIjoidytDQUlRSUNJRlUzQmhhVzQifQ==,Mobile
eyJqb2JfdGl0bGUiOiJKdW5pb3IgQW5kcm9pZCBEZXZlbG9wZXIgKEtvdGxpbikiLCJjb21wYW55X25hbWUiOiJPbmVUYWxlbnQiLCJhZGRyZXNzX2NpdHkiOiJCYXJjZWxvbmEsIFNwYWluIiwiaHRpZG9jaWQiOiJyX2NIOXVmaXRYTUxjRUdLQUFBQUFBPT0iLCJ1dWxlIjoidytDQUlRSUNJRlUzQmhhVzQifQ==,Mobile
eyJqb2JfdGl0bGUiOiJBbmRyb2lkIERldmVsb3BlciAtIiwiY29tcGFueV9uYW1lIjoiQWN0aWEiLCJhZGRyZXNzX2NpdHkiOiJWYWxlbmNpYSwgU3BhaW4iLCJodGlkb2NpZCI6Inh6V2F1TVdxYjZIT09lRWJBQUFBQUE9PSIsInV1bGUiOiJ3K0NBSVFJQ0lGVTNCaGFXNCJ9,Seguridad
eyJqb2JfdGl0bGUiOiJBbmRyb2lkIERldmVsb3BlciAtIiwiY29tcGFueV9uYW1lIjoiQWN0aWEiLCJhZGRyZXNzX2NpdHkiOiJWYWxlbmNpYSwgU3BhaW4iLCJodGlkb2NpZCI6Inh6V2F1TVdxYjZIT09lRWJBQUFBQUE9PSIsInV1bGUiOiJ3K0NBSVFJQ0lGVTNCaGFXNCJ9,Mobile
eyJqb2JfdGl0bGUiOiJBbmRyb2lkIERldmVsb3BlciAtIiwiY29tcGFueV9uYW1lIjoiQWN0aWEiLCJhZGRyZXNzX2NpdHkiOiJWYWxlbmNpYSwgU3BhaW4iLCJodGlkb2NpZCI6Inh6V2F1TVdxYjZIT09lRWJBQUFBQUE9PSIsInV1bGUiOiJ3K0NBSVFJQ0lGVTNCaGFXNCJ9,Integración
eyJqb2JfdGl0bGUiOiIxIFByb2dyYW1hZG9yIGlPUyAtIDEgUHJvZ3JhbWFkb3IgQW5kcm9pZCIsImNvbXBhbnlfbmFtZSI6IlNvY2lhbHlvdSIsImFkZHJlc3NfY2l0eSI6IkNhdGFsb25pYSwgU3BhaW4iLCJodGlkb2NpZCI6IkhzeXY4MUNNWWhid2plQVpBQUFBQUE9PSIsInV1bGUiOiJ3K0NBSVFJQ0lGVTNCaGFXNCJ9,Backend
eyJqb2JfdGl0bGUiOiJQcm9ncmFtYWRvciBCYWNrLUVuZCBEZSBBcHAgQW5kcm9pZCwgR3JhbmFkYSIsImNvbXBhbnlfbmFtZSI6IkJvc2MgTyIsImFkZHJlc3NfY2l0eSI6IkdyYW5hZGEsIFNwYWluIiwiaHRpZG9jaWQiOiI4MXBOcGg4RW44TGNNWWZOQUFBQUFBPT0iLCJ1dWxlIjoidytDQUlRSUNJRlUzQmhhVzQifQ==,Integración
eyJqb2JfdGl0bGUiOiJEZXNhcnJvbGxhZG9yIEFuZHJvaWQiLCJjb21wYW55X25hbWUiOiJBcGl1bWh1YiIsImFkZHJlc3NfY2l0eSI6IkJhcmNlbG9uYSwgU3BhaW4iLCJodGlkb2NpZCI6Il9EOHVrUWM1WTdoS2tXVU9BQUFBQUE9PSIsInV1bGUiOiJ3K0NBSVFJQ0lGVTNCaGFXNCJ9,Backend
eyJqb2JfdGl0bGUiOiJERVNBUlJPTExBRE9SIEpBVkEvQU5EUk9JRCBQRVJGSUwgSlVOSU9SIiwiY29tcGFueV9uYW1lIjoiS2VybmV0IiwiYWRkcmVzc19jaXR5IjoiU3BhaW4iLCJodGlkb2NpZCI6IlZUdXBPWC0tZnFJRE5CTU9BQUFBQUE9PSIsInV1bGUiOiJ3K0NBSVFJQ0lGVTNCaGFXNCJ9,Base de datos
eyJqb2JfdGl0bGUiOiJERVNBUlJPTExBRE9SIEpBVkEvQU5EUk9JRCBQRVJGSUwgSlVOSU9SIiwiY29tcGFueV9uYW1lIjoiS2VybmV0IiwiYWRkcmVzc19jaXR5IjoiU3BhaW4iLCJodGlkb2NpZCI6IlZUdXBPWC0tZnFJRE5CTU9BQUFBQUE9PSIsInV1bGUiOiJ3K0NBSVFJQ0lGVTNCaGFXNCJ9,Backend
eyJqb2JfdGl0bGUiOiJQcm9ncmFtYWRvciBhbmRyb2lkIChqYXZhKSIsImNvbXBhbnlfbmFtZSI6IktyZWxsIENvbnN1bHRpbmcgXHUwMDI2QW1wOyBUcmFpbmluZyIsImFkZHJlc3NfY2l0eSI6Ik1hZHJpZCwgU3BhaW4iLCJodGlkb2NpZCI6Ijhzdy0zT2kwMkJ3NFhEa2VBQUFBQUE9PSIsInV1bGUiOiJ3K0NBSVFJQ0lGVTNCaGFXNCJ9,Seguridad
eyJqb2JfdGl0bGUiOiJEZXNhcnJvbGxhZG9yIGRlIEFuZHJvaWQiLCJjb21wYW55X25hbWUiOiJMb2dpUkFJTCIsImFkZHJlc3NfY2l0eSI6Ik3DqXJpZGEsIFNwYWluIiwiaHRpZG9jaWQiOiJQYVVEUTNvNXJGRXpFUzRYQUFBQUFBPT0iLCJ1dWxlIjoidytDQUlRSUNJRlUzQmhhVzQifQ==,Seguridad
eyJqb2JfdGl0bGUiOiJBbmRyb2lkIERldmVsb3BlciIsImNvbXBhbnlfbmFtZSI6IlNwYXJ0YW4tc3lzIiwiYWRkcmVzc19jaXR5IjoiU3BhaW4iLCJodGlkb2NpZCI6IkNFMVY5SUdXQUc2aFpLRkFBQUFBQUE9PSIsInV1bGUiOiJ3K0NBSVFJQ0lGVTNCaGFXNCJ9,Mobile
eyJqb2JfdGl0bGUiOiJBbmRyb2lkIERldmVsb3BlciIsImNvbXBhbnlfbmFtZSI6IlNwYXJ0YW4tc3lzIiwiYWRkcmVzc19jaXR5IjoiU3BhaW4iLCJodGlkb2NpZCI6IkNFMVY5SUdXQUc2aFpLRkFBQUFBQUE9PSIsInV1bGUiOiJ3K0NBSVFJQ0lGVTNCaGFXNCJ9,Integración
eyJqb2JfdGl0bGUiOiJBbmRyb2lkIERldmVsb3BlciIsImNvbXBhbnlfbmFtZSI6IlNwYXJ0YW4tc3lzIiwiYWRkcmVzc19jaXR5IjoiU3BhaW4iLCJodGlkb2NpZCI6IkNFMVY5SUdXQUc2aFpLRkFBQUFBQUE9PSIsInV1bGUiOiJ3K0NBSVFJQ0lGVTNCaGFXNCJ9,Full Stack
eyJqb2JfdGl0bGUiOiJBbmRyb2lkIERldmVsb3BlciIsImNvbXBhbnlfbmFtZSI6IlNwYXJ0YW4tc3lzIiwiYWRkcmVzc19jaXR5IjoiU3BhaW4iLCJodGlkb2NpZCI6IkNFMVY5SUdXQUc2aFpLRkFBQUFBQUE9PSIsInV1bGUiOiJ3K0NBSVFJQ0lGVTNCaGFXNCJ9,Backend
eyJqb2JfdGl0bGUiOiJEZXNhcnJvbGxhZG9yIEFuZHJvaWQgLSBKdW5pb3IgLSBNYWRyaWQgLSAoU3BhbmlzaCBzcGVha2luZyBvbmx5KSIsImNvbXBhbnlfbmFtZSI6IlRhbGVudCA0LjAiLCJhZGRyZXNzX2NpdHkiOiJNYWRyaWQsIFNwYWluIiwiaHRpZG9jaWQiOiJyUmlFa1loY2xaM1ByWkg1QUFBQUFBPT0iLCJ1dWxlIjoidytDQUlRSUNJRlUzQmhhVzQifQ==,Mobile
eyJqb2JfdGl0bGUiOiJEZXNhcnJvbGxhZG9yIEFuZHJvaWQgLSBKdW5pb3IgLSBNYWRyaWQgLSAoU3BhbmlzaCBzcGVha2luZyBvbmx5KSIsImNvbXBhbnlfbmFtZSI6IlRhbGVudCA0LjAiLCJhZGRyZXNzX2NpdHkiOiJNYWRyaWQsIFNwYWluIiwiaHRpZG9jaWQiOiJyUmlFa1loY2xaM1ByWkg1QUFBQUFBPT0iLCJ1dWxlIjoidytDQUlRSUNJRlUzQmhhVzQifQ==,Integración
eyJqb2JfdGl0bGUiOiJEZXNhcnJvbGxhZG9yIEFuZHJvaWQiLCJjb21wYW55X25hbWUiOiJUcmVjb25lIC0gTW9iaWxlIE1hcmtldCBEYXRhIEludGVsbGlnZW5jZSIsImFkZHJlc3NfY2l0eSI6IlNwYWluIiwiaHRpZG9jaWQiOiJ5NERqS0QxSjlNMW1zZzgwQUFBQUFBPT0iLCJ1dWxlIjoidytDQUlRSUNJRlUzQmhhVzQifQ==,Mobile
eyJqb2JfdGl0bGUiOiJEZXNhcnJvbGxhZG9yIEFuZHJvaWQiLCJjb21wYW55X25hbWUiOiJUcmVjb25lIC0gTW9iaWxlIE1hcmtldCBEYXRhIEludGVsbGlnZW5jZSIsImFkZHJlc3NfY2l0eSI6IlNwYWluIiwiaHRpZG9jaWQiOiJ5NERqS0QxSjlNMW1zZzgwQUFBQUFBPT0iLCJ1dWxlIjoidytDQUlRSUNJRlUzQmhhVzQifQ==,Integración
eyJqb2JfdGl0bGUiOiJBbmRyb2lkIERldmVsb3BlciIsImNvbXBhbnlfbmFtZSI6IlZlcmlkYXMiLCJhZGRyZXNzX2NpdHkiOiJQYW1wbG9uYSwgU3BhaW4iLCJodGlkb2NpZCI6IjRYcktGSWVvaGtlZ3BOOXFBQUFBQUE9PSIsInV1bGUiOiJ3K0NBSVFJQ0lGVTNCaGFXNCJ9,Seguridad
eyJqb2JfdGl0bGUiOiJQcm9ncmFtYWRvciBhbmRyb2lkIiwiY29tcGFueV9uYW1lIjoiU2VyZW0iLCJhZGRyZXNzX2NpdHkiOiJNYWRyaWQsIFNwYWluIiwiaHRpZG9jaWQiOiJBZUxYQUhKMlNyRW5KNzBpQUFBQUFBPT0iLCJ1dWxlIjoidytDQUlRSUNJRlUzQmhhVzQifQ==,Mobile
eyJqb2JfdGl0bGUiOiJTZSBCdXNjYSBEZXNhcnJvbGxhZG9yIHBhcmEgQW5kcm9pZCIsImNvbXBhbnlfbmFtZSI6Ikl2YW4iLCJhZGRyZXNzX2NpdHkiOiJWYWxlbmNpYSwgU3BhaW4iLCJodGlkb2NpZCI6Ii1nUVR0aG1MTEdnTi1zQmdBQUFBQUE9PSIsInV1bGUiOiJ3K0NBSVFJQ0lGVTNCaGFXNCJ9,Base de datos
eyJqb2JfdGl0bGUiOiJBbmRyb2lkL2lPUyBEZXZlbG9wZXIiLCJjb21wYW55X25hbWUiOiJQYWdlIFBlcnNvbm5lbCIsImFkZHJlc3NfY2l0eSI6Ikdpcm9uYSwgU3BhaW4iLCJodGlkb2NpZCI6IndiSUZJOGFnRzJjZGpicUVBQUFBQUE9PSIsInV1bGUiOiJ3K0NBSVFJQ0lGVTNCaGFXNCJ9,Mobile
eyJqb2JfdGl0bGUiOiJBbmRyb2lkL2lPUyBEZXZlbG9wZXIiLCJjb21wYW55X25hbWUiOiJQYWdlIFBlcnNvbm5lbCIsImFkZHJlc3NfY2l0eSI6Ikdpcm9uYSwgU3BhaW4iLCJodGlkb2NpZCI6IndiSUZJOGFnRzJjZGpicUVBQUFBQUE9PSIsInV1bGUiOiJ3K0NBSVFJQ0lGVTNCaGFXNCJ9,Backend
eyJqb2JfdGl0bGUiOiJBbmRyb2lkIFRWIERldmVsb3BlciIsImNvbXBhbnlfbmFtZSI6IlRWVXAiLCJhZGRyZXNzX2NpdHkiOiJNYWRyaWQsIFNwYWluIiwiaHRpZG9jaWQiOiJzWkVSOWJSNHRDTDJWdzBhQUFBQUFBPT0iLCJ1dWxlIjoidytDQUlRSUNJRlUzQmhhVzQifQ==,Mobile
eyJqb2JfdGl0bGUiOiJBbmRyb2lkIERldmVsb3BlciIsImNvbXBhbnlfbmFtZSI6IkFjdGlhIiwiYWRkcmVzc19jaXR5IjoiQmFyY2Vsb25hLCBTcGFpbiIsImh0aWRvY2lkIjoibGVUTldYcU5TYktnUnZfUEFBQUFBQT09IiwidXVsZSI6IncrQ0FJUUlDSUZVM0JoYVc0In0=,Seguridad
eyJqb2JfdGl0bGUiOiJBbmRyb2lkIERldmVsb3BlciIsImNvbXBhbnlfbmFtZSI6IkFjdGlhIiwiYWRkcmVzc19jaXR5IjoiQmFyY2Vsb25hLCBTcGFpbiIsImh0aWRvY2lkIjoibGVUTldYcU5TYktnUnZfUEFBQUFBQT09IiwidXVsZSI6IncrQ0FJUUlDSUZVM0JoYVc0In0=,Mobile
eyJqb2JfdGl0bGUiOiJBbmRyb2lkIERldmVsb3BlciIsImNvbXBhbnlfbmFtZSI6IkFjdGlhIiwiYWRkcmVzc19jaXR5IjoiQmFyY2Vsb25hLCBTcGFpbiIsImh0aWRvY2lkIjoibGVUTldYcU5TYktnUnZfUEFBQUFBQT09IiwidXVsZSI6IncrQ0FJUUlDSUZVM0JoYVc0In0=,Integración
eyJqb2JfdGl0bGUiOiJEZXNhcnJvbGxhZG9yIEFuZHJvaWQiLCJjb21wYW55X25hbWUiOiJWQVNTIiwiYWRkcmVzc19jaXR5IjoiQWxjb2JlbmRhcywgU3BhaW4iLCJodGlkb2NpZCI6InZqSkJ1MWlQMDRISS1NTi1BQUFBQUE9PSIsInV1bGUiOiJ3K0NBSVFJQ0lGVTNCaGFXNCJ9,Mobile
eyJqb2JfdGl0bGUiOiJBbmRyb2lkIERldmVsb3BlciIsImNvbXBhbnlfbmFtZSI6IkRhdGFncm91cCBBZyIsImFkZHJlc3NfY2l0eSI6IkNhdGFsb25pYSwgU3BhaW4iLCJodGlkb2NpZCI6IkhVaVdyc0xPVDlTeGUwSzFBQUFBQUE9PSIsInV1bGUiOiJ3K0NBSVFJQ0lGVTNCaGFXNCJ9,Integración
eyJqb2JfdGl0bGUiOiJBbmRyb2lkIERldmVsb3BlciIsImNvbXBhbnlfbmFtZSI6IkRhdGFncm91cCBBZyIsImFkZHJlc3NfY2l0eSI6IkNhdGFsb25pYSwgU3BhaW4iLCJodGlkb2NpZCI6IkhVaVdyc0xPVDlTeGUwSzFBQUFBQUE9PSIsInV1bGUiOiJ3K0NBSVFJQ0lGVTNCaGFXNCJ9,Backend
eyJqb2JfdGl0bGUiOiJBbmRyb2lkIERldmVsb3BlciAtIE1hZHJpZCIsImNvbXBhbnlfbmFtZSI6IlNsYXNoTW9iaWxpdHkiLCJhZGRyZXNzX2NpdHkiOiJNYWRyaWQsIFNwYWluIiwiaHRpZG9jaWQiOiJOOEFDOGJ5RThuY0hLTUQ1QUFBQUFBPT0iLCJ1dWxlIjoidytDQUlRSUNJRlUzQmhhVzQifQ==,Mobile
eyJqb2JfdGl0bGUiOiJEZXNhcnJvbGxhZG9yIFNlbmlvciBNb2JpbGUiLCJjb21wYW55X25hbWUiOiJQYXJhZGlnbWEgRGlnaXRhbCIsImFkZHJlc3NfY2l0eSI6IlBvenVlbG8gZGUgQWxhcmPDs24sIFNwYWluIiwiaHRpZG9jaWQiOiJlZHdnekhmQjFHM21xMm5SQUFBQUFBPT0iLCJ1dWxlIjoidytDQUlRSUNJRlUzQmhhVzQifQ==,Mobile
eyJqb2JfdGl0bGUiOiJEZXNhcnJvbGxhZG9yIGRlIEFuZHJvaWQiLCJjb21wYW55X25hbWUiOiJTb2xlcmEgRXNwYcOxYSIsImFkZHJlc3NfY2l0eSI6IlNldmlsbGUsIFNwYWluIiwiaHRpZG9jaWQiOiJ4VGJVWFFBem93dl91bTVOQUFBQUFBPT0iLCJ1dWxlIjoidytDQUlRSUNJRlUzQmhhVzQifQ==,Mobile
eyJqb2JfdGl0bGUiOiJTZW5pb3IgQW5kcm9pZCBEZXZlbG9wZXIiLCJjb21wYW55X25hbWUiOiJTbmd1bGFyIiwiYWRkcmVzc19jaXR5IjoiTWFkcmlkLCBTcGFpbiIsImh0aWRvY2lkIjoiWWNaLUo4bW44NjF6aXc3bUFBQUFBQT09IiwidXVsZSI6IncrQ0FJUUlDSUZVM0JoYVc0In0=,Mobile
eyJqb2JfdGl0bGUiOiJQcm9ncmFtYWRvci9BIEFuZHJvaWQtV2ViIiwiY29tcGFueV9uYW1lIjoiSW1hbiBUZW1wb3JpbmcgRW1wcmVzYSBEZSBUcmFiYWpvIFRlbXBvcmFsIFNsIiwiYWRkcmVzc19jaXR5IjoiU3BhaW4iLCJodGlkb2NpZCI6InVaZDBPY1VIenZMdFlBdXpBQUFBQUE9PSIsInV1bGUiOiJ3K0NBSVFJQ0lGVTNCaGFXNCJ9,Mantenimiento y Soporte
eyJqb2JfdGl0bGUiOiJEZXNhcnJvbGxhZG9yIGFuZHJvaWQgeSBhcHAgbW92aWwiLCJjb21wYW55X25hbWUiOiJDb2xhYm9ydW0iLCJhZGRyZXNzX2NpdHkiOiJNw6FsYWdhLCBTcGFpbiIsImh0aWRvY2lkIjoieThreFJYWk5KMVptS21OZ0FBQUFBQT09IiwidXVsZSI6IncrQ0FJUUlDSUZVM0JoYVc0In0=,Integración
eyJqb2JfdGl0bGUiOiJBbmRyb2lkIERldmVsb3BlciIsImNvbXBhbnlfbmFtZSI6Ik51dHJpdGllbmRhIiwiYWRkcmVzc19jaXR5IjoiU3BhaW4iLCJodGlkb2NpZCI6ImZWcWhHeE5lRHF2bzh5UUVBQUFBQUE9PSIsInV1bGUiOiJ3K0NBSVFJQ0lGVTNCaGFXNCJ9,Mobile
eyJqb2JfdGl0bGUiOiJBbmRyb2lkIERldmVsb3BlciIsImNvbXBhbnlfbmFtZSI6IkNhcGl0b2xlIENvbnN1bHRpbmciLCJhZGRyZXNzX2NpdHkiOiJCYXJjZWxvbmEsIFNwYWluIiwiaHRpZG9jaWQiOiJGUThZTm5FZWU0TnNHTnJrQUFBQUFBPT0iLCJ1dWxlIjoidytDQUlRSUNJRlUzQmhhVzQifQ==,Integración
eyJqb2JfdGl0bGUiOiJEZXNhcnJvbGxhZG9yIE1vYmlsZSBBbmRyb2lkIiwiY29tcGFueV9uYW1lIjoiTHlueCB2aWV3IiwiYWRkcmVzc19jaXR5IjoiQWxpY2FudGUsIFNwYWluIiwiaHRpZG9jaWQiOiJsX21vcTlUaUFQVW5QWk5CQUFBQUFBPT0iLCJ1dWxlIjoidytDQUlRSUNJRlUzQmhhVzQifQ==,Mobile
eyJqb2JfdGl0bGUiOiJTZW5pb3IgQW5kcm9pZCBEZXZlbG9wZXIiLCJjb21wYW55X25hbWUiOiJBdXRlbnRpYSIsImFkZHJlc3NfY2l0eSI6IlNwYWluIiwiaHRpZG9jaWQiOiJHWU9YQnNYQkNyTTU5S3hDQUFBQUFBPT0iLCJ1dWxlIjoidytDQUlRSUNJRlUzQmhhVzQifQ==,Mobile
eyJqb2JfdGl0bGUiOiJTZW5pb3IgQW5kcm9pZCBEZXZlbG9wZXIiLCJjb21wYW55X25hbWUiOiJBdXRlbnRpYSIsImFkZHJlc3NfY2l0eSI6IlNwYWluIiwiaHRpZG9jaWQiOiJHWU9YQnNYQkNyTTU5S3hDQUFBQUFBPT0iLCJ1dWxlIjoidytDQUlRSUNJRlUzQmhhVzQifQ==,Integración
eyJqb2JfdGl0bGUiOiJTZW5pb3IgQW5kcm9pZCBEZXZlbG9wZXIiLCJjb21wYW55X25hbWUiOiJBdXRlbnRpYSIsImFkZHJlc3NfY2l0eSI6IlNwYWluIiwiaHRpZG9jaWQiOiJHWU9YQnNYQkNyTTU5S3hDQUFBQUFBPT0iLCJ1dWxlIjoidytDQUlRSUNJRlUzQmhhVzQifQ==,Backend
eyJqb2JfdGl0bGUiOiJBbmRyb2lkIERldmVsb3BlciIsImNvbXBhbnlfbmFtZSI6IkFMVEVOIFNwYWluIiwiYWRkcmVzc19jaXR5IjoiU3BhaW4iLCJodGlkb2NpZCI6IlZjRVNnMVdWRTBOUVk1a29BQUFBQUE9PSIsInV1bGUiOiJ3K0NBSVFJQ0lGVTNCaGFXNCJ9,Mobile
eyJqb2JfdGl0bGUiOiJBbmRyb2lkIERldmVsb3BlciIsImNvbXBhbnlfbmFtZSI6IkFMVEVOIFNwYWluIiwiYWRkcmVzc19jaXR5IjoiU3BhaW4iLCJodGlkb2NpZCI6IlZjRVNnMVdWRTBOUVk1a29BQUFBQUE9PSIsInV1bGUiOiJ3K0NBSVFJQ0lGVTNCaGFXNCJ9,Integración
eyJqb2JfdGl0bGUiOiJBbmRyb2lkIERldmVsb3BlciIsImNvbXBhbnlfbmFtZSI6IkRhdGFncm91cCBBZyIsImFkZHJlc3NfY2l0eSI6IkJhcmNlbG9uYSwgU3BhaW4iLCJodGlkb2NpZCI6ImkyR0lubjlCTUttVkVaMDlBQUFBQUE9PSIsInV1bGUiOiJ3K0NBSVFJQ0lGVTNCaGFXNCJ9,Integración
eyJqb2JfdGl0bGUiOiJBbmRyb2lkIERldmVsb3BlciIsImNvbXBhbnlfbmFtZSI6IkRhdGFncm91cCBBZyIsImFkZHJlc3NfY2l0eSI6IkJhcmNlbG9uYSwgU3BhaW4iLCJodGlkb2NpZCI6ImkyR0lubjlCTUttVkVaMDlBQUFBQUE9PSIsInV1bGUiOiJ3K0NBSVFJQ0lGVTNCaGFXNCJ9,Backend
eyJqb2JfdGl0bGUiOiIxIFByb2dyYW1hZG9yL2EgU2VuaW9yIGlPUyB5IDEgVGVjaG5pY2FsIExlYWQgaU9TIC0gVGVsZXRyYWJham8gMTAwJSIsImNvbXBhbnlfbmFtZSI6Ikhhc3RlbiBncm91cCIsImFkZHJlc3NfY2l0eSI6Ik1hZHJpZCwgU3BhaW4iLCJodGlkb2NpZCI6ImxobTJoQ19mOWw0MXZwRFRBQUFBQUE9PSIsInV1bGUiOiJ3K0NBSVFJQ0lGVTNCaGFXNCJ9,Integración
eyJqb2JfdGl0bGUiOiJQcm9ncmFtYWRvciBpb3MganVuaW9yIHJlbW90byIsImNvbXBhbnlfbmFtZSI6IlF1ZW50YWwiLCJhZGRyZXNzX2NpdHkiOiJNYWRyaWQsIFNwYWluIiwiaHRpZG9jaWQiOiItbzhiakw0ZWYzU0R5eHVrQUFBQUFBPT0iLCJ1dWxlIjoidytDQUlRSUNJRlUzQmhhVzQifQ==,Integración
eyJqb2JfdGl0bGUiOiJpT1MgRGV2ZWxvcGVyIC0gT3BlbmJhbmsgKE9wZW5odWIgQmlsYmFvKSIsImNvbXBhbnlfbmFtZSI6IlNhbnRhbmRlciIsImFkZHJlc3NfY2l0eSI6IkJpbGJhbywgU3BhaW4iLCJodGlkb2NpZCI6InJINDF3MWNzV2FxU1pyaTJBQUFBQUE9PSIsInV1bGUiOiJ3K0NBSVFJQ0lGVTNCaGFXNCJ9,Mobile
eyJqb2JfdGl0bGUiOiJSbXQgQW5hbGlzdGEgUHJvZ3JhbWFkb3IgSW9zIiwiY29tcGFueV9uYW1lIjoiWmVtc2FuaWEiLCJhZGRyZXNzX2NpdHkiOiJaYXJhZ296YSwgU3BhaW4iLCJodGlkb2NpZCI6IkNXR0I2eHE1ZnFER1h6aVdBQUFBQUE9PSIsInV1bGUiOiJ3K0NBSVFJQ0lGVTNCaGFXNCJ9,Integración
eyJqb2JfdGl0bGUiOiJSbXQgQW5hbGlzdGEgUHJvZ3JhbWFkb3IgSW9zIiwiY29tcGFueV9uYW1lIjoiWmVtc2FuaWEiLCJhZGRyZXNzX2NpdHkiOiJaYXJhZ296YSwgU3BhaW4iLCJodGlkb2NpZCI6IkNXR0I2eHE1ZnFER1h6aVdBQUFBQUE9PSIsInV1bGUiOiJ3K0NBSVFJQ0lGVTNCaGFXNCJ9,Backend
eyJqb2JfdGl0bGUiOiJpT1MgRGV2ZWxvcGVyIiwiY29tcGFueV9uYW1lIjoiSW50ZWxsaWFzIiwiYWRkcmVzc19jaXR5IjoiQmFyY2Vsb25hLCBTcGFpbiIsImh0aWRvY2lkIjoiSFRVcWpZWWZqXzNXZnlnSEFBQUFBQT09IiwidXVsZSI6IncrQ0FJUUlDSUZVM0JoYVc0In0=,Mobile
eyJqb2JfdGl0bGUiOiJTZW5pb3IgaU9TIERldmVsb3BlciIsImNvbXBhbnlfbmFtZSI6Ik9uZVRhbGVudCIsImFkZHJlc3NfY2l0eSI6IlNwYWluIiwiaHRpZG9jaWQiOiJ4bTRXVzUtUzVKR1pYQ2VZQUFBQUFBPT0iLCJ1dWxlIjoidytDQUlRSUNJRlUzQmhhVzQifQ==,Mobile
eyJqb2JfdGl0bGUiOiJTZW5pb3IgaU9TIERldmVsb3BlciIsImNvbXBhbnlfbmFtZSI6Ik9uZVRhbGVudCIsImFkZHJlc3NfY2l0eSI6IlNwYWluIiwiaHRpZG9jaWQiOiJ4bTRXVzUtUzVKR1pYQ2VZQUFBQUFBPT0iLCJ1dWxlIjoidytDQUlRSUNJRlUzQmhhVzQifQ==,Integración
eyJqb2JfdGl0bGUiOiJpT1MgRGV2ZWxvcGVyIiwiY29tcGFueV9uYW1lIjoiTXlsdWNreXVuaXZlcnNlIiwiYWRkcmVzc19jaXR5IjoiQmFyY2Vsb25hLCBTcGFpbiIsImh0aWRvY2lkIjoiM0xIWWlOQUpPMk42Wlg1T0FBQUFBQT09IiwidXVsZSI6IncrQ0FJUUlDSUZVM0JoYVc0In0=,Mobile
eyJqb2JfdGl0bGUiOiJpT1MgRGV2ZWxvcGVyIC0gRGV2ZWxvcG1lbnQgKE9wZW5iYW5rKSIsImNvbXBhbnlfbmFtZSI6IkJhbmNvIFNhbnRhbmRlciBTQSIsImFkZHJlc3NfY2l0eSI6IkJpbGJhbywgU3BhaW4iLCJodGlkb2NpZCI6Ijh2U2FXWmxPOEVWOUlHbUxBQUFBQUE9PSIsInV1bGUiOiJ3K0NBSVFJQ0lGVTNCaGFXNCJ9,Mobile
eyJqb2JfdGl0bGUiOiJEZXNhcnJvbGxhZG9yIE1vYmlsZSBpT1MiLCJjb21wYW55X25hbWUiOiJMeW54IHZpZXciLCJhZGRyZXNzX2NpdHkiOiJBbGljYW50ZSwgU3BhaW4iLCJodGlkb2NpZCI6Ik1tYWNVOFc0QVgtZTR2Z0JBQUFBQUE9PSIsInV1bGUiOiJ3K0NBSVFJQ0lGVTNCaGFXNCJ9,Mobile
eyJqb2JfdGl0bGUiOiJEZXNhcnJvbGxhZG9yIE1vYmlsZSBpT1MiLCJjb21wYW55X25hbWUiOiJMeW54IHZpZXciLCJhZGRyZXNzX2NpdHkiOiJBbGljYW50ZSwgU3BhaW4iLCJodGlkb2NpZCI6Ik1tYWNVOFc0QVgtZTR2Z0JBQUFBQUE9PSIsInV1bGUiOiJ3K0NBSVFJQ0lGVTNCaGFXNCJ9,Integración
eyJqb2JfdGl0bGUiOiJEZXNhcnJvbGxhZG9yIGlvcyBzd2lmdCIsImNvbXBhbnlfbmFtZSI6IkhheXMiLCJhZGRyZXNzX2NpdHkiOiJWYWxlbmNpYSwgU3BhaW4iLCJodGlkb2NpZCI6IjhGZENuUXJfM2hBbmJsNXJBQUFBQUE9PSIsInV1bGUiOiJ3K0NBSVFJQ0lGVTNCaGFXNCJ9,Seguridad
eyJqb2JfdGl0bGUiOiJEZXNhcnJvbGxhZG9yIGlvcyBzd2lmdCIsImNvbXBhbnlfbmFtZSI6IkhheXMiLCJhZGRyZXNzX2NpdHkiOiJWYWxlbmNpYSwgU3BhaW4iLCJodGlkb2NpZCI6IjhGZENuUXJfM2hBbmJsNXJBQUFBQUE9PSIsInV1bGUiOiJ3K0NBSVFJQ0lGVTNCaGFXNCJ9,Integración
eyJqb2JfdGl0bGUiOiJpT1MgRGV2ZWxvcGVyIC0gIFNlY3RvciBMZWdhbCAtIFJlbW90byIsImNvbXBhbnlfbmFtZSI6Ik1pY2hhZWwgUGFnZSIsImFkZHJlc3NfY2l0eSI6Ik1hZHJpZCwgU3BhaW4iLCJodGlkb2NpZCI6IkFRREM3STVqTm1PMUVGN3NBQUFBQUE9PSIsInV1bGUiOiJ3K0NBSVFJQ0lGVTNCaGFXNCJ9,Mobile
eyJqb2JfdGl0bGUiOiJpT1MgRGV2ZWxvcGVyIC0gIFNlY3RvciBMZWdhbCAtIFJlbW90byIsImNvbXBhbnlfbmFtZSI6Ik1pY2hhZWwgUGFnZSIsImFkZHJlc3NfY2l0eSI6Ik1hZHJpZCwgU3BhaW4iLCJodGlkb2NpZCI6IkFRREM3STVqTm1PMUVGN3NBQUFBQUE9PSIsInV1bGUiOiJ3K0NBSVFJQ0lGVTNCaGFXNCJ9,Integración
eyJqb2JfdGl0bGUiOiJQcm9ncmFtYWRvciBpT1MiLCJjb21wYW55X25hbWUiOiJlbXByZXNhIG11bHRpbmFjaW9uYWwiLCJhZGRyZXNzX2NpdHkiOiJPdmllZG8sIE11bmljaXBhbGl0eSBvZiBPdmllZG8sIFNwYWluIiwiaHRpZG9jaWQiOiJhMHoxdFFGT0kxZF9hbDNuQUFBQUFBPT0iLCJ1dWxlIjoidytDQUlRSUNJRlUzQmhhVzQifQ==,Integración
eyJqb2JfdGl0bGUiOiJBbmFsaXN0YSBwcm9ncmFtYWRvci9hIGlPUyIsImNvbXBhbnlfbmFtZSI6IlRlY25vbmV3cyIsImFkZHJlc3NfY2l0eSI6IkJhcmNlbG9uYSwgU3BhaW4iLCJodGlkb2NpZCI6IktHaV94MVAwTnpnVGlSQUJBQUFBQUE9PSIsInV1bGUiOiJ3K0NBSVFJQ0lGVTNCaGFXNCJ9,Integración
eyJqb2JfdGl0bGUiOiJJT1MgRGV2ZWxvcGVyIC0gRGV2ZWxvcG1lbnQgLSBPRFMgKE9wZW5odWIgVmFsZW5jaWEpIiwiY29tcGFueV9uYW1lIjoiU2FudGFuZGVyIiwiYWRkcmVzc19jaXR5IjoiVmFsZW5jaWEsIFNwYWluIiwiaHRpZG9jaWQiOiJjWjkzTFRYdUduZUtiMEtEQUFBQUFBPT0iLCJ1dWxlIjoidytDQUlRSUNJRlUzQmhhVzQifQ==,Mobile
eyJqb2JfdGl0bGUiOiJEZXNhcnJvbGxhZG9yIGlPUyIsImNvbXBhbnlfbmFtZSI6Ik1DIEVuZ2luZWVyaW5nIiwiYWRkcmVzc19jaXR5IjoiQmFyY2Vsb25hLCBTcGFpbiIsImh0aWRvY2lkIjoiTi10a2VSek4tM1dkN1VHRUFBQUFBQT09IiwidXVsZSI6IncrQ0FJUUlDSUZVM0JoYVc0In0=,Integración
eyJqb2JfdGl0bGUiOiJQcm9ncmFtYWRvciBGdWxsIFN0YWNrIEUgSW9zIiwiY29tcGFueV9uYW1lIjoiT2Zmc2hvcmUgVGVjaCwgUy5MLiIsImFkZHJlc3NfY2l0eSI6IlZhbGVuY2lhLCBTcGFpbiIsImh0aWRvY2lkIjoibUt4aTZLTTZWNDNkOWRQU0FBQUFBQT09IiwidXVsZSI6IncrQ0FJUUlDSUZVM0JoYVc0In0=,Integración
eyJqb2JfdGl0bGUiOiJQcm9ncmFtYWRvciBGdWxsIFN0YWNrIEUgSW9zIiwiY29tcGFueV9uYW1lIjoiT2Zmc2hvcmUgVGVjaCwgUy5MLiIsImFkZHJlc3NfY2l0eSI6IlZhbGVuY2lhLCBTcGFpbiIsImh0aWRvY2lkIjoibUt4aTZLTTZWNDNkOWRQU0FBQUFBQT09IiwidXVsZSI6IncrQ0FJUUlDSUZVM0JoYVc0In0=,Backend
eyJqb2JfdGl0bGUiOiJEZXNhcnJvbGxhZG9yIGlPUyIsImNvbXBhbnlfbmFtZSI6Ik0uQy4gRW5naW5lZXJpbmcgU3JsIiwiYWRkcmVzc19jaXR5IjoiQmFyY2Vsb25hLCBTcGFpbiIsImh0aWRvY2lkIjoiNTMzbmhHeHVKYlFyNEtGdEFBQUFBQT09IiwidXVsZSI6IncrQ0FJUUlDSUZVM0JoYVc0In0=,Integración
eyJqb2JfdGl0bGUiOiJQcm9ncmFtYWRvci9hIHNlbmlvciBpb3MvYW5kcm9pZCIsImNvbXBhbnlfbmFtZSI6IkNhcyBUcmFpbmluZyIsImFkZHJlc3NfY2l0eSI6IkFsaWNhbnRlLCBTcGFpbiIsImh0aWRvY2lkIjoiWDduaXZxelR1Nk96R3FieUFBQUFBQT09IiwidXVsZSI6IncrQ0FJUUlDSUZVM0JoYVc0In0=,Mobile
eyJqb2JfdGl0bGUiOiJEZXNhcnJvbGxhZG9yIE3Ds3ZpbCBpT1MgeSBBbmRyb2lkIiwiY29tcGFueV9uYW1lIjoiT0ZGU0hPUkUgVEVDSCwgUy5MLiIsImFkZHJlc3NfY2l0eSI6IlNhbnQgQ3VnYXQgZGVsIFZhbGzDqHMsIFNwYWluIiwiaHRpZG9jaWQiOiJsbTZQVUctQlR2SFZETHpIQUFBQUFBPT0iLCJ1dWxlIjoidytDQUlRSUNJRlUzQmhhVzQifQ==,Backend
eyJqb2JfdGl0bGUiOiJQcm9ncmFtYWRvciBpT1MiLCJjb21wYW55X25hbWUiOiJlbXByZXNhIG11bHRpbmFjaW9uYWwiLCJhZGRyZXNzX2NpdHkiOiJTcGFpbiIsImh0aWRvY2lkIjoiMXczcndEeDEzWENHNDZUMUFBQUFBQT09IiwidXVsZSI6IncrQ0FJUUlDSUZVM0JoYVc0In0=,Integración
eyJqb2JfdGl0bGUiOiJEZXNhcnJvbGxhZG9yIGlPUyBTZW5pb3IgKEVzcGHDsWEpIC0gVHJhYmFqbyBSZW1vdG8iLCJjb21wYW55X25hbWUiOiJCYWlyZXNEZXYiLCJhZGRyZXNzX2NpdHkiOiJTZXZpbGxlLCBTcGFpbiIsImh0aWRvY2lkIjoiRFBQbjQ5QUdGLUc4VmJRU0FBQUFBQT09IiwidXVsZSI6IncrQ0FJUUlDSUZVM0JoYVc0In0=,Integración
eyJqb2JfdGl0bGUiOiJEZXNhcnJvbGxhZG9yIGlPUyBTZW5pb3IgKEVzcGHDsWEpIC0gVHJhYmFqbyBSZW1vdG8iLCJjb21wYW55X25hbWUiOiJCYWlyZXNEZXYiLCJhZGRyZXNzX2NpdHkiOiJTZXZpbGxlLCBTcGFpbiIsImh0aWRvY2lkIjoiRFBQbjQ5QUdGLUc4VmJRU0FBQUFBQT09IiwidXVsZSI6IncrQ0FJUUlDSUZVM0JoYVc0In0=,Full Stack
eyJqb2JfdGl0bGUiOiJTZW5pb3IgSU9TIERldmVsb3BlciAtIFNhbnRhbmRlciBEaWdpdGFsIFNlcnZpY2VzIiwiY29tcGFueV9uYW1lIjoiU2FudGFuZGVyIERpZ2l0YWwgU2VydmljZXMiLCJhZGRyZXNzX2NpdHkiOiJNYWRyaWQsIFNwYWluIiwiaHRpZG9jaWQiOiJaM19ROHQxZnkyR29KbUZ1QUFBQUFBPT0iLCJ1dWxlIjoidytDQUlRSUNJRlUzQmhhVzQifQ==,Seguridad
eyJqb2JfdGl0bGUiOiJTZW5pb3IgSU9TIERldmVsb3BlciAtIFNhbnRhbmRlciBEaWdpdGFsIFNlcnZpY2VzIiwiY29tcGFueV9uYW1lIjoiU2FudGFuZGVyIERpZ2l0YWwgU2VydmljZXMiLCJhZGRyZXNzX2NpdHkiOiJNYWRyaWQsIFNwYWluIiwiaHRpZG9jaWQiOiJaM19ROHQxZnkyR29KbUZ1QUFBQUFBPT0iLCJ1dWxlIjoidytDQUlRSUNJRlUzQmhhVzQifQ==,Integración
eyJqb2JfdGl0bGUiOiJEZXNhcnJvbGxhZG9yIGlPUyBTZW5pb3IgUmVtb3RvIiwiY29tcGFueV9uYW1lIjoiQmFpcmVzRGV2IiwiYWRkcmVzc19jaXR5IjoiQmlsYmFvLCBTcGFpbiIsImh0aWRvY2lkIjoibEFMUVRqY1VvOWV1am9rdkFBQUFBQT09IiwidXVsZSI6IncrQ0FJUUlDSUZVM0JoYVc0In0=,Integración
eyJqb2JfdGl0bGUiOiJEZXNhcnJvbGxhZG9yIGlPUyBTZW5pb3IgUmVtb3RvIiwiY29tcGFueV9uYW1lIjoiQmFpcmVzRGV2IiwiYWRkcmVzc19jaXR5IjoiQmlsYmFvLCBTcGFpbiIsImh0aWRvY2lkIjoibEFMUVRqY1VvOWV1am9rdkFBQUFBQT09IiwidXVsZSI6IncrQ0FJUUlDSUZVM0JoYVc0In0=,Full Stack
eyJqb2JfdGl0bGUiOiJpT1MgTW9iaWxlIERldmVsb3BlciIsImNvbXBhbnlfbmFtZSI6IldvcmxkIFdpZGUgTW9iaWxpdHkiLCJhZGRyZXNzX2NpdHkiOiJTcGFpbiIsImh0aWRvY2lkIjoibVd5M0hkVGkyeDh5OTVDcEFBQUFBQT09IiwidXVsZSI6IncrQ0FJUUlDSUZVM0JoYVc0In0=,Seguridad
eyJqb2JfdGl0bGUiOiJpT1MgTW9iaWxlIERldmVsb3BlciIsImNvbXBhbnlfbmFtZSI6IldvcmxkIFdpZGUgTW9iaWxpdHkiLCJhZGRyZXNzX2NpdHkiOiJTcGFpbiIsImh0aWRvY2lkIjoibVd5M0hkVGkyeDh5OTVDcEFBQUFBQT09IiwidXVsZSI6IncrQ0FJUUlDSUZVM0JoYVc0In0=,Backend
eyJqb2JfdGl0bGUiOiJEZXNhcnJvbGxhZG9yIGRlIGlPUyIsImNvbXBhbnlfbmFtZSI6IkJldHdlZW4gVGVjaG5vbG9neSIsImFkZHJlc3NfY2l0eSI6IlNwYWluIiwiaHRpZG9jaWQiOiJkUVhHLXF6RHpNQWJiX0k5QUFBQUFBPT0iLCJ1dWxlIjoidytDQUlRSUNJRlUzQmhhVzQifQ==,Seguridad
eyJqb2JfdGl0bGUiOiJpT1MgRGV2ZWxvcGVyIiwiY29tcGFueV9uYW1lIjoiQmV0d2VlbiBUZWNobm9sb2d5IiwiYWRkcmVzc19jaXR5IjoiQmFyY2Vsb25hLCBTcGFpbiIsImh0aWRvY2lkIjoicE4teVEzMGNJR3lhLXc3ekFBQUFBQT09IiwidXVsZSI6IncrQ0FJUUlDSUZVM0JoYVc0In0=,Seguridad
eyJqb2JfdGl0bGUiOiJpT1MgRGV2ZWxvcGVyIiwiY29tcGFueV9uYW1lIjoiSHV4bGV5IiwiYWRkcmVzc19jaXR5IjoiTWFkcmlkLCBTcGFpbiIsImh0aWRvY2lkIjoiVVR1bEZQeFM5RWROeUlRU0FBQUFBQT09IiwidXVsZSI6IncrQ0FJUUlDSUZVM0JoYVc0In0=,Integración
eyJqb2JfdGl0bGUiOiJQcm9ncmFtYWRvciBpT1MiLCJjb21wYW55X25hbWUiOiJlbXByZXNhIG11bHRpbmFjaW9uYWwiLCJhZGRyZXNzX2NpdHkiOiJTcGFpbiIsImh0aWRvY2lkIjoicm1ROWlKQkJMMV9CamJ1bEFBQUFBQT09IiwidXVsZSI6IncrQ0FJUUlDSUZVM0JoYVc0In0=,Integración
eyJqb2JfdGl0bGUiOiJNaWQtbGV2ZWwgaU9TIERldmVsb3BlciAoSHlicmlkKSIsImNvbXBhbnlfbmFtZSI6InByaW5jaXBhbDMzIEVzcGHDsWEiLCJhZGRyZXNzX2NpdHkiOiJTcGFpbiIsImh0aWRvY2lkIjoibkY4aXBkZExOSEdIOXJaM0FBQUFBQT09IiwidXVsZSI6IncrQ0FJUUlDSUZVM0JoYVc0In0=,Mobile
eyJqb2JfdGl0bGUiOiJNaWQtbGV2ZWwgaU9TIERldmVsb3BlciAoSHlicmlkKSIsImNvbXBhbnlfbmFtZSI6InByaW5jaXBhbDMzIEVzcGHDsWEiLCJhZGRyZXNzX2NpdHkiOiJTcGFpbiIsImh0aWRvY2lkIjoibkY4aXBkZExOSEdIOXJaM0FBQUFBQT09IiwidXVsZSI6IncrQ0FJUUlDSUZVM0JoYVc0In0=,Frontend Web
eyJqb2JfdGl0bGUiOiJJb3MgRGV2ZWxvcGVyIiwiY29tcGFueV9uYW1lIjoiTmV0cXVlc3QiLCJhZGRyZXNzX2NpdHkiOiJCYXJjZWxvbmEsIFNwYWluIiwiaHRpZG9jaWQiOiJhUXRZbmZwMlBHVzR5REd4QUFBQUFBPT0iLCJ1dWxlIjoidytDQUlRSUNJRlUzQmhhVzQifQ==,Backend
eyJqb2JfdGl0bGUiOiJNT0JJTEUgREVWRUxPUEVSIElPUyDigJMgQU5EUk9JRCIsImNvbXBhbnlfbmFtZSI6IkFnZW5jaWEgZGUgZGVzYXJyb2xsbyBkZSBhcHBzIiwiYWRkcmVzc19jaXR5IjoiU3BhaW4iLCJodGlkb2NpZCI6InFSRnpyOG5MRW9nSkZmbGJBQUFBQUE9PSIsInV1bGUiOiJ3K0NBSVFJQ0lGVTNCaGFXNCJ9,Backend
eyJqb2JfdGl0bGUiOiJEZXNhcnJvbGxhZG9yIHNlbmlvciBhbmRyb2lkIG8gaW9zIiwiY29tcGFueV9uYW1lIjoiS2l0ZXJpcyBTb2x1dGlvbnMiLCJhZGRyZXNzX2NpdHkiOiJCYXJjZWxvbmEsIFNwYWluIiwiaHRpZG9jaWQiOiJ3RHVnZG5iWHVDREdPeVFvQUFBQUFBPT0iLCJ1dWxlIjoidytDQUlRSUNJRlUzQmhhVzQifQ==,Mobile
eyJqb2JfdGl0bGUiOiJEZXNhcnJvbGxhZG9yIHNlbmlvciBhbmRyb2lkIG8gaW9zIiwiY29tcGFueV9uYW1lIjoiS2l0ZXJpcyBTb2x1dGlvbnMiLCJhZGRyZXNzX2NpdHkiOiJCYXJjZWxvbmEsIFNwYWluIiwiaHRpZG9jaWQiOiJ3RHVnZG5iWHVDREdPeVFvQUFBQUFBPT0iLCJ1dWxlIjoidytDQUlRSUNJRlUzQmhhVzQifQ==,Integración
eyJqb2JfdGl0bGUiOiJTciBpT1MgRGV2ZWxvcGVyIiwiY29tcGFueV9uYW1lIjoiU29sZXJhIEhvbGRpbmdzLCBMTEMuIiwiYWRkcmVzc19jaXR5IjoiU2V2aWxsZSwgU3BhaW4iLCJodGlkb2NpZCI6Img0Z044TGtGNjh4MjJkRjRBQUFBQUE9PSIsInV1bGUiOiJ3K0NBSVFJQ0lGVTNCaGFXNCJ9,Mobile
eyJqb2JfdGl0bGUiOiJJT1MgREVWRUxPUEVSIC0gTVVMVElOQUNJT05BTCBMw41ERVIiLCJjb21wYW55X25hbWUiOiJIdWIgVGFsZW50IiwiYWRkcmVzc19jaXR5IjoiTWFkcmlkLCBTcGFpbiIsImh0aWRvY2lkIjoiX2hya1VqeHU0VFpSRERwakFBQUFBQT09IiwidXVsZSI6IncrQ0FJUUlDSUZVM0JoYVc0In0=,Mobile
eyJqb2JfdGl0bGUiOiJQcm9ncmFtbWVyIGFuZHJvaWQgaW9zIHJlYWN0IiwiY29tcGFueV9uYW1lIjoiQ2FzIFRyYWluaW5nIiwiYWRkcmVzc19jaXR5IjoiTWFkcmlkLCBTcGFpbiIsImh0aWRvY2lkIjoiUUlQcXZ4RU11V2xiTnZmZEFBQUFBQT09IiwidXVsZSI6IncrQ0FJUUlDSUZVM0JoYVc0In0=,Mobile
eyJqb2JfdGl0bGUiOiJEZXZlbG9wZXIgSW9zIiwiY29tcGFueV9uYW1lIjoiU290ZWMgQ29uc3VsdGluZyIsImFkZHJlc3NfY2l0eSI6Ik1hZHJpZCwgU3BhaW4iLCJodGlkb2NpZCI6IkRaMEw5QnZBdkFuVUF0bmhBQUFBQUE9PSIsInV1bGUiOiJ3K0NBSVFJQ0lGVTNCaGFXNCJ9,Integración
eyJqb2JfdGl0bGUiOiJEZXNhcnJvbGxhZG9yIGlPUyBTZW5pb3IgKEVzcGHDsWEpIC0gVHJhYmFqbyBSZW1vdG8iLCJjb21wYW55X25hbWUiOiJCYWlyZXNEZXYiLCJhZGRyZXNzX2NpdHkiOiJNw6FsYWdhLCBTcGFpbiIsImh0aWRvY2lkIjoiR1ZIbkNORnNsX0ZDZjJjcEFBQUFBQT09IiwidXVsZSI6IncrQ0FJUUlDSUZVM0JoYVc0In0=,Integración
eyJqb2JfdGl0bGUiOiJEZXNhcnJvbGxhZG9yIGlPUyBTZW5pb3IgKEVzcGHDsWEpIC0gVHJhYmFqbyBSZW1vdG8iLCJjb21wYW55X25hbWUiOiJCYWlyZXNEZXYiLCJhZGRyZXNzX2NpdHkiOiJNw6FsYWdhLCBTcGFpbiIsImh0aWRvY2lkIjoiR1ZIbkNORnNsX0ZDZjJjcEFBQUFBQT09IiwidXVsZSI6IncrQ0FJUUlDSUZVM0JoYVc0In0=,Full Stack
eyJqb2JfdGl0bGUiOiJNb2JpbGUgZGV2ZWxvcGVyIGlvcy9hbmRyb2lkIiwiY29tcGFueV9uYW1lIjoiTnR0IERhdGEiLCJhZGRyZXNzX2NpdHkiOiJNdXJjaWEsIFNwYWluIiwiaHRpZG9jaWQiOiJMVEVJLUtZZGRnRnhXLTY0QUFBQUFBPT0iLCJ1dWxlIjoidytDQUlRSUNJRlUzQmhhVzQifQ==,Mobile
eyJqb2JfdGl0bGUiOiJNb2JpbGUgZGV2ZWxvcGVyIGlvcy9hbmRyb2lkIiwiY29tcGFueV9uYW1lIjoiTnR0IERhdGEiLCJhZGRyZXNzX2NpdHkiOiJNdXJjaWEsIFNwYWluIiwiaHRpZG9jaWQiOiJMVEVJLUtZZGRnRnhXLTY0QUFBQUFBPT0iLCJ1dWxlIjoidytDQUlRSUNJRlUzQmhhVzQifQ==,Integración
eyJqb2JfdGl0bGUiOiJpb3MgZGV2ZWxvcGVyIiwiY29tcGFueV9uYW1lIjoiVGVsZWZvbmljYSBTLkEuIiwiYWRkcmVzc19jaXR5IjoiTWFkcmlkLCBTcGFpbiIsImh0aWRvY2lkIjoiWVlNSFVENEV0aHR0OGN5QUFBQUFBQT09IiwidXVsZSI6IncrQ0FJUUlDSUZVM0JoYVc0In0=,Seguridad
eyJqb2JfdGl0bGUiOiJpb3MgZGV2ZWxvcGVyIiwiY29tcGFueV9uYW1lIjoiVGVsZWZvbmljYSBTLkEuIiwiYWRkcmVzc19jaXR5IjoiTWFkcmlkLCBTcGFpbiIsImh0aWRvY2lkIjoiWVlNSFVENEV0aHR0OGN5QUFBQUFBQT09IiwidXVsZSI6IncrQ0FJUUlDSUZVM0JoYVc0In0=,Integración
eyJqb2JfdGl0bGUiOiJDb25zdWx0b3IgRW4gQ2liZXJzZWd1cmlkYWQgSW5kdXN0cmlhbCIsImNvbXBhbnlfbmFtZSI6IlNlY3VyZSBcdTAwMjYgSXQiLCJhZGRyZXNzX2NpdHkiOiJWaXRvcmlhLUdhc3RlaXosIFNwYWluIiwiaHRpZG9jaWQiOiJvQm04UENobnlDMk1OTEZvQUFBQUFBPT0iLCJ1dWxlIjoidytDQUlRSUNJRlUzQmhhVzQifQ==,Seguridad
eyJqb2JfdGl0bGUiOiJDb25zdWx0b3IvRm9ybWFkb3IgQ2liZXJzZWd1cmlkYWQgSW5kdXN0cmlhbCIsImNvbXBhbnlfbmFtZSI6IkZvcm1hZG9yZXNmcmVlbGFuY2UiLCJhZGRyZXNzX2NpdHkiOiJaYXJhZ296YSwgU3BhaW4iLCJodGlkb2NpZCI6IlI1dlVrUGlucFc2T0dBU2dBQUFBQUE9PSIsInV1bGUiOiJ3K0NBSVFJQ0lGVTNCaGFXNCJ9,Seguridad
eyJqb2JfdGl0bGUiOiJDb25zdWx0b3IvQSBDaWJlcnNlZ3VyaWRhZCBJbmR1c3RyaWFsIiwiY29tcGFueV9uYW1lIjoiUmF3c29uIEJwbyIsImFkZHJlc3NfY2l0eSI6Ik1hZHJpZCwgU3BhaW4iLCJodGlkb2NpZCI6Im9zRllZWS1XMkpwcmNNWVNBQUFBQUE9PSIsInV1bGUiOiJ3K0NBSVFJQ0lGVTNCaGFXNCJ9,Seguridad
eyJqb2JfdGl0bGUiOiJDb25zdWx0b3IvQSBEZSBDaWJlcnNlZ3VyaWRhZCBPdCIsImNvbXBhbnlfbmFtZSI6IkdydXBvIFNvdGhpcyIsImFkZHJlc3NfY2l0eSI6IlZhbGxhZG9saWQsIFNwYWluIiwiaHRpZG9jaWQiOiJyVUt1dGRFbkp3dC1BWkdHQUFBQUFBPT0iLCJ1dWxlIjoidytDQUlRSUNJRlUzQmhhVzQifQ==,Seguridad
eyJqb2JfdGl0bGUiOiJDb25zdWx0b3IgQ2liZXJzZWd1cmlkYWQgT3QgU3BsdW5rIiwiY29tcGFueV9uYW1lIjoiTm92YW5vdGlvIiwiYWRkcmVzc19jaXR5IjoiTWFkcmlkLCBTcGFpbiIsImh0aWRvY2lkIjoidk1DV01hTVc0cEtFSWpMQUFBQUFBQT09IiwidXVsZSI6IncrQ0FJUUlDSUZVM0JoYVc0In0=,Seguridad
eyJqb2JfdGl0bGUiOiJDb25zdWx0b3IvYSBkZSBDaWJlcnNlZ3VyaWRhZCBPdCIsImNvbXBhbnlfbmFtZSI6IkdydXBvIFNvdGhpcyIsImFkZHJlc3NfY2l0eSI6IlNwYWluIiwiaHRpZG9jaWQiOiJuSWlTRzRLMWFVQk1rekJDQUFBQUFBPT0iLCJ1dWxlIjoidytDQUlRSUNJRlUzQmhhVzQifQ==,Seguridad
eyJqb2JfdGl0bGUiOiJZemY4MDEgQ29uc3VsdG9yL0EgRGUgQ2liZXJzZWd1cmlkYWQgT3QiLCJjb21wYW55X25hbWUiOiJHcnVwbyBTb3RoaXMiLCJhZGRyZXNzX2NpdHkiOiJWYWxlbmNpYSwgU3BhaW4iLCJodGlkb2NpZCI6InRmeXBJTjJXblJhNjhlZE9BQUFBQUE9PSIsInV1bGUiOiJ3K0NBSVFJQ0lGVTNCaGFXNCJ9,Seguridad
eyJqb2JfdGl0bGUiOiJUw6ljbmljby9hIGRlIFNpc3RlbWFzIGRlIFNlZ3VyaWRhZF9CYXJjZWxvbmEiLCJjb21wYW55X25hbWUiOiJTZWN1cml0YXMgU2VndXJpZGFkIEVzcGHDsWEiLCJhZGRyZXNzX2NpdHkiOiJCYXJjZWxvbmEsIFNwYWluIiwiaHRpZG9jaWQiOiJ1Y3dmZ3pBcndqUmNNT2lRQUFBQUFBPT0iLCJ1dWxlIjoidytDQUlRSUNJRlUzQmhhVzQifQ==,Seguridad
eyJqb2JfdGl0bGUiOiJUw6ljbmljby9hIGRlIFNpc3RlbWFzIGRlIFNlZ3VyaWRhZCBfVmFsbGFkb2xpZCIsImNvbXBhbnlfbmFtZSI6IlNlY3VyaXRhcyBTZWd1cmlkYWQgRXNwYcOxYSIsImFkZHJlc3NfY2l0eSI6IlZhbGxhZG9saWQsIFNwYWluIiwiaHRpZG9jaWQiOiJKQjctUGgzMFFfTUt0MDBCQUFBQUFBPT0iLCJ1dWxlIjoidytDQUlRSUNJRlUzQmhhVzQifQ==,Seguridad
eyJqb2JfdGl0bGUiOiJUw6ljbmljbyBNYW50ZW5pZW1pZW50byBTaXN0ZW1hcyBlbGVjdHLDs25pY29zIGRlIFNlZ3VyaWRhZCBDQU5UQUJSSUEiLCJjb21wYW55X25hbWUiOiJQcm9zZWd1ciIsImFkZHJlc3NfY2l0eSI6IkNhbnRhYnJpYSwgU3BhaW4iLCJodGlkb2NpZCI6IlNZeEkxX1Ezc3lUNTMwaU1BQUFBQUE9PSIsInV1bGUiOiJ3K0NBSVFJQ0lGVTNCaGFXNCJ9,Seguridad
eyJqb2JfdGl0bGUiOiJUw6ljbmljby9hIGRlIFNpc3RlbWFzIGRlIFNlZ3VyaWRhZCIsImNvbXBhbnlfbmFtZSI6IlNlY3VyaXRhcyBTZWd1cmlkYWQgRXNwYcOxYSIsImFkZHJlc3NfY2l0eSI6IkFsaWNhbnRlLCBTcGFpbiIsImh0aWRvY2lkIjoiOG1JdFkwTkEwWGE2NFZxd0FBQUFBQT09IiwidXVsZSI6IncrQ0FJUUlDSUZVM0JoYVc0In0=,Seguridad
eyJqb2JfdGl0bGUiOiJUw6ljbmljby9hIGRlIGFsYXJtYXMgeSBhc2Vzb3IvYSBjb21lcmNpYWwgLSBBdmlsYSAtIiwiY29tcGFueV9uYW1lIjoiVmVyaXN1cmUiLCJhZGRyZXNzX2NpdHkiOiLDgXZpbGHigI4sIFNwYWluIiwiaHRpZG9jaWQiOiJfVGJLdGhFUElJd2NFeTJQQUFBQUFBPT0iLCJ1dWxlIjoidytDQUlRSUNJRlUzQmhhVzQifQ==,Seguridad
eyJqb2JfdGl0bGUiOiJUw4lDTklDTy9BIERFIElOU1RBTEFDScOTTiBERSBTSVNURU1BUyBERSBTRUdVUklEQUQiLCJjb21wYW55X25hbWUiOiJSQVMgRXNwYcOxYSIsImFkZHJlc3NfY2l0eSI6IkdyYW5vbGxlcnMsIFNwYWluIiwiaHRpZG9jaWQiOiJTLUhsbVh6UWQzR2RlYnhjQUFBQUFBPT0iLCJ1dWxlIjoidytDQUlRSUNJRlUzQmhhVzQifQ==,Seguridad
eyJqb2JfdGl0bGUiOiJUw6ljbmljbyBNYW50ZW5lZG9yIGVuIFNpc3RlbWFzIFNlZ3VyaWRhZCBCYXJjZWxvbmEgKCA3OjAwIGEgMTU6MDAgaG9yYXMpIiwiY29tcGFueV9uYW1lIjoiRW1wcmVzYXMgSU1BTiIsImFkZHJlc3NfY2l0eSI6IkJhcmNlbG9uYSwgU3BhaW4iLCJodGlkb2NpZCI6Ii1TNkZvc0F6YTdvdFJ3cVpBQUFBQUE9PSIsInV1bGUiOiJ3K0NBSVFJQ0lGVTNCaGFXNCJ9,Seguridad
eyJqb2JfdGl0bGUiOiJUw6ljbmljbyBzaXN0ZW1hcyBkZSBzZWd1cmlkYWQiLCJjb21wYW55X25hbWUiOiJNaWNyb3NlZ3VyIiwiYWRkcmVzc19jaXR5IjoiTWFkcmlkLCBTcGFpbiIsImh0aWRvY2lkIjoiajA0UEthQ09uVGF5bWNQNUFBQUFBQT09IiwidXVsZSI6IncrQ0FJUUlDSUZVM0JoYVc0In0=,Seguridad
eyJqb2JfdGl0bGUiOiJUw6ljbmljbyBkZSBTaXN0ZW1hcyBTZWd1cmlkYWQiLCJjb21wYW55X25hbWUiOiJTZWd1cmNvbSBJbnN0YWxhY2lvbmVzLCBTLkwiLCJhZGRyZXNzX2NpdHkiOiJHZXRhZmUsIFNwYWluIiwiaHRpZG9jaWQiOiJ4Y0FEODFVQTRfQjdIejdXQUFBQUFBPT0iLCJ1dWxlIjoidytDQUlRSUNJRlUzQmhhVzQifQ==,Seguridad
eyJqb2JfdGl0bGUiOiJUw6ljbmljbyBEZSBQcm95ZWN0b3MgU2VndXJpZGFkIFkgQ2N0diIsImNvbXBhbnlfbmFtZSI6IlJhbmRzdGFkIFByb2Zlc3Npb25hbHMiLCJhZGRyZXNzX2NpdHkiOiJNYWRyaWQsIFNwYWluIiwiaHRpZG9jaWQiOiJDaDJLR25DdE8xZ0JoTlFzQUFBQUFBPT0iLCJ1dWxlIjoidytDQUlRSUNJRlUzQmhhVzQifQ==,Seguridad
eyJqb2JfdGl0bGUiOiJUaXBvIGRlIHB1ZXN0bzogVMOpY25pY28vYSBkZSBTaXN0ZW1hcyBkZSBTZWd1cmlkYWQiLCJjb21wYW55X25hbWUiOiJTZWN1cml0YXMiLCJhZGRyZXNzX2NpdHkiOiJCYXJha2FsZG8sIFNwYWluIiwiaHRpZG9jaWQiOiJRRnVwdkRfb1liaTRnVFFCQUFBQUFBPT0iLCJ1dWxlIjoidytDQUlRSUNJRlUzQmhhVzQifQ==,Seguridad
eyJqb2JfdGl0bGUiOiJUaXBvIGRlIHB1ZXN0bzogVMOpY25pY28vYSBkZSBTaXN0ZW1hcyBkZSBTZWd1cmlkYWQiLCJjb21wYW55X25hbWUiOiJTZWN1cml0YXMiLCJhZGRyZXNzX2NpdHkiOiJCYXJha2FsZG8sIFNwYWluIiwiaHRpZG9jaWQiOiJRRnVwdkRfb1liaTRnVFFCQUFBQUFBPT0iLCJ1dWxlIjoidytDQUlRSUNJRlUzQmhhVzQifQ==,Base de datos
eyJqb2JfdGl0bGUiOiJUw6ljbmljbyBkZSBJbnN0YWxhY2nDs24gZGUgc2lzdGVtYXMgZGUgc2VndXJpZGFkIiwiY29tcGFueV9uYW1lIjoiU2VjdG9yIEFsYXJtIEVzcGHDsWEiLCJhZGRyZXNzX2NpdHkiOiJMdWdvLCBTcGFpbiIsImh0aWRvY2lkIjoiaXlQZk5rbExDV2ZFR25ZNEFBQUFBQT09IiwidXVsZSI6IncrQ0FJUUlDSUZVM0JoYVc0In0=,Seguridad
eyJqb2JfdGl0bGUiOiJDb25zdWx0b3IgVMOpY25pY28gZGUgU2lzdGVtYXMgZGUgU2VndXJpZGFkIiwiY29tcGFueV9uYW1lIjoiUGFnZSBQZXJzb25uZWwiLCJhZGRyZXNzX2NpdHkiOiJNYWRyaWQsIFNwYWluIiwiaHRpZG9jaWQiOiJ0VmZWaE8yUkJrX0Vzb2pHQUFBQUFBPT0iLCJ1dWxlIjoidytDQUlRSUNJRlUzQmhhVzQifQ==,Seguridad
eyJqb2JfdGl0bGUiOiJDb25zdWx0b3IgVMOpY25pY28gZGUgU2lzdGVtYXMgZGUgU2VndXJpZGFkIiwiY29tcGFueV9uYW1lIjoiUGFnZSBQZXJzb25uZWwiLCJhZGRyZXNzX2NpdHkiOiJNYWRyaWQsIFNwYWluIiwiaHRpZG9jaWQiOiJ0VmZWaE8yUkJrX0Vzb2pHQUFBQUFBPT0iLCJ1dWxlIjoidytDQUlRSUNJRlUzQmhhVzQifQ==,Integración
eyJqb2JfdGl0bGUiOiJUw6ljbmljby9hIGRlIFNpc3RlbWFzIGRlIFBDSSAoUHJvdGVjY2nDs24gQ29udHJhIEluY2VuZGlvcykiLCJjb21wYW55X25hbWUiOiJTZWN1cml0YXMgU2VndXJpZGFkIEVzcGHDsWEiLCJhZGRyZXNzX2NpdHkiOiJNw6FsYWdhLCBTcGFpbiIsImh0aWRvY2lkIjoiUW1NblRDeHFZVG56S2l5WUFBQUFBQT09IiwidXVsZSI6IncrQ0FJUUlDSUZVM0JoYVc0In0=,Seguridad
eyJqb2JfdGl0bGUiOiJUw6ljbmljby9hIFZpc2nDs24gQXJ0aWZpY2lhbCIsImNvbXBhbnlfbmFtZSI6IlVMTUEgUGFja2FnaW5nIiwiYWRkcmVzc19jaXR5IjoiT8OxYXRpLCBTcGFpbiIsImh0aWRvY2lkIjoiSXBMYnppTjJFbm8yaEFWNUFBQUFBQT09IiwidXVsZSI6IncrQ0FJUUlDSUZVM0JoYVc0In0=,Integración
eyJqb2JfdGl0bGUiOiJJQSAtIFZpc2lvbiBwb3IgY29tcHV0YWRvciB5IHByb2dyYW1hZG9yIiwiY29tcGFueV9uYW1lIjoiR1JVUE8gQ1JJVCIsImFkZHJlc3NfY2l0eSI6Ik1hcnRvcmVsbCwgU3BhaW4iLCJodGlkb2NpZCI6IlhtXzBvbmJXMXVFeUswM1hBQUFBQUE9PSIsInV1bGUiOiJ3K0NBSVFJQ0lGVTNCaGFXNCJ9,Seguridad
eyJqb2JfdGl0bGUiOiJHZXN0b3IvYSBkZSBQcm95ZWN0b3MgZGUgQ29tcHV0ZXIgVmlzaW9uIiwiY29tcGFueV9uYW1lIjoiVEVDTkFMSUEgUmVzZWFyY2ggXHUwMDI2IElubm92YXRpb24iLCJhZGRyZXNzX2NpdHkiOiJEZXJpbywgU3BhaW4iLCJodGlkb2NpZCI6Im5YNGt4alFxbzJMUkNtOEhBQUFBQUE9PSIsInV1bGUiOiJ3K0NBSVFJQ0lGVTNCaGFXNCJ9,Frontend Web
eyJqb2JfdGl0bGUiOiJHZXN0b3IvYSBkZSBQcm95ZWN0b3MgZGUgQ29tcHV0ZXIgVmlzaW9uIiwiY29tcGFueV9uYW1lIjoiVEVDTkFMSUEgUmVzZWFyY2ggXHUwMDI2IElubm92YXRpb24iLCJhZGRyZXNzX2NpdHkiOiJEZXJpbywgU3BhaW4iLCJodGlkb2NpZCI6Im5YNGt4alFxbzJMUkNtOEhBQUFBQUE9PSIsInV1bGUiOiJ3K0NBSVFJQ0lGVTNCaGFXNCJ9,Integración
eyJqb2JfdGl0bGUiOiJHZXN0b3IvYSBkZSBQcm95ZWN0b3MgZGUgQ29tcHV0ZXIgVmlzaW9uIiwiY29tcGFueV9uYW1lIjoiVEVDTkFMSUEgUmVzZWFyY2ggXHUwMDI2IElubm92YXRpb24iLCJhZGRyZXNzX2NpdHkiOiJEZXJpbywgU3BhaW4iLCJodGlkb2NpZCI6Im5YNGt4alFxbzJMUkNtOEhBQUFBQUE9PSIsInV1bGUiOiJ3K0NBSVFJQ0lGVTNCaGFXNCJ9,Backend
eyJqb2JfdGl0bGUiOiJBbmFsaXN0YSBQcm9ncmFtYWRvci9hIC5ORVQiLCJjb21wYW55X25hbWUiOiJBbHRpYSIsImFkZHJlc3NfY2l0eSI6Ik1hZHJpZCwgU3BhaW4iLCJodGlkb2NpZCI6Ik5nTmxVZFRzYkU5MkhRREpBQUFBQUE9PSIsInV1bGUiOiJ3K0NBSVFJQ0lGVTNCaGFXNCJ9,Base de datos
eyJqb2JfdGl0bGUiOiJBbmFsaXN0YSBQcm9ncmFtYWRvci9hIC5ORVQiLCJjb21wYW55X25hbWUiOiJBbHRpYSIsImFkZHJlc3NfY2l0eSI6Ik1hZHJpZCwgU3BhaW4iLCJodGlkb2NpZCI6Ik5nTmxVZFRzYkU5MkhRREpBQUFBQUE9PSIsInV1bGUiOiJ3K0NBSVFJQ0lGVTNCaGFXNCJ9,Integración
eyJqb2JfdGl0bGUiOiJQcm9ncmFtYWRvciAuTkVUIFNlbmlvciIsImNvbXBhbnlfbmFtZSI6IlRyZW50aWEgQ29uc3VsdGluZyIsImFkZHJlc3NfY2l0eSI6Ik1hZHJpZCwgU3BhaW4iLCJodGlkb2NpZCI6IklxaTI2VEUta1FKZF9oTklBQUFBQUE9PSIsInV1bGUiOiJ3K0NBSVFJQ0lGVTNCaGFXNCJ9,Seguridad
eyJqb2JfdGl0bGUiOiJQcm9ncmFtYWRvciAuTkVUIFNlbmlvciIsImNvbXBhbnlfbmFtZSI6IlRyZW50aWEgQ29uc3VsdGluZyIsImFkZHJlc3NfY2l0eSI6Ik1hZHJpZCwgU3BhaW4iLCJodGlkb2NpZCI6IklxaTI2VEUta1FKZF9oTklBQUFBQUE9PSIsInV1bGUiOiJ3K0NBSVFJQ0lGVTNCaGFXNCJ9,Backend
eyJqb2JfdGl0bGUiOiJQcm9ncmFtYWRvciAuTkVUIGNvbiBJbmdsZXMiLCJjb21wYW55X25hbWUiOiJQbGV4dXMgVGVjaCIsImFkZHJlc3NfY2l0eSI6Ik1hZHJpZCwgU3BhaW4iLCJodGlkb2NpZCI6Ii1SMm82M1RQX0sxYWhsWnpBQUFBQUE9PSIsInV1bGUiOiJ3K0NBSVFJQ0lGVTNCaGFXNCJ9,Base de datos
eyJqb2JfdGl0bGUiOiJQcm9ncmFtYWRvciAuTkVUICsgRHluYW1pY3MiLCJjb21wYW55X25hbWUiOiJEZXZvdGVhbSIsImFkZHJlc3NfY2l0eSI6IkNvbW11bml0eSBvZiBNYWRyaWQsIFNwYWluIiwiaHRpZG9jaWQiOiJfV0JabzA4RlBDTVJZQWg1QUFBQUFBPT0iLCJ1dWxlIjoidytDQUlRSUNJRlUzQmhhVzQifQ==,Seguridad
eyJqb2JfdGl0bGUiOiJQcm9ncmFtYWRvciAuTkVUICsgRHluYW1pY3MiLCJjb21wYW55X25hbWUiOiJEZXZvdGVhbSIsImFkZHJlc3NfY2l0eSI6IkNvbW11bml0eSBvZiBNYWRyaWQsIFNwYWluIiwiaHRpZG9jaWQiOiJfV0JabzA4RlBDTVJZQWg1QUFBQUFBPT0iLCJ1dWxlIjoidytDQUlRSUNJRlUzQmhhVzQifQ==,Integración
eyJqb2JfdGl0bGUiOiJQcm9ncmFtYWRvciAuTkVUICsgRHluYW1pY3MiLCJjb21wYW55X25hbWUiOiJEZXZvdGVhbSIsImFkZHJlc3NfY2l0eSI6IkNvbW11bml0eSBvZiBNYWRyaWQsIFNwYWluIiwiaHRpZG9jaWQiOiJfV0JabzA4RlBDTVJZQWg1QUFBQUFBPT0iLCJ1dWxlIjoidytDQUlRSUNJRlUzQmhhVzQifQ==,Base de datos
eyJqb2JfdGl0bGUiOiJQcm9ncmFtYWRvci9hIC5ORVQgeSBQeXRob24iLCJjb21wYW55X25hbWUiOiJUaGUgQWRlY2NvIEdyb3VwIiwiYWRkcmVzc19jaXR5IjoiQXN0dXJpYXMsIFNwYWluIiwiaHRpZG9jaWQiOiIyRktQR3JDV3VXQlRiaTNiQUFBQUFBPT0iLCJ1dWxlIjoidytDQUlRSUNJRlUzQmhhVzQifQ==,Integración
eyJqb2JfdGl0bGUiOiJQcm9ncmFtYWRvciAuTkVUIEZ1bGxzdGFjayIsImNvbXBhbnlfbmFtZSI6Ik5QUiBTcGFpbiIsImFkZHJlc3NfY2l0eSI6Ik1hZHJpZCwgU3BhaW4iLCJodGlkb2NpZCI6Ik1wR3ZXNmhldV9HMXFueWVBQUFBQUE9PSIsInV1bGUiOiJ3K0NBSVFJQ0lGVTNCaGFXNCJ9,Base de datos
eyJqb2JfdGl0bGUiOiJQcm9ncmFtYWRvciAuTkVUIEZ1bGxzdGFjayIsImNvbXBhbnlfbmFtZSI6Ik5QUiBTcGFpbiIsImFkZHJlc3NfY2l0eSI6Ik1hZHJpZCwgU3BhaW4iLCJodGlkb2NpZCI6Ik1wR3ZXNmhldV9HMXFueWVBQUFBQUE9PSIsInV1bGUiOiJ3K0NBSVFJQ0lGVTNCaGFXNCJ9,Full Stack
eyJqb2JfdGl0bGUiOiJQUk9HUkFNQURPUiAuTkVUICh0ZWxldHJhYmFqbyAxMDAgJSkiLCJjb21wYW55X25hbWUiOiJJbnljaW8iLCJhZGRyZXNzX2NpdHkiOiJaYXJhZ296YSwgU3BhaW4iLCJodGlkb2NpZCI6IkRnam1YNWUxTmlYNGxYYzNBQUFBQUE9PSIsInV1bGUiOiJ3K0NBSVFJQ0lGVTNCaGFXNCJ9,Integración
eyJqb2JfdGl0bGUiOiJQUk9HUkFNQURPUiAuTkVUICh0ZWxldHJhYmFqbyAxMDAgJSkiLCJjb21wYW55X25hbWUiOiJJbnljaW8iLCJhZGRyZXNzX2NpdHkiOiJaYXJhZ296YSwgU3BhaW4iLCJodGlkb2NpZCI6IkRnam1YNWUxTmlYNGxYYzNBQUFBQUE9PSIsInV1bGUiOiJ3K0NBSVFJQ0lGVTNCaGFXNCJ9,Backend
eyJqb2JfdGl0bGUiOiJQcm9ncmFtYWRvciAuTkVUIiwiY29tcGFueV9uYW1lIjoiRXhjZW0gVGVjaG5vbG9naWVzIiwiYWRkcmVzc19jaXR5IjoiTWFkcmlkLCBTcGFpbiIsImh0aWRvY2lkIjoiMmdFeE9hVk9jdlhLWDh1cUFBQUFBQT09IiwidXVsZSI6IncrQ0FJUUlDSUZVM0JoYVc0In0=,Backend
eyJqb2JfdGl0bGUiOiJQcm9ncmFtYWRvciAuTkVUICsgRHluYW1pY3MiLCJjb21wYW55X25hbWUiOiJEZXZvdGVhbSIsImFkZHJlc3NfY2l0eSI6Ik1hZHJpZCwgU3BhaW4iLCJodGlkb2NpZCI6InhKeE9HY1pROXhWWDJWZ1ZBQUFBQUE9PSIsInV1bGUiOiJ3K0NBSVFJQ0lGVTNCaGFXNCJ9,Seguridad
eyJqb2JfdGl0bGUiOiJQcm9ncmFtYWRvciAuTkVUICsgRHluYW1pY3MiLCJjb21wYW55X25hbWUiOiJEZXZvdGVhbSIsImFkZHJlc3NfY2l0eSI6Ik1hZHJpZCwgU3BhaW4iLCJodGlkb2NpZCI6InhKeE9HY1pROXhWWDJWZ1ZBQUFBQUE9PSIsInV1bGUiOiJ3K0NBSVFJQ0lGVTNCaGFXNCJ9,Integración
eyJqb2JfdGl0bGUiOiJQcm9ncmFtYWRvciAuTkVUICsgRHluYW1pY3MiLCJjb21wYW55X25hbWUiOiJEZXZvdGVhbSIsImFkZHJlc3NfY2l0eSI6Ik1hZHJpZCwgU3BhaW4iLCJodGlkb2NpZCI6InhKeE9HY1pROXhWWDJWZ1ZBQUFBQUE9PSIsInV1bGUiOiJ3K0NBSVFJQ0lGVTNCaGFXNCJ9,Base de datos
eyJqb2JfdGl0bGUiOiJBbmFsaXN0YSBQcm9ncmFtYWRvciAuTkVUIiwiY29tcGFueV9uYW1lIjoiVGFsZW50aXggRW5jbGF2ZSBkZSBTb2x1Y2lvbmVzLCBTLkwuTC4iLCJhZGRyZXNzX2NpdHkiOiJQYW1wbG9uYSwgU3BhaW4iLCJodGlkb2NpZCI6IkcxRlR5OFU3Nlg5bGZDUk1BQUFBQUE9PSIsInV1bGUiOiJ3K0NBSVFJQ0lGVTNCaGFXNCJ9,Integración
eyJqb2JfdGl0bGUiOiJQcm9ncmFtYWRvciBQbGMiLCJjb21wYW55X25hbWUiOiJSYW5kc3RhZCBQcm9mZXNzaW9uYWxzIiwiYWRkcmVzc19jaXR5IjoiQXprb2l0aWEsIFNwYWluIiwiaHRpZG9jaWQiOiJLTWQya3VDMzh4UXJpdjUwQUFBQUFBPT0iLCJ1dWxlIjoidytDQUlRSUNJRlUzQmhhVzQifQ==,Seguridad
eyJqb2JfdGl0bGUiOiJQcm9ncmFtYWRvciBQbGMiLCJjb21wYW55X25hbWUiOiJSYW5kc3RhZCBQcm9mZXNzaW9uYWxzIiwiYWRkcmVzc19jaXR5IjoiQXprb2l0aWEsIFNwYWluIiwiaHRpZG9jaWQiOiJLTWQya3VDMzh4UXJpdjUwQUFBQUFBPT0iLCJ1dWxlIjoidytDQUlRSUNJRlUzQmhhVzQifQ==,Integración
eyJqb2JfdGl0bGUiOiJQcm9ncmFtYWRvciAuTkVUIGNvbiBjb2NpbWllbnRvcyBEQVRBIChIL1gvTSkiLCJjb21wYW55X25hbWUiOiJDaWJlcm5vcyIsImFkZHJlc3NfY2l0eSI6Ik1hZHJpZCwgU3BhaW4iLCJodGlkb2NpZCI6InpHWEJhejFfcGF4RTNPV1ZBQUFBQUE9PSIsInV1bGUiOiJ3K0NBSVFJQ0lGVTNCaGFXNCJ9,Backend
eyJqb2JfdGl0bGUiOiJBbmFsaXN0YSBQcm9ncmFtYWRvciAuTmV0IiwiY29tcGFueV9uYW1lIjoiTkVUQ2hlY2siLCJhZGRyZXNzX2NpdHkiOiJNYWRyaWQsIFNwYWluIiwiaHRpZG9jaWQiOiJ6aGV4SWZDR19HUldzTzR6QUFBQUFBPT0iLCJ1dWxlIjoidytDQUlRSUNJRlUzQmhhVzQifQ==,Seguridad
eyJqb2JfdGl0bGUiOiJEZXNhcnJvbGxhZG9yIGp1bmlvciBTUUwgLyAuTkVUIiwiY29tcGFueV9uYW1lIjoiRENTIEdyb3VwIiwiYWRkcmVzc19jaXR5IjoiQ8Ohc2VkYSwgU3BhaW4iLCJodGlkb2NpZCI6IjlmQmNCa2ptaUY2MTJPTV9BQUFBQUE9PSIsInV1bGUiOiJ3K0NBSVFJQ0lGVTNCaGFXNCJ9,Seguridad
eyJqb2JfdGl0bGUiOiJMZWFkL1NyIEJhY2tlbmQgRGV2ZWxvcGVyIiwiY29tcGFueV9uYW1lIjoiUGFnZSBQZXJzb25uZWwiLCJhZGRyZXNzX2NpdHkiOiJCYXJjZWxvbmEsIFNwYWluIiwiaHRpZG9jaWQiOiJwZDd5TEpMYWJNNml4VGdCQUFBQUFBPT0iLCJ1dWxlIjoidytDQUlRSUNJRlUzQmhhVzQifQ==,Mobile
eyJqb2JfdGl0bGUiOiJMZWFkL1NyIEJhY2tlbmQgRGV2ZWxvcGVyIiwiY29tcGFueV9uYW1lIjoiUGFnZSBQZXJzb25uZWwiLCJhZGRyZXNzX2NpdHkiOiJCYXJjZWxvbmEsIFNwYWluIiwiaHRpZG9jaWQiOiJwZDd5TEpMYWJNNml4VGdCQUFBQUFBPT0iLCJ1dWxlIjoidytDQUlRSUNJRlUzQmhhVzQifQ==,Backend
eyJqb2JfdGl0bGUiOiJBcHBsaWNhdGlvbiBEZXZlbG9wZXIgU3BlY2lhbGlzdCBsbCAtIFNcdTAwMjZUIFN1cHBvcnQiLCJjb21wYW55X25hbWUiOiJQUEciLCJhZGRyZXNzX2NpdHkiOiJCYXJjZWxvbmEsIFNwYWluIiwiaHRpZG9jaWQiOiJHZ0VpQ2pyQmIyYlFGWUtiQUFBQUFBPT0iLCJ1dWxlIjoidytDQUlRSUNJRlUzQmhhVzQifQ==,Seguridad
eyJqb2JfdGl0bGUiOiJBcHBsaWNhdGlvbiBEZXZlbG9wZXIgU3BlY2lhbGlzdCBsbCAtIFNcdTAwMjZUIFN1cHBvcnQiLCJjb21wYW55X25hbWUiOiJQUEciLCJhZGRyZXNzX2NpdHkiOiJCYXJjZWxvbmEsIFNwYWluIiwiaHRpZG9jaWQiOiJHZ0VpQ2pyQmIyYlFGWUtiQUFBQUFBPT0iLCJ1dWxlIjoidytDQUlRSUNJRlUzQmhhVzQifQ==,Integración
eyJqb2JfdGl0bGUiOiJBbmFsaXN0YSBQcm9ncmFtYWRvciAuTkVUIiwiY29tcGFueV9uYW1lIjoiRGV2b3RlYW0iLCJhZGRyZXNzX2NpdHkiOiJDb21tdW5pdHkgb2YgTWFkcmlkLCBTcGFpbiIsImh0aWRvY2lkIjoibzRwWmo0SGpaU0hKcHlpZEFBQUFBQT09IiwidXVsZSI6IncrQ0FJUUlDSUZVM0JoYVc0In0=,Seguridad
eyJqb2JfdGl0bGUiOiJQcm9ncmFtYWRvci9hIEZ1bGwgU3RhY2siLCJjb21wYW55X25hbWUiOiJEWEMgVGVjaG5vbG9neSIsImFkZHJlc3NfY2l0eSI6IlNwYWluIiwiaHRpZG9jaWQiOiJXaHlZSkZyMDktUk1IdjVwQUFBQUFBPT0iLCJ1dWxlIjoidytDQUlRSUNJRlUzQmhhVzQifQ==,Full Stack
eyJqb2JfdGl0bGUiOiJQcm9ncmFtYWRvciBKYXZhIEp1bmlvciAoY29uIEZyYW5jw6lzIG8gSW5nbMOpcykgLSBIw61icmlkbyIsImNvbXBhbnlfbmFtZSI6IlNhbmRhdiIsImFkZHJlc3NfY2l0eSI6Ik3DoWxhZ2EsIFNwYWluIiwiaHRpZG9jaWQiOiJqODM3c0R3RFIzUW5qOU54QUFBQUFBPT0iLCJ1dWxlIjoidytDQUlRSUNJRlUzQmhhVzQifQ==,Integración
eyJqb2JfdGl0bGUiOiJQcm9ncmFtYWRvciBKYXZhIEp1bmlvciAoY29uIEZyYW5jw6lzIG8gSW5nbMOpcykgLSBIw61icmlkbyIsImNvbXBhbnlfbmFtZSI6IlNhbmRhdiIsImFkZHJlc3NfY2l0eSI6Ik3DoWxhZ2EsIFNwYWluIiwiaHRpZG9jaWQiOiJqODM3c0R3RFIzUW5qOU54QUFBQUFBPT0iLCJ1dWxlIjoidytDQUlRSUNJRlUzQmhhVzQifQ==,Backend
eyJqb2JfdGl0bGUiOiJQcm9ncmFtYWRvci9hIFBMQyAvIFNlY3RvciBBdXRvbW9jacOzbiBCYXJjZWxvbmEiLCJjb21wYW55X25hbWUiOiJWVkEgQ29uc3VsdGFudHMiLCJhZGRyZXNzX2NpdHkiOiJNYXJ0b3JlbGwsIFNwYWluIiwiaHRpZG9jaWQiOiJtYTRqTVZibTQxRlprdkxTQUFBQUFBPT0iLCJ1dWxlIjoidytDQUlRSUNJRlUzQmhhVzQifQ==,Seguridad
eyJqb2JfdGl0bGUiOiJEZXNhcnJvbGxhZG9yIEJhY2tlbmQvIEZ1bGxzdGFjayIsImNvbXBhbnlfbmFtZSI6IkVtcHJlc2EgZGVsIHNlY3RvciBkZSBhdXRvbW9jacOzbiIsImFkZHJlc3NfY2l0eSI6IlZhbGVuY2lhLCBTcGFpbiIsImh0aWRvY2lkIjoieHlTelZRaGtEbnRCX01ISkFBQUFBQT09IiwidXVsZSI6IncrQ0FJUUlDSUZVM0JoYVc0In0=,Integración
eyJqb2JfdGl0bGUiOiJEZXNhcnJvbGxhZG9yIEJhY2tlbmQvIEZ1bGxzdGFjayIsImNvbXBhbnlfbmFtZSI6IkVtcHJlc2EgZGVsIHNlY3RvciBkZSBhdXRvbW9jacOzbiIsImFkZHJlc3NfY2l0eSI6IlZhbGVuY2lhLCBTcGFpbiIsImh0aWRvY2lkIjoieHlTelZRaGtEbnRCX01ISkFBQUFBQT09IiwidXVsZSI6IncrQ0FJUUlDSUZVM0JoYVc0In0=,Backend
eyJqb2JfdGl0bGUiOiJJbmdlbmllcm8gbWVjw6FuaWNvIHNlY3RvciBhdXRvbW9jacOzbiIsImNvbXBhbnlfbmFtZSI6IlBhZ2UgUGVyc29ubmVsIiwiYWRkcmVzc19jaXR5IjoiQmFyY2Vsb25hLCBTcGFpbiIsImh0aWRvY2lkIjoiRkoxOFVyRU1ZMUNYNFdzckFBQUFBQT09IiwidXVsZSI6IncrQ0FJUUlDSUZVM0JoYVc0In0=,Seguridad
eyJqb2JfdGl0bGUiOiJNZWPDoW5pY28gZGUgdmVow61jdWxvcyIsImNvbXBhbnlfbmFtZSI6IkJldHdlZW4gVGVjaG5vbG9neSIsImFkZHJlc3NfY2l0eSI6Ik1hcnRvcmVsbCwgU3BhaW4iLCJodGlkb2NpZCI6IjJ6ZmUzX2lHV0g5V1dvbTdBQUFBQUE9PSIsInV1bGUiOiJ3K0NBSVFJQ0lGVTNCaGFXNCJ9,Seguridad
eyJqb2JfdGl0bGUiOiJJbmdlbmllcm8vYSBkZSBEZXNhcnJvbGxvIGRlIFNvZnR3YXJlLyBJVCBIZWxwZGVzayBwYXJhIFNpc3RlbWFzIGRlIENvbXByb2JhY2nDs24gZGVsIFZlaMOtY3VsbyAobS9mL2QpIiwiY29tcGFueV9uYW1lIjoiU2llbWVucyIsImFkZHJlc3NfY2l0eSI6IkJhcmNlbG9uYSwgU3BhaW4iLCJodGlkb2NpZCI6IlBzNFNlWjlpTGVFZXpNeWtBQUFBQUE9PSIsInV1bGUiOiJ3K0NBSVFJQ0lGVTNCaGFXNCJ9,Integración
eyJqb2JfdGl0bGUiOiJQcm9ncmFtYWRvciBQTEMncyAtIEF1dG9tb2Npw7NuIiwiY29tcGFueV9uYW1lIjoiQmV0d2VlbiBUZWNobm9sb2d5IiwiYWRkcmVzc19jaXR5IjoiQmFyY2Vsb25hLCBTcGFpbiIsImh0aWRvY2lkIjoiaUs4amUteDhZRVNOTUhBWkFBQUFBQT09IiwidXVsZSI6IncrQ0FJUUlDSUZVM0JoYVc0In0=,Seguridad
eyJqb2JfdGl0bGUiOiJEZXNhcnJvbGxhZG9yL2EgYysrIiwiY29tcGFueV9uYW1lIjoiSVNDQVJFTSBIdW1hbiBSZXNvdXJjZXMsIFMuTC4iLCJhZGRyZXNzX2NpdHkiOiJNYWRyaWQsIFNwYWluIiwiaHRpZG9jaWQiOiJ0dlotWHN5amlNeGg5WktuQUFBQUFBPT0iLCJ1dWxlIjoidytDQUlRSUNJRlUzQmhhVzQifQ==,Integración
eyJqb2JfdGl0bGUiOiJEZXNhcnJvbGxhZG9yL2EgYysrIiwiY29tcGFueV9uYW1lIjoiSVNDQVJFTSBIdW1hbiBSZXNvdXJjZXMsIFMuTC4iLCJhZGRyZXNzX2NpdHkiOiJNYWRyaWQsIFNwYWluIiwiaHRpZG9jaWQiOiJ0dlotWHN5amlNeGg5WktuQUFBQUFBPT0iLCJ1dWxlIjoidytDQUlRSUNJRlUzQmhhVzQifQ==,Backend
eyJqb2JfdGl0bGUiOiJJbmdlbmllcm8gZGUgU2lzdGVtYXMgQ29tdW5pY2FjaW9uZXMgIFJhZGlvIFx1MDAyNiBJUCAvIFNlY3RvciBBZXJvbsOhdXRpY28iLCJjb21wYW55X25hbWUiOiJFeGNlbHRpYyIsImFkZHJlc3NfY2l0eSI6Ik1hZHJpZCwgU3BhaW4iLCJodGlkb2NpZCI6InE4MW1wRl9jaG5ULXl6R0lBQUFBQUE9PSIsInV1bGUiOiJ3K0NBSVFJQ0lGVTNCaGFXNCJ9,Integración
eyJqb2JfdGl0bGUiOiJJbmdlbmllcm8vYSBkZSBTb3BvcnRlIFTDqWNuaWNvIHwgU2VjdG9yIEFlcm9uw6F1dGljbyIsImNvbXBhbnlfbmFtZSI6IkVtYmVudGlvbiIsImFkZHJlc3NfY2l0eSI6IkFsaWNhbnRlLCBTcGFpbiIsImh0aWRvY2lkIjoiV0JkbFUxTWFKX1MzMld1Z0FBQUFBQT09IiwidXVsZSI6IncrQ0FJUUlDSUZVM0JoYVc0In0=,Integración
eyJqb2JfdGl0bGUiOiJJbmdlbmllcsOtYSBkZSBmYWJyaWNhY2nDs24gKFV0aWxsYWplKS4gQWxiYWNldGUiLCJjb21wYW55X25hbWUiOiJBRVJURUMgU29sdXRpb25zIiwiYWRkcmVzc19jaXR5IjoiU3BhaW4iLCJodGlkb2NpZCI6IkVwMU5DUFZWLVozNnF4WDdBQUFBQUE9PSIsInV1bGUiOiJ3K0NBSVFJQ0lGVTNCaGFXNCJ9,Integración
eyJqb2JfdGl0bGUiOiJUw6ljbmljbyBTZWd1cmlkYWQgT3BlcmFjaW9uYWwgSGFuZGxpbmcgLSBBZXJvcHVlcnRvIGRlIFBhbG1hIGRlIE1hbGxvcmNhIiwiY29tcGFueV9uYW1lIjoiQUVSVEVDIFNvbHV0aW9ucyIsImFkZHJlc3NfY2l0eSI6IlNwYWluIiwiaHRpZG9jaWQiOiJKV0NHYVpVNDY0d2pMdW0wQUFBQUFBPT0iLCJ1dWxlIjoidytDQUlRSUNJRlUzQmhhVzQifQ==,Seguridad
eyJqb2JfdGl0bGUiOiJUw6ljbmljbyBTZWd1cmlkYWQgT3BlcmFjaW9uYWwgSGFuZGxpbmcgLSBBZXJvcHVlcnRvIGRlIFBhbG1hIGRlIE1hbGxvcmNhIiwiY29tcGFueV9uYW1lIjoiQUVSVEVDIFNvbHV0aW9ucyIsImFkZHJlc3NfY2l0eSI6IlNwYWluIiwiaHRpZG9jaWQiOiJKV0NHYVpVNDY0d2pMdW0wQUFBQUFBPT0iLCJ1dWxlIjoidytDQUlRSUNJRlUzQmhhVzQifQ==,Integración
eyJqb2JfdGl0bGUiOiJRdWFsaXR5IGFuZCBFbnZpcm9ubWVudCBUZWNobmljaWFuIiwiY29tcGFueV9uYW1lIjoiQUVSVEVDIFNvbHV0aW9ucyIsImFkZHJlc3NfY2l0eSI6IlNwYWluIiwiaHRpZG9jaWQiOiJuS1pOVmFaV2JMUFphVzk1QUFBQUFBPT0iLCJ1dWxlIjoidytDQUlRSUNJRlUzQmhhVzQifQ==,Integración
eyJqb2JfdGl0bGUiOiJJbmdlbmlyw61hIERlIEZhYnJpY2FjacOzbiBUZXN0IE1lYW5zIiwiY29tcGFueV9uYW1lIjoiQWVydGVjIFNvbHV0aW9ucyIsImFkZHJlc3NfY2l0eSI6Ik1hZHJpZCwgU3BhaW4iLCJodGlkb2NpZCI6InlCSER0OElabjZGbU1ONmFBQUFBQUE9PSIsInV1bGUiOiJ3K0NBSVFJQ0lGVTNCaGFXNCJ9,Integración
eyJqb2JfdGl0bGUiOiJJbmdlbmllcm8vYSBkZSBTaXN0ZW1hcyBkZSBDb250cm9sIChFZGlmaWNpb3MpIiwiY29tcGFueV9uYW1lIjoiU21hcmtpYSIsImFkZHJlc3NfY2l0eSI6IlNwYWluIiwiaHRpZG9jaWQiOiJ2Q2VXSkZEVjBRaVhPYlF1QUFBQUFBPT0iLCJ1dWxlIjoidytDQUlRSUNJRlUzQmhhVzQifQ==,Seguridad
eyJqb2JfdGl0bGUiOiJJbmdlbmllcm8vYSBkZSBTaXN0ZW1hcyBkZSBDb250cm9sIChFZGlmaWNpb3MpIiwiY29tcGFueV9uYW1lIjoiU21hcmtpYSIsImFkZHJlc3NfY2l0eSI6IlNwYWluIiwiaHRpZG9jaWQiOiJ2Q2VXSkZEVjBRaVhPYlF1QUFBQUFBPT0iLCJ1dWxlIjoidytDQUlRSUNJRlUzQmhhVzQifQ==,Integración
eyJqb2JfdGl0bGUiOiJJbmdlbmllcm8vYSBkZSBTaXN0ZW1hcyBkZSBDb250cm9sIChFZGlmaWNpb3MpIiwiY29tcGFueV9uYW1lIjoiU21hcmtpYSIsImFkZHJlc3NfY2l0eSI6IlNwYWluIiwiaHRpZG9jaWQiOiJ2Q2VXSkZEVjBRaVhPYlF1QUFBQUFBPT0iLCJ1dWxlIjoidytDQUlRSUNJRlUzQmhhVzQifQ==,Mantenimiento y Soporte
eyJqb2JfdGl0bGUiOiJJbmdlbmllcm8gZGUgUHJvY2Vzb3MiLCJjb21wYW55X25hbWUiOiJJREVBIiwiYWRkcmVzc19jaXR5IjoiQWxjb2JlbmRhcywgU3BhaW4iLCJodGlkb2NpZCI6IlNXRTBPNUYwQjJTWGVVLU5BQUFBQUE9PSIsInV1bGUiOiJ3K0NBSVFJQ0lGVTNCaGFXNCJ9,Seguridad
eyJqb2JfdGl0bGUiOiJJbmdlbmllcm8gZGUgcHJvY2Vzb3MiLCJjb21wYW55X25hbWUiOiJTRUJOIEVTIiwiYWRkcmVzc19jaXR5IjoiQ3VlbmNhLCBTcGFpbiIsImh0aWRvY2lkIjoiNXZrdmIycUJBRDVpWjVaYkFBQUFBQT09IiwidXVsZSI6IncrQ0FJUUlDSUZVM0JoYVc0In0=,Seguridad
eyJqb2JfdGl0bGUiOiJUw6ljbmljby9hIGRlIENhbGlkYWQuIFNlY3RvciBGZXJyb3ZpYXJpbyIsImNvbXBhbnlfbmFtZSI6IkV4Y2VsdGljIiwiYWRkcmVzc19jaXR5IjoiQmFyY2Vsb25hLCBTcGFpbiIsImh0aWRvY2lkIjoiZVlMQjZHemJCR0ZZVUZ4YkFBQUFBQT09IiwidXVsZSI6IncrQ0FJUUlDSUZVM0JoYVc0In0=,Seguridad
eyJqb2JfdGl0bGUiOiJDb250cm9sIFByb2Nlc29zIERlIENhbGlkYWQiLCJjb21wYW55X25hbWUiOiJUZWxlZsOzbmljYSIsImFkZHJlc3NfY2l0eSI6Ik1hZHJpZCwgU3BhaW4iLCJodGlkb2NpZCI6IjBRNlNNUU5ic3dJVUFGaGdBQUFBQUE9PSIsInV1bGUiOiJ3K0NBSVFJQ0lGVTNCaGFXNCJ9,Seguridad
eyJqb2JfdGl0bGUiOiJUZWNuaWNvIGRlIE1hbnRlbmltaWVudG8iLCJjb21wYW55X25hbWUiOiJFcXVpbml4IiwiYWRkcmVzc19jaXR5IjoiQmFyY2Vsb25hLCBTcGFpbiIsImh0aWRvY2lkIjoiTy1IdzI1dENCN1VRdFlNZkFBQUFBQT09IiwidXVsZSI6IncrQ0FJUUlDSUZVM0JoYVc0In0=,Seguridad
eyJqb2JfdGl0bGUiOiJUw6ljbmljbyBkZSBtYW50ZW5pbWllbnRvIENlbnRybyBEZXBvcnRpdm8gTcOzc3RvbGVzIiwiY29tcGFueV9uYW1lIjoiUmVtaWNhIiwiYWRkcmVzc19jaXR5IjoiTWFkcmlkLCBTcGFpbiIsImh0aWRvY2lkIjoieWZSeE5zQkZrVGxSVlR6aEFBQUFBQT09IiwidXVsZSI6IncrQ0FJUUlDSUZVM0JoYVc0In0=,Seguridad
eyJqb2JfdGl0bGUiOiJUw6ljbmljby9hIGRlIE1hbnRlbmltaWVudG8iLCJjb21wYW55X25hbWUiOiJBbHNhIiwiYWRkcmVzc19jaXR5IjoiVG9ycmVqw7NuIGRlIEFyZG96LCBTcGFpbiIsImh0aWRvY2lkIjoic2ZGaWNtRWtFOENHZW05S0FBQUFBQT09IiwidXVsZSI6IncrQ0FJUUlDSUZVM0JoYVc0In0=,Seguridad
eyJqb2JfdGl0bGUiOiJUw6ljbmljbyBNYW50ZW5pbWllbnRvIEVudG9ybm9zIENyw610aWNvcyB5IERhdGEgQ2VudGVyIiwiY29tcGFueV9uYW1lIjoiTEhIIiwiYWRkcmVzc19jaXR5IjoiTWFkcmlkLCBTcGFpbiIsImh0aWRvY2lkIjoiY3lKWmEwMTJoNzJYdng0eUFBQUFBQT09IiwidXVsZSI6IncrQ0FJUUlDSUZVM0JoYVc0In0=,Seguridad
eyJqb2JfdGl0bGUiOiJUw6ljbmljby9hIGRlIE1hbnRlbmltaWVudG8iLCJjb21wYW55X25hbWUiOiJJTUFTRSIsImFkZHJlc3NfY2l0eSI6IlBhbG1hLCBTcGFpbiIsImh0aWRvY2lkIjoiYU9KOGVhSFdOWUkwNUQtWEFBQUFBQT09IiwidXVsZSI6IncrQ0FJUUlDSUZVM0JoYVc0In0=,Seguridad
eyJqb2JfdGl0bGUiOiJUw6ljbmljby9hIGRlIFNpc3RlbWFzIGRlIFNlZ3VyaWRhZCBfIEd1aXDDunpjb2EiLCJjb21wYW55X25hbWUiOiJTZWN1cml0YXMgU2VndXJpZGFkIEVzcGHDsWEiLCJhZGRyZXNzX2NpdHkiOiJEb25vc3RpYS1TYW4gU2ViYXN0aWFuLCBTcGFpbiIsImh0aWRvY2lkIjoiZVFHTkRJSTVtN2hZdURESUFBQUFBQT09IiwidXVsZSI6IncrQ0FJUUlDSUZVM0JoYVc0In0=,Seguridad
eyJqb2JfdGl0bGUiOiJUw6ljbmljbyBkZSBtYW50ZW5pbWllbnRvIiwiY29tcGFueV9uYW1lIjoiR0VNSU5ZUyAtIEtub3dsZWRnZSBNYW5hZ2VtZW50IiwiYWRkcmVzc19jaXR5IjoiRG9ub3N0aWEtU2FuIFNlYmFzdGlhbiwgU3BhaW4iLCJodGlkb2NpZCI6InF5Z01VN0NnTFZTMTB1dHVBQUFBQUE9PSIsInV1bGUiOiJ3K0NBSVFJQ0lGVTNCaGFXNCJ9,Seguridad
eyJqb2JfdGl0bGUiOiJUw6ljbmljby9hIGRlIG1hbnRlbmltaWVudG8iLCJjb21wYW55X25hbWUiOiJUaG9tcHNvbiBNYWRyaWQsIHBhcnQgb2YgSHlhdHQiLCJhZGRyZXNzX2NpdHkiOiJNYWRyaWQsIFNwYWluIiwiaHRpZG9jaWQiOiJXXy1WOVhtZWtsOG1fcEUzQUFBQUFBPT0iLCJ1dWxlIjoidytDQUlRSUNJRlUzQmhhVzQifQ==,Seguridad
eyJqb2JfdGl0bGUiOiJJbmdlbmllcm8gZGUgcm9iw7N0aWNhIiwiY29tcGFueV9uYW1lIjoiQ29uZmlkZW50aWFsIiwiYWRkcmVzc19jaXR5IjoiVmFsbHMsIFNwYWluIiwiaHRpZG9jaWQiOiJJTkZkRDNtUTJSOW1tSE8zQUFBQUFBPT0iLCJ1dWxlIjoidytDQUlRSUNJRlUzQmhhVzQifQ==,Integración
eyJqb2JfdGl0bGUiOiJQcm9ncmFtYWRvciBSb2JvdHMgKEtVS0EpIC0gQXV0b21vY2nDs24iLCJjb21wYW55X25hbWUiOiJCZXR3ZWVuIFRlY2hub2xvZ3kiLCJhZGRyZXNzX2NpdHkiOiJCYXJjZWxvbmEsIFNwYWluIiwiaHRpZG9jaWQiOiJTUEhfUmhwcFFkUU82RUw4QUFBQUFBPT0iLCJ1dWxlIjoidytDQUlRSUNJRlUzQmhhVzQifQ==,Seguridad
eyJqb2JfdGl0bGUiOiJUw6ljbmljbyBkZSBJbXBsYW50YWNpw7NuIHBhcmEgRXNwYcOxYSIsImNvbXBhbnlfbmFtZSI6IkFEUCIsImFkZHJlc3NfY2l0eSI6Ik1hZHJpZCwgU3BhaW4iLCJodGlkb2NpZCI6IkZ2X0tJd0FwQzNyZnJlay1BQUFBQUE9PSIsInV1bGUiOiJ3K0NBSVFJQ0lGVTNCaGFXNCJ9,Seguridad
eyJqb2JfdGl0bGUiOiJUw6ljbmljby9hIFNvcG9ydGUgeSBEZXNwbGllZ3VlIGRlIGFwbGljYWNpb25lcyIsImNvbXBhbnlfbmFtZSI6IkluZXR1bSIsImFkZHJlc3NfY2l0eSI6Ik1hZHJpZCwgU3BhaW4iLCJodGlkb2NpZCI6IjZnUTBZZHNyVkdBeGJwVTNBQUFBQUE9PSIsInV1bGUiOiJ3K0NBSVFJQ0lGVTNCaGFXNCJ9,Base de datos
eyJqb2JfdGl0bGUiOiJUw6ljbmljby9hIHNvcG9ydGUgdXN1YXJpb3MvYXMiLCJjb21wYW55X25hbWUiOiJHcnVwbyBTZXJtaWNybyIsImFkZHJlc3NfY2l0eSI6Ik3DoWxhZ2EsIFNwYWluIiwiaHRpZG9jaWQiOiJVMWJXVWYxSDVrYW5SMDZBQUFBQUFBPT0iLCJ1dWxlIjoidytDQUlRSUNJRlUzQmhhVzQifQ==,Seguridad
eyJqb2JfdGl0bGUiOiJUw6ljbmljbyBkZSBTb3BvcnRlIE4xIiwiY29tcGFueV9uYW1lIjoiRENTIEdyb3VwIiwiYWRkcmVzc19jaXR5IjoiQ2hlc3RlLCBTcGFpbiIsImh0aWRvY2lkIjoiOWc3LTUtTmx3cWpPanZwTEFBQUFBQT09IiwidXVsZSI6IncrQ0FJUUlDSUZVM0JoYVc0In0=,Base de datos
eyJqb2JfdGl0bGUiOiJUw6ljbmljby9hIHNvcG9ydGUgdXN1YXJpb3MiLCJjb21wYW55X25hbWUiOiJHcnVwbyBTZXJtaWNybyIsImFkZHJlc3NfY2l0eSI6IlRhcnJhZ29uYSwgU3BhaW4iLCJodGlkb2NpZCI6InhXRmlxMk5hczAxTzJsME9BQUFBQUE9PSIsInV1bGUiOiJ3K0NBSVFJQ0lGVTNCaGFXNCJ9,Seguridad
eyJqb2JfdGl0bGUiOiJTb3BvcnRlIFTDqWNuaWNvIE4xIDI0eDcgLSAxMDAlIHJlbW90byIsImNvbXBhbnlfbmFtZSI6IkRldm90ZWFtIiwiYWRkcmVzc19jaXR5IjoiQmFyY2Vsb25hLCBTcGFpbiIsImh0aWRvY2lkIjoielBlSFVjOG5Fb3psVWxoeEFBQUFBQT09IiwidXVsZSI6IncrQ0FJUUlDSUZVM0JoYVc0In0=,Seguridad
eyJqb2JfdGl0bGUiOiJUw6ljbmljbyBTb3BvcnRlIE4xIC0gSW1wb3J0YW50ZSBjb21wYcOxw61hLiBIw61icmlkbyIsImNvbXBhbnlfbmFtZSI6Ik5ldyBUYW5kZW0gU0lNIiwiYWRkcmVzc19jaXR5IjoiTWFkcmlkLCBTcGFpbiIsImh0aWRvY2lkIjoiTEZtWkw0RDdsN0drNFloZkFBQUFBQT09IiwidXVsZSI6IncrQ0FJUUlDSUZVM0JoYVc0In0=,Seguridad
eyJqb2JfdGl0bGUiOiJURUNOSUNPL0EgU09QT1JURSBOSVZFTCAxIiwiY29tcGFueV9uYW1lIjoiUzIgR3J1cG8iLCJhZGRyZXNzX2NpdHkiOiJWYWxlbmNpYSwgU3BhaW4iLCJodGlkb2NpZCI6InFWUWQ0UmRxVmEtVHRDTVhBQUFBQUE9PSIsInV1bGUiOiJ3K0NBSVFJQ0lGVTNCaGFXNCJ9,Seguridad
eyJqb2JfdGl0bGUiOiJUw6ljbmljby9hIGRlIFNpc3RlbWFzIiwiY29tcGFueV9uYW1lIjoiTXIgV29uZGVyZnVsIiwiYWRkcmVzc19jaXR5IjoiQmFyY2Vsb25hLCBTcGFpbiIsImh0aWRvY2lkIjoiTmowVTV4UGZHTV8zV1JLREFBQUFBQT09IiwidXVsZSI6IncrQ0FJUUlDSUZVM0JoYVc0In0=,Seguridad
eyJqb2JfdGl0bGUiOiJTb3BvcnRlIFByZXNlbmNpYWwgeSBTb3BvcnRlIFTDqWNuaWNvIFLDoXBpZG8iLCJjb21wYW55X25hbWUiOiJHU0IgU29sdXRpb25zIiwiYWRkcmVzc19jaXR5IjoiU3BhaW4iLCJodGlkb2NpZCI6InlUODkxclFzcUlfdmxrX3BBQUFBQUE9PSIsInV1bGUiOiJ3K0NBSVFJQ0lGVTNCaGFXNCJ9,Integración
eyJqb2JfdGl0bGUiOiJbWEwtMjQ1XSB8IFTDqWNuaWNvIGRlIFNvcG9ydGUgYWwgVXN1YXJpbyIsImNvbXBhbnlfbmFtZSI6IkVSU0lHUk9VUCIsImFkZHJlc3NfY2l0eSI6Ik1hZHJpZCwgU3BhaW4iLCJodGlkb2NpZCI6ImNsQ0R5QVBpUEdlSnJEUFFBQUFBQUE9PSIsInV1bGUiOiJ3K0NBSVFJQ0lGVTNCaGFXNCJ9,Seguridad
eyJqb2JfdGl0bGUiOiJBbmFsaXN0YSBkZSBTb3BvcnRlIGRlIFRJIC0gSUkgKE1hZHJpZCkiLCJjb21wYW55X25hbWUiOiJBbnRoZXNpcyBHcm91cCIsImFkZHJlc3NfY2l0eSI6Ik1hZHJpZCwgU3BhaW4iLCJodGlkb2NpZCI6ImxGbkt4THY2SUk1MFJESHNBQUFBQUE9PSIsInV1bGUiOiJ3K0NBSVFJQ0lGVTNCaGFXNCJ9,Seguridad
eyJqb2JfdGl0bGUiOiJ0w6ljbmljby9yZXNwb25zYWJsZSBzb3BvcnRlIGEgY2xpZW50ZXMgKG0vZi9kKSIsImNvbXBhbnlfbmFtZSI6ImZhbGNoIGdtYmgiLCJhZGRyZXNzX2NpdHkiOiJUYXJyYWdvbmEsIFNwYWluIiwiaHRpZG9jaWQiOiJxYkM4bDlHNHNTdVl5RW91QUFBQUFBPT0iLCJ1dWxlIjoidytDQUlRSUNJRlUzQmhhVzQifQ==,Seguridad
eyJqb2JfdGl0bGUiOiJ0w6ljbmljby9yZXNwb25zYWJsZSBzb3BvcnRlIGEgY2xpZW50ZXMgKG0vZi9kKSIsImNvbXBhbnlfbmFtZSI6ImZhbGNoIGdtYmgiLCJhZGRyZXNzX2NpdHkiOiJUYXJyYWdvbmEsIFNwYWluIiwiaHRpZG9jaWQiOiJxYkM4bDlHNHNTdVl5RW91QUFBQUFBPT0iLCJ1dWxlIjoidytDQUlRSUNJRlUzQmhhVzQifQ==,Base de datos
eyJqb2JfdGl0bGUiOiJUw6ljbmljbyBkZSBTaXN0ZW1hcyBJbmZvcm3DoXRpY29zIFNlbmlvciBjb24gU29wb3J0ZSBhIFVzdWFyaW9zIiwiY29tcGFueV9uYW1lIjoiQTE2QklUIiwiYWRkcmVzc19jaXR5IjoiTWFkcmlkLCBTcGFpbiIsImh0aWRvY2lkIjoiZS1WRGprSWJDLVB5SG9CZ0FBQUFBQT09IiwidXVsZSI6IncrQ0FJUUlDSUZVM0JoYVc0In0=,Seguridad
eyJqb2JfdGl0bGUiOiJUw4lDTklDTy9BIEhFTFAgREVTSyBJVCIsImNvbXBhbnlfbmFtZSI6IkdSVVAgSU1BVElDQSIsImFkZHJlc3NfY2l0eSI6Ikdpcm9uYSwgU3BhaW4iLCJodGlkb2NpZCI6Ikw5dWJ1RkdNbVdJZFI5SmVBQUFBQUE9PSIsInV1bGUiOiJ3K0NBSVFJQ0lGVTNCaGFXNCJ9,Seguridad
eyJqb2JfdGl0bGUiOiJTb3BvcnRlIElUIHVzdWFyaW8gb25zaXRlIiwiY29tcGFueV9uYW1lIjoiRGV2b3RlYW0iLCJhZGRyZXNzX2NpdHkiOiJTYW50IEN1Z2F0IGRlbCBWYWxsw6hzLCBTcGFpbiIsImh0aWRvY2lkIjoiZk9WeXluZ29JemxEQXhuZkFBQUFBQT09IiwidXVsZSI6IncrQ0FJUUlDSUZVM0JoYVc0In0=,Seguridad
eyJqb2JfdGl0bGUiOiJUw6ljbmljby9hIEhlbHBkZXNrIFNvcG9ydGUgVXN1YXJpb3MvYXMiLCJjb21wYW55X25hbWUiOiJDb25maWRlbmNpYWwiLCJhZGRyZXNzX2NpdHkiOiJMYXMgUGFsbWFzIGRlIEdyYW4gQ2FuYXJpYSwgU3BhaW4iLCJodGlkb2NpZCI6IjB3UFRnb1BCeEFkc19YT25BQUFBQUE9PSIsInV1bGUiOiJ3K0NBSVFJQ0lGVTNCaGFXNCJ9,Seguridad
eyJqb2JfdGl0bGUiOiJJVCBTdXBwb3J0IEVuZ2luZWVyICwgT3BzIFRlY2hub2xvZ3kgU29sdXRpb25zIiwiY29tcGFueV9uYW1lIjoiQW1hem9uIiwiYWRkcmVzc19jaXR5IjoiTXVyY2lhLCBTcGFpbiIsImh0aWRvY2lkIjoiLTJoYm55Q0Y3ZUhrV3d6akFBQUFBQT09IiwidXVsZSI6IncrQ0FJUUlDSUZVM0JoYVc0In0=,Seguridad
eyJqb2JfdGl0bGUiOiJUw6ljbmljbyBJbmZvcm3DoXRpY28sIHByZXNlbmNpYWwiLCJjb21wYW55X25hbWUiOiJIYXlzIiwiYWRkcmVzc19jaXR5IjoiVmFsZW5jaWEsIFNwYWluIiwiaHRpZG9jaWQiOiJfOWJlQkIxTngyR2RDTnlFQUFBQUFBPT0iLCJ1dWxlIjoidytDQUlRSUNJRlUzQmhhVzQifQ==,Seguridad
eyJqb2JfdGl0bGUiOiIoQUs5MjkpIC0gVMOpY25pY28gSW5mb3Jtw6F0aWNvIFNvcG9ydGUgVXN1YXJpb3MgKG1pY3JvKS4gUHJlc2VuY2lhbCBjb24gSW5nbMOpcyBhbHRvIiwiY29tcGFueV9uYW1lIjoiSEVNTUVSU0JBQ0ggSUJFUklBIiwiYWRkcmVzc19jaXR5IjoiU2FiacOxw6FuaWdvLCBTcGFpbiIsImh0aWRvY2lkIjoib1plWlgxaE15c3ltVlRuUUFBQUFBQT09IiwidXVsZSI6IncrQ0FJUUlDSUZVM0JoYVc0In0=,Seguridad
eyJqb2JfdGl0bGUiOiJUw6ljbmljby9hIFNvcG9ydGUgTWljcm9pbmZvcm3DoXRpY28gLSBPbnNpdGUiLCJjb21wYW55X25hbWUiOiJGRFMsIEEgRFhDIFRlY2hub2xvZ3kgQ29tcGFueSIsImFkZHJlc3NfY2l0eSI6IkxvcyBDb3JyYWxlcyBkZSBCdWVsbmEsIFNwYWluIiwiaHRpZG9jaWQiOiI1OFFYQ0Y0ZHVTZkFIbnFvQUFBQUFBPT0iLCJ1dWxlIjoidytDQUlRSUNJRlUzQmhhVzQifQ==,Seguridad
eyJqb2JfdGl0bGUiOiJUw6ljbmljby9hIFNvcG9ydGUgTWljcm9pbmZvcm3DoXRpY28gLSBPbnNpdGUiLCJjb21wYW55X25hbWUiOiJGRFMsIEEgRFhDIFRlY2hub2xvZ3kgQ29tcGFueSIsImFkZHJlc3NfY2l0eSI6IkxvcyBDb3JyYWxlcyBkZSBCdWVsbmEsIFNwYWluIiwiaHRpZG9jaWQiOiI1OFFYQ0Y0ZHVTZkFIbnFvQUFBQUFBPT0iLCJ1dWxlIjoidytDQUlRSUNJRlUzQmhhVzQifQ==,Integración
eyJqb2JfdGl0bGUiOiJUw6ljbmljbyBkZSBTb3BvcnRlIEp1bmlvciIsImNvbXBhbnlfbmFtZSI6IkdydXBvIE1vcmF2YWwiLCJhZGRyZXNzX2NpdHkiOiJNYWRyaWQsIFNwYWluIiwiaHRpZG9jaWQiOiJweG95eGtIN1o3YS1TX1RXQUFBQUFBPT0iLCJ1dWxlIjoidytDQUlRSUNJRlUzQmhhVzQifQ==,Seguridad
eyJqb2JfdGl0bGUiOiJUw6ljbmljbyBkZSBTb3BvcnRlIE9uc2l0ZSIsImNvbXBhbnlfbmFtZSI6InNlcmVtLiBDb25zdWx0b3LDrWEgZW1wcmVzYXJpYWwiLCJhZGRyZXNzX2NpdHkiOiJNYWRyaWQsIFNwYWluIiwiaHRpZG9jaWQiOiJrR3ptQzNCck9SdTJLaWlvQUFBQUFBPT0iLCJ1dWxlIjoidytDQUlRSUNJRlUzQmhhVzQifQ==,Seguridad
eyJqb2JfdGl0bGUiOiJFc3BlY2lhbGlzdGEgZW4gU29wb3J0ZSBUw6ljbmljbyIsImNvbXBhbnlfbmFtZSI6IkVDQiIsImFkZHJlc3NfY2l0eSI6Ik1hZHJpZCwgU3BhaW4iLCJodGlkb2NpZCI6IkZDaEZZWHI2N0xCNkJITXhBQUFBQUE9PSIsInV1bGUiOiJ3K0NBSVFJQ0lGVTNCaGFXNCJ9,Seguridad
eyJqb2JfdGl0bGUiOiJSZXNwb25zYWJsZSBkZSBOZWdvY2lvIGVuIEF1dG9tYXRpemFjacOzbiBJbmR1c3RyaWFsIChIL00pIiwiY29tcGFueV9uYW1lIjoiQWN0ZW1pdW0gU3BhaW4iLCJhZGRyZXNzX2NpdHkiOiJPcnR1ZWxsYSwgU3BhaW4iLCJodGlkb2NpZCI6IkFNbTE4Zk9YTFlyb2VQLXJBQUFBQUE9PSIsInV1bGUiOiJ3K0NBSVFJQ0lGVTNCaGFXNCJ9,Seguridad
eyJqb2JfdGl0bGUiOiJEZXNhcnJvbGxhZG9yL2EgU29mdHdhcmUgRW1iZWJpZG9zIEMrKyIsImNvbXBhbnlfbmFtZSI6IkxISCIsImFkZHJlc3NfY2l0eSI6IlNhbnRhbmRlciwgU3BhaW4iLCJodGlkb2NpZCI6InNnbUp5TWUxWUM1enFRV1lBQUFBQUE9PSIsInV1bGUiOiJ3K0NBSVFJQ0lGVTNCaGFXNCJ9,Integración
eyJqb2JfdGl0bGUiOiJUw6ljbmljbyBkZSBkaXNlw7FvIGRlIGVxdWlwb3MgZGUgZmlicmEiLCJjb21wYW55X25hbWUiOiJFbCBHcnVwbyBMUFMiLCJhZGRyZXNzX2NpdHkiOiJNYWRyaWQsIFNwYWluIiwiaHRpZG9jaWQiOiJpQ3dSa19rUndVQXA5TFJnQUFBQUFBPT0iLCJ1dWxlIjoidytDQUlRSUNJRlUzQmhhVzQifQ==,Integración
eyJqb2JfdGl0bGUiOiJJbnZlc3RpZ2Fkb3IvYSBkZSBSb2LDs3RpY2EiLCJjb21wYW55X25hbWUiOiJMZWl0YXQgLSBDZW50cm8gVGVjbm9sw7NnaWNvIiwiYWRkcmVzc19jaXR5IjoiQmFyY2Vsb25hLCBTcGFpbiIsImh0aWRvY2lkIjoiZnNJTVpweC1KUWw4dDFfa0FBQUFBQT09IiwidXVsZSI6IncrQ0FJUUlDSUZVM0JoYVc0In0=,Backend
eyJqb2JfdGl0bGUiOiJQb3N0dWxhdGUgeWEgcGFyYSB0cmFiYWphciBlbiBpbmdlbmllcsOtYSByb2LDs3RpY2EiLCJjb21wYW55X25hbWUiOiJZb3VuZ0NhcGl0YWwiLCJhZGRyZXNzX2NpdHkiOiJTZXZpbGxlLCBTcGFpbiIsImh0aWRvY2lkIjoiVkVmc25HcTd1ZWZMUXhqMEFBQUFBQT09IiwidXVsZSI6IncrQ0FJUUlDSUZVM0JoYVc0In0=,Seguridad
eyJqb2JfdGl0bGUiOiJJbmdlbmllcm8gZGUgQXV0b21hdGl6YWNpw7NuLCBSb2LDs3RpY2EgZSBJbmR1c3RyaWFsaXphY2nDs24gZGUgcHJvY2Vzb3MgaW5kdXN0cmlhbGVzIiwiY29tcGFueV9uYW1lIjoiU0lTVEVQTEFOVCIsImFkZHJlc3NfY2l0eSI6IkJpbGJhbywgU3BhaW4iLCJodGlkb2NpZCI6IjdjWHZNSXV5S1BjN2hVcU1BQUFBQUE9PSIsInV1bGUiOiJ3K0NBSVFJQ0lGVTNCaGFXNCJ9,Integración
eyJqb2JfdGl0bGUiOiJQcm9ncmFtYWRvci9hIGRlIFJvYm90cyBJbmR1c3RyaWFsZXMgKEtVS0EpIiwiY29tcGFueV9uYW1lIjoiQUxURU4gU1BBSU4iLCJhZGRyZXNzX2NpdHkiOiJTcGFpbiIsImh0aWRvY2lkIjoiV25za2p0ekx3TURsT3RpUEFBQUFBQT09IiwidXVsZSI6IncrQ0FJUUlDSUZVM0JoYVc0In0=,Integración
eyJqb2JfdGl0bGUiOiJQcm9ncmFtYWRvcuKAiy9hIGRlIFJvYm90cyBJbmR1c3RyaWFsZXPigIsvS1VLQSIsImNvbXBhbnlfbmFtZSI6IkFMVEVOIFNQQUlOIiwiYWRkcmVzc19jaXR5IjoiU3BhaW4iLCJodGlkb2NpZCI6IjM2U0F0UlMtbmVQRlMwY2dBQUFBQUE9PSIsInV1bGUiOiJ3K0NBSVFJQ0lGVTNCaGFXNCJ9,Integración
eyJqb2JfdGl0bGUiOiJQcm9ncmFtYWRvci9hIGRlIEF1dG9tYXRpemFjacOzbiAoUExDL1JvYsOzdGljYSkiLCJjb21wYW55X25hbWUiOiJHcnVwbyBJTlZPSU4iLCJhZGRyZXNzX2NpdHkiOiJSdWLDrSwgU3BhaW4iLCJodGlkb2NpZCI6Im9UVzdPRmVNbGJBeGlRUXVBQUFBQUE9PSIsInV1bGUiOiJ3K0NBSVFJQ0lGVTNCaGFXNCJ9,Seguridad
eyJqb2JfdGl0bGUiOiJEZXNhcnJvbGxhZG9yL2EgU1cgRW1iZWJpZG8iLCJjb21wYW55X25hbWUiOiJCZXR3ZWVuIFRlY2hub2xvZ3kiLCJhZGRyZXNzX2NpdHkiOiJTcGFpbiIsImh0aWRvY2lkIjoiWXoyNm5kR1kwamVMOUwxd0FBQUFBQT09IiwidXVsZSI6IncrQ0FJUUlDSUZVM0JoYVc0In0=,Seguridad
eyJqb2JfdGl0bGUiOiJEZXNhcnJvbGxhZG9yL2EgU1cgRW1iZWJpZG8iLCJjb21wYW55X25hbWUiOiJCZXR3ZWVuIFRlY2hub2xvZ3kiLCJhZGRyZXNzX2NpdHkiOiJTcGFpbiIsImh0aWRvY2lkIjoiWXoyNm5kR1kwamVMOUwxd0FBQUFBQT09IiwidXVsZSI6IncrQ0FJUUlDSUZVM0JoYVc0In0=,Integración
eyJqb2JfdGl0bGUiOiJJbmdlbmllcm8gZGUgc29mdHdhcmUgaW5jcnVzdGFkbyIsImNvbXBhbnlfbmFtZSI6IlRyaXBsZSBFIC0gRUVFU0EiLCJhZGRyZXNzX2NpdHkiOiJBbGNvYmVuZGFzLCBTcGFpbiIsImh0aWRvY2lkIjoiRjZ1NV81OXBJWGxSSnhGaEFBQUFBQT09IiwidXVsZSI6IncrQ0FJUUlDSUZVM0JoYVc0In0=,Seguridad
eyJqb2JfdGl0bGUiOiJESVNFw5FBRE9SL0EgVVgvVUkiLCJjb21wYW55X25hbWUiOiJHUlVQIE1FRElBUFJPIiwiYWRkcmVzc19jaXR5IjoiQmFyY2Vsb25hLCBTcGFpbiIsImh0aWRvY2lkIjoiZ2UzbGRxQjJJeFBhVWJOaEFBQUFBQT09IiwidXVsZSI6IncrQ0FJUUlDSUZVM0JoYVc0In0=,Integración
eyJqb2JfdGl0bGUiOiJEaXNlw7FhZG9yL2EgVUkvVVgiLCJjb21wYW55X25hbWUiOiJIZGl2IFNlY3VyaXR5IiwiYWRkcmVzc19jaXR5IjoiRG9ub3N0aWEtU2FuIFNlYmFzdGlhbiwgU3BhaW4iLCJodGlkb2NpZCI6ImpaYnJlSlFreDNic1Rya2dBQUFBQUE9PSIsInV1bGUiOiJ3K0NBSVFJQ0lGVTNCaGFXNCJ9,Integración
eyJqb2JfdGl0bGUiOiJTZW5pb3IgVVggRGVzaWduZXIiLCJjb21wYW55X25hbWUiOiJFbWJyYWNlLWl0IFNwYWluIiwiYWRkcmVzc19jaXR5IjoiTcOhbGFnYSwgU3BhaW4iLCJodGlkb2NpZCI6IkFQZk5FVGNVNzJuSm44MXhBQUFBQUE9PSIsInV1bGUiOiJ3K0NBSVFJQ0lGVTNCaGFXNCJ9,Backend
eyJqb2JfdGl0bGUiOiJKdW5pb3IgVVhcdTAwMjZVSSBEZXNpZ25lciAvIEFJIEFydGlzdCIsImNvbXBhbnlfbmFtZSI6IlN1cGVyUmVhbCIsImFkZHJlc3NfY2l0eSI6Ik1hZHJpZCwgU3BhaW4iLCJodGlkb2NpZCI6IjVuLU5BN2JYS1ZXRTRHOHdBQUFBQUE9PSIsInV1bGUiOiJ3K0NBSVFJQ0lGVTNCaGFXNCJ9,Integración
eyJqb2JfdGl0bGUiOiJVWC9VSSBEZXNpZ25lciIsImNvbXBhbnlfbmFtZSI6Ik5BVEVFVk8gRXNwYcOxYSIsImFkZHJlc3NfY2l0eSI6IkNvbW11bml0eSBvZiBNYWRyaWQsIFNwYWluIiwiaHRpZG9jaWQiOiJUWXMzMWlmNm15WEJ2OG84QUFBQUFBPT0iLCJ1dWxlIjoidytDQUlRSUNJRlUzQmhhVzQifQ==,Mobile
eyJqb2JfdGl0bGUiOiJUw6ljbmljbyB0ZWxlY29tdW5pY2FjaW9uZXMgKHJlZCBtb3ZpbCkiLCJjb21wYW55X25hbWUiOiJPZmciLCJhZGRyZXNzX2NpdHkiOiJBc3R1cmlhcywgU3BhaW4iLCJodGlkb2NpZCI6ImN2U09LemxZT1p3NUdxRzNBQUFBQUE9PSIsInV1bGUiOiJ3K0NBSVFJQ0lGVTNCaGFXNCJ9,Integración
eyJqb2JfdGl0bGUiOiJUw6ljbmljby9hIGRlIFRlbGVjb211bmljYWNpb25lcyIsImNvbXBhbnlfbmFtZSI6IkFMWklTIiwiYWRkcmVzc19jaXR5IjoiRWxjaGUsIFNwYWluIiwiaHRpZG9jaWQiOiJFeTFMUnNxN0J3eDhuYUJKQUFBQUFBPT0iLCJ1dWxlIjoidytDQUlRSUNJRlUzQmhhVzQifQ==,Seguridad
eyJqb2JfdGl0bGUiOiJUw6ljbmljbyB0ZWxlY29tdW5pY2FjaW9uZXMgZnR0aCIsImNvbXBhbnlfbmFtZSI6IkxhIENhc2EgRGVsIFBjIiwiYWRkcmVzc19jaXR5IjoiQXN0dXJpYXMsIFNwYWluIiwiaHRpZG9jaWQiOiJUR3pyM3hVZFlXVlRPajJLQUFBQUFBPT0iLCJ1dWxlIjoidytDQUlRSUNJRlUzQmhhVzQifQ==,Seguridad
eyJqb2JfdGl0bGUiOiJUw6ljbmljb3MvYXMgSW5zdGFsYWNpb25lcyBkZSBUZWxlY29tdW5pY2FjaW9uZXMiLCJjb21wYW55X25hbWUiOiJFdWxlbiIsImFkZHJlc3NfY2l0eSI6IkEgQ29ydcOxYSwgU3BhaW4iLCJodGlkb2NpZCI6ImNha3hMUjdLRDdUVkQwYzFBQUFBQUE9PSIsInV1bGUiOiJ3K0NBSVFJQ0lGVTNCaGFXNCJ9,Seguridad
eyJqb2JfdGl0bGUiOiJBbmFsaXN0YSBkZSBwcm9jZXNvcyIsImNvbXBhbnlfbmFtZSI6IlZvbGtzd2FnZW4gR3JvdXAgU2VydmljZXMgQmFyY2Vsb25hIiwiYWRkcmVzc19jaXR5IjoiTWFydG9yZWxsLCBTcGFpbiIsImh0aWRvY2lkIjoiNlVIYXZQaWVQYWw2REdXeEFBQUFBQT09IiwidXVsZSI6IncrQ0FJUUlDSUZVM0JoYVc0In0=,Base de datos
eyJqb2JfdGl0bGUiOiJBbmFsaXN0YSBkZSBwcm9jZXNvcy9jYWRlbmEgZGUgc3VtaW5pc3RybyAoQ29udHJhdG8gZGUgcHLDoWN0aWNhcykgU2V2aWxsYS9NYWRyaWQiLCJjb21wYW55X25hbWUiOiJUaGUgSEVJTkVLRU4gQ29tcGFueSIsImFkZHJlc3NfY2l0eSI6IlNldmlsbGUsIFNwYWluIiwiaHRpZG9jaWQiOiJRQnhIZ3JjUkZZWTJUU3VtQUFBQUFBPT0iLCJ1dWxlIjoidytDQUlRSUNJRlUzQmhhVzQifQ==,Seguridad
eyJqb2JfdGl0bGUiOiJJbmdlbmllcm8gRGUgQ2FsaWRhZCBTb2Z0d2FyZSAtIENsaWVudGUgRmluYWwiLCJjb21wYW55X25hbWUiOiJaZW1zYW5pYSIsImFkZHJlc3NfY2l0eSI6Ik1hZHJpZCwgU3BhaW4iLCJodGlkb2NpZCI6IjlkY3R4cDJBZklHc0t4b09BQUFBQUE9PSIsInV1bGUiOiJ3K0NBSVFJQ0lGVTNCaGFXNCJ9,Seguridad
eyJqb2JfdGl0bGUiOiJJbmdlbmllcm8gRGUgQ2FsaWRhZCBTb2Z0d2FyZSAtIENsaWVudGUgRmluYWwiLCJjb21wYW55X25hbWUiOiJaZW1zYW5pYSIsImFkZHJlc3NfY2l0eSI6Ik1hZHJpZCwgU3BhaW4iLCJodGlkb2NpZCI6IjlkY3R4cDJBZklHc0t4b09BQUFBQUE9PSIsInV1bGUiOiJ3K0NBSVFJQ0lGVTNCaGFXNCJ9,Integración
eyJqb2JfdGl0bGUiOiJJbmdlbmllcm8gUUEgU2VuaW9yIENhbGlkYWQgc29mdHdhcmUsIE1hZHJpZCIsImNvbXBhbnlfbmFtZSI6IkNyZWFydGUgQ29uc3VsdGluZyIsImFkZHJlc3NfY2l0eSI6IkNvbW11bml0eSBvZiBNYWRyaWQsIFNwYWluIiwiaHRpZG9jaWQiOiI5YTh3Skx5Tk1OLW1qTVpkQUFBQUFBPT0iLCJ1dWxlIjoidytDQUlRSUNJRlUzQmhhVzQifQ==,Seguridad
eyJqb2JfdGl0bGUiOiJJbmdlbmllcm8gUUEgU2VuaW9yIENhbGlkYWQgc29mdHdhcmUsIE1hZHJpZCIsImNvbXBhbnlfbmFtZSI6IkNyZWFydGUgQ29uc3VsdGluZyIsImFkZHJlc3NfY2l0eSI6IkNvbW11bml0eSBvZiBNYWRyaWQsIFNwYWluIiwiaHRpZG9jaWQiOiI5YTh3Skx5Tk1OLW1qTVpkQUFBQUFBPT0iLCJ1dWxlIjoidytDQUlRSUNJRlUzQmhhVzQifQ==,Integración
eyJqb2JfdGl0bGUiOiJJbmdlbmllcm8gUWEgU2VuaW9yIERlIENhbGlkYWQgRGUgU29mdHdhcmUiLCJjb21wYW55X25hbWUiOiJDcmVhcnRlIENvbnN1bHRpbmciLCJhZGRyZXNzX2NpdHkiOiJCYXJjZWxvbmEsIFNwYWluIiwiaHRpZG9jaWQiOiJPeTBVcm95T0UtLUpJOXAxQUFBQUFBPT0iLCJ1dWxlIjoidytDQUlRSUNJRlUzQmhhVzQifQ==,Seguridad
eyJqb2JfdGl0bGUiOiJJbmdlbmllcm8gUWEgU2VuaW9yIERlIENhbGlkYWQgRGUgU29mdHdhcmUiLCJjb21wYW55X25hbWUiOiJDcmVhcnRlIENvbnN1bHRpbmciLCJhZGRyZXNzX2NpdHkiOiJCYXJjZWxvbmEsIFNwYWluIiwiaHRpZG9jaWQiOiJPeTBVcm95T0UtLUpJOXAxQUFBQUFBPT0iLCJ1dWxlIjoidytDQUlRSUNJRlUzQmhhVzQifQ==,Integración
eyJqb2JfdGl0bGUiOiJJbmdlbmllcm8vYSBDYWxpZGFkIiwiY29tcGFueV9uYW1lIjoiVHJpZ28gR3JvdXAiLCJhZGRyZXNzX2NpdHkiOiJTcGFpbiIsImh0aWRvY2lkIjoiT0UtMWpxaVRzYjlkdVZKV0FBQUFBQT09IiwidXVsZSI6IncrQ0FJUUlDSUZVM0JoYVc0In0=,Integración
eyJqb2JfdGl0bGUiOiJRdWFsaXR5IEFzc3VyYW5jZSBFbmdpbmVlciIsImNvbXBhbnlfbmFtZSI6IlNvZnRlY2EiLCJhZGRyZXNzX2NpdHkiOiJCdXJnb3MsIFNwYWluIiwiaHRpZG9jaWQiOiJUU0lzU19MR0Z0LVlyV05WQUFBQUFBPT0iLCJ1dWxlIjoidytDQUlRSUNJRlUzQmhhVzQifQ==,Seguridad
eyJqb2JfdGl0bGUiOiJRdWFsaXR5IEFzc3VyYW5jZSBFbmdpbmVlciIsImNvbXBhbnlfbmFtZSI6IlNvZnRlY2EiLCJhZGRyZXNzX2NpdHkiOiJCdXJnb3MsIFNwYWluIiwiaHRpZG9jaWQiOiJUU0lzU19MR0Z0LVlyV05WQUFBQUFBPT0iLCJ1dWxlIjoidytDQUlRSUNJRlUzQmhhVzQifQ==,Integración
eyJqb2JfdGl0bGUiOiJUw4lDTklDTyBTT1BPUlRFIE9GSUNJTkEiLCJjb21wYW55X25hbWUiOiJBeWFuZXQiLCJhZGRyZXNzX2NpdHkiOiJTZXZpbGxlLCBTcGFpbiIsImh0aWRvY2lkIjoiOXZjaE0xQlRUbHRVVU9nUkFBQUFBQT09IiwidXVsZSI6IncrQ0FJUUlDSUZVM0JoYVc0In0=,Seguridad
eyJqb2JfdGl0bGUiOiJUw6ljbmljbyBkZSBTb3BvcnRlIHR1cm5vIDI0KjcgLSAxwrogTMOtbmVhIChWaXRvcmlhKSIsImNvbXBhbnlfbmFtZSI6IlNlY3VyZVx1MDAyNklUIiwiYWRkcmVzc19jaXR5IjoiVml0b3JpYS1HYXN0ZWl6LCBTcGFpbiIsImh0aWRvY2lkIjoiUXZ0RzJEWjR4X014SU5tM0FBQUFBQT09IiwidXVsZSI6IncrQ0FJUUlDSUZVM0JoYVc0In0=,Seguridad
eyJqb2JfdGl0bGUiOiJBbmFsaXN0YSBkZSBGaW5hbmNpZXJvIGNvbiBleHAgQnVzaW5lc3MgQ2VudHJhbC4iLCJjb21wYW55X25hbWUiOiJSb2JlcnQgV2FsdGVycyIsImFkZHJlc3NfY2l0eSI6Ikxlw7NuLCBTcGFpbiIsImh0aWRvY2lkIjoiZDNjZWQ0dTFvSFFwZ01wNUFBQUFBQT09IiwidXVsZSI6IncrQ0FJUUlDSUZVM0JoYVc0In0=,Integración
eyJqb2JfdGl0bGUiOiJBbmFsaXN0YSBkZSBGaW5hbmNpZXJvIGNvbiBleHAgQnVzaW5lc3MgQ2VudHJhbC4iLCJjb21wYW55X25hbWUiOiJSb2JlcnQgV2FsdGVycyIsImFkZHJlc3NfY2l0eSI6Ikxlw7NuLCBTcGFpbiIsImh0aWRvY2lkIjoiZDNjZWQ0dTFvSFFwZ01wNUFBQUFBQT09IiwidXVsZSI6IncrQ0FJUUlDSUZVM0JoYVc0In0=,Mantenimiento y Soporte
eyJqb2JfdGl0bGUiOiJBbmFsaXN0YSBGaW5hbmNpZXJvIHkgZGUgTmVnb2NpbyAoTS9GKSIsImNvbXBhbnlfbmFtZSI6IlRlY25pbWVkZSBHcm91cCIsImFkZHJlc3NfY2l0eSI6Ik1hZHJpZCwgU3BhaW4iLCJodGlkb2NpZCI6IkhCdlJOSjJua3RuRlBRbnVBQUFBQUE9PSIsInV1bGUiOiJ3K0NBSVFJQ0lGVTNCaGFXNCJ9,Seguridad
eyJqb2JfdGl0bGUiOiJUw6ljbmljby9hIEFuYWxpc3RhIEZpbmFuY2llcm8iLCJjb21wYW55X25hbWUiOiJISCBodW50ZXJzIiwiYWRkcmVzc19jaXR5IjoiTGFzIFJvemFzIGRlIE1hZHJpZCwgU3BhaW4iLCJodGlkb2NpZCI6IlphSUV2WjhFdGhxUi14cVNBQUFBQUE9PSIsInV1bGUiOiJ3K0NBSVFJQ0lGVTNCaGFXNCJ9,Seguridad
eyJqb2JfdGl0bGUiOiJCRUNBIEFOQUxJU0lTIEZJTkFOQ0lFUk8iLCJjb21wYW55X25hbWUiOiJCTlAgUGFyaWJhcyBQZXJzb25hbCBGaW5hbmNlIiwiYWRkcmVzc19jaXR5IjoiTWFkcmlkLCBTcGFpbiIsImh0aWRvY2lkIjoibGswWGt0TWg3MExWNnhyTEFBQUFBQT09IiwidXVsZSI6IncrQ0FJUUlDSUZVM0JoYVc0In0=,Base de datos
eyJqb2JfdGl0bGUiOiJDb25zdWx0b3ItYSBGaW5hbmNpZXJvLWEgKEZpbmFuY2lhbCBBY2NvdW50aW5nIEFkdmlzb3J5IFNlcnZpY2VzKSIsImNvbXBhbnlfbmFtZSI6IkVZIiwiYWRkcmVzc19jaXR5IjoiTWFkcmlkLCBTcGFpbiIsImh0aWRvY2lkIjoiUVlzUDAwS2lOa09XVnFmM0FBQUFBQT09IiwidXVsZSI6IncrQ0FJUUlDSUZVM0JoYVc0In0=,Seguridad
eyJqb2JfdGl0bGUiOiJUw6ljbmljbyBkZSBTaXN0ZW1hcyBMaW51eCIsImNvbXBhbnlfbmFtZSI6IklUIFNlcnZpY2VzIiwiYWRkcmVzc19jaXR5IjoiTWFkcmlkLCBTcGFpbiIsImh0aWRvY2lkIjoiX2cxSm96QklCajNvbVl2c0FBQUFBQT09IiwidXVsZSI6IncrQ0FJUUlDSUZVM0JoYVc0In0=,Seguridad
eyJqb2JfdGl0bGUiOiJUw6ljbmljbyBTaXN0ZW1hcyBMaW51eCB5IEFsbWFjZW5hbWllbnRvIiwiY29tcGFueV9uYW1lIjoiQXJlbGFuY2UiLCJhZGRyZXNzX2NpdHkiOiJUcmVzIENhbnRvcywgU3BhaW4iLCJodGlkb2NpZCI6ImllTzdoa2I5ZGRvczV3cUtBQUFBQUE9PSIsInV1bGUiOiJ3K0NBSVFJQ0lGVTNCaGFXNCJ9,Integración
eyJqb2JfdGl0bGUiOiJUw4lDTklDTyBERSBTSVNURU1BUyBMSU5VWCAvIFJFRCBIQVQgKFBSRVNFTkNJQUwtRUwgRVNDT1JJQUwpIiwiY29tcGFueV9uYW1lIjoiU290ZWMgQ29uc3VsdGluZyIsImFkZHJlc3NfY2l0eSI6IlNhbiBMb3JlbnpvIGRlIEVsIEVzY29yaWFsLCBTcGFpbiIsImh0aWRvY2lkIjoidTlKeUpUclFGVE1qYkVTRUFBQUFBQT09IiwidXVsZSI6IncrQ0FJUUlDSUZVM0JoYVc0In0=,Integración
eyJqb2JfdGl0bGUiOiJUw6ljbmljby9hIGRlIFNpc3RlbWFzIExpbnV4IiwiY29tcGFueV9uYW1lIjoiS2V5IFRhbGVudCBJbmRpY2F0b3IiLCJhZGRyZXNzX2NpdHkiOiJNYWRyaWQsIFNwYWluIiwiaHRpZG9jaWQiOiJHTVVGYmFkamJYeGY2TFBZQUFBQUFBPT0iLCJ1dWxlIjoidytDQUlRSUNJRlUzQmhhVzQifQ==,Seguridad
eyJqb2JfdGl0bGUiOiJUw6ljbmljbyBkZSBTaXN0ZW1hcyBMaW51eC1SZWQgSGF0IiwiY29tcGFueV9uYW1lIjoiYXJlbGFuY2UiLCJhZGRyZXNzX2NpdHkiOiJCYXJjZWxvbmEsIFNwYWluIiwiaHRpZG9jaWQiOiJVRERFQmFiODRQNzBRSm13QUFBQUFBPT0iLCJ1dWxlIjoidytDQUlRSUNJRlUzQmhhVzQifQ==,Integración
eyJqb2JfdGl0bGUiOiJUw6ljbmljbyBkZSBTaXN0ZW1hcyBMSU5VWCIsImNvbXBhbnlfbmFtZSI6IkFkZWxhbnRUYSIsImFkZHJlc3NfY2l0eSI6Ik1hZHJpZCwgU3BhaW4iLCJodGlkb2NpZCI6IlBvRU9NXzc2RmJUblY4M2pBQUFBQUE9PSIsInV1bGUiOiJ3K0NBSVFJQ0lGVTNCaGFXNCJ9,Seguridad
eyJqb2JfdGl0bGUiOiJUw6ljbmljby9hIGRlIFNpc3RlbWFzIExpbnV4IiwiY29tcGFueV9uYW1lIjoiS2V5IFRhbGVudCBJbmRpY2F0b3IiLCJhZGRyZXNzX2NpdHkiOiJNYWRyaWQsIFNwYWluIiwiaHRpZG9jaWQiOiJYV2JqWlA3LWFPTGFZZktuQUFBQUFBPT0iLCJ1dWxlIjoidytDQUlRSUNJRlUzQmhhVzQifQ==,Seguridad
eyJqb2JfdGl0bGUiOiJUw6ljbmljbyBTaXN0ZW1hcyBTZW5pb3IgTGludXhcdFx0XHRcdFx0XHRcdFx0XHJcblx0XHRcdFx0XHRcdFx0XHRcclxuXHRcdFx0XHRcdFx0XHRcdFx0KE1hZHJpZCkiLCJjb21wYW55X25hbWUiOiJTZWx0aW1lIiwiYWRkcmVzc19jaXR5IjoiTWFkcmlkLCBTcGFpbiIsImh0aWRvY2lkIjoiTWhWVTFIWUt6emJ0TG5nTUFBQUFBQT09IiwidXVsZSI6IncrQ0FJUUlDSUZVM0JoYVc0In0=,Seguridad
eyJqb2JfdGl0bGUiOiJUw6ljbmljbyBkZSBTaXN0ZW1hcyBMSU5VWCAoSC9NL1gpIiwiY29tcGFueV9uYW1lIjoic2F0ZWMiLCJhZGRyZXNzX2NpdHkiOiJTcGFpbiIsImh0aWRvY2lkIjoiZnZLRmhqbnpZQzZ0aUJ4dEFBQUFBQT09IiwidXVsZSI6IncrQ0FJUUlDSUZVM0JoYVc0In0=,Seguridad
eyJqb2JfdGl0bGUiOiJUw6ljbmljbyBkZSBTaXN0ZW1hcyBMSU5VWCAoSC9NL1gpIiwiY29tcGFueV9uYW1lIjoic2F0ZWMiLCJhZGRyZXNzX2NpdHkiOiJTcGFpbiIsImh0aWRvY2lkIjoiZnZLRmhqbnpZQzZ0aUJ4dEFBQUFBQT09IiwidXVsZSI6IncrQ0FJUUlDSUZVM0JoYVc0In0=,Integración
eyJqb2JfdGl0bGUiOiJUw6ljbmljby9hIGRlIExpbnV4IiwiY29tcGFueV9uYW1lIjoiR2V0cm9uaWNzIiwiYWRkcmVzc19jaXR5IjoiTWFkcmlkLCBTcGFpbiIsImh0aWRvY2lkIjoiZVJ1c0Q4eHo1UVBCMmNXUUFBQUFBQT09IiwidXVsZSI6IncrQ0FJUUlDSUZVM0JoYVc0In0=,Seguridad
eyJqb2JfdGl0bGUiOiJJbmdlbmllckAgZGUgRGF0b3MgLSBBbsOhbGlzaXMgZGUgTWFya2V0aW5nIERpZ2l0YWwiLCJjb21wYW55X25hbWUiOiJOZXh0dGlDIiwiYWRkcmVzc19jaXR5IjoiQmFyY2Vsb25hLCBTcGFpbiIsImh0aWRvY2lkIjoiWGRkcmJ2ekxkOVV1TkdyVUFBQUFBQT09IiwidXVsZSI6IncrQ0FJUUlDSUZVM0JoYVc0In0=,Integración
eyJqb2JfdGl0bGUiOiJBTkFMSVNUQSBERSBEQVRPUyBZIEVTVFJBVEVHSUEgRElHSVRBTCIsImNvbXBhbnlfbmFtZSI6Ik1hcmxleCIsImFkZHJlc3NfY2l0eSI6IkVsIFZlbmRyZWxsLCBTcGFpbiIsImh0aWRvY2lkIjoiVmtKY3RCQk42UXBTaGxYa0FBQUFBQT09IiwidXVsZSI6IncrQ0FJUUlDSUZVM0JoYVc0In0=,Base de datos
eyJqb2JfdGl0bGUiOiJBZG1pbmlzdHJhZG9yL0EgQmFzZXMgRGUgRGF0b3MgU3FsIiwiY29tcGFueV9uYW1lIjoiVW5zcGVjaWZpZWQiLCJhZGRyZXNzX2NpdHkiOiJNdXJjaWEsIFNwYWluIiwiaHRpZG9jaWQiOiJ6VDhCc1JLVjNncnVvQjV5QUFBQUFBPT0iLCJ1dWxlIjoidytDQUlRSUNJRlUzQmhhVzQifQ==,Seguridad
eyJqb2JfdGl0bGUiOiJEQkEsIGFkbWluaXN0cmFkb3IvYSBkZSBiYXNlcyBkZSBkYXRvcyAoUG9zdGdyZVNRTCkiLCJjb21wYW55X25hbWUiOiJNZW5zb2Z0IENvbnN1bHRvcmVzIiwiYWRkcmVzc19jaXR5IjoiTWFkcmlkLCBTcGFpbiIsImh0aWRvY2lkIjoiOEN4WHlIenExOG1Fcm9MVkFBQUFBQT09IiwidXVsZSI6IncrQ0FJUUlDSUZVM0JoYVc0In0=,Base de datos
eyJqb2JfdGl0bGUiOiJBZG1pbmlzdHJhZG9yIGRlIEJhc2VzIGRlIERhdG9zLyBTeWJhc2UiLCJjb21wYW55X25hbWUiOiJBTFZFQSBTT0xVQ0lPTkVTIFRFQ05PTE9HSUNBUywgUy5MLiIsImFkZHJlc3NfY2l0eSI6Ik1hZHJpZCwgU3BhaW4iLCJodGlkb2NpZCI6ImJGcFZPRVpGUkpsSmM1Z3FBQUFBQUE9PSIsInV1bGUiOiJ3K0NBSVFJQ0lGVTNCaGFXNCJ9,Seguridad
eyJqb2JfdGl0bGUiOiJBZG1pbmlzdHJhZG9yIGRlIGJhc2VzIGRlIGRhdG9zIGNvbiBBd3MiLCJjb21wYW55X25hbWUiOiJBbHZlYSBTb2x1Y2lvbmVzIFRlY25vbMOzZ2ljYXMiLCJhZGRyZXNzX2NpdHkiOiJTcGFpbiIsImh0aWRvY2lkIjoiN2VGeVJXZnVBcmhKNkREc0FBQUFBQT09IiwidXVsZSI6IncrQ0FJUUlDSUZVM0JoYVc0In0=,Seguridad
eyJqb2JfdGl0bGUiOiJBZG1pbmlzdHJhZG9yIGRlIEJhc2VzIGRlIERhdG9zIiwiY29tcGFueV9uYW1lIjoiVmFzdGJvdXciLCJhZGRyZXNzX2NpdHkiOiJTcGFpbiIsImh0aWRvY2lkIjoiLWwxWnNOVVU2Vk9KU3JrWkFBQUFBQT09IiwidXVsZSI6IncrQ0FJUUlDSUZVM0JoYVc0In0=,Seguridad
eyJqb2JfdGl0bGUiOiJBZG1pbmlzdHJhZG9yIGRlIEJhc2VzIGRlIERhdG9zIiwiY29tcGFueV9uYW1lIjoiVmFzdGJvdXciLCJhZGRyZXNzX2NpdHkiOiJTcGFpbiIsImh0aWRvY2lkIjoiLWwxWnNOVVU2Vk9KU3JrWkFBQUFBQT09IiwidXVsZSI6IncrQ0FJUUlDSUZVM0JoYVc0In0=,Base de datos
eyJqb2JfdGl0bGUiOiJBZG1pbmlzdHJhZG9yIERlIEJhc2UgRGF0b3MgU3FsIFNlcnZlciIsImNvbXBhbnlfbmFtZSI6IkNzYSBBc3NvY2lhdHMiLCJhZGRyZXNzX2NpdHkiOiJCYXJjZWxvbmEsIFNwYWluIiwiaHRpZG9jaWQiOiJPcTF6ZGVyUXZBWmUtVVEyQUFBQUFBPT0iLCJ1dWxlIjoidytDQUlRSUNJRlUzQmhhVzQifQ==,Seguridad
eyJqb2JfdGl0bGUiOiJBZG1pbmlzdHJhZG9yIERlIEJhc2UgRGF0b3MgU3FsIFNlcnZlciIsImNvbXBhbnlfbmFtZSI6IkNzYSBBc3NvY2lhdHMiLCJhZGRyZXNzX2NpdHkiOiJCYXJjZWxvbmEsIFNwYWluIiwiaHRpZG9jaWQiOiJPcTF6ZGVyUXZBWmUtVVEyQUFBQUFBPT0iLCJ1dWxlIjoidytDQUlRSUNJRlUzQmhhVzQifQ==,Base de datos
eyJqb2JfdGl0bGUiOiJEQkHigIsvYWRtaW5pc3RyYWRvcuKAiy9hIGRlIGRlIGRhdG9zIiwiY29tcGFueV9uYW1lIjoiU3VienplZHVjYXRpb24iLCJhZGRyZXNzX2NpdHkiOiJBIENvcnXDsWEsIFNwYWluIiwiaHRpZG9jaWQiOiJnSzZVNFUyZHpyN2NtdGFGQUFBQUFBPT0iLCJ1dWxlIjoidytDQUlRSUNJRlUzQmhhVzQifQ==,Seguridad
eyJqb2JfdGl0bGUiOiJEQkHigIsvYWRtaW5pc3RyYWRvcuKAiy9hIGRlIGRlIGRhdG9zIiwiY29tcGFueV9uYW1lIjoiU3VienplZHVjYXRpb24iLCJhZGRyZXNzX2NpdHkiOiJBIENvcnXDsWEsIFNwYWluIiwiaHRpZG9jaWQiOiJnSzZVNFUyZHpyN2NtdGFGQUFBQUFBPT0iLCJ1dWxlIjoidytDQUlRSUNJRlUzQmhhVzQifQ==,Base de datos
eyJqb2JfdGl0bGUiOiJEQkEgTW9uZ28gKGFkbWluaXN0cmFkb3IvYSBkZSBiYXNlIGRlIGRhdG9zKSIsImNvbXBhbnlfbmFtZSI6IkRlIE5vdm8gU29sdXRpb25zIiwiYWRkcmVzc19jaXR5IjoiTWFkcmlkLCBTcGFpbiIsImh0aWRvY2lkIjoiOUMtZjE2MDZtLXVBdTZUY0FBQUFBQT09IiwidXVsZSI6IncrQ0FJUUlDSUZVM0JoYVc0In0=,Seguridad
eyJqb2JfdGl0bGUiOiJEQkEgTW9uZ28gKGFkbWluaXN0cmFkb3IvYSBkZSBiYXNlIGRlIGRhdG9zKSIsImNvbXBhbnlfbmFtZSI6IkRlIE5vdm8gU29sdXRpb25zIiwiYWRkcmVzc19jaXR5IjoiTWFkcmlkLCBTcGFpbiIsImh0aWRvY2lkIjoiOUMtZjE2MDZtLXVBdTZUY0FBQUFBQT09IiwidXVsZSI6IncrQ0FJUUlDSUZVM0JoYVc0In0=,Base de datos
eyJqb2JfdGl0bGUiOiJBZG1pbmlzdHJhZG9yL0EgRGUgQmFzZXMgRGUgRGF0b3MiLCJjb21wYW55X25hbWUiOiJWZXJtb250IFNvbHV0aW9ucyIsImFkZHJlc3NfY2l0eSI6IlZhbGVuY2lhLCBTcGFpbiIsImh0aWRvY2lkIjoiMVJ2ekRuQ3FyWEZCbnZEeUFBQUFBQT09IiwidXVsZSI6IncrQ0FJUUlDSUZVM0JoYVc0In0=,Seguridad
eyJqb2JfdGl0bGUiOiJBZG1pbmlzdHJhZG9yL0EgRGUgQmFzZXMgRGUgRGF0b3MiLCJjb21wYW55X25hbWUiOiJWZXJtb250IFNvbHV0aW9ucyIsImFkZHJlc3NfY2l0eSI6IlZhbGVuY2lhLCBTcGFpbiIsImh0aWRvY2lkIjoiMVJ2ekRuQ3FyWEZCbnZEeUFBQUFBQT09IiwidXVsZSI6IncrQ0FJUUlDSUZVM0JoYVc0In0=,Base de datos
eyJqb2JfdGl0bGUiOiJBZG1pbmlzdHJhZG9yYSBPIEFkbWluaXN0cmFkb3IgRGUgQmFzZXMgRGUgRGF0b3MiLCJjb21wYW55X25hbWUiOiJCZXJnZXItTGV2cmF1bHQiLCJhZGRyZXNzX2NpdHkiOiJTZXZpbGxlLCBTcGFpbiIsImh0aWRvY2lkIjoiRTZkZjM2bnN2TGhWWFI4MEFBQUFBQT09IiwidXVsZSI6IncrQ0FJUUlDSUZVM0JoYVc0In0=,Seguridad
eyJqb2JfdGl0bGUiOiJBZG1pbmlzdHJhZG9yYSBPIEFkbWluaXN0cmFkb3IgRGUgQmFzZXMgRGUgRGF0b3MiLCJjb21wYW55X25hbWUiOiJCZXJnZXItTGV2cmF1bHQiLCJhZGRyZXNzX2NpdHkiOiJTZXZpbGxlLCBTcGFpbiIsImh0aWRvY2lkIjoiRTZkZjM2bnN2TGhWWFI4MEFBQUFBQT09IiwidXVsZSI6IncrQ0FJUUlDSUZVM0JoYVc0In0=,Base de datos
eyJqb2JfdGl0bGUiOiJBZG1pbmlzdHJhZG9yYSBPIEFkbWluaXN0cmFkb3IgRGUgQmFzZXMgRGUgRGF0b3MiLCJjb21wYW55X25hbWUiOiJCZXJnZXItTGV2cmF1bHQiLCJhZGRyZXNzX2NpdHkiOiJTZXZpbGxlLCBTcGFpbiIsImh0aWRvY2lkIjoiRTZkZjM2bnN2TGhWWFI4MEFBQUFBQT09IiwidXVsZSI6IncrQ0FJUUlDSUZVM0JoYVc0In0=,Integración
eyJqb2JfdGl0bGUiOiJBZG1pbmlzdHJhZG9yIEJhc2UgRGUgRGF0b3MiLCJjb21wYW55X25hbWUiOiJJbmZvcG9ydCIsImFkZHJlc3NfY2l0eSI6IlZhbGVuY2lhLCBTcGFpbiIsImh0aWRvY2lkIjoic0gtMzBvNVZkajVxZl8zaEFBQUFBQT09IiwidXVsZSI6IncrQ0FJUUlDSUZVM0JoYVc0In0=,Seguridad
eyJqb2JfdGl0bGUiOiJBZG1pbmlzdHJhZG9yIEJhc2UgRGUgRGF0b3MiLCJjb21wYW55X25hbWUiOiJJbmZvcG9ydCIsImFkZHJlc3NfY2l0eSI6IlZhbGVuY2lhLCBTcGFpbiIsImh0aWRvY2lkIjoic0gtMzBvNVZkajVxZl8zaEFBQUFBQT09IiwidXVsZSI6IncrQ0FJUUlDSUZVM0JoYVc0In0=,Base de datos
eyJqb2JfdGl0bGUiOiJBZG1pbmlzdHJhZG9yL0EgQmJkZCBTcWwgU2VydmVyIiwiY29tcGFueV9uYW1lIjoiTG9naWNhbGlzIFNwYWluIiwiYWRkcmVzc19jaXR5IjoiQmFyY2Vsb25hLCBTcGFpbiIsImh0aWRvY2lkIjoiR0tydko5ckZON0FxMC1LUEFBQUFBQT09IiwidXVsZSI6IncrQ0FJUUlDSUZVM0JoYVc0In0=,Seguridad
eyJqb2JfdGl0bGUiOiJEQkEgKERhdGEgQmFzZSBBZG1pbmlzdHJhZG9yKSAtIEFkbWluaXN0cmFkb3IvYSBkZSBiYXNlIGRlIGRhdG9zIiwiY29tcGFueV9uYW1lIjoiRWNvbm9jb20gU2VydmljaW9zIiwiYWRkcmVzc19jaXR5IjoiQmFyY2Vsb25hLCBTcGFpbiIsImh0aWRvY2lkIjoiT09zZFJ3QU50ZUtJUzlTSUFBQUFBQT09IiwidXVsZSI6IncrQ0FJUUlDSUZVM0JoYVc0In0=,Seguridad
eyJqb2JfdGl0bGUiOiJEQkEgKERhdGEgQmFzZSBBZG1pbmlzdHJhZG9yKSAtIEFkbWluaXN0cmFkb3IvYSBkZSBiYXNlIGRlIGRhdG9zIiwiY29tcGFueV9uYW1lIjoiRWNvbm9jb20gU2VydmljaW9zIiwiYWRkcmVzc19jaXR5IjoiQmFyY2Vsb25hLCBTcGFpbiIsImh0aWRvY2lkIjoiT09zZFJ3QU50ZUtJUzlTSUFBQUFBQT09IiwidXVsZSI6IncrQ0FJUUlDSUZVM0JoYVc0In0=,Base de datos
eyJqb2JfdGl0bGUiOiJBZG1pbmlzdHJhZG9yIERlIEJhc2VzIERlIERhdG9zIiwiY29tcGFueV9uYW1lIjoiQ2FwaXRvbGUgQ29uc3VsdGluZyIsImFkZHJlc3NfY2l0eSI6Ik1hZHJpZCwgU3BhaW4iLCJodGlkb2NpZCI6IkdlekU5ZmN2a0NBYnBscllBQUFBQUE9PSIsInV1bGUiOiJ3K0NBSVFJQ0lGVTNCaGFXNCJ9,Seguridad
eyJqb2JfdGl0bGUiOiJBZG1pbmlzdHJhZG9yIERlIEJhc2VzIERlIERhdG9zIiwiY29tcGFueV9uYW1lIjoiQ2FwaXRvbGUgQ29uc3VsdGluZyIsImFkZHJlc3NfY2l0eSI6Ik1hZHJpZCwgU3BhaW4iLCJodGlkb2NpZCI6IkdlekU5ZmN2a0NBYnBscllBQUFBQUE9PSIsInV1bGUiOiJ3K0NBSVFJQ0lGVTNCaGFXNCJ9,Base de datos
eyJqb2JfdGl0bGUiOiJEQkHigIsvQWRtaW5pc3RyYWRvciBkZSBEYXRvc+KAiy9Qb3N0Z3JlU1FMIHkgTW9uZ29EQiIsImNvbXBhbnlfbmFtZSI6IlJvYmVydCBXYWx0ZXJzIFNwYWluIiwiYWRkcmVzc19jaXR5IjoiTcOhbGFnYSwgU3BhaW4iLCJodGlkb2NpZCI6IkZmODNHMnFpOVRSRm80bC1BQUFBQUE9PSIsInV1bGUiOiJ3K0NBSVFJQ0lGVTNCaGFXNCJ9,Base de datos
eyJqb2JfdGl0bGUiOiJBZG1pbmlzdHJhZG9yIEJhc2VzIGRlIERhdG9zIE15U1FMIGVuIERyZXNkZW4sIEFsZW1hbmlhIiwiY29tcGFueV9uYW1lIjoiU3BhbmlzY2hlIEZhY2hrcsOkZnRlIC0gVFRBIFBlcnNvbmFsIEdtYkgiLCJhZGRyZXNzX2NpdHkiOiJTcGFpbiIsImh0aWRvY2lkIjoiUVhVU3pHcm5ULWN4T29aNUFBQUFBQT09IiwidXVsZSI6IncrQ0FJUUlDSUZVM0JoYVc0In0=,Seguridad
eyJqb2JfdGl0bGUiOiJBZG1pbmlzdHJhZG9yIEJhc2VzIGRlIERhdG9zIE15U1FMIGVuIERyZXNkZW4sIEFsZW1hbmlhIiwiY29tcGFueV9uYW1lIjoiU3BhbmlzY2hlIEZhY2hrcsOkZnRlIC0gVFRBIFBlcnNvbmFsIEdtYkgiLCJhZGRyZXNzX2NpdHkiOiJTcGFpbiIsImh0aWRvY2lkIjoiUVhVU3pHcm5ULWN4T29aNUFBQUFBQT09IiwidXVsZSI6IncrQ0FJUUlDSUZVM0JoYVc0In0=,Base de datos
eyJqb2JfdGl0bGUiOiJEQkEgU1FMIC0gUE9TVEdSRVNRTCIsImNvbXBhbnlfbmFtZSI6IlBTUyIsImFkZHJlc3NfY2l0eSI6Ik1hZHJpZCwgU3BhaW4iLCJodGlkb2NpZCI6IjZ2U2hSNzBYeGxEbWpidTZBQUFBQUE9PSIsInV1bGUiOiJ3K0NBSVFJQ0lGVTNCaGFXNCJ9,Base de datos
eyJqb2JfdGl0bGUiOiJTZW5pb3IgU1FMIERhdGFiYXNlIEFkbWluaXN0cmF0b3IgUkVNT1RPIiwiY29tcGFueV9uYW1lIjoia25vd21hZCBtb29kIiwiYWRkcmVzc19jaXR5IjoiU3BhaW4iLCJodGlkb2NpZCI6IkJ5elFaV1E2X21oQm5ocWRBQUFBQUE9PSIsInV1bGUiOiJ3K0NBSVFJQ0lGVTNCaGFXNCJ9,Seguridad
eyJqb2JfdGl0bGUiOiJEQkEgU1FMIFNlcnZlciwgcHJlc2VuY2lhbCBNYWRyaWQgTWFkcmlkLCBNYWRyaWQsIEVTIiwiY29tcGFueV9uYW1lIjoiU2VsdGltZSIsImFkZHJlc3NfY2l0eSI6Ik1hZHJpZCwgU3BhaW4iLCJodGlkb2NpZCI6Ilo5N3pNWmI0bjVoeDI1YWFBQUFBQUE9PSIsInV1bGUiOiJ3K0NBSVFJQ0lGVTNCaGFXNCJ9,Seguridad
eyJqb2JfdGl0bGUiOiJEQkEgU1FMIFNlcnZlciwgcHJlc2VuY2lhbCBNYWRyaWQgTWFkcmlkLCBNYWRyaWQsIEVTIiwiY29tcGFueV9uYW1lIjoiU2VsdGltZSIsImFkZHJlc3NfY2l0eSI6Ik1hZHJpZCwgU3BhaW4iLCJodGlkb2NpZCI6Ilo5N3pNWmI0bjVoeDI1YWFBQUFBQUE9PSIsInV1bGUiOiJ3K0NBSVFJQ0lGVTNCaGFXNCJ9,Base de datos
eyJqb2JfdGl0bGUiOiJSaCBNYXN0ZXIgU2VsZWNjaW9uYSBEYmEgU3FsIFNlcnZlciBQYXJhIEltcG9ydGFudGUgRW1wcmVzYSBEZSBTaXN0ZW1hcyAuIE1vZGFsaWRhZCBIb21lIE9mZmljZSIsImNvbXBhbnlfbmFtZSI6IlJoIE1hc3RlciBTZWxlY2Npb24gZGUgUGVyc29uYWwiLCJhZGRyZXNzX2NpdHkiOiJDw7NyZG9iYSwgU3BhaW4iLCJodGlkb2NpZCI6ImVGSG9adTl4TXl5SUpkdFhBQUFBQUE9PSIsInV1bGUiOiJ3K0NBSVFJQ0lGVTNCaGFXNCJ9,Seguridad
eyJqb2JfdGl0bGUiOiJEYmEgU3FsIFNlcnZlciBBZG1pbmlzdHJhZG9yIEJhc2UgRGUgRGF0b3MiLCJjb21wYW55X25hbWUiOiJBZGVjY28iLCJhZGRyZXNzX2NpdHkiOiJCYXJjZWxvbmEsIFNwYWluIiwiaHRpZG9jaWQiOiJncG9KaUYwYl9UWkZVaDFfQUFBQUFBPT0iLCJ1dWxlIjoidytDQUlRSUNJRlUzQmhhVzQifQ==,Base de datos
eyJqb2JfdGl0bGUiOiJEYmEgTXlzcWwgUG9zdGdyZXNxbCAoRW4gUmVtb3RvKSIsImNvbXBhbnlfbmFtZSI6IkluZm9ydGVjIENvbnN1bHRvcmVzIiwiYWRkcmVzc19jaXR5IjoiTWFkcmlkLCBTcGFpbiIsImh0aWRvY2lkIjoiMkprSmxfZWFuQ2pqckU2bkFBQUFBQT09IiwidXVsZSI6IncrQ0FJUUlDSUZVM0JoYVc0In0=,Base de datos
eyJqb2JfdGl0bGUiOiJEYmEgLyBBZG1pbmlzdHJhZG9yIEJhc2UgRGUgRGF0b3MiLCJjb21wYW55X25hbWUiOiJSb2JlcnQgV2FsdGVycyBTcGFpbiIsImFkZHJlc3NfY2l0eSI6Ik3DoWxhZ2EsIFNwYWluIiwiaHRpZG9jaWQiOiJyQnVZenVnV3ZfRlFXb1p6QUFBQUFBPT0iLCJ1dWxlIjoidytDQUlRSUNJRlUzQmhhVzQifQ==,Base de datos
eyJqb2JfdGl0bGUiOiJBdXhpbGlhcmVzIGRlIHNlZ3VyaWRhZCIsImNvbXBhbnlfbmFtZSI6IlRBUywgU0xVIiwiYWRkcmVzc19jaXR5IjoiUGFsbWEsIFNwYWluIiwiaHRpZG9jaWQiOiIxOTRxdTRWTm9WQTBIRjI4QUFBQUFBPT0iLCJ1dWxlIjoidytDQUlRSUNJRlUzQmhhVzQifQ==,Seguridad
eyJqb2JfdGl0bGUiOiJBbmFsaXN0YSBzZWd1cmlkYWQiLCJjb21wYW55X25hbWUiOiJDYXMgVHJhaW5pbmciLCJhZGRyZXNzX2NpdHkiOiJNYWRyaWQsIFNwYWluIiwiaHRpZG9jaWQiOiJsZndLTE96VndOMXVuemp2QUFBQUFBPT0iLCJ1dWxlIjoidytDQUlRSUNJRlUzQmhhVzQifQ==,Seguridad
eyJqb2JfdGl0bGUiOiJBbmFsaXN0YSBzZWd1cmlkYWQiLCJjb21wYW55X25hbWUiOiJDYXMgVHJhaW5pbmciLCJhZGRyZXNzX2NpdHkiOiJNYWRyaWQsIFNwYWluIiwiaHRpZG9jaWQiOiJsZndLTE96VndOMXVuemp2QUFBQUFBPT0iLCJ1dWxlIjoidytDQUlRSUNJRlUzQmhhVzQifQ==,Integración
eyJqb2JfdGl0bGUiOiJBbmFsaXN0YSBTZWd1cmlkYWQgU09DLCBoaWJyaWRvIiwiY29tcGFueV9uYW1lIjoiSEFZUyIsImFkZHJlc3NfY2l0eSI6IkJhc3F1ZSBDb3VudHJ5LCBTcGFpbiIsImh0aWRvY2lkIjoid3BoY1hPMkk2WU0wa05ZVkFBQUFBQT09IiwidXVsZSI6IncrQ0FJUUlDSUZVM0JoYVc0In0=,Seguridad
eyJqb2JfdGl0bGUiOiJBbmFsaXN0YSBkZSBTZWd1cmlkYWQiLCJjb21wYW55X25hbWUiOiJJTk5PVkFTVVIiLCJhZGRyZXNzX2NpdHkiOiJKYcOpbiwgU3BhaW4iLCJodGlkb2NpZCI6IlVNVVlUZ21DcFRBNUxycnJBQUFBQUE9PSIsInV1bGUiOiJ3K0NBSVFJQ0lGVTNCaGFXNCJ9,Seguridad
eyJqb2JfdGl0bGUiOiJBbmFsaXN0YSBkZSBTZWd1cmlkYWQiLCJjb21wYW55X25hbWUiOiJJTk5PVkFTVVIiLCJhZGRyZXNzX2NpdHkiOiJKYcOpbiwgU3BhaW4iLCJodGlkb2NpZCI6IlVNVVlUZ21DcFRBNUxycnJBQUFBQUE9PSIsInV1bGUiOiJ3K0NBSVFJQ0lGVTNCaGFXNCJ9,Integración
eyJqb2JfdGl0bGUiOiJBbmFsaXN0YSBkZSBjaWJlcnNlZ3VyaWRhZCIsImNvbXBhbnlfbmFtZSI6IkhheXMiLCJhZGRyZXNzX2NpdHkiOiJCYXJjZWxvbmEsIFNwYWluIiwiaHRpZG9jaWQiOiIxa1pxeXJfMkk5LXlkTmgzQUFBQUFBPT0iLCJ1dWxlIjoidytDQUlRSUNJRlUzQmhhVzQifQ==,Seguridad
eyJqb2JfdGl0bGUiOiJBbmFsaXN0YSBzZWd1cmlkYWQgKHBhbG9hbHRvIGZvcnRpbmV0KSIsImNvbXBhbnlfbmFtZSI6IkNtdiBDb25zdWx0b3JlcyIsImFkZHJlc3NfY2l0eSI6Ik1hZHJpZCwgU3BhaW4iLCJodGlkb2NpZCI6ImJjVTZoaXVQZ1J0bDdLSE1BQUFBQUE9PSIsInV1bGUiOiJ3K0NBSVFJQ0lGVTNCaGFXNCJ9,Seguridad
eyJqb2JfdGl0bGUiOiJBbmFsaXN0YSBGdW5jaW9uYWwgLyBDaWJlcnNlZ3VyaWRhZCBJdCDCtyBNYWRyaWQgwrcgQ29tcGxldGFtZW50ZSBSZW1vdG8iLCJjb21wYW55X25hbWUiOiJNYWx0aHVzIERhcndpbiIsImFkZHJlc3NfY2l0eSI6Ik1hZHJpZCwgU3BhaW4iLCJodGlkb2NpZCI6InFEMHNndkIzVmV5OFpMTjJBQUFBQUE9PSIsInV1bGUiOiJ3K0NBSVFJQ0lGVTNCaGFXNCJ9,Seguridad
eyJqb2JfdGl0bGUiOiJDb25zdWx0b3IgVMOpY25pY28vQW5hbGlzdGEgVMOpY25pY28gSGFzaGlDb3JwIiwiY29tcGFueV9uYW1lIjoiTWluc2FpdCIsImFkZHJlc3NfY2l0eSI6Ik1hZHJpZCwgU3BhaW4iLCJodGlkb2NpZCI6IkgyVXlXZFpKYXRWZk5vZ25BQUFBQUE9PSIsInV1bGUiOiJ3K0NBSVFJQ0lGVTNCaGFXNCJ9,Seguridad
eyJqb2JfdGl0bGUiOiJDb25zdWx0b3IgVMOpY25pY28vQW5hbGlzdGEgVMOpY25pY28gSGFzaGlDb3JwIiwiY29tcGFueV9uYW1lIjoiTWluc2FpdCIsImFkZHJlc3NfY2l0eSI6Ik1hZHJpZCwgU3BhaW4iLCJodGlkb2NpZCI6IkgyVXlXZFpKYXRWZk5vZ25BQUFBQUE9PSIsInV1bGUiOiJ3K0NBSVFJQ0lGVTNCaGFXNCJ9,Integración
eyJqb2JfdGl0bGUiOiJBbmFsaXN0YSBDaWJlcnNlZ3VyaWRhZCBTT0MiLCJjb21wYW55X25hbWUiOiJTMjFzZWMiLCJhZGRyZXNzX2NpdHkiOiJTcGFpbiIsImh0aWRvY2lkIjoiQzhIdGlDNDBRYWJRUGQ0NEFBQUFBQT09IiwidXVsZSI6IncrQ0FJUUlDSUZVM0JoYVc0In0=,Seguridad
eyJqb2JfdGl0bGUiOiJBbmFsaXN0YSBDaWJlcnNlZ3VyaWRhZCBTT0MiLCJjb21wYW55X25hbWUiOiJTMjFzZWMiLCJhZGRyZXNzX2NpdHkiOiJTcGFpbiIsImh0aWRvY2lkIjoiQzhIdGlDNDBRYWJRUGQ0NEFBQUFBQT09IiwidXVsZSI6IncrQ0FJUUlDSUZVM0JoYVc0In0=,Mantenimiento y Soporte
eyJqb2JfdGl0bGUiOiJBbmFsaXN0YSBkZSBDaWJlcnNlZ3VyaWRhZCBOMSIsImNvbXBhbnlfbmFtZSI6IlNvdGhpcyIsImFkZHJlc3NfY2l0eSI6IlBhdGVybmEsIFNwYWluIiwiaHRpZG9jaWQiOiJZUTFOaTlsdl9NdjQ0Z3JWQUFBQUFBPT0iLCJ1dWxlIjoidytDQUlRSUNJRlUzQmhhVzQifQ==,Seguridad
eyJqb2JfdGl0bGUiOiJBbmFsaXN0YSBzZWd1cmlkYWQgTjMgU01FIFByb3RlY3QiLCJjb21wYW55X25hbWUiOiJHcnVwbyBTSUEiLCJhZGRyZXNzX2NpdHkiOiJCaWxiYW8sIFNwYWluIiwiaHRpZG9jaWQiOiJ3R2lGQ2syejBpSXFEclpGQUFBQUFBPT0iLCJ1dWxlIjoidytDQUlRSUNJRlUzQmhhVzQifQ==,Seguridad
eyJqb2JfdGl0bGUiOiJEZXBhcnRhbWVudG8gZGUgY29udGFiaWxpZGFkIiwiY29tcGFueV9uYW1lIjoiQVYgU2VndXJpZGFkIiwiYWRkcmVzc19jaXR5IjoiVGVycmFzc2EsIFNwYWluIiwiaHRpZG9jaWQiOiJsTXRuUkxnbTRBbTk3bHY2QUFBQUFBPT0iLCJ1dWxlIjoidytDQUlRSUNJRlUzQmhhVzQifQ==,Seguridad
eyJqb2JfdGl0bGUiOiJBbmFsaXN0YSBTT0MgQ2liZXJzZWd1cmlkYWQgKHJlbW90bykiLCJjb21wYW55X25hbWUiOiJJbmZvcmdlcyIsImFkZHJlc3NfY2l0eSI6IlJlZ2lvbiBvZiBNdXJjaWEsIFNwYWluIiwiaHRpZG9jaWQiOiJmdWtCV3ZvV1BjeUZxVG1EQUFBQUFBPT0iLCJ1dWxlIjoidytDQUlRSUNJRlUzQmhhVzQifQ==,Seguridad
eyJqb2JfdGl0bGUiOiJBbmFsaXN0YSBDaWJlcnNlZ3VyaWRhZCBOMiwgTWFkcmlkIiwiY29tcGFueV9uYW1lIjoiR3J1cG8gU0lBIiwiYWRkcmVzc19jaXR5IjoiQWxjb3Jjw7NuLCBTcGFpbiIsImh0aWRvY2lkIjoiU0d4THVrT09CMUpRWXJaR0FBQUFBQT09IiwidXVsZSI6IncrQ0FJUUlDSUZVM0JoYVc0In0=,Seguridad
eyJqb2JfdGl0bGUiOiJBbmFsaXN0YSBkZSBDb250cm9sIGRlIEdlc3Rpw7NuIiwiY29tcGFueV9uYW1lIjoiUHJvc2VndXIiLCJhZGRyZXNzX2NpdHkiOiJNYWRyaWQsIFNwYWluIiwiaHRpZG9jaWQiOiJzUXJRcnNQZElkRl9adWhnQUFBQUFBPT0iLCJ1dWxlIjoidytDQUlRSUNJRlUzQmhhVzQifQ==,Seguridad
eyJqb2JfdGl0bGUiOiJBTkFMSVNUQSBTRU5JT1IgREUgUklFU0dPUyBDSUJFUlNFR1VSSURBRCIsImNvbXBhbnlfbmFtZSI6IkdydXBvIFRFQ0RBVEEgRW5naW5lZXJpbmciLCJhZGRyZXNzX2NpdHkiOiJTcGFpbiIsImh0aWRvY2lkIjoibTViQjM5UFgxYlp5MnU1VEFBQUFBQT09IiwidXVsZSI6IncrQ0FJUUlDSUZVM0JoYVc0In0=,Seguridad
eyJqb2JfdGl0bGUiOiJUw6ljbmljby9hIFNpc3RlbWFzIE1pY3Jvc29mdCBCYXN0aW9uYWRvcyIsImNvbXBhbnlfbmFtZSI6Ikl6ZXJ0aXMiLCJhZGRyZXNzX2NpdHkiOiJNYWRyaWQsIFNwYWluIiwiaHRpZG9jaWQiOiJlVDlCc3dIRmgzQldhNTBQQUFBQUFBPT0iLCJ1dWxlIjoidytDQUlRSUNJRlUzQmhhVzQifQ==,Seguridad
eyJqb2JfdGl0bGUiOiJUw6ljbmljbyBkZSBzaXN0ZW1hcyIsImNvbXBhbnlfbmFtZSI6Ik9wZW5zcHJpbmciLCJhZGRyZXNzX2NpdHkiOiJNYWRyaWQsIFNwYWluIiwiaHRpZG9jaWQiOiJzZ01IY0l0VmJ5Yk9paXFlQUFBQUFBPT0iLCJ1dWxlIjoidytDQUlRSUNJRlUzQmhhVzQifQ==,Integración
eyJqb2JfdGl0bGUiOiJUw6ljbmljby9hIGRlIFNpc3RlbWFzIC0gQWRtaW5pc3RyYWNpw7NuIFdpbmRvd3MgeSBHTlUvTGludXgiLCJjb21wYW55X25hbWUiOiJTZXJ2aW5mb3JtIiwiYWRkcmVzc19jaXR5IjoiTWFpcmVuYSBkZWwgQWxqYXJhZmUsIFNwYWluIiwiaHRpZG9jaWQiOiJaMVhzWGZWZTJpOTdiMzhzQUFBQUFBPT0iLCJ1dWxlIjoidytDQUlRSUNJRlUzQmhhVzQifQ==,Integración
eyJqb2JfdGl0bGUiOiJUw6ljbmljbyBlbiBBZG1pbmlzdHJhY2nDs24gZGUgU2lzdGVtYXMgV2luZG93cyIsImNvbXBhbnlfbmFtZSI6ImlUUmVjcnVpdGVyIiwiYWRkcmVzc19jaXR5IjoiU2V2aWxsZSwgU3BhaW4iLCJodGlkb2NpZCI6IlQyVkZkb1N6SnZMSGpIdXpBQUFBQUE9PSIsInV1bGUiOiJ3K0NBSVFJQ0lGVTNCaGFXNCJ9,Seguridad
eyJqb2JfdGl0bGUiOiJUw6ljbmljbyBTZW5pb3IgZGUgU2lzdGVtYXMgTWljcm9zb2Z0IiwiY29tcGFueV9uYW1lIjoiVGhlIFdoaXRlYW0iLCJhZGRyZXNzX2NpdHkiOiJWYWxlbmNpYSwgU3BhaW4iLCJodGlkb2NpZCI6InNfZFJZNDJMUVZackNDQUxBQUFBQUE9PSIsInV1bGUiOiJ3K0NBSVFJQ0lGVTNCaGFXNCJ9,Seguridad
eyJqb2JfdGl0bGUiOiJUw6ljbmljbyBTZW5pb3IgZGUgU2lzdGVtYXMgTWljcm9zb2Z0IiwiY29tcGFueV9uYW1lIjoiVGhlIFdoaXRlYW0iLCJhZGRyZXNzX2NpdHkiOiJWYWxlbmNpYSwgU3BhaW4iLCJodGlkb2NpZCI6InNfZFJZNDJMUVZackNDQUxBQUFBQUE9PSIsInV1bGUiOiJ3K0NBSVFJQ0lGVTNCaGFXNCJ9,Integración
eyJqb2JfdGl0bGUiOiJQRVJTT05BTCBUw4lDTklDTy9BIERFIFNPUE9SVEUgSVQiLCJjb21wYW55X25hbWUiOiJJbnNlcnRhIEVtcGxlbyIsImFkZHJlc3NfY2l0eSI6IlZhbGxhZG9saWQsIFNwYWluIiwiaHRpZG9jaWQiOiJoTmVUeDNzbFc5SlBGZW1zQUFBQUFBPT0iLCJ1dWxlIjoidytDQUlRSUNJRlUzQmhhVzQifQ==,Seguridad
eyJqb2JfdGl0bGUiOiJUw6ljbmljbyBkZSBzaXN0ZW1hcyBFeGNoYW5nZSIsImNvbXBhbnlfbmFtZSI6IkFwb2xvIElUIEdyb3VwIiwiYWRkcmVzc19jaXR5IjoiQXN0dXJpYXMsIFNwYWluIiwiaHRpZG9jaWQiOiJKakhIMC1IU3FicElZWDU5QUFBQUFBPT0iLCJ1dWxlIjoidytDQUlRSUNJRlUzQmhhVzQifQ==,Seguridad
eyJqb2JfdGl0bGUiOiJUw6ljbmljbyBkZSBTaXN0ZW1hcyBTw6luaW9yIE1pY3Jvc29mdCIsImNvbXBhbnlfbmFtZSI6IkV0eGVzb2Z0IFRlY2hub2xvZ2llcyBcdTAwMjYgQ29uc3VsdGluZyIsImFkZHJlc3NfY2l0eSI6Ik1hZHJpZCwgU3BhaW4iLCJodGlkb2NpZCI6IldqbFB1ZWowRnVmdFlSTktBQUFBQUE9PSIsInV1bGUiOiJ3K0NBSVFJQ0lGVTNCaGFXNCJ9,Seguridad
eyJqb2JfdGl0bGUiOiJJbmdlbmllcm8vYSBkZSBTb2Z0d2FyZSBFbWJlYmlkbyIsImNvbXBhbnlfbmFtZSI6IlNpTG9zVGllbmVzIiwiYWRkcmVzc19jaXR5IjoiQ8OhY2VyZXPigI4sIFNwYWluIiwiaHRpZG9jaWQiOiItSnVfOEV2Tzd6TVUwcl8yQUFBQUFBPT0iLCJ1dWxlIjoidytDQUlRSUNJRlUzQmhhVzQifQ==,Seguridad
eyJqb2JfdGl0bGUiOiJJbmdlbmllcm8vQSBTb2Z0d2FyZSB8IEVsZWN0csOzbmljYSBQYXJhIFNpc3RlbWFzIENvbmZpYWJsZXMgSW50ZWxpZ2VudGVzIiwiY29tcGFueV9uYW1lIjoiSWtlcmxhbiwgUy4gQ29vcC4iLCJhZGRyZXNzX2NpdHkiOiJTcGFpbiIsImh0aWRvY2lkIjoicFdFQ0E0a3FXallVeFNZN0FBQUFBQT09IiwidXVsZSI6IncrQ0FJUUlDSUZVM0JoYVc0In0=,Seguridad
eyJqb2JfdGl0bGUiOiJJbmdlbmllcm8vQSBFbGVjdHLDs25pY28vQSBQYXJhIFNpc3RlbWFzIEVtYmViaWRvcyIsImNvbXBhbnlfbmFtZSI6IklrZXJsYW4sIFMuIENvb3AuIiwiYWRkcmVzc19jaXR5IjoiU3BhaW4iLCJodGlkb2NpZCI6ImtJQVpXMEVRTXZOZThwaGVBQUFBQUE9PSIsInV1bGUiOiJ3K0NBSVFJQ0lGVTNCaGFXNCJ9,Seguridad
eyJqb2JfdGl0bGUiOiJJbmdlbmllcm8gZGUgRmlybXdhcmUgU3IuIHwgSW1wb3J0YW50ZSBFbXByZXNhIiwiY29tcGFueV9uYW1lIjoiSU5IQVVTIiwiYWRkcmVzc19jaXR5IjoiTWFkcmlkLCBTcGFpbiIsImh0aWRvY2lkIjoiTTQ4bERXWGFnUndoM05GUUFBQUFBQT09IiwidXVsZSI6IncrQ0FJUUlDSUZVM0JoYVc0In0=,Seguridad
eyJqb2JfdGl0bGUiOiJBbmFsaXN0YSBkZSBEYXRvcyBlbiBSZWN1cnNvcyBIdW1hbm9zIiwiY29tcGFueV9uYW1lIjoiRFNNIiwiYWRkcmVzc19jaXR5IjoiQmFyY2Vsb25hLCBTcGFpbiIsImh0aWRvY2lkIjoieHNtZVA3ZzdLc0RfWnFtOEFBQUFBQT09IiwidXVsZSI6IncrQ0FJUUlDSUZVM0JoYVc0In0=,Seguridad
eyJqb2JfdGl0bGUiOiJQcm9ncmFtYWRvciBjb2JvbCAvIG1pY3JvZm9jdXMiLCJjb21wYW55X25hbWUiOiJUdXnDuiBUZWNobm9sb2d5IiwiYWRkcmVzc19jaXR5IjoiTWFkcmlkLCBTcGFpbiIsImh0aWRvY2lkIjoiVnZTaFVaRjBaQ2JBMDR3RkFBQUFBQT09IiwidXVsZSI6IncrQ0FJUUlDSUZVM0JoYVc0In0=,Base de datos
eyJqb2JfdGl0bGUiOiJBTkFMSVNUQSBQUk9HUkFNQURPUiBDT0JPTCAvIEpBVkEiLCJjb21wYW55X25hbWUiOiJJbmZvcnRlYyBDb25zdWx0b3JlcyIsImFkZHJlc3NfY2l0eSI6Ik1hZHJpZCwgU3BhaW4iLCJodGlkb2NpZCI6InNWSWIwQUdrMG1fSEg1VkpBQUFBQUE9PSIsInV1bGUiOiJ3K0NBSVFJQ0lGVTNCaGFXNCJ9,Integración
eyJqb2JfdGl0bGUiOiJBTkFMSVNUQSBQUk9HUkFNQURPUiBDT0JPTCAvIEpBVkEiLCJjb21wYW55X25hbWUiOiJJbmZvcnRlYyBDb25zdWx0b3JlcyIsImFkZHJlc3NfY2l0eSI6Ik1hZHJpZCwgU3BhaW4iLCJodGlkb2NpZCI6InNWSWIwQUdrMG1fSEg1VkpBQUFBQUE9PSIsInV1bGUiOiJ3K0NBSVFJQ0lGVTNCaGFXNCJ9,Full Stack
eyJqb2JfdGl0bGUiOiJBTkFMSVNUQSBQUk9HUkFNQURPUiBDT0JPTCAvIEpBVkEiLCJjb21wYW55X25hbWUiOiJJbmZvcnRlYyBDb25zdWx0b3JlcyIsImFkZHJlc3NfY2l0eSI6Ik1hZHJpZCwgU3BhaW4iLCJodGlkb2NpZCI6InNWSWIwQUdrMG1fSEg1VkpBQUFBQUE9PSIsInV1bGUiOiJ3K0NBSVFJQ0lGVTNCaGFXNCJ9,Backend
eyJqb2JfdGl0bGUiOiJQcm9ncmFtYWRvci9hIGNvYm9sIGp1bmlvciIsImNvbXBhbnlfbmFtZSI6IlR1ecO6IFRlY2hub2xvZ3kiLCJhZGRyZXNzX2NpdHkiOiJDw6FjZXJlc+KAjiwgU3BhaW4iLCJodGlkb2NpZCI6Inh0M0RrMEhaNG9UeTZlRjBBQUFBQUE9PSIsInV1bGUiOiJ3K0NBSVFJQ0lGVTNCaGFXNCJ9,Base de datos
eyJqb2JfdGl0bGUiOiJBbmFsaXN0YSBQcm9ncmFtYWRvciBDb2JvbCwgREIyIFRTTyIsImNvbXBhbnlfbmFtZSI6IlVuaXN2YSIsImFkZHJlc3NfY2l0eSI6Ik1hZHJpZCwgU3BhaW4iLCJodGlkb2NpZCI6Im9FaHpoZnZraGM1Q3ZYazhBQUFBQUE9PSIsInV1bGUiOiJ3K0NBSVFJQ0lGVTNCaGFXNCJ9,Base de datos
eyJqb2JfdGl0bGUiOiJBbmFsaXN0YSBQcm9ncmFtYWRvciBDb2JvbCB5IERCMiBlbiBCYXJjZWxvbmEiLCJjb21wYW55X25hbWUiOiJaZW1zYW5pYSIsImFkZHJlc3NfY2l0eSI6IkJhcmNlbG9uYSwgU3BhaW4iLCJodGlkb2NpZCI6InJfTEp2NkoyWFpKamNfdjZBQUFBQUE9PSIsInV1bGUiOiJ3K0NBSVFJQ0lGVTNCaGFXNCJ9,Base de datos
eyJqb2JfdGl0bGUiOiJBbmFsaXN0YSBQcm9ncmFtYWRvciBDb2JvbCBNaWNyb2ZvY3VzIiwiY29tcGFueV9uYW1lIjoiUFNTIiwiYWRkcmVzc19jaXR5IjoiQmFyY2Vsb25hLCBTcGFpbiIsImh0aWRvY2lkIjoiV3JQLWdoWE5JQ09CbFRYQ0FBQUFBQT09IiwidXVsZSI6IncrQ0FJUUlDSUZVM0JoYVc0In0=,Base de datos
eyJqb2JfdGl0bGUiOiJBbmFsaXN0YSBQcm9ncmFtYWRvci9BIENvYm9sIiwiY29tcGFueV9uYW1lIjoiSXplcnRpcyBTLkEiLCJhZGRyZXNzX2NpdHkiOiJaYXJhZ296YSwgU3BhaW4iLCJodGlkb2NpZCI6IjRVdFRicjE1R2RScldma3FBQUFBQUE9PSIsInV1bGUiOiJ3K0NBSVFJQ0lGVTNCaGFXNCJ9,Mobile
eyJqb2JfdGl0bGUiOiJDb2JvbCBkZXZlbG9wZXIiLCJjb21wYW55X25hbWUiOiJIYXlzIiwiYWRkcmVzc19jaXR5IjoiU2V2aWxsZSwgU3BhaW4iLCJodGlkb2NpZCI6IkwtUFFPcHFCVEpKM09wRVBBQUFBQUE9PSIsInV1bGUiOiJ3K0NBSVFJQ0lGVTNCaGFXNCJ9,Backend
eyJqb2JfdGl0bGUiOiJQcm9ncmFtYWRvci9hIGNvYm9sIG1pY3JvZm9jdXMgaMOtYnJpZG8iLCJjb21wYW55X25hbWUiOiJUdXnDuiBUZWNobm9sb2d5IiwiYWRkcmVzc19jaXR5IjoiTWFkcmlkLCBTcGFpbiIsImh0aWRvY2lkIjoiWlR3WldmOTFUdXluNTJrOEFBQUFBQT09IiwidXVsZSI6IncrQ0FJUUlDSUZVM0JoYVc0In0=,Base de datos
eyJqb2JfdGl0bGUiOiJFc3BlY2lhbGlzdGEgZW4gVGVjbm9sb2fDrWFzIGRlIENvbnRyb2wgZGUgQWNjZXNvIiwiY29tcGFueV9uYW1lIjoiVGVsZWbDs25pY2EiLCJhZGRyZXNzX2NpdHkiOiJNYWRyaWQsIFNwYWluIiwiaHRpZG9jaWQiOiIxUGdkTF9OR1JETVk2ZlVwQUFBQUFBPT0iLCJ1dWxlIjoidytDQUlRSUNJRlUzQmhhVzQifQ==,Seguridad
eyJqb2JfdGl0bGUiOiJJbmdlbmllcm8vYSBkZSBBdXRvbWF0aXphY2nDs24geSBTaXN0ZW1hcyBkZSBDb250cm9sIiwiY29tcGFueV9uYW1lIjoiRXhvbHVtIiwiYWRkcmVzc19jaXR5IjoiTWFkcmlkLCBTcGFpbiIsImh0aWRvY2lkIjoicFE4azBEWVp2aGVhRUdacUFBQUFBQT09IiwidXVsZSI6IncrQ0FJUUlDSUZVM0JoYVc0In0=,Seguridad
eyJqb2JfdGl0bGUiOiJUw6ljbmljbyBlbiBhZG1pbmlzdHJhY2nDs24geSBzb3BvcnRlIGRlIE1ETSIsImNvbXBhbnlfbmFtZSI6IlNvZnR3YXJlT25lIiwiYWRkcmVzc19jaXR5IjoiTWFkcmlkLCBTcGFpbiIsImh0aWRvY2lkIjoieWZ6WEhqY3lNdDd0dkRBTkFBQUFBQT09IiwidXVsZSI6IncrQ0FJUUlDSUZVM0JoYVc0In0=,Mobile
eyJqb2JfdGl0bGUiOiJUw6ljbmljbyBlbiBhZG1pbmlzdHJhY2nDs24geSBzb3BvcnRlIGRlIE1ETSIsImNvbXBhbnlfbmFtZSI6IlNvZnR3YXJlT25lIiwiYWRkcmVzc19jaXR5IjoiTWFkcmlkLCBTcGFpbiIsImh0aWRvY2lkIjoieWZ6WEhqY3lNdDd0dkRBTkFBQUFBQT09IiwidXVsZSI6IncrQ0FJUUlDSUZVM0JoYVc0In0=,Seguridad
eyJqb2JfdGl0bGUiOiJUw6ljbmljbyBlbiBhZG1pbmlzdHJhY2nDs24geSBzb3BvcnRlIGRlIE1ETSIsImNvbXBhbnlfbmFtZSI6IlNvZnR3YXJlT25lIiwiYWRkcmVzc19jaXR5IjoiTWFkcmlkLCBTcGFpbiIsImh0aWRvY2lkIjoieWZ6WEhqY3lNdDd0dkRBTkFBQUFBQT09IiwidXVsZSI6IncrQ0FJUUlDSUZVM0JoYVc0In0=,Integración
eyJqb2JfdGl0bGUiOiJUw6ljbmljbyBlbiBhZG1pbmlzdHJhY2nDs24geSBzb3BvcnRlIGRlIE1ETSIsImNvbXBhbnlfbmFtZSI6IlNvZnR3YXJlT25lIiwiYWRkcmVzc19jaXR5IjoiTWFkcmlkLCBTcGFpbiIsImh0aWRvY2lkIjoieWZ6WEhqY3lNdDd0dkRBTkFBQUFBQT09IiwidXVsZSI6IncrQ0FJUUlDSUZVM0JoYVc0In0=,Backend
eyJqb2JfdGl0bGUiOiJBZG1pbmlzdHJhZG9yIGRlIEJhc2UgZGUgRGF0b3MgT3JhY2xlIC0gU2FudGFuZGVyIERpZ2l0YWwgU2VydmljZXMiLCJjb21wYW55X25hbWUiOiJTYW50YW5kZXIiLCJhZGRyZXNzX2NpdHkiOiJCb2FkaWxsYSBkZWwgTW9udGUsIFNwYWluIiwiaHRpZG9jaWQiOiJPaGdxU25ONXNrdFRjdDVEQUFBQUFBPT0iLCJ1dWxlIjoidytDQUlRSUNJRlUzQmhhVzQifQ==,Seguridad
eyJqb2JfdGl0bGUiOiJBZG1pbmlzdHJhZG9yIGRlIEJhc2UgZGUgRGF0b3MgT3JhY2xlIC0gU2FudGFuZGVyIERpZ2l0YWwgU2VydmljZXMiLCJjb21wYW55X25hbWUiOiJTYW50YW5kZXIiLCJhZGRyZXNzX2NpdHkiOiJCb2FkaWxsYSBkZWwgTW9udGUsIFNwYWluIiwiaHRpZG9jaWQiOiJPaGdxU25ONXNrdFRjdDVEQUFBQUFBPT0iLCJ1dWxlIjoidytDQUlRSUNJRlUzQmhhVzQifQ==,Base de datos
eyJqb2JfdGl0bGUiOiJBZG1pbmlzdHJhZG9yIEJCREQgRW50b3JubyBEaXN0cmlidWlkbyBIL00iLCJjb21wYW55X25hbWUiOiJJbmV0dW0iLCJhZGRyZXNzX2NpdHkiOiJNYWRyaWQsIFNwYWluIiwiaHRpZG9jaWQiOiJKX1dwSnViR2xlQnRrV1JSQUFBQUFBPT0iLCJ1dWxlIjoidytDQUlRSUNJRlUzQmhhVzQifQ==,Base de datos
eyJqb2JfdGl0bGUiOiJBZG1pbmlzdHJhZG9yL0EgT3JhY2xlIChUZWxldHJhYmFqbykiLCJjb21wYW55X25hbWUiOiJBY2N1ZGUgVEkiLCJhZGRyZXNzX2NpdHkiOiJNYWRyaWQsIFNwYWluIiwiaHRpZG9jaWQiOiIzaGM5ZmdGX3pVSFNaQ1VEQUFBQUFBPT0iLCJ1dWxlIjoidytDQUlRSUNJRlUzQmhhVzQifQ==,Base de datos
eyJqb2JfdGl0bGUiOiJUw6ljbmljbyBBZG1pbmlzdHJhZG9yIERCQSBPcmFjbGUiLCJjb21wYW55X25hbWUiOiJBcmVsYW5jZSIsImFkZHJlc3NfY2l0eSI6Ik1hZHJpZCwgU3BhaW4iLCJodGlkb2NpZCI6IjVMdWdvNUZ0a19VaHVpS21BQUFBQUE9PSIsInV1bGUiOiJ3K0NBSVFJQ0lGVTNCaGFXNCJ9,Integración
eyJqb2JfdGl0bGUiOiJBZG1pbmlzdHJhZG9yL2EgQmFzZXMgZGUgRGF0b3MgT3JhY2xlIiwiY29tcGFueV9uYW1lIjoiUGFnZSBQZXJzb25uZWwgRXNwYcOxYSIsImFkZHJlc3NfY2l0eSI6IkJhcmNlbG9uYSwgU3BhaW4iLCJodGlkb2NpZCI6InkwbFdINko1dW9zVVAweUdBQUFBQUE9PSIsInV1bGUiOiJ3K0NBSVFJQ0lGVTNCaGFXNCJ9,Seguridad
eyJqb2JfdGl0bGUiOiJBZG1pbmlzdHJhZG9yL2EgQmFzZXMgZGUgRGF0b3MgT3JhY2xlIiwiY29tcGFueV9uYW1lIjoiUGFnZSBQZXJzb25uZWwgRXNwYcOxYSIsImFkZHJlc3NfY2l0eSI6IkJhcmNlbG9uYSwgU3BhaW4iLCJodGlkb2NpZCI6InkwbFdINko1dW9zVVAweUdBQUFBQUE9PSIsInV1bGUiOiJ3K0NBSVFJQ0lGVTNCaGFXNCJ9,Integración
eyJqb2JfdGl0bGUiOiJBZG1pbmlzdHJhZG9yL0EgQmFzZSBEZSBEYXRvcyBPcmFjbGUgSnVuaW9yIiwiY29tcGFueV9uYW1lIjoiS2Vub3MgVGVjaG5vbG9neSIsImFkZHJlc3NfY2l0eSI6IkJhcmNlbG9uYSwgU3BhaW4iLCJodGlkb2NpZCI6IjN3TXJLbUNjekVyMUthN1pBQUFBQUE9PSIsInV1bGUiOiJ3K0NBSVFJQ0lGVTNCaGFXNCJ9,Base de datos
eyJqb2JfdGl0bGUiOiJBZG1pbmlzdHJhZG9yIERlIEJhc2VzIERlIERhdG9zIE9yYWNsZSBNYWRyaWQgwrcgSMOtYnJpZG8iLCJjb21wYW55X25hbWUiOiJUZWNkYXRhIEVuZ2luZWVyaW5nIiwiYWRkcmVzc19jaXR5IjoiTWFkcmlkLCBTcGFpbiIsImh0aWRvY2lkIjoiOTlIU3ctOHR4eVVzYXJxdUFBQUFBQT09IiwidXVsZSI6IncrQ0FJUUlDSUZVM0JoYVc0In0=,Base de datos
eyJqb2JfdGl0bGUiOiJBZG1pbmlzdHJhZG9yL2EgQkJERCBPcmFjbGUgXHUwMDI2IFNRTCBTZXJ2ZXIiLCJjb21wYW55X25hbWUiOiJBbGRpYWdycCIsImFkZHJlc3NfY2l0eSI6Ik1hZHJpZCwgU3BhaW4iLCJodGlkb2NpZCI6IjZobXBtc2dndHVrXy1qaTVBQUFBQUE9PSIsInV1bGUiOiJ3K0NBSVFJQ0lGVTNCaGFXNCJ9,Seguridad
eyJqb2JfdGl0bGUiOiJBZG1pbmlzdHJhZG9yIEJhc2UgRGUgRGF0b3MgT3JhY2xlIE1hZHJpZCIsImNvbXBhbnlfbmFtZSI6IlVuc3BlY2lmaWVkIiwiYWRkcmVzc19jaXR5IjoiTWFkcmlkLCBTcGFpbiIsImh0aWRvY2lkIjoiQ01zYzM2aUliaV81RzdjdkFBQUFBQT09IiwidXVsZSI6IncrQ0FJUUlDSUZVM0JoYVc0In0=,Seguridad
eyJqb2JfdGl0bGUiOiJBZG1pbmlzdHJhZG9yIEJhc2UgRGUgRGF0b3MgT3JhY2xlIE1hZHJpZCIsImNvbXBhbnlfbmFtZSI6IlVuc3BlY2lmaWVkIiwiYWRkcmVzc19jaXR5IjoiTWFkcmlkLCBTcGFpbiIsImh0aWRvY2lkIjoiQ01zYzM2aUliaV81RzdjdkFBQUFBQT09IiwidXVsZSI6IncrQ0FJUUlDSUZVM0JoYVc0In0=,Base de datos
eyJqb2JfdGl0bGUiOiJBZG1pbmlzdHJhZG9yIERlIEJiZGQgRGUgT3JhY2xlIiwiY29tcGFueV9uYW1lIjoiSGF5cyIsImFkZHJlc3NfY2l0eSI6IkdyYW5hZGEsIFNwYWluIiwiaHRpZG9jaWQiOiJ2WU1RcGp5S0N1SU1lakNCQUFBQUFBPT0iLCJ1dWxlIjoidytDQUlRSUNJRlUzQmhhVzQifQ==,Base de datos
eyJqb2JfdGl0bGUiOiJBZG1pbmlzdHJhZG9yL2EgYmFzZXMgZGUgZGF0b3MgT3JhY2xlIiwiY29tcGFueV9uYW1lIjoiR3J1cG8gT2VzaWEiLCJhZGRyZXNzX2NpdHkiOiJNYWRyaWQsIFNwYWluIiwiaHRpZG9jaWQiOiJtV2dtaWNyXzkxNEhGSGVjQUFBQUFBPT0iLCJ1dWxlIjoidytDQUlRSUNJRlUzQmhhVzQifQ==,Seguridad
eyJqb2JfdGl0bGUiOiJBZG1pbmlzdHJhZG9yIEJhc2VzIERlIERhdG9zIE9yYWNsZSBScmhoIMK3IE1hZHJpZCDCtyBDb21wbGV0YW1lbnRlIFJlbW90byIsImNvbXBhbnlfbmFtZSI6IlRlY2RhdGEgRW5naW5lZXJpbmciLCJhZGRyZXNzX2NpdHkiOiJNYWRyaWQsIFNwYWluIiwiaHRpZG9jaWQiOiI5SUxDMTZLSnlOQlFBbkdGQUFBQUFBPT0iLCJ1dWxlIjoidytDQUlRSUNJRlUzQmhhVzQifQ==,Seguridad
eyJqb2JfdGl0bGUiOiJBZG1pbmlzdHJhZG9yL0EgQmFzZSBEZSBEYXRvcyBPcmFjbGUgSXQgwrcgRXNwYcOxYSDCtyBDb21wbGV0YW1lbnRlIFJlbW90byIsImNvbXBhbnlfbmFtZSI6IlZlcm1vbnQgU29sdXRpb25zIFMuTCIsImFkZHJlc3NfY2l0eSI6Ik1hZHJpZCwgU3BhaW4iLCJodGlkb2NpZCI6IjZRWXpfSXMzbGhETFhUbHBBQUFBQUE9PSIsInV1bGUiOiJ3K0NBSVFJQ0lGVTNCaGFXNCJ9,Integración
eyJqb2JfdGl0bGUiOiJBZG1pbmlzdHJhZG9yL0EgQmFzZSBEZSBEYXRvcyBPcmFjbGUgSXQgwrcgRXNwYcOxYSDCtyBDb21wbGV0YW1lbnRlIFJlbW90byIsImNvbXBhbnlfbmFtZSI6IlZlcm1vbnQgU29sdXRpb25zIFMuTCIsImFkZHJlc3NfY2l0eSI6Ik1hZHJpZCwgU3BhaW4iLCJodGlkb2NpZCI6IjZRWXpfSXMzbGhETFhUbHBBQUFBQUE9PSIsInV1bGUiOiJ3K0NBSVFJQ0lGVTNCaGFXNCJ9,Base de datos
eyJqb2JfdGl0bGUiOiJBZG1pbmlzdHJhZG9yL0EgRGUgQmFzZSBEZSBEYXRvcyBPcmFjbGUsIFByZXNlbmNpYWwiLCJjb21wYW55X25hbWUiOiJHcnVwbyBTZXJtaWNybyIsImFkZHJlc3NfY2l0eSI6IlNldmlsbGUsIFNwYWluIiwiaHRpZG9jaWQiOiJJdDVEQXBPTkdDSTQzd3Q2QUFBQUFBPT0iLCJ1dWxlIjoidytDQUlRSUNJRlUzQmhhVzQifQ==,Base de datos
eyJqb2JfdGl0bGUiOiJBZG1pbmlzdHJhZG9yIERiYSBPcmFjbGUsIEhpYnJpZG8gVzc0NyIsImNvbXBhbnlfbmFtZSI6IkFyZWxhbmNlIiwiYWRkcmVzc19jaXR5IjoiQmFyY2Vsb25hLCBTcGFpbiIsImh0aWRvY2lkIjoicTlwenhYQ0dPV1k1Yl9GUkFBQUFBQT09IiwidXVsZSI6IncrQ0FJUUlDSUZVM0JoYVc0In0=,Integración
eyJqb2JfdGl0bGUiOiJBZG1pbmlzdHJhZG9yIERiYSBPcmFjbGUsIEhpYnJpZG8iLCJjb21wYW55X25hbWUiOiJBcmVsYW5jZSIsImFkZHJlc3NfY2l0eSI6Ik1hZHJpZCwgU3BhaW4iLCJodGlkb2NpZCI6InYzVVk4dnkzYjE4b2FkZjJBQUFBQUE9PSIsInV1bGUiOiJ3K0NBSVFJQ0lGVTNCaGFXNCJ9,Integración
eyJqb2JfdGl0bGUiOiJEQkEgT3JhY2xlIiwiY29tcGFueV9uYW1lIjoiS2V5IFRhbGVudCBJbmRpY2F0b3IgYnkgVGhlIFdpc2UgU2Vla2VyIiwiYWRkcmVzc19jaXR5IjoiTWFkcmlkLCBTcGFpbiIsImh0aWRvY2lkIjoiNFphVzI1WTlPOUlIczVpeEFBQUFBQT09IiwidXVsZSI6IncrQ0FJUUlDSUZVM0JoYVc0In0=,Seguridad
eyJqb2JfdGl0bGUiOiJEQkEgT1JBQ0xFIiwiY29tcGFueV9uYW1lIjoiQ09TIEdsb2JhbCBTZXJ2aWNlcyIsImFkZHJlc3NfY2l0eSI6IlNwYWluIiwiaHRpZG9jaWQiOiJlaXIzbUhDdVhWTVZvN3p6QUFBQUFBPT0iLCJ1dWxlIjoidytDQUlRSUNJRlUzQmhhVzQifQ==,Seguridad
eyJqb2JfdGl0bGUiOiJBZG1pbmlzdHJhZG9yL0EgQmJkZCBPcmFjbGUgU3IiLCJjb21wYW55X25hbWUiOiJMb2dpY2FsaXMgU3BhaW4iLCJhZGRyZXNzX2NpdHkiOiJNYWRyaWQsIFNwYWluIiwiaHRpZG9jaWQiOiJmWG9RQlNxRnBZeFJnX3J1QUFBQUFBPT0iLCJ1dWxlIjoidytDQUlRSUNJRlUzQmhhVzQifQ==,Seguridad
eyJqb2JfdGl0bGUiOiJBZG1pbmlzdHJhZG9yIFNlbmlvciBkZSBCYXNlcyBkZSBEYXRvcyBPcmFjbGUiLCJjb21wYW55X25hbWUiOiJULVN5c3RlbXMgSWJlcmlhIiwiYWRkcmVzc19jaXR5IjoiU3BhaW4iLCJodGlkb2NpZCI6IjJaWDNKQVl3V2Z0c1dTSWNBQUFBQUE9PSIsInV1bGUiOiJ3K0NBSVFJQ0lGVTNCaGFXNCJ9,Base de datos
eyJqb2JfdGl0bGUiOiJEQkEgT3JhY2xlIiwiY29tcGFueV9uYW1lIjoiVGhlV2lzZVNlZWtlciIsImFkZHJlc3NfY2l0eSI6IlNwYWluIiwiaHRpZG9jaWQiOiJ6ckU5NWY2b1hmdy1LUDZqQUFBQUFBPT0iLCJ1dWxlIjoidytDQUlRSUNJRlUzQmhhVzQifQ==,Seguridad
eyJqb2JfdGl0bGUiOiJBZG1pbmlzdHJhZG9yIGRlIEJCREQgT1JBQ0xFIGp1bmlvciIsImNvbXBhbnlfbmFtZSI6IkVNUFJFU0EgREUgU0VMRUNDSU9OIERFIFRBTEVOVE9TIiwiYWRkcmVzc19jaXR5IjoiQ8OhZGl6LCBTcGFpbiIsImh0aWRvY2lkIjoiQlRuZDltQTJfRTFWbXl0ZkFBQUFBQT09IiwidXVsZSI6IncrQ0FJUUlDSUZVM0JoYVc0In0=,Base de datos
eyJqb2JfdGl0bGUiOiJPcmFjbGUgeSBTUUwgU2VydmVyIERCQSIsImNvbXBhbnlfbmFtZSI6IkFwb2xvIElUIEdyb3VwIiwiYWRkcmVzc19jaXR5IjoiTWFkcmlkLCBTcGFpbiIsImh0aWRvY2lkIjoiaElWdGdyelFjbFh3aDJLZUFBQUFBQT09IiwidXVsZSI6IncrQ0FJUUlDSUZVM0JoYVc0In0=,Seguridad
eyJqb2JfdGl0bGUiOiJPcmFjbGUgeSBTUUwgU2VydmVyIERCQSIsImNvbXBhbnlfbmFtZSI6IkFwb2xvIElUIEdyb3VwIiwiYWRkcmVzc19jaXR5IjoiTWFkcmlkLCBTcGFpbiIsImh0aWRvY2lkIjoiaElWdGdyelFjbFh3aDJLZUFBQUFBQT09IiwidXVsZSI6IncrQ0FJUUlDSUZVM0JoYVc0In0=,Base de datos
eyJqb2JfdGl0bGUiOiJBZG1pbmlzdHJhZG9yL0EgQmJkZCwgMTAwJSBFbiBSZW1vdG8iLCJjb21wYW55X25hbWUiOiJDYXMgVHJhaW5pbmciLCJhZGRyZXNzX2NpdHkiOiJNYWRyaWQsIFNwYWluIiwiaHRpZG9jaWQiOiJKbmNHUUppdnZ5Q1dqNEdzQUFBQUFBPT0iLCJ1dWxlIjoidytDQUlRSUNJRlUzQmhhVzQifQ==,Base de datos
eyJqb2JfdGl0bGUiOiJUw6ljbmljb3MgZGUgc2lzdGVtYXMgdW5peCAvIGxpbnV4IiwiY29tcGFueV9uYW1lIjoiQXJlbGFuY2UiLCJhZGRyZXNzX2NpdHkiOiJNYWRyaWQsIFNwYWluIiwiaHRpZG9jaWQiOiJSczU1U2pVNUlZRjdkajRNQUFBQUFBPT0iLCJ1dWxlIjoidytDQUlRSUNJRlUzQmhhVzQifQ==,Seguridad
eyJqb2JfdGl0bGUiOiJUw6ljbmljby9hIHNpc3RlbWFzIFVOSVgiLCJjb21wYW55X25hbWUiOiJDQVMgVFJBSU5JTkciLCJhZGRyZXNzX2NpdHkiOiJNYWRyaWQsIFNwYWluIiwiaHRpZG9jaWQiOiJoaWhDemd6VkVYRnp6OEYtQUFBQUFBPT0iLCJ1dWxlIjoidytDQUlRSUNJRlUzQmhhVzQifQ==,Seguridad
eyJqb2JfdGl0bGUiOiJUw6ljbmljbyBEZSBTZWd1cmlkYWQgVW5peCBIL00iLCJjb21wYW55X25hbWUiOiJTaXRpbyBSb3lhbHRpZXMiLCJhZGRyZXNzX2NpdHkiOiJCYXJjZWxvbmEsIFNwYWluIiwiaHRpZG9jaWQiOiI3b3FaYk1GenBOcnA5SHV6QUFBQUFBPT0iLCJ1dWxlIjoidytDQUlRSUNJRlUzQmhhVzQifQ==,Seguridad
eyJqb2JfdGl0bGUiOiJUw6ljbmljbyBEZSBTZWd1cmlkYWQgVW5peCBIL00iLCJjb21wYW55X25hbWUiOiJTaXRpbyBSb3lhbHRpZXMiLCJhZGRyZXNzX2NpdHkiOiJCYXJjZWxvbmEsIFNwYWluIiwiaHRpZG9jaWQiOiI3b3FaYk1GenBOcnA5SHV6QUFBQUFBPT0iLCJ1dWxlIjoidytDQUlRSUNJRlUzQmhhVzQifQ==,Integración
eyJqb2JfdGl0bGUiOiJBZG1pbmlzdHJhZG9yL2EgZGUgU2lzdGVtYXMgVU5JWCBKdW5pb3IiLCJjb21wYW55X25hbWUiOiJTZWlkb3IiLCJhZGRyZXNzX2NpdHkiOiJCYXJjZWxvbmEsIFNwYWluIiwiaHRpZG9jaWQiOiJQZU9DTGJDUk9NazI1MkFfQUFBQUFBPT0iLCJ1dWxlIjoidytDQUlRSUNJRlUzQmhhVzQifQ==,Seguridad
eyJqb2JfdGl0bGUiOiJBZG1pbmlzdHJhZG9yIGRlIFBsYXRhZm9ybWFzIExpbnV4L1VuaXgiLCJjb21wYW55X25hbWUiOiJTb2Z0d2FyZU9uZSIsImFkZHJlc3NfY2l0eSI6Ik1hZHJpZCwgU3BhaW4iLCJodGlkb2NpZCI6Ims3MTdyMUlGWFRrbFQ2YjdBQUFBQUE9PSIsInV1bGUiOiJ3K0NBSVFJQ0lGVTNCaGFXNCJ9,Seguridad
eyJqb2JfdGl0bGUiOiJUw6ljbmljby9hIGRlIHBydWViYXM6IFFBIFRlc3RlciIsImNvbXBhbnlfbmFtZSI6IkFsdGlhIiwiYWRkcmVzc19jaXR5IjoiU3BhaW4iLCJodGlkb2NpZCI6IkYyTF96WEZHd3RndEVJR1NBQUFBQUE9PSIsInV1bGUiOiJ3K0NBSVFJQ0lGVTNCaGFXNCJ9,Seguridad
eyJqb2JfdGl0bGUiOiJUw6ljbmljby9hIGRlIHBydWViYXM6IFFBIFRlc3RlciIsImNvbXBhbnlfbmFtZSI6IkFsdGlhIiwiYWRkcmVzc19jaXR5IjoiU3BhaW4iLCJodGlkb2NpZCI6IkYyTF96WEZHd3RndEVJR1NBQUFBQUE9PSIsInV1bGUiOiJ3K0NBSVFJQ0lGVTNCaGFXNCJ9,Integración
eyJqb2JfdGl0bGUiOiJRYS9UZXN0ZXIgQXV0b21hdGl6YWNpw7NuIFBydWViYXMiLCJjb21wYW55X25hbWUiOiJVc3QiLCJhZGRyZXNzX2NpdHkiOiJNYWRyaWQsIFNwYWluIiwiaHRpZG9jaWQiOiJzUExfVVpLX2NkS3lmOEx6QUFBQUFBPT0iLCJ1dWxlIjoidytDQUlRSUNJRlUzQmhhVzQifQ==,Seguridad
eyJqb2JfdGl0bGUiOiJRYS9UZXN0ZXIgQXV0b21hdGl6YWNpw7NuIFBydWViYXMiLCJjb21wYW55X25hbWUiOiJVc3QiLCJhZGRyZXNzX2NpdHkiOiJNYWRyaWQsIFNwYWluIiwiaHRpZG9jaWQiOiJzUExfVVpLX2NkS3lmOEx6QUFBQUFBPT0iLCJ1dWxlIjoidytDQUlRSUNJRlUzQmhhVzQifQ==,Integración
eyJqb2JfdGl0bGUiOiJRQSBNYW51YWwiLCJjb21wYW55X25hbWUiOiJTbWFydFdheSBTdHVkaW8iLCJhZGRyZXNzX2NpdHkiOiJNYWRyaWQsIFNwYWluIiwiaHRpZG9jaWQiOiJsUHZJa3dzUzMtQWVSTUhUQUFBQUFBPT0iLCJ1dWxlIjoidytDQUlRSUNJRlUzQmhhVzQifQ==,Integración
eyJqb2JfdGl0bGUiOiJRYS9UZXN0ZXIgUHJ1ZWJhcyBGdW5jaW9uYWxlcyIsImNvbXBhbnlfbmFtZSI6IlVzdCIsImFkZHJlc3NfY2l0eSI6Ik1hZHJpZCwgU3BhaW4iLCJodGlkb2NpZCI6IlVCMWV3dzh5VHNybzNSbU9BQUFBQUE9PSIsInV1bGUiOiJ3K0NBSVFJQ0lGVTNCaGFXNCJ9,Integración
eyJqb2JfdGl0bGUiOiJRQSBBdXRvbWF0aW9uIFRlc3RlciIsImNvbXBhbnlfbmFtZSI6IkV4Y2VsdGljIiwiYWRkcmVzc19jaXR5IjoiU3BhaW4iLCJodGlkb2NpZCI6IkplNTVIYlBabFhXc3Z0SmtBQUFBQUE9PSIsInV1bGUiOiJ3K0NBSVFJQ0lGVTNCaGFXNCJ9,Mobile
eyJqb2JfdGl0bGUiOiJRQSBBdXRvbWF0aW9uIFRlc3RlciIsImNvbXBhbnlfbmFtZSI6IkV4Y2VsdGljIiwiYWRkcmVzc19jaXR5IjoiU3BhaW4iLCJodGlkb2NpZCI6IkplNTVIYlBabFhXc3Z0SmtBQUFBQUE9PSIsInV1bGUiOiJ3K0NBSVFJQ0lGVTNCaGFXNCJ9,Integración
eyJqb2JfdGl0bGUiOiJUZXN0IEF1dG9tYXRpb24gRW5naW5lZXIiLCJjb21wYW55X25hbWUiOiJCbyBHcm93dGgiLCJhZGRyZXNzX2NpdHkiOiJWYWxlbmNpYSwgU3BhaW4iLCJodGlkb2NpZCI6Ijh1b2JQSl9aOGxKMS1lSGhBQUFBQUE9PSIsInV1bGUiOiJ3K0NBSVFJQ0lGVTNCaGFXNCJ9,Integración
eyJqb2JfdGl0bGUiOiJQcm9ncmFtYWRvci9hICBUZXN0aW5nIHkgUUEiLCJjb21wYW55X25hbWUiOiJBeWVzYSIsImFkZHJlc3NfY2l0eSI6Ik3DqXJpZGEsIFNwYWluIiwiaHRpZG9jaWQiOiJYclJENGw3dkJEZEJGMFJGQUFBQUFBPT0iLCJ1dWxlIjoidytDQUlRSUNJRlUzQmhhVzQifQ==,Seguridad
eyJqb2JfdGl0bGUiOiJQcm9ncmFtYWRvci9hICBUZXN0aW5nIHkgUUEiLCJjb21wYW55X25hbWUiOiJBeWVzYSIsImFkZHJlc3NfY2l0eSI6Ik3DqXJpZGEsIFNwYWluIiwiaHRpZG9jaWQiOiJYclJENGw3dkJEZEJGMFJGQUFBQUFBPT0iLCJ1dWxlIjoidytDQUlRSUNJRlUzQmhhVzQifQ==,Integración
eyJqb2JfdGl0bGUiOiJRQSBBdXRvbWF0aW9uIiwiY29tcGFueV9uYW1lIjoiU29mdHRlayIsImFkZHJlc3NfY2l0eSI6IlNwYWluIiwiaHRpZG9jaWQiOiJoWTBERjJMVXFpNjNTbzNZQUFBQUFBPT0iLCJ1dWxlIjoidytDQUlRSUNJRlUzQmhhVzQifQ==,Integración
eyJqb2JfdGl0bGUiOiJNT0JJTEUgQVVUT01BVElPTiBURVNURVIgUUEiLCJjb21wYW55X25hbWUiOiJJUklVTSIsImFkZHJlc3NfY2l0eSI6IlNwYWluIiwiaHRpZG9jaWQiOiJsamRKZkVOcE5HeGVVWF9PQUFBQUFBPT0iLCJ1dWxlIjoidytDQUlRSUNJRlUzQmhhVzQifQ==,Mobile
eyJqb2JfdGl0bGUiOiJRQSBhdXRvbWF0aW9uIGNvbiBpbmdsw6lzIGVuIE3DoWxhZ2EiLCJjb21wYW55X25hbWUiOiJNaWNoYWVsIFBhZ2UiLCJhZGRyZXNzX2NpdHkiOiJNw6FsYWdhLCBTcGFpbiIsImh0aWRvY2lkIjoiZ3E5R0ozMm9oUHBfcExhMkFBQUFBQT09IiwidXVsZSI6IncrQ0FJUUlDSUZVM0JoYVc0In0=,Integración
eyJqb2JfdGl0bGUiOiJBbmFsaXN0YSBHb2JpZXJubyB5IENhbGlkYWQgZGVsIERhdG8iLCJjb21wYW55X25hbWUiOiJNYWhvdSBTYW4gTWlndWVsIiwiYWRkcmVzc19jaXR5IjoiTWFkcmlkLCBTcGFpbiIsImh0aWRvY2lkIjoidGVXdFQ2UnJoUkYwYVB0RUFBQUFBQT09IiwidXVsZSI6IncrQ0FJUUlDSUZVM0JoYVc0In0=,Seguridad
eyJqb2JfdGl0bGUiOiJBbmFsaXN0YSBKdW5pb3IgQ2FsaWRhZCBkZWwgRGF0byAtIEdFVE5FVCIsImNvbXBhbnlfbmFtZSI6IlNhbnRhbmRlciIsImFkZHJlc3NfY2l0eSI6IkJvYWRpbGxhIGRlbCBNb250ZSwgU3BhaW4iLCJodGlkb2NpZCI6IlpvRTFSODdYVnl3U1JiRGhBQUFBQUE9PSIsInV1bGUiOiJ3K0NBSVFJQ0lGVTNCaGFXNCJ9,Base de datos
eyJqb2JfdGl0bGUiOiJUw6ljbmljby9hIHNvcG9ydGUgcmVtb3RvIG4yIiwiY29tcGFueV9uYW1lIjoiQ2FtZSBQYXJrYXJlIiwiYWRkcmVzc19jaXR5IjoiQmFyY2Vsb25hLCBTcGFpbiIsImh0aWRvY2lkIjoid0dnNm9xTXMtSGFxd1FXR0FBQUFBQT09IiwidXVsZSI6IncrQ0FJUUlDSUZVM0JoYVc0In0=,Integración
eyJqb2JfdGl0bGUiOiJTb3BvcnRlIFTDqWNuaWNvIElUIDI0eDcgLSAxMDAlIHJlbW90by4gSW5nbMOpcyBBdmFuemFkbyIsImNvbXBhbnlfbmFtZSI6IkRldm90ZWFtIFNwYWluIiwiYWRkcmVzc19jaXR5IjoiTWFkcmlkLCBTcGFpbiIsImh0aWRvY2lkIjoiUF9vVklfemJncGxnX3Q3NkFBQUFBQT09IiwidXVsZSI6IncrQ0FJUUlDSUZVM0JoYVc0In0=,Seguridad
eyJqb2JfdGl0bGUiOiJTb3BvcnRlIFTDqWNuaWNvIElUIDI0eDcgLSAxMDAlIHJlbW90by4gSW5nbMOpcyBBdmFuemFkbyIsImNvbXBhbnlfbmFtZSI6IkRldm90ZWFtIFNwYWluIiwiYWRkcmVzc19jaXR5IjoiTWFkcmlkLCBTcGFpbiIsImh0aWRvY2lkIjoiUF9vVklfemJncGxnX3Q3NkFBQUFBQT09IiwidXVsZSI6IncrQ0FJUUlDSUZVM0JoYVc0In0=,Infraestructura cloud
eyJqb2JfdGl0bGUiOiJUw6ljbmljbyBzb3BvcnRlIGhlbHBkZXNrIChmdWxsIHJlbW90ZSkiLCJjb21wYW55X25hbWUiOiJCZXRhbGFiIElubm92YXRpb24iLCJhZGRyZXNzX2NpdHkiOiJaYXJhZ296YSwgU3BhaW4iLCJodGlkb2NpZCI6ImU0MEQ5RkkxWF9vZWJWY19BQUFBQUE9PSIsInV1bGUiOiJ3K0NBSVFJQ0lGVTNCaGFXNCJ9,Base de datos
eyJqb2JfdGl0bGUiOiJUw6ljbmljby9hIGRlIFNvcG9ydGUgUmVtb3RvIiwiY29tcGFueV9uYW1lIjoiRVNQMDUgVHljbyBJRlx1MDAyNlMgQ29ycG9yYXRpb24gU2VydmljaW9zIiwiYWRkcmVzc19jaXR5IjoiU3BhaW4iLCJodGlkb2NpZCI6Iks0NWRXdDc0ak1jTWoxeFNBQUFBQUE9PSIsInV1bGUiOiJ3K0NBSVFJQ0lGVTNCaGFXNCJ9,Seguridad
eyJqb2JfdGl0bGUiOiJUw6ljbmljby9hIGRlIGN5YmVyc2VndXJpZGFkIG4xIChyZW1vdG8pIiwiY29tcGFueV9uYW1lIjoiQWxjb3JjZSBUZWxlY29tdW5pY2FjaW9uZXMiLCJhZGRyZXNzX2NpdHkiOiJBbG1lcsOtYSwgU3BhaW4iLCJodGlkb2NpZCI6ImlMc0VzYnJ2aFJ2Y1VCVFpBQUFBQUE9PSIsInV1bGUiOiJ3K0NBSVFJQ0lGVTNCaGFXNCJ9,Seguridad
eyJqb2JfdGl0bGUiOiJUw6ljbmljby9hIGRlIEN5YmVyc2VndXJpZGFkIE4xIChSZW1vdG8pIiwiY29tcGFueV9uYW1lIjoiQWxjb3JjZSBUZWxlY29tdW5pY2FjaW9uZXMgUy5MLiIsImFkZHJlc3NfY2l0eSI6IkFsbWVyw61hLCBTcGFpbiIsImh0aWRvY2lkIjoiZFpITE13VFdLZkZlNEV6RUFBQUFBQT09IiwidXVsZSI6IncrQ0FJUUlDSUZVM0JoYVc0In0=,Seguridad
eyJqb2JfdGl0bGUiOiJUw4lDTklDTyBFTiBJVCIsImNvbXBhbnlfbmFtZSI6IkxhdXJhIiwiYWRkcmVzc19jaXR5IjoiTGFzIFBhbG1hcyBkZSBHcmFuIENhbmFyaWEsIFNwYWluIiwiaHRpZG9jaWQiOiI1V2FZRlliMUFuU1lDUUx5QUFBQUFBPT0iLCJ1dWxlIjoidytDQUlRSUNJRlUzQmhhVzQifQ==,Seguridad
eyJqb2JfdGl0bGUiOiJFc3BlY2lhbGlzdGEgZW4gU29wb3J0ZSBUw6ljbmljbyBkZSBNaWNyb2luZm9ybcOhdGljYSIsImNvbXBhbnlfbmFtZSI6IlNlcmVzY28iLCJhZGRyZXNzX2NpdHkiOiJPdmllZG8sIE11bmljaXBhbGl0eSBvZiBPdmllZG8sIFNwYWluIiwiaHRpZG9jaWQiOiJJOTNkQ3dDRmFoa3hEbnNUQUFBQUFBPT0iLCJ1dWxlIjoidytDQUlRSUNJRlUzQmhhVzQifQ==,Integración
eyJqb2JfdGl0bGUiOiJUw6ljbmljbyBTZW5pb3IgZGUgUmVkZXMiLCJjb21wYW55X25hbWUiOiJMSEgiLCJhZGRyZXNzX2NpdHkiOiJNYWRyaWQsIFNwYWluIiwiaHRpZG9jaWQiOiJ1dENWOUc2SkJJWi03RmZrQUFBQUFBPT0iLCJ1dWxlIjoidytDQUlRSUNJRlUzQmhhVzQifQ==,Seguridad
