job_id,perfil_id
eyJqb2JfdGl0bGUiOiJDb25zdWx0b3IvYSBmdW5jaW9uYWwgU0FQIFNEL01NIiwiY29tcGFueV9uYW1lIjoiREVTSUMgfCBDb25zdWx0b3JhIFRlY25vbMOzZ2ljYSIsImFkZHJlc3NfY2l0eSI6IlNwYWluIiwiaHRpZG9jaWQiOiI2djZQMG9BQkhuTGhLSlZ3QUFBQUFBPT0iLCJ1dWxlIjoidytDQUlRSUNJRlUzQmhhVzQifQ==,1
eyJqb2JfdGl0bGUiOiJDT05TVUxUT1IgVEVDTk9Mw5NHSUNPIC8gUFJPR1JBTUFET1IiLCJjb21wYW55X25hbWUiOiJNYXJxdcOpcyIsImFkZHJlc3NfY2l0eSI6Ik1hZHJpZCwgU3BhaW4iLCJodGlkb2NpZCI6IjhGUEhoNHdzNmZYXzZhRWJBQUFBQUE9PSIsInV1bGUiOiJ3K0NBSVFJQ0lGVTNCaGFXNCJ9,1
eyJqb2JfdGl0bGUiOiJDT05TVUxUT1IgREUgTlVFVkFTIFRFQ05PTE9Hw41BUyBZIFRSQU5TRk9STUFDScOTTiBESUdJVEFMIE1BRFJJRCIsImNvbXBhbnlfbmFtZSI6Ik1hbmFnZW1lbnQgU29sdXRpb25zIiwiYWRkcmVzc19jaXR5IjoiTWFkcmlkLCBTcGFpbiIsImh0aWRvY2lkIjoicWF0R2RZRE1FdmRUZEZRN0FBQUFBQT09IiwidXVsZSI6IncrQ0FJUUlDSUZVM0JoYVc0In0=,1
eyJqb2JfdGl0bGUiOiJFU1BFQ0lBTElTVEEgVMOJQ05JQ08gRU4gU0VHVVJJREFEIERJR0lUQUwiLCJjb21wYW55X25hbWUiOiJUZWxlZsOzbmljYSIsImFkZHJlc3NfY2l0eSI6Ik1hZHJpZCwgU3BhaW4iLCJodGlkb2NpZCI6Ing0UGZwcF9xOW1iVURvalBBQUFBQUE9PSIsInV1bGUiOiJ3K0NBSVFJQ0lGVTNCaGFXNCJ9,7
eyJqb2JfdGl0bGUiOiJFc3BlY2lhbGlzdGEgZW4gU2VndXJpZGFkIEluZm9ybcOhdGljYSB5IEN1bXBsaW1pZW50byBOb3JtYXRpdm8iLCJjb21wYW55X25hbWUiOiJNZXJjYWRvbmEiLCJhZGRyZXNzX2NpdHkiOiJQYXRlcm5hLCBTcGFpbiIsImh0aWRvY2lkIjoib1FXN0N2anJjaWRFQTRTX0FBQUFBQT09IiwidXVsZSI6IncrQ0FJUUlDSUZVM0JoYVc0In0=,7
eyJqb2JfdGl0bGUiOiJLRVkgQUNDT1VOVCBNQU5BR0VSIEVTUEVDSUFMSVNUQSBDSUJFUlNFR1VSSURBRCBFTiBCQVJDRUxPTkEiLCJjb21wYW55X25hbWUiOiJUZWxlZsOzbmljYSIsImFkZHJlc3NfY2l0eSI6IkJhcmNlbG9uYSwgU3BhaW4iLCJodGlkb2NpZCI6IjdDSEdRSDlJRkhaMVBUS1FBQUFBQUE9PSIsInV1bGUiOiJ3K0NBSVFJQ0lGVTNCaGFXNCJ9,7
eyJqb2JfdGl0bGUiOiJFc3BlY2lhbGlzdGEgU2VndXJpZGFkIGRlIGxhIEluZm9ybWFjacOzbiAtIE1hZHJpZCIsImNvbXBhbnlfbmFtZSI6IlJlYWxlIFNlZ3Vyb3MiLCJhZGRyZXNzX2NpdHkiOiJNYWRyaWQsIFNwYWluIiwiaHRpZG9jaWQiOiJNUm04MlVvTjBiZm9GeERfQUFBQUFBPT0iLCJ1dWxlIjoidytDQUlRSUNJRlUzQmhhVzQifQ==,7
eyJqb2JfdGl0bGUiOiJFc3BlY2lhbGlzdGEgZW4gU2VndXJpZGFkIFBlcmltZXRyYWwiLCJjb21wYW55X25hbWUiOiJJbmV0dW0iLCJhZGRyZXNzX2NpdHkiOiJUb21hcmVzLCBTcGFpbiIsImh0aWRvY2lkIjoiSUw5Zk1qV0ZFb0YwY2ZJZUFBQUFBQT09IiwidXVsZSI6IncrQ0FJUUlDSUZVM0JoYVc0In0=,7
eyJqb2JfdGl0bGUiOiJFc3BlY2lhbGlzdGEgZW4gU2VndXJpZGFkIEluZm9ybcOhdGljYSBwYXJhIEFzaXN0ZW5jaWEgYSBDSVNPIiwiY29tcGFueV9uYW1lIjoiVGVsZWbDs25pY2EgVGVjaCAtIEdvdmVydGlzIiwiYWRkcmVzc19jaXR5IjoiQmFyY2Vsb25hLCBTcGFpbiIsImh0aWRvY2lkIjoiR0FBMWgwOG1WNVRuVFFNQkFBQUFBQT09IiwidXVsZSI6IncrQ0FJUUlDSUZVM0JoYVc0In0=,7
eyJqb2JfdGl0bGUiOiJBZG1pbmlzdHJhZG9yIGRlIGJhc2VzIGRlIGRhdG9zIGRlIE9yYWNsZSIsImNvbXBhbnlfbmFtZSI6IklPT04iLCJhZGRyZXNzX2NpdHkiOiJTcGFpbiIsImh0aWRvY2lkIjoibWU5QkJ6WXA5a2E3aFJ0SEFBQUFBQT09IiwidXVsZSI6IncrQ0FJUUlDSUZVM0JoYVc0In0=,7
eyJqb2JfdGl0bGUiOiJUw4lDTklDTy9BIERFIFRFTEVDT01VTklDQUNJT05FUyIsImNvbXBhbnlfbmFtZSI6Ikdsb2JhbCBIdW1hbiBDb25zdWx0YW50cyIsImFkZHJlc3NfY2l0eSI6IkJhcmNlbG9uYSwgU3BhaW4iLCJodGlkb2NpZCI6IjZ4VU0ySnZrNGN5cF9EcV9BQUFBQUE9PSIsInV1bGUiOiJ3K0NBSVFJQ0lGVTNCaGFXNCJ9,7
eyJqb2JfdGl0bGUiOiJEaXNlw7FhZG9yIEdyw6FmaWNvIERpZ2l0YWwiLCJjb21wYW55X25hbWUiOiJJTUFHSU5BIiwiYWRkcmVzc19jaXR5IjoiTWFkcmlkLCBTcGFpbiIsImh0aWRvY2lkIjoiYjJKd1ZJN04zNjFYREFsSUFBQUFBQT09IiwidXVsZSI6IncrQ0FJUUlDSUZVM0JoYVc0In0=,2
eyJqb2JfdGl0bGUiOiJEaXJlY3Rvci9hIEFydGUgZ3LDoWZpY28gZGlnaXRhbCBKdW5pb3IiLCJjb21wYW55X25hbWUiOiJPSCBTdHJhdGVneSIsImFkZHJlc3NfY2l0eSI6Ik1hdGFyw7MsIFNwYWluIiwiaHRpZG9jaWQiOiIxa1U3RURCMmpuLTFURU44QUFBQUFBPT0iLCJ1dWxlIjoidytDQUlRSUNJRlUzQmhhVzQifQ==,2
eyJqb2JfdGl0bGUiOiJEaXNlw7FhZG9yIGdyw6FmaWNvIiwiY29tcGFueV9uYW1lIjoiQW5pbWEgQ29uc3VtZXIgRGlnaXRhbCBTZXJ2aWNlcywgU0wiLCJhZGRyZXNzX2NpdHkiOiJMYXMgUGFsbWFzIGRlIEdyYW4gQ2FuYXJpYSwgU3BhaW4iLCJodGlkb2NpZCI6Imtrdm9uamdJQk9udW1HYU9BQUFBQUE9PSIsInV1bGUiOiJ3K0NBSVFJQ0lGVTNCaGFXNCJ9,7
eyJqb2JfdGl0bGUiOiJBbmFsaXN0YSBkZSBDaWJlcnNlZ3VyaWRhZCIsImNvbXBhbnlfbmFtZSI6Ik5UVCBEQVRBIEV1cm9wZSBcdTAwMjYgTGF0YW0iLCJhZGRyZXNzX2NpdHkiOiJNYWRyaWQsIFNwYWluIiwiaHRpZG9jaWQiOiJ6RzZ0a2hwMU5iQURMQXZXQUFBQUFBPT0iLCJ1dWxlIjoidytDQUlRSUNJRlUzQmhhVzQifQ==,7
eyJqb2JfdGl0bGUiOiJBTkFMSVNUQSBERSBHT0JJRVJOTyBDSUJFUlNFR1VSSURBRCIsImNvbXBhbnlfbmFtZSI6IkNBU0VSIiwiYWRkcmVzc19jaXR5IjoiTWFkcmlkLCBTcGFpbiIsImh0aWRvY2lkIjoiNUlXeG1ETHJEVHphVHkwc0FBQUFBQT09IiwidXVsZSI6IncrQ0FJUUlDSUZVM0JoYVc0In0=,7
eyJqb2JfdGl0bGUiOiJBbmFsaXN0YSBkZSBDaWJlcnNlZ3VyaWRhZCIsImNvbXBhbnlfbmFtZSI6IldlSHVudCBFc3Bhw7FhIiwiYWRkcmVzc19jaXR5IjoiQmFyY2Vsb25hLCBTcGFpbiIsImh0aWRvY2lkIjoib0I2RFVrb2RpWWg5QVEtd0FBQUFBQT09IiwidXVsZSI6IncrQ0FJUUlDSUZVM0JoYVc0In0=,7
eyJqb2JfdGl0bGUiOiJBbmFsaXN0YSBkZSBTZWd1cmlkYWQgLyBBbmFsaXN0YSBOT0MvU09DIiwiY29tcGFueV9uYW1lIjoiQ29ydGVsY28gU3lzdGVtcyIsImFkZHJlc3NfY2l0eSI6IlNwYWluIiwiaHRpZG9jaWQiOiJfbTNCTHlTb2xGTXJtTDEtQUFBQUFBPT0iLCJ1dWxlIjoidytDQUlRSUNJRlUzQmhhVzQifQ==,7
eyJqb2JfdGl0bGUiOiJUw6ljbmljYS9vIEluZ2VuaWVyYS9vIGRlIENpYmVyc2VndXJpZGFkIChBbmFsaXN0YSBTT0MgTjEpIiwiY29tcGFueV9uYW1lIjoiQWxoYW1icmEgSVQiLCJhZGRyZXNzX2NpdHkiOiJNYWRyaWQsIFNwYWluIiwiaHRpZG9jaWQiOiJVeW4tbnNDX2JCcXpnMGJTQUFBQUFBPT0iLCJ1dWxlIjoidytDQUlRSUNJRlUzQmhhVzQifQ==,7
eyJqb2JfdGl0bGUiOiJBbmFsaXN0YSBkZSBTZWd1cmlkYWQgKEgvTSkiLCJjb21wYW55X25hbWUiOiJHcnVwbyBPZXNpYSIsImFkZHJlc3NfY2l0eSI6IlRyZXMgQ2FudG9zLCBTcGFpbiIsImh0aWRvY2lkIjoiQ1ozellJTDJTbHlMd0tQcUFBQUFBQT09IiwidXVsZSI6IncrQ0FJUUlDSUZVM0JoYVc0In0=,7
eyJqb2JfdGl0bGUiOiJBbmFsaXN0YSBkZSBDaWJlcnNlZ3VyaWRhZC4iLCJjb21wYW55X25hbWUiOiJTT0NJQUwgVEVDIEhVTlRJTkciLCJhZGRyZXNzX2NpdHkiOiJCYXJjZWxvbmEsIFNwYWluIiwiaHRpZG9jaWQiOiJQVGFpRUNBbW0tR2NOR2JXQUFBQUFBPT0iLCJ1dWxlIjoidytDQUlRSUNJRlUzQmhhVzQifQ==,7
eyJqb2JfdGl0bGUiOiJBcnF1aXRlY3RvIFNlZ3VyaWRhZCBJbmZvcm3DoXRpY2EgLSBHZXN0acOzbiBkZSBJZGVudGlkYWRlcyIsImNvbXBhbnlfbmFtZSI6IlNwcmluZyBQcm9mZXNzaW9uYWwiLCJhZGRyZXNzX2NpdHkiOiJCYXJjZWxvbmEsIFNwYWluIiwiaHRpZG9jaWQiOiJ4ekhrd2Jsc0xYbjlob3p1QUFBQUFBPT0iLCJ1dWxlIjoidytDQUlRSUNJRlUzQmhhVzQifQ==,7
eyJqb2JfdGl0bGUiOiJhbmFsaXN0YS1kZS1jaWJlcnNlZ3VyaWRhZC1zYW50YW5kZXItZGlnaXRhbC1zZXJ2aWNlcyIsImNvbXBhbnlfbmFtZSI6IkJBTkNPIFNBTlRBTkRFUiBTLkEuIiwiYWRkcmVzc19jaXR5IjoiQm9hZGlsbGEgZGVsIE1vbnRlLCBTcGFpbiIsImh0aWRvY2lkIjoiWGhHYl9qa184S04yMkFKM0FBQUFBQT09IiwidXVsZSI6IncrQ0FJUUlDSUZVM0JoYVc0In0=,7
eyJqb2JfdGl0bGUiOiJBbmFsaXN0YSBDaWJlcnNlZ3VyaWRhZCIsImNvbXBhbnlfbmFtZSI6IkVtcHJlc2EgZGUgVGVjbm9sb2fDrWFzIGRlIGxhIEluZm9ybWFjacOzbiB5IENvbXVuaWNhY2lvbmVzIChUSUMpIiwiYWRkcmVzc19jaXR5IjoiTWFkcmlkLCBTcGFpbiIsImh0aWRvY2lkIjoia0lCOE5JVUtYT3JwWXY5MEFBQUFBQT09IiwidXVsZSI6IncrQ0FJUUlDSUZVM0JoYVc0In0=,7
eyJqb2JfdGl0bGUiOiJBbmFsaXN0YSBFRFIgZW5kcG9pbnQgIHwgQ2liZXJzZWd1cmlkYWQgfCBUZWxldHJhYmFqbyIsImNvbXBhbnlfbmFtZSI6IkFMVEVOIFNwYWluIiwiYWRkcmVzc19jaXR5IjoiU3BhaW4iLCJodGlkb2NpZCI6InRiMFpYNEktZFMzWnE5bXBBQUFBQUE9PSIsInV1bGUiOiJ3K0NBSVFJQ0lGVTNCaGFXNCJ9,1
eyJqb2JfdGl0bGUiOiJDb25zdWx0b3IgRW4gVHJhbnNmb3JtYWNpw7NuIERpZ2l0YWwiLCJjb21wYW55X25hbWUiOiJSZWNvbm9jaWRhIEVtcHJlc2EiLCJhZGRyZXNzX2NpdHkiOiJNYWRyaWQsIFNwYWluIiwiaHRpZG9jaWQiOiJBTDZ4UG5qOEZ3djlGaTJyQUFBQUFBPT0iLCJ1dWxlIjoidytDQUlRSUNJRlUzQmhhVzQifQ==,1
eyJqb2JfdGl0bGUiOiJDb25zdWx0b3IgSnIgRGUgVHJhbnNmb3JtYWNpw7NuIERpZ2l0YWwgODAlIiwiY29tcGFueV9uYW1lIjoiU2VjdG9yZWEiLCJhZGRyZXNzX2NpdHkiOiJNYWRyaWQsIFNwYWluIiwiaHRpZG9jaWQiOiJEbmZVdXNUWjJ2a0NhMmRHQUFBQUFBPT0iLCJ1dWxlIjoidytDQUlRSUNJRlUzQmhhVzQifQ==,1
eyJqb2JfdGl0bGUiOiJDT05TVUxUT1IgTlVFVkFTIFRFQ05PTE9Hw41BUyBZIFRSQU5TRk9STUFDScOTTiBESUdJVEFMIEJJTEJBTyIsImNvbXBhbnlfbmFtZSI6Ik1hbmFnZW1lbnQgU29sdXRpb25zIiwiYWRkcmVzc19jaXR5IjoiU3BhaW4iLCJodGlkb2NpZCI6Ikd5a05iSllnUWotNlBqYUVBQUFBQUE9PSIsInV1bGUiOiJ3K0NBSVFJQ0lGVTNCaGFXNCJ9,1
eyJqb2JfdGl0bGUiOiJUw6ljbmljbyBkZSBUZWxlY29tdW5pY2FjaW9uZXMiLCJjb21wYW55X25hbWUiOiJSYWRpbWVyIiwiYWRkcmVzc19jaXR5IjoiVmFsbGUgZGUgVHLDoXBhZ2EtVHJhcGFnYXJhbiwgU3BhaW4iLCJodGlkb2NpZCI6IkVaUG9OdVVIcFBST3pDa0xBQUFBQUE9PSIsInV1bGUiOiJ3K0NBSVFJQ0lGVTNCaGFXNCJ9,7
eyJqb2JfdGl0bGUiOiJDb25zdWx0b3IgZGUgU2VndXJpZGFkIE1pY3Jvc29mdCIsImNvbXBhbnlfbmFtZSI6Ildlc3Rjb24tQ29tc3RvciIsImFkZHJlc3NfY2l0eSI6IlNwYWluIiwiaHRpZG9jaWQiOiJGc3A2ZkVGb1Nyb0lhLVJMQUFBQUFBPT0iLCJ1dWxlIjoidytDQUlRSUNJRlUzQmhhVzQifQ==,7
eyJqb2JfdGl0bGUiOiJDb25zdWx0b3IgZGUgU2VndXJpZGFkIERlZmVuc2l2YSIsImNvbXBhbnlfbmFtZSI6IkJldGFuY291cnQiLCJhZGRyZXNzX2NpdHkiOiJNYWRyaWQsIFNwYWluIiwiaHRpZG9jaWQiOiJVSUtMTUlTOHoxNWw1dno2QUFBQUFBPT0iLCJ1dWxlIjoidytDQUlRSUNJRlUzQmhhVzQifQ==,7
eyJqb2JfdGl0bGUiOiJDb25zdWx0b3IvYSBkZSBUZWNub2xvZ8OtYSBSZWdpb25hbCBfIEFsaWNhbnRlIiwiY29tcGFueV9uYW1lIjoiU2VjdXJpdGFzIFNlZ3VyaWRhZCBFc3Bhw7FhIiwiYWRkcmVzc19jaXR5IjoiQWxpY2FudGUsIFNwYWluIiwiaHRpZG9jaWQiOiJadTJfbkw1RHpEZDZTa2NYQUFBQUFBPT0iLCJ1dWxlIjoidytDQUlRSUNJRlUzQmhhVzQifQ==,7
eyJqb2JfdGl0bGUiOiJDb25zdWx0b3IgZGUgU2VndXJpZGFkIiwiY29tcGFueV9uYW1lIjoiRGV2b3RlYW0gU3BhaW4iLCJhZGRyZXNzX2NpdHkiOiJNYWRyaWQsIFNwYWluIiwiaHRpZG9jaWQiOiJtN1NSS2s4SDIwVkZ4czFtQUFBQUFBPT0iLCJ1dWxlIjoidytDQUlRSUNJRlUzQmhhVzQifQ==,7
eyJqb2JfdGl0bGUiOiJDb25zdWx0b3IvYSBTQVAgU2VndXJpZGFkIChSb2xlcyB5IEF1dG9yaXphY2lvbmVzKSAoZi9tKSIsImNvbXBhbnlfbmFtZSI6IlQtU3lzdGVtcyBJYmVyaWEiLCJhZGRyZXNzX2NpdHkiOiJNYWRyaWQsIFNwYWluIiwiaHRpZG9jaWQiOiJfbW1sZE81T1lyQjM2M1JSQUFBQUFBPT0iLCJ1dWxlIjoidytDQUlRSUNJRlUzQmhhVzQifQ==,7
eyJqb2JfdGl0bGUiOiJDb25zdWx0b3IgU2VndXJpZGFkIENsb3VkIE5hdGl2ZS8gQ29uc3VsdGFudCBTZWN1cml0eSBDbG91ZCBOYXRpdmUiLCJjb21wYW55X25hbWUiOiJEZXZvdGVhbSIsImFkZHJlc3NfY2l0eSI6Ik1hZHJpZCwgU3BhaW4iLCJodGlkb2NpZCI6InhENFg3T1RmSUxUbkhPWTNBQUFBQUE9PSIsInV1bGUiOiJ3K0NBSVFJQ0lGVTNCaGFXNCJ9,7
eyJqb2JfdGl0bGUiOiJDb25zdWx0b3IgU2VndXJpZGFkIGRlIFNXIiwiY29tcGFueV9uYW1lIjoiQWRlcmVuIiwiYWRkcmVzc19jaXR5IjoiTWFkcmlkLCBTcGFpbiIsImh0aWRvY2lkIjoiMG45UEtCM1dYdlpTazZYX0FBQUFBQT09IiwidXVsZSI6IncrQ0FJUUlDSUZVM0JoYVc0In0=,7
eyJqb2JfdGl0bGUiOiJDb25zdWx0b3IgU2VndXJpZGFkIiwiY29tcGFueV9uYW1lIjoiUGxleHVzIFRlY2giLCJhZGRyZXNzX2NpdHkiOiJNYWRyaWQsIFNwYWluIiwiaHRpZG9jaWQiOiJ5V2FPM0g2SjJkZjUzZmtBQUFBQUFBPT0iLCJ1dWxlIjoidytDQUlRSUNJRlUzQmhhVzQifQ==,7
eyJqb2JfdGl0bGUiOiJFc3BlY2lhbGlzdGEgcmVkZXMgeSBzZWd1cmlkYWQiLCJjb21wYW55X25hbWUiOiJFTUVURUwiLCJhZGRyZXNzX2NpdHkiOiJBIENvcnXDsWEsIFNwYWluIiwiaHRpZG9jaWQiOiJoWUhqd2NGZThId05WeW12QUFBQUFBPT0iLCJ1dWxlIjoidytDQUlRSUNJRlUzQmhhVzQifQ==,7
eyJqb2JfdGl0bGUiOiJUw6ljbmljby9hIFJlZGVzIHkgU2VndXJpZGFkIC0gTml2ZWwgMiIsImNvbXBhbnlfbmFtZSI6Ik1pbnNhaXQiLCJhZGRyZXNzX2NpdHkiOiJHZXRhZmUsIFNwYWluIiwiaHRpZG9jaWQiOiJMY3BGbENoMnJiQmVpeXJQQUFBQUFBPT0iLCJ1dWxlIjoidytDQUlRSUNJRlUzQmhhVzQifQ==,7
eyJqb2JfdGl0bGUiOiJFU1BFQ0lBTElTVEEgSU5HRU5JRVLDjUEgU09MVUNJT05FUyBNSUxJVEFSRVMgWSBSRURFUyBERSBFTUVSR0VOQ0lBUyBbVi02MTRdIiwiY29tcGFueV9uYW1lIjoiVGVsZWbDs25pY2EgUy4gQS4iLCJhZGRyZXNzX2NpdHkiOiJDb21tdW5pdHkgb2YgTWFkcmlkLCBTcGFpbiIsImh0aWRvY2lkIjoicTN5WTBKekt0ZUdiemJTZUFBQUFBQT09IiwidXVsZSI6IncrQ0FJUUlDSUZVM0JoYVc0In0=,1
eyJqb2JfdGl0bGUiOiJJbmdlbmllcmEvbyBFc3BlY2lhbGlzdGEgZW4gUmVkZXMgZGUgRGlzdHJpYnVjacOzbiAtIENlcnRpZmljYWRvIGRlIGRpc2NhcGFjaWRhZCIsImNvbXBhbnlfbmFtZSI6Ik5hdHVyZ3kiLCJhZGRyZXNzX2NpdHkiOiJWYWxlbmNpYW4gQ29tbXVuaXR5LCBTcGFpbiIsImh0aWRvY2lkIjoicFMxekdpUnN6MmxUZkROS0FBQUFBQT09IiwidXVsZSI6IncrQ0FJUUlDSUZVM0JoYVc0In0=,1
eyJqb2JfdGl0bGUiOiJFc3BlY2lhbGlzdGEgZW4gUmVkZXMgeSBTZWd1cmlkYWQgTjIiLCJjb21wYW55X25hbWUiOiJTaXJ0IiwiYWRkcmVzc19jaXR5IjoiTWFydG9yZWxsLCBTcGFpbiIsImh0aWRvY2lkIjoiX0Nwa1NUd1JtS09LbjAzaEFBQUFBQT09IiwidXVsZSI6IncrQ0FJUUlDSUZVM0JoYVc0In0=,7
eyJqb2JfdGl0bGUiOiJJbmdlbmllcmEvbyBFc3BlY2lhbGlzdGEgZW4gUmVkZXMgZGUgRGlzdHJpYnVjacOzbiAtIENlcnRpZmljYWRvIGRlIGRpc2NhcGFjaWRhZCAoVmFsZW5jaWEpIiwiY29tcGFueV9uYW1lIjoiTmF0dXJneSIsImFkZHJlc3NfY2l0eSI6IlZhbGVuY2lhLCBTcGFpbiIsImh0aWRvY2lkIjoiTlhpMEFZR1JSV0RWMWZHb0FBQUFBQT09IiwidXVsZSI6IncrQ0FJUUlDSUZVM0JoYVc0In0=,1
eyJqb2JfdGl0bGUiOiJFc3BlY2lhbGlzdGEgRGUgQXJxdWl0ZWN0dXJhIERlIFNvbHVjaW9uZXMiLCJjb21wYW55X25hbWUiOiJFY29lbWJlcyIsImFkZHJlc3NfY2l0eSI6Ik1hZHJpZCwgU3BhaW4iLCJodGlkb2NpZCI6ImZJSHBpYmgySWxSTlZmRGlBQUFBQUE9PSIsInV1bGUiOiJ3K0NBSVFJQ0lGVTNCaGFXNCJ9,7
eyJqb2JfdGl0bGUiOiJBcnF1aXRlY3RvIGRlIHNpc3RlbWFzIGVuIGxhIG51YmUiLCJjb21wYW55X25hbWUiOiJzZXJlbS4gQ29uc3VsdG9yw61hIGVtcHJlc2FyaWFsIiwiYWRkcmVzc19jaXR5IjoiTWFkcmlkLCBTcGFpbiIsImh0aWRvY2lkIjoiZEQ3ZDlKMW0tTmVKSmJ0aUFBQUFBQT09IiwidXVsZSI6IncrQ0FJUUlDSUZVM0JoYVc0In0=,7
eyJqb2JfdGl0bGUiOiJBcnF1aXRlY3RvIGRlIHNvbHVjaW9uZXMiLCJjb21wYW55X25hbWUiOiJzZXJlbS4gQ29uc3VsdG9yw61hIGVtcHJlc2FyaWFsIiwiYWRkcmVzc19jaXR5IjoiTWFkcmlkLCBTcGFpbiIsImh0aWRvY2lkIjoiWHNSY3ZpSDBwLTc1TzY2T0FBQUFBQT09IiwidXVsZSI6IncrQ0FJUUlDSUZVM0JoYVc0In0=,7
eyJqb2JfdGl0bGUiOiJBcnF1aXRlY3RvIGRlIFNvbHVjaW9uZXMiLCJjb21wYW55X25hbWUiOiJzZXJlbS4gQ29uc3VsdG9yw61hIGVtcHJlc2FyaWFsIiwiYWRkcmVzc19jaXR5IjoiTWFkcmlkLCBTcGFpbiIsImh0aWRvY2lkIjoiX2gtVzU0UGx0Z0FkbUE5cEFBQUFBQT09IiwidXVsZSI6IncrQ0FJUUlDSUZVM0JoYVc0In0=,1
eyJqb2JfdGl0bGUiOiJBcnF1aXRlY3RvIGRlIHNvbHVjaW9uZXMgKDEwMCUgcmVtb3RvKSIsImNvbXBhbnlfbmFtZSI6IlRpZ2xvbyIsImFkZHJlc3NfY2l0eSI6Ik1hZHJpZCwgU3BhaW4iLCJodGlkb2NpZCI6IlQtLVU4eWpjRzhSd0ZsdERBQUFBQUE9PSIsInV1bGUiOiJ3K0NBSVFJQ0lGVTNCaGFXNCJ9,7
eyJqb2JfdGl0bGUiOiJUw6ljbmljbyBkZSBoYXJkd2FyZSIsImNvbXBhbnlfbmFtZSI6IkNEUywgYSBIZXdsZXR0IFBhY2thcmQgRW50ZXJwcmlzZSBjb21wYW55IiwiYWRkcmVzc19jaXR5IjoiWmFtb3JhLCBTcGFpbiIsImh0aWRvY2lkIjoib1pmZGp3RGpPRWQ2b184TkFBQUFBQT09IiwidXVsZSI6IncrQ0FJUUlDSUZVM0JoYVc0In0=,7
eyJqb2JfdGl0bGUiOiJUw6ljbmljbyBkZSBoYXJkd2FyZSIsImNvbXBhbnlfbmFtZSI6IkNEUywgYSBIZXdsZXR0IFBhY2thcmQgRW50ZXJwcmlzZSBjb21wYW55IiwiYWRkcmVzc19jaXR5IjoiVmFsbGFkb2xpZCwgU3BhaW4iLCJodGlkb2NpZCI6InVmWWdQQnVocXJNWU9TeTdBQUFBQUE9PSIsInV1bGUiOiJ3K0NBSVFJQ0lGVTNCaGFXNCJ9,7
eyJqb2JfdGl0bGUiOiJUw6ljbmljbyBkZSBoYXJkd2FyZSAoaG9yYXJpbyBkZSB0YXJkZSkiLCJjb21wYW55X25hbWUiOiJDRFMsIGEgSGV3bGV0dCBQYWNrYXJkIEVudGVycHJpc2UgY29tcGFueSIsImFkZHJlc3NfY2l0eSI6IkNhbnRhYnJpYSwgU3BhaW4iLCJodGlkb2NpZCI6IkFFaDQyTGFsMEE1cDRKYlFBQUFBQUE9PSIsInV1bGUiOiJ3K0NBSVFJQ0lGVTNCaGFXNCJ9,7
eyJqb2JfdGl0bGUiOiJUw6ljbmljbyBkZSBTaXN0ZW1hcy9IZWxwZGVzayBTZW5pb3IiLCJjb21wYW55X25hbWUiOiJDb25zdWx0b3JhIEluZm9ybcOhdGljYSIsImFkZHJlc3NfY2l0eSI6Ik1hZHJpZCwgU3BhaW4iLCJodGlkb2NpZCI6Ii0zdXFKRmRiUHBnRURSSzlBQUFBQUE9PSIsInV1bGUiOiJ3K0NBSVFJQ0lGVTNCaGFXNCJ9,7
eyJqb2JfdGl0bGUiOiJBTkFMSVNUQSBESUdJVEFMIiwiY29tcGFueV9uYW1lIjoiTXV0dWEgTWFkcmlsZcOxYSIsImFkZHJlc3NfY2l0eSI6Ik1hZHJpZCwgU3BhaW4iLCJodGlkb2NpZCI6ImlXQnlyTVRCbnlBZ2ZiX1JBQUFBQUE9PSIsInV1bGUiOiJ3K0NBSVFJQ0lGVTNCaGFXNCJ9,1
eyJqb2JfdGl0bGUiOiJBbmFsaXN0YSBEaWdpdGFsIiwiY29tcGFueV9uYW1lIjoiQnlzaWRlY2FyIiwiYWRkcmVzc19jaXR5IjoiTWFkcmlkLCBTcGFpbiIsImh0aWRvY2lkIjoiVW95dDJJX0JSdk9yTXF3aUFBQUFBQT09IiwidXVsZSI6IncrQ0FJUUlDSUZVM0JoYVc0In0=,1
eyJqb2JfdGl0bGUiOiJEaWdpdGFsIEJ1c2luZXNzIEFuYWx5c3QiLCJjb21wYW55X25hbWUiOiJFeG9kaWdpdGFsIiwiYWRkcmVzc19jaXR5IjoiU3BhaW4iLCJodGlkb2NpZCI6IjZaSU1lSC1TdzJhMF9ITEFBQUFBQUE9PSIsInV1bGUiOiJ3K0NBSVFJQ0lGVTNCaGFXNCJ9,1
eyJqb2JfdGl0bGUiOiJDb25zdWx0b3IvYSBCSSBHb2JpZXJubyBkZWwgZGF0byIsImNvbXBhbnlfbmFtZSI6IklaRVJUSVMiLCJhZGRyZXNzX2NpdHkiOiJNYWRyaWQsIFNwYWluIiwiaHRpZG9jaWQiOiJ2NGRYbVQ4NHcwY3RaU3BHQUFBQUFBPT0iLCJ1dWxlIjoidytDQUlRSUNJRlUzQmhhVzQifQ==,1
eyJqb2JfdGl0bGUiOiJDb25zdWx0b3IgQkkiLCJjb21wYW55X25hbWUiOiJDR0kiLCJhZGRyZXNzX2NpdHkiOiJNYWRyaWQsIFNwYWluIiwiaHRpZG9jaWQiOiJjMFMyd0Z5ajNXbXljcmZjQUFBQUFBPT0iLCJ1dWxlIjoidytDQUlRSUNJRlUzQmhhVzQifQ==,1
eyJqb2JfdGl0bGUiOiJDb25zdWx0b3IgQkkiLCJjb21wYW55X25hbWUiOiJCaXNtYXJ0IiwiYWRkcmVzc19jaXR5IjoiTWFkcmlkLCBTcGFpbiIsImh0aWRvY2lkIjoiakxmYmtlWXp4WkRwODlqMEFBQUFBQT09IiwidXVsZSI6IncrQ0FJUUlDSUZVM0JoYVc0In0=,1
eyJqb2JfdGl0bGUiOiJDb25zdWx0b3IvYSBQb3dlciBCSSAtIENvbnRyb2xsZXIgLSBbWC0wMjddIiwiY29tcGFueV9uYW1lIjoiWmVtc2FuaWEiLCJhZGRyZXNzX2NpdHkiOiJDb21tdW5pdHkgb2YgTWFkcmlkLCBTcGFpbiIsImh0aWRvY2lkIjoiUmZPdDl3TkJkOTA2d3dycUFBQUFBQT09IiwidXVsZSI6IncrQ0FJUUlDSUZVM0JoYVc0In0=,1
eyJqb2JfdGl0bGUiOiJBbmFsaXN0YSBDaWJlcnNlZ3VyaWRhZCBlbiBSZW1vdG8iLCJjb21wYW55X25hbWUiOiJBTFRFTiBTcGFpbiIsImFkZHJlc3NfY2l0eSI6Ik1hZHJpZCwgU3BhaW4iLCJodGlkb2NpZCI6ImFUMFBuU1pqSzJQY2lUeG5BQUFBQUE9PSIsInV1bGUiOiJ3K0NBSVFJQ0lGVTNCaGFXNCJ9,1
eyJqb2JfdGl0bGUiOiJ0w6ljbmljby9hIHNlZ3VyaWRhZCBpbmZvcm3DoXRpY2EgY3VtcGxpbWllbnRvIHkgZGxwIiwiY29tcGFueV9uYW1lIjoiTWVyY2Fkb25hIiwiYWRkcmVzc19jaXR5IjoiUGF0ZXJuYSwgU3BhaW4iLCJodGlkb2NpZCI6IktjTEg0X2kzRlMxb2tDbFRBQUFBQUE9PSIsInV1bGUiOiJ3K0NBSVFJQ0lGVTNCaGFXNCJ9,7
eyJqb2JfdGl0bGUiOiJUw6ljbmljbyBTZWd1cmlkYWQgZGUgbGEgSW5mb3JtYWNpw7NuIiwiY29tcGFueV9uYW1lIjoiUGFnZSBQZXJzb25uZWwiLCJhZGRyZXNzX2NpdHkiOiJNYWRyaWQsIFNwYWluIiwiaHRpZG9jaWQiOiJTSmFJMUs4SXNHc1BfLUNaQUFBQUFBPT0iLCJ1dWxlIjoidytDQUlRSUNJRlUzQmhhVzQifQ==,7
eyJqb2JfdGl0bGUiOiJUw6ljbmljbyBTZWd1cmlkYWQgSW5mb3Jtw6F0aWNhIChIL00vWCkgUi0wNjQiLCJjb21wYW55X25hbWUiOiIqTm9tYnJlIE9jdWx0byoiLCJhZGRyZXNzX2NpdHkiOiJNYWRyaWQsIFNwYWluIiwiaHRpZG9jaWQiOiJuNVZVcm1fNWNTVVdXbXpCQUFBQUFBPT0iLCJ1dWxlIjoidytDQUlRSUNJRlUzQmhhVzQifQ==,7
eyJqb2JfdGl0bGUiOiJUZWNuaWNvL2EganVuaW9yIHNlZ3VyaWRhZCBwZXJpbWV0cmFsIiwiY29tcGFueV9uYW1lIjoiR3J1cG8gU0lBIiwiYWRkcmVzc19jaXR5IjoiQXN0dXJpYXMsIFNwYWluIiwiaHRpZG9jaWQiOiJzQkN3WklNS3p0T0F1cDdDQUFBQUFBPT0iLCJ1dWxlIjoidytDQUlRSUNJRlUzQmhhVzQifQ==,7
eyJqb2JfdGl0bGUiOiJUw6ljbmljby9hIGRlIENpYmVyc2VndXJpZGFkIENPQVMgKENsb3VkIHkgQ3VlbnRhcyBQcml2aWxlZ2lhZGFzKSIsImNvbXBhbnlfbmFtZSI6Ik1BUEZSRSBJbnN1cmFuY2UiLCJhZGRyZXNzX2NpdHkiOiJNYWRyaWQsIFNwYWluIiwiaHRpZG9jaWQiOiJQLTBWRzl0b1liSTMxWC1yQUFBQUFBPT0iLCJ1dWxlIjoidytDQUlRSUNJRlUzQmhhVzQifQ==,7
eyJqb2JfdGl0bGUiOiJUw6ljbmljby9hIGRlIENpYmVyc2VndXJpZGFkIENPQVMgKENsb3VkIHkgQ3VlbnRhcyBQcml2aWxlZ2lhZGFzKSIsImNvbXBhbnlfbmFtZSI6Ik1BUEZSRSBJbnN1cmFuY2UiLCJhZGRyZXNzX2NpdHkiOiJNYWRyaWQsIFNwYWluIiwiaHRpZG9jaWQiOiJQLTBWRzl0b1liSTMxWC1yQUFBQUFBPT0iLCJ1dWxlIjoidytDQUlRSUNJRlUzQmhhVzQifQ==,1
eyJqb2JfdGl0bGUiOiJ0w6ljbmljby9hIHNlZ3VyaWRhZCBpbmZvcm3DoXRpY2EgY29tdW5pY2FjaW9uZXMiLCJjb21wYW55X25hbWUiOiJNZXJjYWRvbmEiLCJhZGRyZXNzX2NpdHkiOiJQYXRlcm5hLCBTcGFpbiIsImh0aWRvY2lkIjoiV29DNDU1aTBpNkU4dnF6WUFBQUFBQT09IiwidXVsZSI6IncrQ0FJUUlDSUZVM0JoYVc0In0=,7
eyJqb2JfdGl0bGUiOiJ0w6ljbmljby9hIHNlZ3VyaWRhZCBpbmZvcm3DoXRpY2EgYWNjZXNvcyIsImNvbXBhbnlfbmFtZSI6Ik1lcmNhZG9uYSIsImFkZHJlc3NfY2l0eSI6IlBhdGVybmEsIFNwYWluIiwiaHRpZG9jaWQiOiJiVFRUclRhblloVjdFUWlVQUFBQUFBPT0iLCJ1dWxlIjoidytDQUlRSUNJRlUzQmhhVzQifQ==,7
eyJqb2JfdGl0bGUiOiJUw6ljbmljbyBkZSByZWRlcyB5IHNlZ3VyaWRhZCIsImNvbXBhbnlfbmFtZSI6IkNhcGdlbWluaSIsImFkZHJlc3NfY2l0eSI6Ik1hZHJpZCwgU3BhaW4iLCJodGlkb2NpZCI6IlkzckszdFQ1ZTdNTmVtLXhBQUFBQUE9PSIsInV1bGUiOiJ3K0NBSVFJQ0lGVTNCaGFXNCJ9,7
eyJqb2JfdGl0bGUiOiJUw6ljbmljbyBkZSBDaWJlcnNlZ3VyaWRhZCIsImNvbXBhbnlfbmFtZSI6IlJlY2x1dCIsImFkZHJlc3NfY2l0eSI6Ik11cmNpYSwgU3BhaW4iLCJodGlkb2NpZCI6IllXNVZoeUQ2ZkMxbm51dGxBQUFBQUE9PSIsInV1bGUiOiJ3K0NBSVFJQ0lGVTNCaGFXNCJ9,7
eyJqb2JfdGl0bGUiOiJUZWNuaWNvL2EgU2VuaW9yIGRlIFNlZ3VyaWRhZCBQZXJpbWV0cmFsIiwiY29tcGFueV9uYW1lIjoiR3J1cG8gU0lBIiwiYWRkcmVzc19jaXR5IjoiQXN0dXJpYXMsIFNwYWluIiwiaHRpZG9jaWQiOiJlYjdHSlJDZG10eHJDc2lSQUFBQUFBPT0iLCJ1dWxlIjoidytDQUlRSUNJRlUzQmhhVzQifQ==,7
eyJqb2JfdGl0bGUiOiJHZXN0b3IgZGUgU2VndXJpZGFkIEluZm9ybcOhdGljYSIsImNvbXBhbnlfbmFtZSI6IkdSVVBPIENSSVQiLCJhZGRyZXNzX2NpdHkiOiJWYWxlbmNpYSwgU3BhaW4iLCJodGlkb2NpZCI6IlRKdmxRVENfSTJNaEVMa0lBQUFBQUE9PSIsInV1bGUiOiJ3K0NBSVFJQ0lGVTNCaGFXNCJ9,7
eyJqb2JfdGl0bGUiOiJUw6ljbmljbyBDaWJlcnNlZ3VyaWRhZCAoaC9tKSwgaGlicmlkbyIsImNvbXBhbnlfbmFtZSI6Ik1pY2hhZWwgUGFnZSIsImFkZHJlc3NfY2l0eSI6IkJhc3F1ZSBDb3VudHJ5LCBTcGFpbiIsImh0aWRvY2lkIjoiSzlhS2pfbWs4NHdOVF8tM0FBQUFBQT09IiwidXVsZSI6IncrQ0FJUUlDSUZVM0JoYVc0In0=,7
eyJqb2JfdGl0bGUiOiJFc3BlY2lhbGlzdGEgZW4gU2VndXJpZGFkIEluZm9ybcOhdGljYSIsImNvbXBhbnlfbmFtZSI6IktyZWxsLWNvbnN1bHRpbmciLCJhZGRyZXNzX2NpdHkiOiJCYXJjZWxvbmEsIFNwYWluIiwiaHRpZG9jaWQiOiJualgzTGNQckFQYVlXTkZtQUFBQUFBPT0iLCJ1dWxlIjoidytDQUlRSUNJRlUzQmhhVzQifQ==,7
eyJqb2JfdGl0bGUiOiJUw6ljbmljbyBPcGVyYXRpdm8gZGUgQ2liZXJzZWd1cmlkYWQiLCJjb21wYW55X25hbWUiOiJQbGVub2lsIiwiYWRkcmVzc19jaXR5IjoiTWFkcmlkLCBTcGFpbiIsImh0aWRvY2lkIjoiY0d2VUNxNFlVNFRTRG9hX0FBQUFBQT09IiwidXVsZSI6IncrQ0FJUUlDSUZVM0JoYVc0In0=,7
eyJqb2JfdGl0bGUiOiJUw6ljbmljbyBkZSBjaWJlcnNlZ3VyaWRhZCAgKEgvTSkiLCJjb21wYW55X25hbWUiOiJHcnVwbyBPZXPDrWEiLCJhZGRyZXNzX2NpdHkiOiJNYWRyaWQsIFNwYWluIiwiaHRpZG9jaWQiOiIxVExKQjBJYnUxREFtblJHQUFBQUFBPT0iLCJ1dWxlIjoidytDQUlRSUNJRlUzQmhhVzQifQ==,7
eyJqb2JfdGl0bGUiOiJDb25zdWx0b3IvYSB0ZWNuaWNvL2EgSGFja2luZyBldGljbyIsImNvbXBhbnlfbmFtZSI6IkdydXBvIFNJQSIsImFkZHJlc3NfY2l0eSI6IkJpc2NheSwgU3BhaW4iLCJodGlkb2NpZCI6IkdNenZWbDRFUXF2dzA0STZBQUFBQUE9PSIsInV1bGUiOiJ3K0NBSVFJQ0lGVTNCaGFXNCJ9,1
eyJqb2JfdGl0bGUiOiJUZWNuaWNvL2EganVuaW9yIHNlZ3VyaWRhZCBwZXJpbWV0cmFsIiwiY29tcGFueV9uYW1lIjoiR3J1cG8gU0lBIiwiYWRkcmVzc19jaXR5IjoiT3ZpZWRvLCBNdW5pY2lwYWxpdHkgb2YgT3ZpZWRvLCBTcGFpbiIsImh0aWRvY2lkIjoicVkzNU4yTEhrQWY4MnI4YkFBQUFBQT09IiwidXVsZSI6IncrQ0FJUUlDSUZVM0JoYVc0In0=,7
eyJqb2JfdGl0bGUiOiIoMDAxLzAwMykgRXNwZWNpYWxpc3RhIFNlZ3VyaWRhZCBJbmZvcm3DoXRpY2EiLCJjb21wYW55X25hbWUiOiJHcnVwbyBTYWYiLCJhZGRyZXNzX2NpdHkiOiJaYXJhZ296YSwgU3BhaW4iLCJodGlkb2NpZCI6ImhCOU5FQVhmR0h2WHZSeW1BQUFBQUE9PSIsInV1bGUiOiJ3K0NBSVFJQ0lGVTNCaGFXNCJ9,7
eyJqb2JfdGl0bGUiOiJUw6ljbmljby9hIGVuIFByb3RlY2Npw7NuIGRlIERhdG9zIHkgRExQIiwiY29tcGFueV9uYW1lIjoiTWVyY2Fkb25hIiwiYWRkcmVzc19jaXR5IjoiUGF0ZXJuYSwgU3BhaW4iLCJodGlkb2NpZCI6Ikd4V3hiOXdiX2IxZHJ2TjZBQUFBQUE9PSIsInV1bGUiOiJ3K0NBSVFJQ0lGVTNCaGFXNCJ9,7
eyJqb2JfdGl0bGUiOiJFc3BlY2lhbGlzdGEgZW4gQXJxdWl0ZWN0dXJhIGRlIFNlZ3VyaWRhZCBJbmZvcm3DoXRpY2EiLCJjb21wYW55X25hbWUiOiJLcmVsbC1jb25zdWx0aW5nIiwiYWRkcmVzc19jaXR5IjoiTWFkcmlkLCBTcGFpbiIsImh0aWRvY2lkIjoiZTh3RHI0a0Q5a0o2UXp4QkFBQUFBQT09IiwidXVsZSI6IncrQ0FJUUlDSUZVM0JoYVc0In0=,7
eyJqb2JfdGl0bGUiOiJBdWRpdG9yL2EgU2VuaW9yIGRlIFNlZ3VyaWRhZC9QZW50ZXN0ZXIiLCJjb21wYW55X25hbWUiOiJHcnVwbyBTSUEiLCJhZGRyZXNzX2NpdHkiOiJNYWRyaWQsIFNwYWluIiwiaHRpZG9jaWQiOiIwNEt3cEluczlLSmZsSHppQUFBQUFBPT0iLCJ1dWxlIjoidytDQUlRSUNJRlUzQmhhVzQifQ==,7
eyJqb2JfdGl0bGUiOiJEaXJlY3RvciBkZSBDdWVudGFzIGVuIFRlY25vbG9nw61hIHkgU2VndXJpZGFkIEluZm9ybcOhdGljYSIsImNvbXBhbnlfbmFtZSI6Ik5leFRSZVQsIFMuTC4iLCJhZGRyZXNzX2NpdHkiOiJNYWRyaWQsIFNwYWluIiwiaHRpZG9jaWQiOiJ2cENnTlBIeFp0cmtwazd2QUFBQUFBPT0iLCJ1dWxlIjoidytDQUlRSUNJRlUzQmhhVzQifQ==,7
eyJqb2JfdGl0bGUiOiJERVNBUlJPTExBRE9SL1BST0dSQU1BRE9SIFNFTklPUiIsImNvbXBhbnlfbmFtZSI6IkdydXBvIElPRSAtIEZvcm1hY2nDs24gZGUgY2FsaWRhZCBwYXJhIGVtcHJlc2FzIiwiYWRkcmVzc19jaXR5IjoiU3BhaW4iLCJodGlkb2NpZCI6IjJmNEM5SGo1T25VZjU0bW5BQUFBQUE9PSIsInV1bGUiOiJ3K0NBSVFJQ0lGVTNCaGFXNCJ9,1
eyJqb2JfdGl0bGUiOiJJbmdlbmllcm8gTmV0d29yayAvIFJlZGVzIENDTlAgRW50ZXJwcmlzZSIsImNvbXBhbnlfbmFtZSI6IkNhcGdlbWluaSIsImFkZHJlc3NfY2l0eSI6Ik1hZHJpZCwgU3BhaW4iLCJodGlkb2NpZCI6IktDaWczZ0xRcU9zaWxTU2xBQUFBQUE9PSIsInV1bGUiOiJ3K0NBSVFJQ0lGVTNCaGFXNCJ9,7
eyJqb2JfdGl0bGUiOiJJbmdlbmllcm8vYSBlbiBSZWRlcywgQ29tdW5pY2FjaW9uZXMgeSBTZWd1cmlkYWQgUGVyaW1ldHJhbCIsImNvbXBhbnlfbmFtZSI6Ik1pbnNhaXQiLCJhZGRyZXNzX2NpdHkiOiJBbGNvYmVuZGFzLCBTcGFpbiIsImh0aWRvY2lkIjoieWhnNWJyNmFiT2tkVFN3WkFBQUFBQT09IiwidXVsZSI6IncrQ0FJUUlDSUZVM0JoYVc0In0=,7
eyJqb2JfdGl0bGUiOiJJbmdlbmllcm8vYSBkZSBUZWxlY29tdW5pY2FjaW9uZXMgcGFyYSBwcm95ZWN0b3MgZGUgSUNUIiwiY29tcGFueV9uYW1lIjoiV1NQIFNwYWluIiwiYWRkcmVzc19jaXR5IjoiTWFkcmlkLCBTcGFpbiIsImh0aWRvY2lkIjoiSWJDTEVUZ3ZEY0wtNU80LUFBQUFBQT09IiwidXVsZSI6IncrQ0FJUUlDSUZVM0JoYVc0In0=,7
eyJqb2JfdGl0bGUiOiJJbmdlbmllcm8vYSBqdW5pb3IgfCBSYW1hIGVsZWN0csOzbmljYSB5IHRlbGVjb211bmljYWNpb25lcyIsImNvbXBhbnlfbmFtZSI6IkNBRiBHcm91cCIsImFkZHJlc3NfY2l0eSI6Ik1hZHJpZCwgU3BhaW4iLCJodGlkb2NpZCI6InJEXzVhWEZObjlrbFZISHdBQUFBQUE9PSIsInV1bGUiOiJ3K0NBSVFJQ0lGVTNCaGFXNCJ9,1
eyJqb2JfdGl0bGUiOiJJbmdlbmllcm8gTmV0d29yayAvIFJlZGVzIENDTlAgRW50ZXJwcmlzZSIsImNvbXBhbnlfbmFtZSI6IkNhcGdlbWluaSBFbmdpbmVlcmluZyIsImFkZHJlc3NfY2l0eSI6Ik1hZHJpZCwgU3BhaW4iLCJodGlkb2NpZCI6IjJhTUpoM0VXOVhBNnEzaEtBQUFBQUE9PSIsInV1bGUiOiJ3K0NBSVFJQ0lGVTNCaGFXNCJ9,7
eyJqb2JfdGl0bGUiOiJJbmdlbmllcm8vYSBSZWRlcyB5IFNlZ3VyaWRhZCIsImNvbXBhbnlfbmFtZSI6Ik1pbnNhaXQiLCJhZGRyZXNzX2NpdHkiOiJBbGNvYmVuZGFzLCBTcGFpbiIsImh0aWRvY2lkIjoibTFFbWN5S3NwM1pzTGZQUUFBQUFBQT09IiwidXVsZSI6IncrQ0FJUUlDSUZVM0JoYVc0In0=,7
eyJqb2JfdGl0bGUiOiJFSEItMjIxIEluZ2VuaWVyby9hIGRlIFJlZGVzIiwiY29tcGFueV9uYW1lIjoiR1JVUE8gQ1JJVCIsImFkZHJlc3NfY2l0eSI6IlZhbGVuY2lhLCBTcGFpbiIsImh0aWRvY2lkIjoidEVNQ04zaE1jNG1rZm1yYUFBQUFBQT09IiwidXVsZSI6IncrQ0FJUUlDSUZVM0JoYVc0In0=,7
eyJqb2JfdGl0bGUiOiJJbmdlbmllcm8vYSBOZXR3b3JraW5nIHwgU2VjdG9yIFRlbGVjb211bmljYWNpb25lcyAoQmFyY2Vsb25hKSIsImNvbXBhbnlfbmFtZSI6IkNlbnR1bSIsImFkZHJlc3NfY2l0eSI6IkJhcmNlbG9uYSwgU3BhaW4iLCJodGlkb2NpZCI6InNXMWIxTG5xTlZUUk1GNEpBQUFBQUE9PSIsInV1bGUiOiJ3K0NBSVFJQ0lGVTNCaGFXNCJ9,7
eyJqb2JfdGl0bGUiOiJJbmdlbmllcm8vYSBFbGVjdHLDs25pY28vVGVsZWNvbXVuaWNhY2lvbmVzIEp1bmlvciBjb24gQWxlbcOhbiB5L28gRnJhbmPDqXMiLCJjb21wYW55X25hbWUiOiJDQUYgR3JvdXAiLCJhZGRyZXNzX2NpdHkiOiJCZWFzYWluLCBTcGFpbiIsImh0aWRvY2lkIjoiZzY1UkRNc0Fzck9qV1VIYUFBQUFBQT09IiwidXVsZSI6IncrQ0FJUUlDSUZVM0JoYVc0In0=,7
eyJqb2JfdGl0bGUiOiJFc3BlY2lhbGlzdGEgRW4gVmlydHVhbGl6YWNpw7NuIFkgQWxtYWNlbmFtaWVudG8iLCJjb21wYW55X25hbWUiOiJJbnljb20iLCJhZGRyZXNzX2NpdHkiOiJBbGF2YSwgU2FsYXMsIFNwYWluIiwiaHRpZG9jaWQiOiJkejNEZXc5ZDFfTmpBV2d3QUFBQUFBPT0iLCJ1dWxlIjoidytDQUlRSUNJRlUzQmhhVzQifQ==,7
eyJqb2JfdGl0bGUiOiJBZG1pbmlzdHJhZG9yIGRlIFNTT08geSBWaXJ0dWFsaXphY2nDs24gU3BlY2lhbGlzdCIsImNvbXBhbnlfbmFtZSI6IkFjY2VudHVyZSBFc3Bhw7FhIiwiYWRkcmVzc19jaXR5IjoiTWFkcmlkLCBTcGFpbiIsImh0aWRvY2lkIjoieHVxZGhPRVJsTXptX3Aya0FBQUFBQT09IiwidXVsZSI6IncrQ0FJUUlDSUZVM0JoYVc0In0=,7
eyJqb2JfdGl0bGUiOiJFc3BlY2lhbGlzdGEgZW4gQnVzaW5lc3MgSW50ZWxsaWdlbmNlIOKAkyBGaW5hbnphcyB5IExvZ8Otc3RpY2EiLCJjb21wYW55X25hbWUiOiJUcm91dyBOdXRyaXRpb24iLCJhZGRyZXNzX2NpdHkiOiJUcmVzIENhbnRvcywgU3BhaW4iLCJodGlkb2NpZCI6Ik54czdLYXVKWkxBOVZYY3RBQUFBQUE9PSIsInV1bGUiOiJ3K0NBSVFJQ0lGVTNCaGFXNCJ9,1
eyJqb2JfdGl0bGUiOiJFc3BlY2lhbGlzdGEgUG93ZXIgQkkiLCJjb21wYW55X25hbWUiOiJTY2FsaWFuIiwiYWRkcmVzc19jaXR5IjoiU3BhaW4iLCJodGlkb2NpZCI6IlBLUkJyYnN0WTZHYzQ5T1ZBQUFBQUE9PSIsInV1bGUiOiJ3K0NBSVFJQ0lGVTNCaGFXNCJ9,1
eyJqb2JfdGl0bGUiOiJDb25zdWx0b3IvYSBkZSBJbnRlbGlnZW5jaWEgZGUgTmVnb2Npb3MgKEJJKSIsImNvbXBhbnlfbmFtZSI6IkhNIEhvc3BpdGFsZXMiLCJhZGRyZXNzX2NpdHkiOiJNYWRyaWQsIFNwYWluIiwiaHRpZG9jaWQiOiJKVUg0QUtKY3h4YTV6bC1YQUFBQUFBPT0iLCJ1dWxlIjoidytDQUlRSUNJRlUzQmhhVzQifQ==,1
eyJqb2JfdGl0bGUiOiJFc3BlY2lhbGlzdGEgRW4gQnVzaW5lc3MgSW50ZWxsaWdlbmNlIOKAkyBGaW5hbnphcyBZIExvZ8Otc3RpY2EiLCJjb21wYW55X25hbWUiOiJOdXRyZWNvIiwiYWRkcmVzc19jaXR5IjoiQmFyY2Vsb25hLCBTcGFpbiIsImh0aWRvY2lkIjoiVm5oX0xDbTFLTUdNTXlRMkFBQUFBQT09IiwidXVsZSI6IncrQ0FJUUlDSUZVM0JoYVc0In0=,1
eyJqb2JfdGl0bGUiOiJFc3BlY2lhbGlzdGEgRW4gQnVzaW5lc3MgSW50ZWxsaWdlbmNlIiwiY29tcGFueV9uYW1lIjoiSGF5cyIsImFkZHJlc3NfY2l0eSI6IkFsYmFjZXRlLCBTcGFpbiIsImh0aWRvY2lkIjoib1BKcVFjd1NiQmZIOTFYS0FBQUFBQT09IiwidXVsZSI6IncrQ0FJUUlDSUZVM0JoYVc0In0=,1
eyJqb2JfdGl0bGUiOiJDT05TVUxUT1IgQkkgRVhQRVJUTyBFTiBUQUJMRUFVIiwiY29tcGFueV9uYW1lIjoiRGF0YSBBZHZpc2VyIiwiYWRkcmVzc19jaXR5IjoiTWFkcmlkLCBTcGFpbiIsImh0aWRvY2lkIjoidFJEMEJvZlZnbkR3Q1dtUEFBQUFBQT09IiwidXVsZSI6IncrQ0FJUUlDSUZVM0JoYVc0In0=,7
eyJqb2JfdGl0bGUiOiJQb3dlciBCSSBEYXRhT3BzIiwiY29tcGFueV9uYW1lIjoiRkRTLCBBIERYQyBUZWNobm9sb2d5IENvbXBhbnkiLCJhZGRyZXNzX2NpdHkiOiJTYW50aWFnbyBkZSBDb21wb3N0ZWxhLCBNdW5pY2lwYWxpdHkgb2YgU2FudGlhZ28gZGUgQ29tcG9zdGVsYSwgU3BhaW4iLCJodGlkb2NpZCI6IjZOb2xaQW1KdUdXVXcyYTNBQUFBQUE9PSIsInV1bGUiOiJ3K0NBSVFJQ0lGVTNCaGFXNCJ9,1
eyJqb2JfdGl0bGUiOiJFc3BlY2lhbGlzdGEgRnVuY2lvbmFsIEJ1c2luZXNzIEludGVsbGlnZW5jZSIsImNvbXBhbnlfbmFtZSI6IkxpbmVhIERpcmVjdGEiLCJhZGRyZXNzX2NpdHkiOiJNYWRyaWQsIFNwYWluIiwiaHRpZG9jaWQiOiItbndwNmU4RWdfbXRqenoxQUFBQUFBPT0iLCJ1dWxlIjoidytDQUlRSUNJRlUzQmhhVzQifQ==,1
eyJqb2JfdGl0bGUiOiJEZXNhcnJvbGxhZG9yIEJJIiwiY29tcGFueV9uYW1lIjoiWU4rIiwiYWRkcmVzc19jaXR5IjoiTWFkcmlkLCBTcGFpbiIsImh0aWRvY2lkIjoiQ0ZPaXh3UTl5bTIwZWFLc0FBQUFBQT09IiwidXVsZSI6IncrQ0FJUUlDSUZVM0JoYVc0In0=,1
eyJqb2JfdGl0bGUiOiJQUk9DRVNPIERFIFNFTEVDQ0nDk04gQ0VSUkFETy4gQkVDQSBCVVNJTkVTUyBJTlRFTExJR0VOQ0UiLCJjb21wYW55X25hbWUiOiJFVURFIEJ1c2luZXNzIFNjaG9vbCIsImFkZHJlc3NfY2l0eSI6Ik1hZHJpZCwgU3BhaW4iLCJodGlkb2NpZCI6Im9wZjNjbklxdkg3aDVfX3hBQUFBQUE9PSIsInV1bGUiOiJ3K0NBSVFJQ0lGVTNCaGFXNCJ9,1
eyJqb2JfdGl0bGUiOiJDb25zdWx0b3IvYSBCdXNpbmVzcyBJbnRlbGxpZ2VuY2UiLCJjb21wYW55X25hbWUiOiJGYXJtYWNpYXMgVHLDqWJvbCBTTCIsImFkZHJlc3NfY2l0eSI6IkFsY29iZW5kYXMsIFNwYWluIiwiaHRpZG9jaWQiOiJoVG1wLUgxeTZ1RmpiR0pRQUFBQUFBPT0iLCJ1dWxlIjoidytDQUlRSUNJRlUzQmhhVzQifQ==,1
eyJqb2JfdGl0bGUiOiJDb25zdWx0b3IgUG93ZXIgQkkgU2VuaW9yIiwiY29tcGFueV9uYW1lIjoiQmlzbWFydCIsImFkZHJlc3NfY2l0eSI6IkNvbW11bml0eSBvZiBNYWRyaWQsIFNwYWluIiwiaHRpZG9jaWQiOiJYSHo2M1lmMXhWbVNlMGRBQUFBQUFBPT0iLCJ1dWxlIjoidytDQUlRSUNJRlUzQmhhVzQifQ==,1
eyJqb2JfdGl0bGUiOiJCdXNpbmVzcyBJbnRlbGxpZ2VuY2UgRW5naW5lZXIiLCJjb21wYW55X25hbWUiOiJFU1ciLCJhZGRyZXNzX2NpdHkiOiJNYWRyaWQsIFNwYWluIiwiaHRpZG9jaWQiOiJYdXRBWGdlODZLMTdDaC1MQUFBQUFBPT0iLCJ1dWxlIjoidytDQUlRSUNJRlUzQmhhVzQifQ==,1
eyJqb2JfdGl0bGUiOiJCdXNpbmVzcyBJbnRlbGxpZ2VuY2UgXHUwMDI2IERhdGEgT2ZmaWNlciIsImNvbXBhbnlfbmFtZSI6Ikdlc3RhbXAiLCJhZGRyZXNzX2NpdHkiOiJNYWRyaWQsIFNwYWluIiwiaHRpZG9jaWQiOiJMRDRtNmxMZjFFSU1rT1JPQUFBQUFBPT0iLCJ1dWxlIjoidytDQUlRSUNJRlUzQmhhVzQifQ==,1
eyJqb2JfdGl0bGUiOiJCdXNpbmVzcyBJbnRlbGxpZ2VuY2UgQ29uc3VsdGFudCAoTWFkcmlkKSIsImNvbXBhbnlfbmFtZSI6Ik1vbnRhcmVsbyBSZWNydWl0aW5nIiwiYWRkcmVzc19jaXR5IjoiQWxjb2JlbmRhcywgU3BhaW4iLCJodGlkb2NpZCI6ImVGb3BpR0phdlRLd2dxNlFBQUFBQUE9PSIsInV1bGUiOiJ3K0NBSVFJQ0lGVTNCaGFXNCJ9,1
eyJqb2JfdGl0bGUiOiJCVVNJTkVTUyBJTlRFTExJR0VOQ0UgTUFOQUdFUiIsImNvbXBhbnlfbmFtZSI6Iktvc21vcyIsImFkZHJlc3NfY2l0eSI6IkJhcmNlbG9uYSwgU3BhaW4iLCJodGlkb2NpZCI6IjNFSVptQUNEUGNXZlNfcHdBQUFBQUE9PSIsInV1bGUiOiJ3K0NBSVFJQ0lGVTNCaGFXNCJ9,1
eyJqb2JfdGl0bGUiOiJCdXNpbmVzcyBJbnRlbGxpZ2VuY2UgRGV2ZWxvcGVyIiwiY29tcGFueV9uYW1lIjoiQ2xlYXJQZWFrcyIsImFkZHJlc3NfY2l0eSI6IkJhcmNlbG9uYSwgU3BhaW4iLCJodGlkb2NpZCI6IlIza3hkajQ2SnJUTkczRUJBQUFBQUE9PSIsInV1bGUiOiJ3K0NBSVFJQ0lGVTNCaGFXNCJ9,1
eyJqb2JfdGl0bGUiOiJTZW5pb3IgQnVzaW5lc3MgSW50ZWxsaWdlbmNlIENvbnN1bHRhbnQiLCJjb21wYW55X25hbWUiOiJDbGVhclBlYWtzIiwiYWRkcmVzc19jaXR5IjoiQmFyY2Vsb25hLCBTcGFpbiIsImh0aWRvY2lkIjoiUktiRHRCSHU3cndFRVZQeEFBQUFBQT09IiwidXVsZSI6IncrQ0FJUUlDSUZVM0JoYVc0In0=,1
eyJqb2JfdGl0bGUiOiJCdXNpbmVzcyBJbnRlbGxpZ2VuY2UgQ29uc3VsdGFudCIsImNvbXBhbnlfbmFtZSI6IkNvbXBsZWpvIGhvc3BpdGFsYXJpbyBSdWJlciBKdWFuIEJyYXZvIiwiYWRkcmVzc19jaXR5IjoiTWFkcmlkLCBTcGFpbiIsImh0aWRvY2lkIjoiY0NFWE5Xb3dKWU9MUkFORUFBQUFBQT09IiwidXVsZSI6IncrQ0FJUUlDSUZVM0JoYVc0In0=,1
eyJqb2JfdGl0bGUiOiJKdW5pb3IgRGF0YSBTY2llbnRpc3QgYW5kIEJ1c2luZXNzIEludGVsbGlnZW5jZSBBbmFseXN0IiwiY29tcGFueV9uYW1lIjoiR01WIiwiYWRkcmVzc19jaXR5IjoiVHJlcyBDYW50b3MsIFNwYWluIiwiaHRpZG9jaWQiOiJRcTl6MVZ0Y3E1Mkk3SUcxQUFBQUFBPT0iLCJ1dWxlIjoidytDQUlRSUNJRlUzQmhhVzQifQ==,1
eyJqb2JfdGl0bGUiOiJKdW5pb3IgQnVzaW5lc3MgSW50ZWxsaWdlbmNlIERldmVsb3BlciIsImNvbXBhbnlfbmFtZSI6IlZBTE1PTlQgLSBDVkwgQ29zbWV0aWNzIFNvdXRoIE1pZGRsZSBFdXJvcGUgU0wgQmFyY2Vsb25hIiwiYWRkcmVzc19jaXR5IjoiQmFyY2Vsb25hLCBTcGFpbiIsImh0aWRvY2lkIjoiSkktdFVUcU9RMGllaVh6eUFBQUFBQT09IiwidXVsZSI6IncrQ0FJUUlDSUZVM0JoYVc0In0=,1
eyJqb2JfdGl0bGUiOiJBZG1pbmlzdHJhZG9yL2EgZGUgc2lzdGVtYXMgTGludXggKEo4MjcpIiwiY29tcGFueV9uYW1lIjoiR3J1cG8gU2lhIiwiYWRkcmVzc19jaXR5IjoiQ29tbXVuaXR5IG9mIE1hZHJpZCwgU3BhaW4iLCJodGlkb2NpZCI6IkV2NmxzbDI2VnpiWFd4N0NBQUFBQUE9PSIsInV1bGUiOiJ3K0NBSVFJQ0lGVTNCaGFXNCJ9,1
eyJqb2JfdGl0bGUiOiJBZG1pbmlzdHJhZG9yIGRlIHNpc3RlbWFzIExpbnV4IGNvbiBBbnNpYmxlIEluZ2zDqXMgQWx0byIsImNvbXBhbnlfbmFtZSI6IlJhbmRzdGFkIERpZ2l0YWwgRXNwYcOxYSIsImFkZHJlc3NfY2l0eSI6IlNwYWluIiwiaHRpZG9jaWQiOiI4U19tOUp4dlM3N0tyNWNiQUFBQUFBPT0iLCJ1dWxlIjoidytDQUlRSUNJRlUzQmhhVzQifQ==,7
eyJqb2JfdGl0bGUiOiJBZG1pbmlzdHJhZG9yIGRlIFNpc3RlbWFzIExpbnV4IiwiY29tcGFueV9uYW1lIjoiQUxURU4gU3BhaW4iLCJhZGRyZXNzX2NpdHkiOiJNYWRyaWQsIFNwYWluIiwiaHRpZG9jaWQiOiJhWmpWX3YxQlJGWnZ2alh0QUFBQUFBPT0iLCJ1dWxlIjoidytDQUlRSUNJRlUzQmhhVzQifQ==,1
eyJqb2JfdGl0bGUiOiJBZG1pbmlzdHJhZG9yIHNpc3RlbWFzIGxpbnV4IHkgY2xvdWQiLCJjb21wYW55X25hbWUiOiJQYWdlIFBlcnNvbm5lbCIsImFkZHJlc3NfY2l0eSI6Ik1hZHJpZCwgU3BhaW4iLCJodGlkb2NpZCI6IjZjQ2hoaWlfdWxyOXFwRk1BQUFBQUE9PSIsInV1bGUiOiJ3K0NBSVFJQ0lGVTNCaGFXNCJ9,7
eyJqb2JfdGl0bGUiOiJBZG1pbmlzdHJhZG9yIHNpc3RlbWFzIGxpbnV4IHkgY2xvdWQiLCJjb21wYW55X25hbWUiOiJQYWdlIFBlcnNvbm5lbCIsImFkZHJlc3NfY2l0eSI6Ik1hZHJpZCwgU3BhaW4iLCJodGlkb2NpZCI6IjZjQ2hoaWlfdWxyOXFwRk1BQUFBQUE9PSIsInV1bGUiOiJ3K0NBSVFJQ0lGVTNCaGFXNCJ9,1
eyJqb2JfdGl0bGUiOiJBTkFMSVNUQSBERSBDSUJFUlNFR1VSSURBRC9JTkZSQUVTVFJVQ1RVUkEiLCJjb21wYW55X25hbWUiOiJSRVNBIC0gUmVzaWRlbmNpYXMgZGUgRXN0dWRpYW50ZXMiLCJhZGRyZXNzX2NpdHkiOiJCYXJjZWxvbmEsIFNwYWluIiwiaHRpZG9jaWQiOiJuMTVCamR4ZnhuTUpwRHZxQUFBQUFBPT0iLCJ1dWxlIjoidytDQUlRSUNJRlUzQmhhVzQifQ==,7
eyJqb2JfdGl0bGUiOiJBbmFsaXN0YSBkZSBNYWx3YXJlIiwiY29tcGFueV9uYW1lIjoiQUxURU4gU3BhaW4iLCJhZGRyZXNzX2NpdHkiOiJTcGFpbiIsImh0aWRvY2lkIjoiQ2pEVUVVRU5RS1ZiSVlKdEFBQUFBQT09IiwidXVsZSI6IncrQ0FJUUlDSUZVM0JoYVc0In0=,1
eyJqb2JfdGl0bGUiOiJFc3BlY2lhbGlzdGEgZW4gY2liZXJzZWd1cmlkYWQiLCJjb21wYW55X25hbWUiOiJOZW90YWxlbnQgQ29uY2x1c2lvbiIsImFkZHJlc3NfY2l0eSI6Ik1hZHJpZCwgU3BhaW4iLCJodGlkb2NpZCI6InRVR3BnMFA5a3ZUYkg3aUpBQUFBQUE9PSIsInV1bGUiOiJ3K0NBSVFJQ0lGVTNCaGFXNCJ9,7
eyJqb2JfdGl0bGUiOiJBTkFMSVNUQSBERSBHT0JJRVJOTyBDSUJFUlNFR1VSSURBRCIsImNvbXBhbnlfbmFtZSI6IlNpbiBlc3BlY2lmaWNhciIsImFkZHJlc3NfY2l0eSI6IlNwYWluIiwiaHRpZG9jaWQiOiJMcmpCWTdsZzJNRHh2dC1OQUFBQUFBPT0iLCJ1dWxlIjoidytDQUlRSUNJRlUzQmhhVzQifQ==,7
eyJqb2JfdGl0bGUiOiJFc3BlY2lhbGlzdGFzIEVuIEluZnJhZXN0cnVjdHVyYSBJdCBZIFJlZGVzIiwiY29tcGFueV9uYW1lIjoiTmV3cG9pbnQgQ29uc3VsdGluZyIsImFkZHJlc3NfY2l0eSI6Ik1hZHJpZCwgU3BhaW4iLCJodGlkb2NpZCI6IjRabWZWeHh4bU50aUpzUjBBQUFBQUE9PSIsInV1bGUiOiJ3K0NBSVFJQ0lGVTNCaGFXNCJ9,7
eyJqb2JfdGl0bGUiOiJJbmdlbmllcm8gZGUgc2VndXJpZGFkIGRlIFRJIiwiY29tcGFueV9uYW1lIjoiQXllc2EiLCJhZGRyZXNzX2NpdHkiOiJNYWRyaWQsIFNwYWluIiwiaHRpZG9jaWQiOiJIMmVOdVdPbjRmMzF6N3ZlQUFBQUFBPT0iLCJ1dWxlIjoidytDQUlRSUNJRlUzQmhhVzQifQ==,7
eyJqb2JfdGl0bGUiOiJJbmdlbmllcm8vYSBTZWd1cmlkYWQgRU5TIiwiY29tcGFueV9uYW1lIjoiTWluc2FpdCIsImFkZHJlc3NfY2l0eSI6Ik1hZHJpZCwgU3BhaW4iLCJodGlkb2NpZCI6Iks5Vzc4NWNSMGh5ZU5PSnBBQUFBQUE9PSIsInV1bGUiOiJ3K0NBSVFJQ0lGVTNCaGFXNCJ9,7
eyJqb2JfdGl0bGUiOiJJbmdlbmllcm8vYSBKdW5pb3IgZW4gU2VndXJpZGFkIiwiY29tcGFueV9uYW1lIjoiR01WIiwiYWRkcmVzc19jaXR5IjoiTWFkcmlkLCBTcGFpbiIsImh0aWRvY2lkIjoiM2xQX0tPN2pUYXBYc2dvRkFBQUFBQT09IiwidXVsZSI6IncrQ0FJUUlDSUZVM0JoYVc0In0=,7
eyJqb2JfdGl0bGUiOiJJbmdlbmllcm8gZGUgU2VndXJpZGFkIGRlIFNpc3RlbWFzIiwiY29tcGFueV9uYW1lIjoiQUVDT00iLCJhZGRyZXNzX2NpdHkiOiJNYWRyaWQsIFNwYWluIiwiaHRpZG9jaWQiOiJwZXRPUVJBOVNzQTRrVDliQUFBQUFBPT0iLCJ1dWxlIjoidytDQUlRSUNJRlUzQmhhVzQifQ==,7
eyJqb2JfdGl0bGUiOiJJbmdlbmllcm8vYSBkZSBSZWRlcyB5IFNlZ3VyaWRhZCIsImNvbXBhbnlfbmFtZSI6IkFkaXRlbHNhIiwiYWRkcmVzc19jaXR5IjoiTWFkcmlkLCBTcGFpbiIsImh0aWRvY2lkIjoiUjVuMHFOZTllWlJoSkVtM0FBQUFBQT09IiwidXVsZSI6IncrQ0FJUUlDSUZVM0JoYVc0In0=,7
eyJqb2JfdGl0bGUiOiJJbmdlbmllcm8gU2VndXJpZGFkIGRlIEluZm9ybWFjacOzbiIsImNvbXBhbnlfbmFtZSI6IlZlcmludGVsIiwiYWRkcmVzc19jaXR5IjoiTWFkcmlkLCBTcGFpbiIsImh0aWRvY2lkIjoicy0xSUdZVDU1bkUwWlhaT0FBQUFBQT09IiwidXVsZSI6IncrQ0FJUUlDSUZVM0JoYVc0In0=,7
eyJqb2JfdGl0bGUiOiJJbmdlbmllcm8gL2EgU2VuaW9yIGRlIFNlZ3VyaWRhZCBlbiBSZWRlcyIsImNvbXBhbnlfbmFtZSI6IkluZXR1bSIsImFkZHJlc3NfY2l0eSI6Ik1hZHJpZCwgU3BhaW4iLCJodGlkb2NpZCI6IjhyZ2I5MkxzTE9EVWhIeXRBQUFBQUE9PSIsInV1bGUiOiJ3K0NBSVFJQ0lGVTNCaGFXNCJ9,7
eyJqb2JfdGl0bGUiOiJJbmdlbmllcm8vYSBlbiBzZWd1cmlkYWQgLSBNL0giLCJjb21wYW55X25hbWUiOiJFdXJvcGVhbiBTYXRlbGxpdGUgU2VydmljZXMgUHJvdmlkZXIiLCJhZGRyZXNzX2NpdHkiOiJUb3JyZWrDs24gZGUgQXJkb3osIFNwYWluIiwiaHRpZG9jaWQiOiJiTXVwZEdUenFFRWxFeHJzQUFBQUFBPT0iLCJ1dWxlIjoidytDQUlRSUNJRlUzQmhhVzQifQ==,7
eyJqb2JfdGl0bGUiOiJJbmdlbmllcm8vYSBkZSBTZWd1cmlkYWQgTDIiLCJjb21wYW55X25hbWUiOiJBeWVzYSIsImFkZHJlc3NfY2l0eSI6IkJhcmNlbG9uYSwgU3BhaW4iLCJodGlkb2NpZCI6ImowaHpscmNFTEh0dFBoZFRBQUFBQUE9PSIsInV1bGUiOiJ3K0NBSVFJQ0lGVTNCaGFXNCJ9,7
eyJqb2JfdGl0bGUiOiJVQi0xOTUgfCBJbmdlbmllcm8gZGUgU2VndXJpZGFkIGRlIFNpc3RlbWFzIiwiY29tcGFueV9uYW1lIjoiQWVjb20iLCJhZGRyZXNzX2NpdHkiOiJDb21tdW5pdHkgb2YgTWFkcmlkLCBTcGFpbiIsImh0aWRvY2lkIjoia0gtZ2szdEZvRkE1eFZPNkFBQUFBQT09IiwidXVsZSI6IncrQ0FJUUlDSUZVM0JoYVc0In0=,7
eyJqb2JfdGl0bGUiOiJBcnF1aXRlY3RvIFNlZ3VyaWRhZCBJbmZvcm3DoXRpY2EgLSBDcmlwdG9ncmFmw61hIHkgQ2VydGlmaWNhZG9zIiwiY29tcGFueV9uYW1lIjoiU3ByaW5nIFByb2Zlc3Npb25hbCIsImFkZHJlc3NfY2l0eSI6Ik1hZHJpZCwgU3BhaW4iLCJodGlkb2NpZCI6IkpzcEZtMGNfRmFmNVBxZFVBQUFBQUE9PSIsInV1bGUiOiJ3K0NBSVFJQ0lGVTNCaGFXNCJ9,7
eyJqb2JfdGl0bGUiOiJJbmdlbmllcm8gU2VndXJpZGFkIENsb3VkIiwiY29tcGFueV9uYW1lIjoiUGFyYWRpZ21hIERpZ2l0YWwiLCJhZGRyZXNzX2NpdHkiOiJQb3p1ZWxvIGRlIEFsYXJjw7NuLCBTcGFpbiIsImh0aWRvY2lkIjoiXzBsY3FYMUpPTlVWNXBUNEFBQUFBQT09IiwidXVsZSI6IncrQ0FJUUlDSUZVM0JoYVc0In0=,7
eyJqb2JfdGl0bGUiOiJDb25zdWx0b3IgZGUgc2VndXJpZGFkIGluZm9ybcOhdGljYSB5IGFkbWluaXN0cmFjacOzbiBkZSBzaXN0ZW1hcy4iLCJjb21wYW55X25hbWUiOiJBcGl1eCBUZWNoIiwiYWRkcmVzc19jaXR5IjoiTWFkcmlkLCBTcGFpbiIsImh0aWRvY2lkIjoiZ1FubTVPNXJ2LUN3VmxUdkFBQUFBQT09IiwidXVsZSI6IncrQ0FJUUlDSUZVM0JoYVc0In0=,7
eyJqb2JfdGl0bGUiOiJJbmdlbmllcm8gZW4gU29mdHdhcmUiLCJjb21wYW55X25hbWUiOiJUYWxlbnRIdW50ZXIiLCJhZGRyZXNzX2NpdHkiOiJNYWRyaWQsIFNwYWluIiwiaHRpZG9jaWQiOiJxdkJYMUxnLTlVRV82OFpIQUFBQUFBPT0iLCJ1dWxlIjoidytDQUlRSUNJRlUzQmhhVzQifQ==,1
eyJqb2JfdGl0bGUiOiJUw6ljbmljbyBDaWJlcnNlZ3VyaWRhZCAoaC9tKSIsImNvbXBhbnlfbmFtZSI6Ik1pY2hhZWwgUGFnZSIsImFkZHJlc3NfY2l0eSI6IkJpc2NheSwgU3BhaW4iLCJodGlkb2NpZCI6IjljTEtEYy1tTUo3anVVbUFBQUFBQUE9PSIsInV1bGUiOiJ3K0NBSVFJQ0lGVTNCaGFXNCJ9,7
eyJqb2JfdGl0bGUiOiJJbmdlbmllcm8vYSBkZSBDaWJlcnNlZ3VyaWRhZCBpbmR1c3RyaWFsIChPVCkiLCJjb21wYW55X25hbWUiOiJHZXRyb25pY3MiLCJhZGRyZXNzX2NpdHkiOiJTcGFpbiIsImh0aWRvY2lkIjoiM0ttS21IUk1WMXo4amdQc0FBQUFBQT09IiwidXVsZSI6IncrQ0FJUUlDSUZVM0JoYVc0In0=,7
eyJqb2JfdGl0bGUiOiJJbmdlbmllcm8gZGUgU2VndXJpZGFkIGVuIEVuZXJnw61hcyBSZW5vdmFibGVzIiwiY29tcGFueV9uYW1lIjoiQXplcnRpdW0gSVQgR2xvYmFsIFNlcnZpY2VzIFNMIiwiYWRkcmVzc19jaXR5IjoiTWFkcmlkLCBTcGFpbiIsImh0aWRvY2lkIjoiU19Fb0I2cmpCQnJSODFuakFBQUFBQT09IiwidXVsZSI6IncrQ0FJUUlDSUZVM0JoYVc0In0=,7
eyJqb2JfdGl0bGUiOiJJbmdlbmllcm8gY29uIENvbm9jaW1pZW50b3MgZGUgRGVzYXJyb2xsbyBTVy9IVyB5IENpYmVyc2VndXJpZGFkIiwiY29tcGFueV9uYW1lIjoiTWVsdCBHcm91cCIsImFkZHJlc3NfY2l0eSI6IlNldmlsbGUsIFNwYWluIiwiaHRpZG9jaWQiOiJyMzdEZjVvRGp5QWo2WFJ2QUFBQUFBPT0iLCJ1dWxlIjoidytDQUlRSUNJRlUzQmhhVzQifQ==,1
eyJqb2JfdGl0bGUiOiJJbmdlbmllcm8vYSBlbiBjaWJlcnNlZ3VyaWRhZCIsImNvbXBhbnlfbmFtZSI6IlRoZSBBZGVjY28gR3JvdXAiLCJhZGRyZXNzX2NpdHkiOiJTZXZpbGxlLCBTcGFpbiIsImh0aWRvY2lkIjoiX1gydkNkUU5JN1JZR01qMkFBQUFBQT09IiwidXVsZSI6IncrQ0FJUUlDSUZVM0JoYVc0In0=,7
eyJqb2JfdGl0bGUiOiJQcm9ncmFtYWRvciBKYXZhIEp1bmlvciAoY29uIEZyYW5jw6lzIG8gSW5nbMOpcykgLSBIw61icmlkbyAtIFNldmlsbGEsIEVzcGHDsWEiLCJjb21wYW55X25hbWUiOiJTYW5kYXYiLCJhZGRyZXNzX2NpdHkiOiJTZXZpbGxlLCBTcGFpbiIsImh0aWRvY2lkIjoiUkdTRF8zZUwyMVhGOU1MaEFBQUFBQT09IiwidXVsZSI6IncrQ0FJUUlDSUZVM0JoYVc0In0=,1
eyJqb2JfdGl0bGUiOiJQcm9ncmFtYWRvci9hIEphdmEgKyBTcHJpbmcgY29uIEZyYW5jw6lzIiwiY29tcGFueV9uYW1lIjoiSW5ldHVtIiwiYWRkcmVzc19jaXR5IjoiQWxpY2FudGUsIFNwYWluIiwiaHRpZG9jaWQiOiJjNUw4WWtiZUp5dllnUXdjQUFBQUFBPT0iLCJ1dWxlIjoidytDQUlRSUNJRlUzQmhhVzQifQ==,7
eyJqb2JfdGl0bGUiOiJQcm9ncmFtYWRvciBKYXZhIMOBZ2lsLCBNYWRyaWQiLCJjb21wYW55X25hbWUiOiJXb3JsZCBQcmVtaXVtIFJhdGVzIiwiYWRkcmVzc19jaXR5IjoiTWFkcmlkLCBTcGFpbiIsImh0aWRvY2lkIjoiWGRRbUJlaVVkTEFIVFZKWkFBQUFBQT09IiwidXVsZSI6IncrQ0FJUUlDSUZVM0JoYVc0In0=,1
eyJqb2JfdGl0bGUiOiJQZXJmaWwgc2lzdGVtYXMgeSB2aXJ0dWFsaXphY2nDs24rcHl0aG9uIiwiY29tcGFueV9uYW1lIjoiS3JlbGwgQ29uc3VsdGluZyBcdTAwMjZBbXA7IFRyYWluaW5nIiwiYWRkcmVzc19jaXR5IjoiTWFkcmlkLCBTcGFpbiIsImh0aWRvY2lkIjoiZ291QVlfTEktb1pLX3B4akFBQUFBQT09IiwidXVsZSI6IncrQ0FJUUlDSUZVM0JoYVc0In0=,7
eyJqb2JfdGl0bGUiOiJJbmdlbmllcm8gZGUgc2lzdGVtYXMgKFZNd2FyZSB5IEF6dXJlKSIsImNvbXBhbnlfbmFtZSI6Ik1pY2hhZWwgUGFnZSIsImFkZHJlc3NfY2l0eSI6Ik1hZHJpZCwgU3BhaW4iLCJodGlkb2NpZCI6ImpzeEh2RVlZdkJZM01JaWJBQUFBQUE9PSIsInV1bGUiOiJ3K0NBSVFJQ0lGVTNCaGFXNCJ9,7
eyJqb2JfdGl0bGUiOiJJbmdlbmllcm8gZGUgc2lzdGVtYXMgKFZNd2FyZSB5IEF6dXJlKSIsImNvbXBhbnlfbmFtZSI6Ik1pY2hhZWwgUGFnZSIsImFkZHJlc3NfY2l0eSI6Ik1hZHJpZCwgU3BhaW4iLCJodGlkb2NpZCI6ImpzeEh2RVlZdkJZM01JaWJBQUFBQUE9PSIsInV1bGUiOiJ3K0NBSVFJQ0lGVTNCaGFXNCJ9,1
eyJqb2JfdGl0bGUiOiJFeHBlcnRvIEVuIFZpcnR1YWxpemFjacOzbiBJdCAtIEk0ODciLCJjb21wYW55X25hbWUiOiIqTm9tYnJlIE9jdWx0byoiLCJhZGRyZXNzX2NpdHkiOiJNYWRyaWQsIFNwYWluIiwiaHRpZG9jaWQiOiJIR3hKNDdaRS1fSDRadzVmQUFBQUFBPT0iLCJ1dWxlIjoidytDQUlRSUNJRlUzQmhhVzQifQ==,7
eyJqb2JfdGl0bGUiOiIoR2VkMTUpIEVzcGVjaWFsaXN0YSBFbiBWaXJ0dWFsaXphY2nDs24gWSBBbG1hY2VuYW1pZW50byIsImNvbXBhbnlfbmFtZSI6IkltcG9ydGFudGUgRW1wcmVzYSIsImFkZHJlc3NfY2l0eSI6IlRvcnJlY2lsbGEgZW4gQ2FtZXJvcywgU3BhaW4iLCJodGlkb2NpZCI6IjVCcTNwQ3ctRzh6UmhSdlVBQUFBQUE9PSIsInV1bGUiOiJ3K0NBSVFJQ0lGVTNCaGFXNCJ9,7
eyJqb2JfdGl0bGUiOiJFc3BlY2lhbGlzdGEgSnVuaW9yIGVuIFRlbGVjb211bmljYWNpb25lcyBlIEluZm9ybcOhdGljYSIsImNvbXBhbnlfbmFtZSI6IlRoZSBXaXNlIFNlZWtlciIsImFkZHJlc3NfY2l0eSI6Ik1hZHJpZCwgU3BhaW4iLCJodGlkb2NpZCI6IkJrWDlTTlUzYkxndmNsZG5BQUFBQUE9PSIsInV1bGUiOiJ3K0NBSVFJQ0lGVTNCaGFXNCJ9,7
eyJqb2JfdGl0bGUiOiJFc3BlY2lhbGlzdGEgZW4gUmVkZXMgeSBTZWd1cmlkYWQgSC9NIiwiY29tcGFueV9uYW1lIjoiQXhpYW5zIiwiYWRkcmVzc19jaXR5IjoiTWFkcmlkLCBTcGFpbiIsImh0aWRvY2lkIjoicFU5TENIclc3Vnhtb19OUUFBQUFBQT09IiwidXVsZSI6IncrQ0FJUUlDSUZVM0JoYVc0In0=,7
eyJqb2JfdGl0bGUiOiJDYy0zMjIgRXNwZWNpYWxpc3RhIEVuIENvbXVuaWNhY2lvbmVzIEl0IENvcnBvcmF0aXZhcyIsImNvbXBhbnlfbmFtZSI6Ikl0cCBBZXJvIiwiYWRkcmVzc19jaXR5IjoiUGFsZW5jaWEsIFNwYWluIiwiaHRpZG9jaWQiOiJ3REFVWVdPRkZDeGpSSGpSQUFBQUFBPT0iLCJ1dWxlIjoidytDQUlRSUNJRlUzQmhhVzQifQ==,7
eyJqb2JfdGl0bGUiOiJFc3BlY2lhbGlzdGEgZW4gUmVkZXMgeSBTZWd1cmlkYWQgU2VuaW9yIiwiY29tcGFueV9uYW1lIjoiUGFnZSBQZXJzb25uZWwgRXNwYcOxYSIsImFkZHJlc3NfY2l0eSI6Ik1hZHJpZCwgU3BhaW4iLCJodGlkb2NpZCI6IkRQOUMyNlJvLTFmMWpNNUVBQUFBQUE9PSIsInV1bGUiOiJ3K0NBSVFJQ0lGVTNCaGFXNCJ9,7
eyJqb2JfdGl0bGUiOiJUw6ljbmljbyBFc3BlY2lhbGlzdGEgU2VuaW9yIEVuIENvbXVuaWNhY2lvbmVzLCBSZWRlcyBZIFNlZ3VyaWRhZCIsImNvbXBhbnlfbmFtZSI6IkNldSIsImFkZHJlc3NfY2l0eSI6Ik1hZHJpZCwgU3BhaW4iLCJodGlkb2NpZCI6InBocS1UdHNfYmxrTG1iRXFBQUFBQUE9PSIsInV1bGUiOiJ3K0NBSVFJQ0lGVTNCaGFXNCJ9,7
eyJqb2JfdGl0bGUiOiJUw6ljbmljby9hIGRlIFJlZGVzIHkgQ29tdW5pY2FjaW9uZXMiLCJjb21wYW55X25hbWUiOiJOVU5TWVMiLCJhZGRyZXNzX2NpdHkiOiJTZXZpbGxlLCBTcGFpbiIsImh0aWRvY2lkIjoiOWp4Sk1mNzF0TU9xY3lvbkFBQUFBQT09IiwidXVsZSI6IncrQ0FJUUlDSUZVM0JoYVc0In0=,7
eyJqb2JfdGl0bGUiOiJFc3BlY2lhbGlzdGEgUmVkZXMiLCJjb21wYW55X25hbWUiOiJsaW5lYSBkaXJlY3RhIiwiYWRkcmVzc19jaXR5IjoiU3BhaW4iLCJodGlkb2NpZCI6ImNlS2FuS1BFeGNRSkhUQmhBQUFBQUE9PSIsInV1bGUiOiJ3K0NBSVFJQ0lGVTNCaGFXNCJ9,7
eyJqb2JfdGl0bGUiOiJJbmZvcm3DoXRpY2EgWSBUZWxlY29tdW5pY2FjaW9uZXMgSW5nZW5pZXJvL0EgUmVkZXMgWSBDb211bmljYWNpb25lcyBaYXJhZ296YSIsImNvbXBhbnlfbmFtZSI6IkdydXBvIEludGVncmEgWHhpIFNvY2llZGFkIExpbWl0YWRhIiwiYWRkcmVzc19jaXR5IjoiWmFyYWdvemEsIFNwYWluIiwiaHRpZG9jaWQiOiJ2akF0LUdNZ3RpUEswdzJQQUFBQUFBPT0iLCJ1dWxlIjoidytDQUlRSUNJRlUzQmhhVzQifQ==,7
eyJqb2JfdGl0bGUiOiJUw6ljbmljbyBkZSBjb211bmljYWNpb25lcyIsImNvbXBhbnlfbmFtZSI6IkF5ZXNhIiwiYWRkcmVzc19jaXR5IjoiU3BhaW4iLCJodGlkb2NpZCI6InRXTU12LXZGcUJxbkhLOGVBQUFBQUE9PSIsInV1bGUiOiJ3K0NBSVFJQ0lGVTNCaGFXNCJ9,7
eyJqb2JfdGl0bGUiOiJUw6ljbmljbyBkZSByZWRlcyB5IHNlZ3VyaWRhZCBwZXJpbWV0cmFsIE4yIiwiY29tcGFueV9uYW1lIjoiTUlBIEFkdmFuY2VkIFN5c3RlbXMiLCJhZGRyZXNzX2NpdHkiOiJNYWRyaWQsIFNwYWluIiwiaHRpZG9jaWQiOiJDTHZJc0FkdWVjWktvYThRQUFBQUFBPT0iLCJ1dWxlIjoidytDQUlRSUNJRlUzQmhhVzQifQ==,7
eyJqb2JfdGl0bGUiOiJQcm9ncmFtYWRvciBDKysiLCJjb21wYW55X25hbWUiOiJLcmVsbCBDb25zdWx0aW5nIiwiYWRkcmVzc19jaXR5IjoiTWFkcmlkLCBTcGFpbiIsImh0aWRvY2lkIjoiVlZzU0NETWF4ZFB5QVNPcUFBQUFBQT09IiwidXVsZSI6IncrQ0FJUUlDSUZVM0JoYVc0In0=,7
eyJqb2JfdGl0bGUiOiJQcm9ncmFtYWRvci9hIEMrKyB8IEjDrWJyaWRvICgyIGTDrWFzIHRlbGV0cmFiYWpvKSIsImNvbXBhbnlfbmFtZSI6Ikhhc3RlbiBncm91cCIsImFkZHJlc3NfY2l0eSI6IlNhbiBGZXJuYW5kbyBkZSBIZW5hcmVzLCBTcGFpbiIsImh0aWRvY2lkIjoiUEVqSkVpSDluVzgwLWRjVEFBQUFBQT09IiwidXVsZSI6IncrQ0FJUUlDSUZVM0JoYVc0In0=,1
eyJqb2JfdGl0bGUiOiJQcm9ncmFtYWRvci9hIEMrKyBlbiBJbm5vdmFjacOzbiBJbmR1c3RyaWFsIiwiY29tcGFueV9uYW1lIjoiTWVjYWx1eCIsImFkZHJlc3NfY2l0eSI6IkNvcm5lbGzDoCBkZSBMbG9icmVnYXQsIFNwYWluIiwiaHRpZG9jaWQiOiJpZDJHZDhjU1ItSEpUcG9PQUFBQUFBPT0iLCJ1dWxlIjoidytDQUlRSUNJRlUzQmhhVzQifQ==,1
eyJqb2JfdGl0bGUiOiJBbmFsaXN0YSBQcm9ncmFtYWRvci9hIEMrKyIsImNvbXBhbnlfbmFtZSI6Ik1lY2FsdXgiLCJhZGRyZXNzX2NpdHkiOiJDb3JuZWxsw6AgZGUgTGxvYnJlZ2F0LCBTcGFpbiIsImh0aWRvY2lkIjoid3JwM1h1dXozS25lekx1OUFBQUFBQT09IiwidXVsZSI6IncrQ0FJUUlDSUZVM0JoYVc0In0=,1
eyJqb2JfdGl0bGUiOiJQcm9ncmFtYWRvciBDKysiLCJjb21wYW55X25hbWUiOiJLcmVsbCBDb25zdWx0aW5nIFx1MDAyNiBUcmFpbmluZywgUy5MLiIsImFkZHJlc3NfY2l0eSI6IlRvcnJlasOzbiBkZSBBcmRveiwgU3BhaW4iLCJodGlkb2NpZCI6IlVNdmQtZ3pfU1RqZTFJVjZBQUFBQUE9PSIsInV1bGUiOiJ3K0NBSVFJQ0lGVTNCaGFXNCJ9,7
eyJqb2JfdGl0bGUiOiJQcm9ncmFtYWRvci9hIEMrKyBTZW5pb3IiLCJjb21wYW55X25hbWUiOiJJU0NBUkVNIEhVTUFOIFJFU09VUkNFUyIsImFkZHJlc3NfY2l0eSI6Ik1hZHJpZCwgU3BhaW4iLCJodGlkb2NpZCI6IldwVlB4NkFPbTNFY0x6dDNBQUFBQUE9PSIsInV1bGUiOiJ3K0NBSVFJQ0lGVTNCaGFXNCJ9,1
eyJqb2JfdGl0bGUiOiJQcm9ncmFtYWRvciBDKyssIGhpYnJpZG8gLSBQcmltZXIgRW1wbGVvIiwiY29tcGFueV9uYW1lIjoiS3JlbGwgQ29uc3VsdGluZyBcdTAwMjYgVHJhaW5pbmciLCJhZGRyZXNzX2NpdHkiOiJUb3JyZWrDs24gZGUgQXJkb3osIFNwYWluIiwiaHRpZG9jaWQiOiJ3Z2V1RkVib0FzcVlOYzFJQUFBQUFBPT0iLCJ1dWxlIjoidytDQUlRSUNJRlUzQmhhVzQifQ==,7
eyJqb2JfdGl0bGUiOiJQcm9ncmFtYWRvci9hIEMrKyBwYXJhIElubm92YWNpw7NuIFRlY25vbMOzZ2ljYSIsImNvbXBhbnlfbmFtZSI6IklTQ0FSRU0gSFVNQU4gUkVTT1VSQ0VTIiwiYWRkcmVzc19jaXR5IjoiTWFkcmlkLCBTcGFpbiIsImh0aWRvY2lkIjoiczFpX2JXOWtWSGs3aE0yVUFBQUFBQT09IiwidXVsZSI6IncrQ0FJUUlDSUZVM0JoYVc0In0=,1
eyJqb2JfdGl0bGUiOiJBcCBDL0MrKyIsImNvbXBhbnlfbmFtZSI6Ikhhc3RlbiBHcm91cCIsImFkZHJlc3NfY2l0eSI6IlNhbiBGZXJuYW5kbyBkZSBIZW5hcmVzLCBTcGFpbiIsImh0aWRvY2lkIjoiMTJaenJtcFNLbnE0Y2p1aEFBQUFBQT09IiwidXVsZSI6IncrQ0FJUUlDSUZVM0JoYVc0In0=,1
eyJqb2JfdGl0bGUiOiJTZW5pb3IgQysrIFByb2dyYW1tZXIiLCJjb21wYW55X25hbWUiOiJQcm9ncmFtLUFjZSIsImFkZHJlc3NfY2l0eSI6IlNwYWluIiwiaHRpZG9jaWQiOiJ1QWtUZ0V2UDhmTFEtaXUzQUFBQUFBPT0iLCJ1dWxlIjoidytDQUlRSUNJRlUzQmhhVzQifQ==,1
eyJqb2JfdGl0bGUiOiJJbmdlbmllcm8gZGUgRGVzYXJyb2xsbyBDKysgYmFqbyBMaW51eCAoRW1iZWJpZG9zKSAoQmFyY2Vsb25hIC0gSMOtYnJpZG8pIiwiY29tcGFueV9uYW1lIjoiSVNTIFByb2Zlc2lvbmFsaWEiLCJhZGRyZXNzX2NpdHkiOiJDYXRhbG9uaWEsIFNwYWluIiwiaHRpZG9jaWQiOiJjZHIzTzcwSHVlRGRGdDlQQUFBQUFBPT0iLCJ1dWxlIjoidytDQUlRSUNJRlUzQmhhVzQifQ==,1
eyJqb2JfdGl0bGUiOiJEZXNhcnJvbGxhZG9yIFPDqW5pb3IgQysrIiwiY29tcGFueV9uYW1lIjoiYXJlbGFuY2UiLCJhZGRyZXNzX2NpdHkiOiJNw6FsYWdhLCBTcGFpbiIsImh0aWRvY2lkIjoidmVXLU5BSk5MZU82WlhKWUFBQUFBQT09IiwidXVsZSI6IncrQ0FJUUlDSUZVM0JoYVc0In0=,1
eyJqb2JfdGl0bGUiOiJBcCBDL0MrKyIsImNvbXBhbnlfbmFtZSI6IlVuc3BlY2lmaWVkIiwiYWRkcmVzc19jaXR5IjoiTWFkcmlkLCBTcGFpbiIsImh0aWRvY2lkIjoibG9vdlNuY1NRVkQ4NlhhSUFBQUFBQT09IiwidXVsZSI6IncrQ0FJUUlDSUZVM0JoYVc0In0=,1
eyJqb2JfdGl0bGUiOiJBbmFsaXN0YSBQcm9ncmFtYWRvci9BIEMrKyIsImNvbXBhbnlfbmFtZSI6Ikdyb3VwIE1lY2FsdXgiLCJhZGRyZXNzX2NpdHkiOiJCYXJjZWxvbmEsIFNwYWluIiwiaHRpZG9jaWQiOiJDVnR5ZlJHcVZ2SnZYdFZmQUFBQUFBPT0iLCJ1dWxlIjoidytDQUlRSUNJRlUzQmhhVzQifQ==,1
eyJqb2JfdGl0bGUiOiJUZXN0IEF1dG9tYXRpb24gRW5naW5lZXIiLCJjb21wYW55X25hbWUiOiJOVFQgREFUQSBFdXJvcGUgXHUwMDI2IExhdGFtIiwiYWRkcmVzc19jaXR5IjoiTWFkcmlkLCBTcGFpbiIsImh0aWRvY2lkIjoiaUdkODJpRmE0VTNMME5lTEFBQUFBQT09IiwidXVsZSI6IncrQ0FJUUlDSUZVM0JoYVc0In0=,1
eyJqb2JfdGl0bGUiOiJBbmFsaXN0YSBQcm9ncmFtYWRvciBBbmRyb2lkIC8gaU9zIiwiY29tcGFueV9uYW1lIjoiVkFTUyIsImFkZHJlc3NfY2l0eSI6IkFsY29iZW5kYXMsIFNwYWluIiwiaHRpZG9jaWQiOiJwdVlrcGVWRU9leFRIbkp6QUFBQUFBPT0iLCJ1dWxlIjoidytDQUlRSUNJRlUzQmhhVzQifQ==,1
eyJqb2JfdGl0bGUiOiJQcm9ncmFtYWRvciBBbmRyb2lkIiwiY29tcGFueV9uYW1lIjoiTnVuZWdhbCBDb25zdWx0aW5nIiwiYWRkcmVzc19jaXR5IjoiQSBDb3J1w7FhLCBTcGFpbiIsImh0aWRvY2lkIjoia3FXeW05R0lLbUxLX2dsNUFBQUFBQT09IiwidXVsZSI6IncrQ0FJUUlDSUZVM0JoYVc0In0=,1
eyJqb2JfdGl0bGUiOiJJdHwgVMOpY25pY28gRGUgSGVscGRlc2sgQ2VydGlmaWNhZG8gSXRpbCIsImNvbXBhbnlfbmFtZSI6IkFsdGVuIiwiYWRkcmVzc19jaXR5IjoiU2V2aWxsZSwgU3BhaW4iLCJodGlkb2NpZCI6Im1VS1RXVmNKcXR0cEJwSjdBQUFBQUE9PSIsInV1bGUiOiJ3K0NBSVFJQ0lGVTNCaGFXNCJ9,1
eyJqb2JfdGl0bGUiOiJHZXN0b3IgRGUgUHJvY2Vzb3MgWSBTZXJ2aWNpb3MgSXQgKEl0aWwpIiwiY29tcGFueV9uYW1lIjoiTGFuaXQiLCJhZGRyZXNzX2NpdHkiOiJTcGFpbiIsImh0aWRvY2lkIjoidVpGQmF5VE5HS2FJakpfOEFBQUFBQT09IiwidXVsZSI6IncrQ0FJUUlDSUZVM0JoYVc0In0=,7
eyJqb2JfdGl0bGUiOiJFc3BlY2lhbGlzdGEgZW4gR2VzdGnDs24gZGUgQWxtYWNlbmFtaWVudG8iLCJjb21wYW55X25hbWUiOiJSaWNvaCIsImFkZHJlc3NfY2l0eSI6IkJhcmNlbG9uYSwgU3BhaW4iLCJodGlkb2NpZCI6Imc3c2ZseEVkdEtOYnk0OVVBQUFBQUE9PSIsInV1bGUiOiJ3K0NBSVFJQ0lGVTNCaGFXNCJ9,1
eyJqb2JfdGl0bGUiOiJFc3BlY2lhbGlzdGEgZW4gR2VzdGnDs24gZGUgQWxtYWNlbmFtaWVudG8iLCJjb21wYW55X25hbWUiOiJSaWNvaCIsImFkZHJlc3NfY2l0eSI6IlNhbnQgQ3VnYXQgZGVsIFZhbGzDqHMsIFNwYWluIiwiaHRpZG9jaWQiOiJsWHJMQ1BRWUVaLTdCbHNxQUFBQUFBPT0iLCJ1dWxlIjoidytDQUlRSUNJRlUzQmhhVzQifQ==,1
eyJqb2JfdGl0bGUiOiJFc3BlY2lhbGlzdGEgZW4gVmlydHVhbGl6YWNpw7NuIHkgQWxtYWNlbmFtaWVudG8iLCJjb21wYW55X25hbWUiOiJJbnljb20iLCJhZGRyZXNzX2NpdHkiOiJCaWxiYW8sIFNwYWluIiwiaHRpZG9jaWQiOiJNTDJIc2gxTHFxdmZyNm5ZQUFBQUFBPT0iLCJ1dWxlIjoidytDQUlRSUNJRlUzQmhhVzQifQ==,7
eyJqb2JfdGl0bGUiOiJFc3BlY2lhbGlzdGEgZW4gZ29iaWVybm8sIHJpZXNnbyB5IGN1bXBsaW1pZW50byBkZSBsYSBzZWd1cmlkYWQiLCJjb21wYW55X25hbWUiOiJVbml2ZXJzaXRhdCBPYmVydGEgZGUgQ2F0YWx1bnlhIiwiYWRkcmVzc19jaXR5IjoiQmFyY2Vsb25hLCBTcGFpbiIsImh0aWRvY2lkIjoiUkpfUWRXUEJPVXEtdi1EUEFBQUFBQT09IiwidXVsZSI6IncrQ0FJUUlDSUZVM0JoYVc0In0=,7
eyJqb2JfdGl0bGUiOiJFc3BlY2lhbGlzdGEgQ29udHJvbCB5IEN1bXBsaW1pZW50byBkZSBDaWJlcnNlZ3VyaWRhZCAtIFNlZ3VyaWRhZCBlbiBEZXNhcnJvbGxvIiwiY29tcGFueV9uYW1lIjoiUmVwc29sIiwiYWRkcmVzc19jaXR5IjoiU3BhaW4iLCJodGlkb2NpZCI6Ik9ZMnRHbzdWZERYZ3pCMEpBQUFBQUE9PSIsInV1bGUiOiJ3K0NBSVFJQ0lGVTNCaGFXNCJ9,7
eyJqb2JfdGl0bGUiOiJFc3BlY2lhbGlzdGEgQ29udHJvbCB5IEN1bXBsaW1pZW50byBkZSBDaWJlcnNlZ3VyaWRhZCAtIFNlZ3VyaWRhZCBlbiBEZXNhcnJvbGxvIiwiY29tcGFueV9uYW1lIjoiUmVwc29sIiwiYWRkcmVzc19jaXR5IjoiVHJlcyBDYW50b3MsIFNwYWluIiwiaHRpZG9jaWQiOiJtMzF3NFFSbl8yY1BYclpDQUFBQUFBPT0iLCJ1dWxlIjoidytDQUlRSUNJRlUzQmhhVzQifQ==,7
eyJqb2JfdGl0bGUiOiJFc3BlY2lhbGlzdGEgR1JDIFNlZ3VyaWRhZCBJVCIsImNvbXBhbnlfbmFtZSI6IkdydXBvIE5TIiwiYWRkcmVzc19jaXR5IjoiTWFkcmlkLCBTcGFpbiIsImh0aWRvY2lkIjoiQVlXMjVWalNHYWRJeU5EX0FBQUFBQT09IiwidXVsZSI6IncrQ0FJUUlDSUZVM0JoYVc0In0=,7
eyJqb2JfdGl0bGUiOiJEaXNlw7FhZG9yIEdyw6FmaWNvIEZyZWxhbmNlIiwiY29tcGFueV9uYW1lIjoiUHVibGlwZWdhLmNvbSIsImFkZHJlc3NfY2l0eSI6Ik1hZHJpZCwgU3BhaW4iLCJodGlkb2NpZCI6ImEySVo4LVVmNHc4V0l6bUJBQUFBQUE9PSIsInV1bGUiOiJ3K0NBSVFJQ0lGVTNCaGFXNCJ9,2
eyJqb2JfdGl0bGUiOiJFc3BlY2lhbGlzdGEgZW4gZGlyZWNjacOzbiBkZSBhcnRlIGZpbmFsIGUgaW1wcmVzacOzbiIsImNvbXBhbnlfbmFtZSI6IkFzb2NpYWNpw7NuIE1hcnJvcXXDrSBwYXJhIGxhIEludGVncmFjacOzbiBkZSBsb3MgSW5taWdyYW50ZXMiLCJhZGRyZXNzX2NpdHkiOiJNw6FsYWdhLCBTcGFpbiIsImh0aWRvY2lkIjoiZkliVFJZdnZQUGt0ckVJV0FBQUFBQT09IiwidXVsZSI6IncrQ0FJUUlDSUZVM0JoYVc0In0=,1
eyJqb2JfdGl0bGUiOiJEaXNlw7FhZG9yIEdyw6FmaWNvIiwiY29tcGFueV9uYW1lIjoiUHVibGlwZWdhLmNvbSIsImFkZHJlc3NfY2l0eSI6Ik1hZHJpZCwgU3BhaW4iLCJodGlkb2NpZCI6ImY1dFRRa0FmT2ZFLWhnRVdBQUFBQUE9PSIsInV1bGUiOiJ3K0NBSVFJQ0lGVTNCaGFXNCJ9,2
eyJqb2JfdGl0bGUiOiJFc3BlY2lhbGlzdGEgZW4gU0VNIHkgU29jaWFsIEFkcyIsImNvbXBhbnlfbmFtZSI6IkNvbXVuaWNhcmUiLCJhZGRyZXNzX2NpdHkiOiJNYWRyaWQsIFNwYWluIiwiaHRpZG9jaWQiOiI1bFNvaE5OT2JoNnZvU24xQUFBQUFBPT0iLCJ1dWxlIjoidytDQUlRSUNJRlUzQmhhVzQifQ==,1
eyJqb2JfdGl0bGUiOiJFc3BlY2lhbGlzdGEgU0VNIC8gU29jaWFsIE1lZGlhIE1hcmtldGluZyIsImNvbXBhbnlfbmFtZSI6IlBhcmFuaW5mbyIsImFkZHJlc3NfY2l0eSI6Ik1hZHJpZCwgU3BhaW4iLCJodGlkb2NpZCI6IjBoZWJqd2RfeUkyaEdSV3FBQUFBQUE9PSIsInV1bGUiOiJ3K0NBSVFJQ0lGVTNCaGFXNCJ9,1
eyJqb2JfdGl0bGUiOiIoSVlSNTU1KSB8IEluZ2VuaWVybyBkZSBTb2Z0d2FyZSBKYXZhLiIsImNvbXBhbnlfbmFtZSI6IlNHIFRlY2giLCJhZGRyZXNzX2NpdHkiOiJDb21tdW5pdHkgb2YgTWFkcmlkLCBTcGFpbiIsImh0aWRvY2lkIjoiOXBMckFHVVZZR2VJSjdXRUFBQUFBQT09IiwidXVsZSI6IncrQ0FJUUlDSUZVM0JoYVc0In0=,1
eyJqb2JfdGl0bGUiOiJTb2Z0d2FyZSBFbmdpbmVlciB8IEphdmEgMTcgfCAxMDAlIFJlbW90ZSIsImNvbXBhbnlfbmFtZSI6IlVTVCIsImFkZHJlc3NfY2l0eSI6Ik1hZHJpZCwgU3BhaW4iLCJodGlkb2NpZCI6IkFBV0FnSmZXUkI4dkhhVW9BQUFBQUE9PSIsInV1bGUiOiJ3K0NBSVFJQ0lGVTNCaGFXNCJ9,1
eyJqb2JfdGl0bGUiOiJJbmdlbmllcm9zIGRlIFNvZnR3YXJlIEpBVkEiLCJjb21wYW55X25hbWUiOiJBUkVOQS4gRmluYW5jaWFsIFRlY2giLCJhZGRyZXNzX2NpdHkiOiJNYWRyaWQsIFNwYWluIiwiaHRpZG9jaWQiOiJ0UlRLSmhVWC1UOUJpS2oxQUFBQUFBPT0iLCJ1dWxlIjoidytDQUlRSUNJRlUzQmhhVzQifQ==,1
eyJqb2JfdGl0bGUiOiJEZXNhcnJvbGxhZG9yIEphdmEiLCJjb21wYW55X25hbWUiOiJESUdJVEFMNTUiLCJhZGRyZXNzX2NpdHkiOiJTcGFpbiIsImh0aWRvY2lkIjoiM1lmYjdpdUp4Nzd2Zno3YUFBQUFBQT09IiwidXVsZSI6IncrQ0FJUUlDSUZVM0JoYVc0In0=,1
eyJqb2JfdGl0bGUiOiJEZXNhcnJvbGxhZG9yL2EgZGUgc29mdHdhcmUgY29uIEpBVkEiLCJjb21wYW55X25hbWUiOiJBTFRFTiIsImFkZHJlc3NfY2l0eSI6Ik1hZHJpZCwgU3BhaW4iLCJodGlkb2NpZCI6ImlQeWF5bEk4b1FfaWxBSXVBQUFBQUE9PSIsInV1bGUiOiJ3K0NBSVFJQ0lGVTNCaGFXNCJ9,1
eyJqb2JfdGl0bGUiOiJKYXZhIFNvZnR3YXJlIEVuZ2luZWVyIC0gU2FudGFuZGVyIERpZ2l0YWwgU2VydmljZXMiLCJjb21wYW55X25hbWUiOiJTYW50YW5kZXIgRGlnaXRhbCBTZXJ2aWNlcyIsImFkZHJlc3NfY2l0eSI6IkJvYWRpbGxhIGRlbCBNb250ZSwgU3BhaW4iLCJodGlkb2NpZCI6IlBWLUNMQXI1Y2taSVlqS2dBQUFBQUE9PSIsInV1bGUiOiJ3K0NBSVFJQ0lGVTNCaGFXNCJ9,1
eyJqb2JfdGl0bGUiOiJKYXZhIFNvZnR3YXJlIEVuZ2luZWVyIiwiY29tcGFueV9uYW1lIjoiSW5ldHVtIiwiYWRkcmVzc19jaXR5IjoiU3BhaW4iLCJodGlkb2NpZCI6Im9FMFVyaWxHTXlVVTdLMlRBQUFBQUE9PSIsInV1bGUiOiJ3K0NBSVFJQ0lGVTNCaGFXNCJ9,1
eyJqb2JfdGl0bGUiOiJJbmdlbmllcm8gRGUgU29mdHdhcmUgSmF2YS4iLCJjb21wYW55X25hbWUiOiJTZyBUZWNoIiwiYWRkcmVzc19jaXR5IjoiWmFyYWdvemEsIFNwYWluIiwiaHRpZG9jaWQiOiJqUkRQU2ZRdUxTVzRGTHd0QUFBQUFBPT0iLCJ1dWxlIjoidytDQUlRSUNJRlUzQmhhVzQifQ==,1
eyJqb2JfdGl0bGUiOiJKYXZhIFNvZnR3YXJlIEVuZ2luZWVyIiwiY29tcGFueV9uYW1lIjoiQ1JFQUxPR0lYIiwiYWRkcmVzc19jaXR5IjoiQmFyY2Vsb25hLCBTcGFpbiIsImh0aWRvY2lkIjoiZVZKZllmamZQWE9sTExXYUFBQUFBQT09IiwidXVsZSI6IncrQ0FJUUlDSUZVM0JoYVc0In0=,1
eyJqb2JfdGl0bGUiOiJQcm9ncmFtYWRvciBKYXZhIMOBZ2lsLCBNYWRyaWQiLCJjb21wYW55X25hbWUiOiJXb3JsZCBQcmVtaXVtIFJhdGVzIiwiYWRkcmVzc19jaXR5IjoiQmFyY2Vsb25hLCBTcGFpbiIsImh0aWRvY2lkIjoicE9ILWh1YS12OGlJazB0bEFBQUFBQT09IiwidXVsZSI6IncrQ0FJUUlDSUZVM0JoYVc0In0=,1
eyJqb2JfdGl0bGUiOiJKYXZhIFNvZnR3YXJlIEVuZ2luZWVyIiwiY29tcGFueV9uYW1lIjoiVHJhdmVscG9ydCIsImFkZHJlc3NfY2l0eSI6IkJhcmNlbG9uYSwgU3BhaW4iLCJodGlkb2NpZCI6Ii02TDl6NXB1SEJPQkxZRU9BQUFBQUE9PSIsInV1bGUiOiJ3K0NBSVFJQ0lGVTNCaGFXNCJ9,1
eyJqb2JfdGl0bGUiOiJKYXZhIFNvZnR3YXJlIERldmVsb3BlciBbSMOtYnJpZG8gMiBkw61hcy9tZXNdIiwiY29tcGFueV9uYW1lIjoia25vd21hZCBtb29kIiwiYWRkcmVzc19jaXR5IjoiQm9hZGlsbGEgZGVsIE1vbnRlLCBTcGFpbiIsImh0aWRvY2lkIjoiYmFUMXp6NldGVkN5Nk12SEFBQUFBQT09IiwidXVsZSI6IncrQ0FJUUlDSUZVM0JoYVc0In0=,1
eyJqb2JfdGl0bGUiOiJEZXNhcnJvbGxhZG9yYS9hIEphdmEgfCBJbmdsw6lzIChUZWxldHJhYmFqbykiLCJjb21wYW55X25hbWUiOiJIYXN0ZW4gR3JvdXAiLCJhZGRyZXNzX2NpdHkiOiJTcGFpbiIsImh0aWRvY2lkIjoibUVQWlByV1lqamtPSFp2a0FBQUFBQT09IiwidXVsZSI6IncrQ0FJUUlDSUZVM0JoYVc0In0=,1
eyJqb2JfdGl0bGUiOiJJbmdlbmllcm8gRlVMTFNUQUNLIEphdmEiLCJjb21wYW55X25hbWUiOiJaZW1zYW5pYSIsImFkZHJlc3NfY2l0eSI6IkNvbW11bml0eSBvZiBNYWRyaWQsIFNwYWluIiwiaHRpZG9jaWQiOiJ2ZDF1MlB0U25nNUY2ajF4QUFBQUFBPT0iLCJ1dWxlIjoidytDQUlRSUNJRlUzQmhhVzQifQ==,1
eyJqb2JfdGl0bGUiOiJEZXNhcnJvbGxhZG9yL2EgSmF2YSArIE1vbmdvIiwiY29tcGFueV9uYW1lIjoiQUxURU4gU3BhaW4iLCJhZGRyZXNzX2NpdHkiOiJTcGFpbiIsImh0aWRvY2lkIjoiS0UwdzlTLVdPMS0yMGZYTkFBQUFBQT09IiwidXVsZSI6IncrQ0FJUUlDSUZVM0JoYVc0In0=,1
eyJqb2JfdGl0bGUiOiJKYXZhIERldmVsb3BlciIsImNvbXBhbnlfbmFtZSI6IlJvYmVydCBXYWx0ZXJzIiwiYWRkcmVzc19jaXR5IjoiVmFsZW5jaWEsIFNwYWluIiwiaHRpZG9jaWQiOiI0bjRmTVltSnRybXF6cVJqQUFBQUFBPT0iLCJ1dWxlIjoidytDQUlRSUNJRlUzQmhhVzQifQ==,1
eyJqb2JfdGl0bGUiOiJTZW5pb3IgU29mdHdhcmUgRW5naW5lZXIgKEphdmEpLSBPcGVuIEJhbmtpbmciLCJjb21wYW55X25hbWUiOiJBZHllbiIsImFkZHJlc3NfY2l0eSI6Ik1hZHJpZCwgU3BhaW4iLCJodGlkb2NpZCI6Ik45MUFlcFlSWUlrZGNFMzdBQUFBQUE9PSIsInV1bGUiOiJ3K0NBSVFJQ0lGVTNCaGFXNCJ9,1
eyJqb2JfdGl0bGUiOiJKYXZhIFNvZnR3YXJlIEVuZ2luZWVyIC0gUHJpbWUiLCJjb21wYW55X25hbWUiOiJlRHJlYW1zIE9ESUdFTyIsImFkZHJlc3NfY2l0eSI6Ik1hZHJpZCwgU3BhaW4iLCJodGlkb2NpZCI6ImtKYnYwcGxFeHludmNhWFBBQUFBQUE9PSIsInV1bGUiOiJ3K0NBSVFJQ0lGVTNCaGFXNCJ9,1
eyJqb2JfdGl0bGUiOiJTci4gSmF2YSBEZXZlbG9wZXJfKFNvbG8gcmVzaWRlbnRlcyBlbiBFc3Bhw7FhKSIsImNvbXBhbnlfbmFtZSI6IklTUFJPWCIsImFkZHJlc3NfY2l0eSI6IlNwYWluIiwiaHRpZG9jaWQiOiJJeXFJelJIRm44Ml9Dc25aQUFBQUFBPT0iLCJ1dWxlIjoidytDQUlRSUNJRlUzQmhhVzQifQ==,1
eyJqb2JfdGl0bGUiOiJJbmdlbmllcm8vQSBTZW5pb3IgRGUgU29mdHdhcmUgSmF2YSwgSGlicmlkbyIsImNvbXBhbnlfbmFtZSI6IkdtdiIsImFkZHJlc3NfY2l0eSI6IlphcmFnb3phLCBTcGFpbiIsImh0aWRvY2lkIjoiZDRjUUpsYTBtandvV2pUUkFBQUFBQT09IiwidXVsZSI6IncrQ0FJUUlDSUZVM0JoYVc0In0=,1
eyJqb2JfdGl0bGUiOiJKYXZhIFNvZnR3YXJlIEVuZ2luZWVyIChJbmdsw6lzIEF2YW56YWRvKSIsImNvbXBhbnlfbmFtZSI6IkdydXBvIERpZ2l0YWwiLCJhZGRyZXNzX2NpdHkiOiJNYWRyaWQsIFNwYWluIiwiaHRpZG9jaWQiOiJOVmlqTWwyeTVaWmI0Tk4xQUFBQUFBPT0iLCJ1dWxlIjoidytDQUlRSUNJRlUzQmhhVzQifQ==,1
eyJqb2JfdGl0bGUiOiJKYXZhIERldmVsb3BlciIsImNvbXBhbnlfbmFtZSI6IllhblRlY2ggQXNzb2NpYXRlcyIsImFkZHJlc3NfY2l0eSI6Ik1hZHJpZCwgU3BhaW4iLCJodGlkb2NpZCI6IjhWdzkzWVdfWk9pc2ptNHBBQUFBQUE9PSIsInV1bGUiOiJ3K0NBSVFJQ0lGVTNCaGFXNCJ9,1
eyJqb2JfdGl0bGUiOiJQcm9ncmFtYWRvci9hIEphdmEiLCJjb21wYW55X25hbWUiOiJGRFMsIEEgRFhDIFRlY2hub2xvZ3kgQ29tcGFueSIsImFkZHJlc3NfY2l0eSI6Ikdpcm9uYSwgU3BhaW4iLCJodGlkb2NpZCI6Ilg2RWc5dmt3VjFVbFdBa2tBQUFBQUE9PSIsInV1bGUiOiJ3K0NBSVFJQ0lGVTNCaGFXNCJ9,1
eyJqb2JfdGl0bGUiOiJKYXZhIFNvZnR3YXJlIEVuZ2luZWVyIiwiY29tcGFueV9uYW1lIjoiTWljaGFlbCBQYWdlIiwiYWRkcmVzc19jaXR5IjoiU3BhaW4iLCJodGlkb2NpZCI6Im03MXZXMHV4TFVYQm8yYlpBQUFBQUE9PSIsInV1bGUiOiJ3K0NBSVFJQ0lGVTNCaGFXNCJ9,1
eyJqb2JfdGl0bGUiOiJJbmdlbmllcm8vYSBTZW5pb3IgZGUgU29mdHdhcmUgSkFWQSwgaGlicmlkbyIsImNvbXBhbnlfbmFtZSI6IkdNViIsImFkZHJlc3NfY2l0eSI6IkNvbW11bml0eSBvZiBNYWRyaWQsIFNwYWluIiwiaHRpZG9jaWQiOiI0Zlp3OEFtZm45SFVCLVdpQUFBQUFBPT0iLCJ1dWxlIjoidytDQUlRSUNJRlUzQmhhVzQifQ==,1
eyJqb2JfdGl0bGUiOiJCYWNrZW5kIFNvZnR3YXJlIEVuZ2luZWVyIChKYXZhKSAtIEZpbkNyaW1lIiwiY29tcGFueV9uYW1lIjoiUmV2b2x1dCIsImFkZHJlc3NfY2l0eSI6Ik1hZHJpZCwgU3BhaW4iLCJodGlkb2NpZCI6IkxXYVY4UE5sX3NoNnBvYTZBQUFBQUE9PSIsInV1bGUiOiJ3K0NBSVFJQ0lGVTNCaGFXNCJ9,1
eyJqb2JfdGl0bGUiOiJSdWJ5IG9uIFJhaWxzIERldmVsb3BlciAoU2V2aWxsYSkiLCJjb21wYW55X25hbWUiOiJTb2xlcmEiLCJhZGRyZXNzX2NpdHkiOiJDYXN0aWxibGFuY28gZGUgbG9zIEFycm95b3MsIFNwYWluIiwiaHRpZG9jaWQiOiJEcGo4aFJUa0J0a0JnSTFPQUFBQUFBPT0iLCJ1dWxlIjoidytDQUlRSUNJRlUzQmhhVzQifQ==,1
eyJqb2JfdGl0bGUiOiJGdWxsIFN0YWNrIERldmVsb3BlciAoUnVieSBcdTAwMjYgUmVhY3QpIiwiY29tcGFueV9uYW1lIjoiU3RhcnQgUGVvcGxlIiwiYWRkcmVzc19jaXR5IjoiTWFkcmlkLCBTcGFpbiIsImh0aWRvY2lkIjoiU202bjBZaXBDV3FVLV9ZMUFBQUFBQT09IiwidXVsZSI6IncrQ0FJUUlDSUZVM0JoYVc0In0=,1
eyJqb2JfdGl0bGUiOiJSdWJ5IE9uIFJhaWxzIERldmVsb3BlciIsImNvbXBhbnlfbmFtZSI6IlBvcHVsYXRlIiwiYWRkcmVzc19jaXR5IjoiTWFkcmlkLCBTcGFpbiIsImh0aWRvY2lkIjoiOFlTdmZCMm1oNEZVeXRqa0FBQUFBQT09IiwidXVsZSI6IncrQ0FJUUlDSUZVM0JoYVc0In0=,1
eyJqb2JfdGl0bGUiOiJGdWxsU3RhY2sgRGV2ZWxvcGVyIChSdWJ5IG9uIFJhaWxzIC8gUmVhY3QpIiwiY29tcGFueV9uYW1lIjoiU05HVUxBUiIsImFkZHJlc3NfY2l0eSI6IlNwYWluIiwiaHRpZG9jaWQiOiJma2puMTV6VTZlZ21UNHRnQUFBQUFBPT0iLCJ1dWxlIjoidytDQUlRSUNJRlUzQmhhVzQifQ==,1
eyJqb2JfdGl0bGUiOiJTZW5pb3IgQmFja2VuZCBEZXZlbG9wZXIgKFJvUikiLCJjb21wYW55X25hbWUiOiJXZUh1bnQgRXNwYcOxYSIsImFkZHJlc3NfY2l0eSI6IkJhcmNlbG9uYSwgU3BhaW4iLCJodGlkb2NpZCI6Im1LNURSSUxXYWd2Y3RvNDhBQUFBQUE9PSIsInV1bGUiOiJ3K0NBSVFJQ0lGVTNCaGFXNCJ9,1
eyJqb2JfdGl0bGUiOiJJbmdlbmllcmEvbyBTZW5pb3IgZW4gQ2liZXJzZWd1cmlkYWQgKE9GMDYyMykiLCJjb21wYW55X25hbWUiOiJHcmFkaWFudCIsImFkZHJlc3NfY2l0eSI6IlZpZ28sIE11bmljaXBhbGl0eSBvZiBWaWdvLCBTcGFpbiIsImh0aWRvY2lkIjoiR1p4MDlwaFdlUWtMUWpZM0FBQUFBQT09IiwidXVsZSI6IncrQ0FJUUlDSUZVM0JoYVc0In0=,7
eyJqb2JfdGl0bGUiOiJDb25zdWx0b3IvYSBkZSBDaWJlcnNlZ3VyaWRhZC4iLCJjb21wYW55X25hbWUiOiJTT0NJQUwgVEVDIEhVTlRJTkciLCJhZGRyZXNzX2NpdHkiOiJCYXJjZWxvbmEsIFNwYWluIiwiaHRpZG9jaWQiOiJPQjRlWU1CNk5EWHppOURMQUFBQUFBPT0iLCJ1dWxlIjoidytDQUlRSUNJRlUzQmhhVzQifQ==,7
eyJqb2JfdGl0bGUiOiJDb25zdWx0b3IgZGUgc2VndXJpZGFkIGluZm9ybcOhdGljYSB5IGFkbWluaXN0cmFjacOzbiBkZSBzaXN0ZW1hcy4iLCJjb21wYW55X25hbWUiOiJBcGl1eCBUZWNoIiwiYWRkcmVzc19jaXR5IjoiU3BhaW4iLCJodGlkb2NpZCI6IlJkYVRnQjM3R2YxdEZBSWdBQUFBQUE9PSIsInV1bGUiOiJ3K0NBSVFJQ0lGVTNCaGFXNCJ9,7
eyJqb2JfdGl0bGUiOiJJbmdlbmllcm8vYSBkZSBTb2Z0d2FyZSAuTkVUIERldmVsb3BlciAtIFNlY3RvciBFc3BhY2lhbCIsImNvbXBhbnlfbmFtZSI6IkltbWVkaWEiLCJhZGRyZXNzX2NpdHkiOiJNYWRyaWQsIFNwYWluIiwiaHRpZG9jaWQiOiJGTVc3dXY2d1JSVFk5V0Z1QUFBQUFBPT0iLCJ1dWxlIjoidytDQUlRSUNJRlUzQmhhVzQifQ==,1
eyJqb2JfdGl0bGUiOiJTaXN0ZW1pc3RhIFZtd2FyZS9XaW5kb3dzIiwiY29tcGFueV9uYW1lIjoiUmlzaW5nUGl4ZWwgc2wgLSBMYXMgUGFsbWFzIiwiYWRkcmVzc19jaXR5IjoiTGFzIFBhbG1hcyBkZSBHcmFuIENhbmFyaWEsIFNwYWluIiwiaHRpZG9jaWQiOiJXM0lwSXAzNHUzcTRiY2RJQUFBQUFBPT0iLCJ1dWxlIjoidytDQUlRSUNJRlUzQmhhVzQifQ==,7
eyJqb2JfdGl0bGUiOiJJbmdlbmllcm8gZGUgdmlydHVhbGl6YWNpw7NuLiBFeHBlcnRvIEF6dXJlIFN0YWNrIiwiY29tcGFueV9uYW1lIjoiTWluc2FpdCIsImFkZHJlc3NfY2l0eSI6Ik1hZHJpZCwgU3BhaW4iLCJodGlkb2NpZCI6Imlzb29EWUFUd2IwdXF0ZURBQUFBQUE9PSIsInV1bGUiOiJ3K0NBSVFJQ0lGVTNCaGFXNCJ9,7
eyJqb2JfdGl0bGUiOiJBZG1pbmlzdHJhZG9yL2EgZGUgU2lzdGVtYXMgZGUgVmlydHVhbGl6YWNpw7NuIiwiY29tcGFueV9uYW1lIjoiSW5ldHVtIiwiYWRkcmVzc19jaXR5IjoiTWFkcmlkLCBTcGFpbiIsImh0aWRvY2lkIjoiTThzdXN2dmhkUnZxWkx0Q0FBQUFBQT09IiwidXVsZSI6IncrQ0FJUUlDSUZVM0JoYVc0In0=,1
eyJqb2JfdGl0bGUiOiJUw6ljbmljbyBkZSByZWRlcyAoY2lzY28gYXJ1YmEpIiwiY29tcGFueV9uYW1lIjoiQXJlbGFuY2UiLCJhZGRyZXNzX2NpdHkiOiJNYWRyaWQsIFNwYWluIiwiaHRpZG9jaWQiOiJpU0g3LXVqNTBsWVRYVC1TQUFBQUFBPT0iLCJ1dWxlIjoidytDQUlRSUNJRlUzQmhhVzQifQ==,1
eyJqb2JfdGl0bGUiOiJFc3BlY2lhbGlzdGEgU2VuaW9yIGVuIERldk9wcyBwYXJhIEluZnJhZXN0cnVjdHVyYSB5IENsb3VkIiwiY29tcGFueV9uYW1lIjoiUHJvZHdhcmUiLCJhZGRyZXNzX2NpdHkiOiJNYWRyaWQsIFNwYWluIiwiaHRpZG9jaWQiOiJpTkJST0pDUkJmN1JpVWtQQUFBQUFBPT0iLCJ1dWxlIjoidytDQUlRSUNJRlUzQmhhVzQifQ==,7
eyJqb2JfdGl0bGUiOiJFc3BlY2lhbGlzdGEgU2VuaW9yIGVuIERldk9wcyBwYXJhIEluZnJhZXN0cnVjdHVyYSB5IENsb3VkIiwiY29tcGFueV9uYW1lIjoiUHJvZHdhcmUiLCJhZGRyZXNzX2NpdHkiOiJNYWRyaWQsIFNwYWluIiwiaHRpZG9jaWQiOiJpTkJST0pDUkJmN1JpVWtQQUFBQUFBPT0iLCJ1dWxlIjoidytDQUlRSUNJRlUzQmhhVzQifQ==,1
eyJqb2JfdGl0bGUiOiJFc3BlY2lhbGlzdGEgZW4gU29wb3J0ZSBJbmZvcm3DoXRpY28gTWljcm9zb2Z0IDM2NSIsImNvbXBhbnlfbmFtZSI6Ik1lcmNhZG9uYSIsImFkZHJlc3NfY2l0eSI6IlZhbGVuY2lhLCBTcGFpbiIsImh0aWRvY2lkIjoiMTBPSTR3WF95UzZTZlo3aEFBQUFBQT09IiwidXVsZSI6IncrQ0FJUUlDSUZVM0JoYVc0In0=,7
eyJqb2JfdGl0bGUiOiJFU1BFQ0lBTElTVEEgRU4gU0lTVEVNQVMgREUgSU5GT1JNQUNJw5NOL0lOR0VOSUVSTyBNUyBQT1dFUiBQTEFURk9STSIsImNvbXBhbnlfbmFtZSI6Ik1hZGlzb24gTUsiLCJhZGRyZXNzX2NpdHkiOiJWYWxsYWRvbGlkLCBTcGFpbiIsImh0aWRvY2lkIjoiNkdIdXVhY1V2S0ZRMWZmUUFBQUFBQT09IiwidXVsZSI6IncrQ0FJUUlDSUZVM0JoYVc0In0=,1
eyJqb2JfdGl0bGUiOiJQcsOhY3RpY2FzIGVuIFNvZnR3YXJlIEVuZ2luZWVyaW5nIGNvbiB0ZWNub2xvZ8OtYSBNaWNyb3NvZnQgZW4gTcOhbGFnYSB5IFNldmlsbGEgLSBPY3R1YnJlIDIwMjQiLCJjb21wYW55X25hbWUiOiJBdmFuYWRlIiwiYWRkcmVzc19jaXR5IjoiU2V2aWxsZSwgU3BhaW4iLCJodGlkb2NpZCI6IlhNcG91MXo0dzRYX0JQR2pBQUFBQUE9PSIsInV1bGUiOiJ3K0NBSVFJQ0lGVTNCaGFXNCJ9,1
eyJqb2JfdGl0bGUiOiJBZG1pbmlzdHJhZG9yIGRlIHNpc3RlbWFzIE1pY3Jvc29mdCIsImNvbXBhbnlfbmFtZSI6IlJhbmRzdGFkIERpZ2l0YWwgRXNwYcOxYSIsImFkZHJlc3NfY2l0eSI6Ik3DoWxhZ2EsIFNwYWluIiwiaHRpZG9jaWQiOiJxMlI3X05Xclc4UTcxWldOQUFBQUFBPT0iLCJ1dWxlIjoidytDQUlRSUNJRlUzQmhhVzQifQ==,9
eyJqb2JfdGl0bGUiOiJBZG1pbmlzdHJhZG9yL2EgZGUgc2lzdGVtYXMgTWljcm9zb2Z0ICgpIiwiY29tcGFueV9uYW1lIjoiU2luIGVzcGVjaWZpY2FyIiwiYWRkcmVzc19jaXR5IjoiVG9ycmVjaWxsYSBlbiBDYW1lcm9zLCBTcGFpbiIsImh0aWRvY2lkIjoiRGFBX2xnNTJVc0I2WWV0Z0FBQUFBQT09IiwidXVsZSI6IncrQ0FJUUlDSUZVM0JoYVc0In0=,7
eyJqb2JfdGl0bGUiOiJBenVyZSBUZWNobmljYWwgTGVhZCAoTWljcm9zb2Z0KSIsImNvbXBhbnlfbmFtZSI6IktQTUcgRXNwYcOxYSIsImFkZHJlc3NfY2l0eSI6Ik1hZHJpZCwgU3BhaW4iLCJodGlkb2NpZCI6IkdwV0lxYWlGUGhHWm8xSkpBQUFBQUE9PSIsInV1bGUiOiJ3K0NBSVFJQ0lGVTNCaGFXNCJ9,1
eyJqb2JfdGl0bGUiOiJQcsOhY3RpY2FzIGVuIEFuYWx5dGljcyBjb24gdGVjbm9sb2fDrWEgTWljcm9zb2Z0IGVuIE3DoWxhZ2EgLSBPY3R1YnJlIDIwMjQiLCJjb21wYW55X25hbWUiOiJteUd3b3JrIiwiYWRkcmVzc19jaXR5IjoiTcOhbGFnYSwgU3BhaW4iLCJodGlkb2NpZCI6InJ4dlpzR1lVQlBteDFFd29BQUFBQUE9PSIsInV1bGUiOiJ3K0NBSVFJQ0lGVTNCaGFXNCJ9,1
eyJqb2JfdGl0bGUiOiJ0w6ljbmljby9hIGluZm9ybcOhdGljYSBhZG1pbmlzdHJhY2nDs24gbWljcm9zb2Z0IDM2NSIsImNvbXBhbnlfbmFtZSI6Ik1lcmNhZG9uYSIsImFkZHJlc3NfY2l0eSI6IlZhbGVuY2lhLCBTcGFpbiIsImh0aWRvY2lkIjoiZGg4a09UbjlwMVFBbUY4T0FBQUFBQT09IiwidXVsZSI6IncrQ0FJUUlDSUZVM0JoYVc0In0=,7
eyJqb2JfdGl0bGUiOiJDb25zdWx0b3LigIsvYSBTaXN0ZW1hcyBNaWNyb3NvZnQgQmFzdGlvbmFkb3MiLCJjb21wYW55X25hbWUiOiJJWkVSVElTIFMuQSIsImFkZHJlc3NfY2l0eSI6IlNwYWluIiwiaHRpZG9jaWQiOiJqUzFkUFNQLVd3Vm9ack1oQUFBQUFBPT0iLCJ1dWxlIjoidytDQUlRSUNJRlUzQmhhVzQifQ==,7
eyJqb2JfdGl0bGUiOiJBbmFsaXN0YSBkZSBkYXRvcyBjb24gUE9XRVIgQkkgeSBQWVRIT04iLCJjb21wYW55X25hbWUiOiJBQ0NPTSIsImFkZHJlc3NfY2l0eSI6Ik1hZHJpZCwgU3BhaW4iLCJodGlkb2NpZCI6ImVUUDVDY2Z3NEY1ZV9MWEZBQUFBQUE9PSIsInV1bGUiOiJ3K0NBSVFJQ0lGVTNCaGFXNCJ9,1
eyJqb2JfdGl0bGUiOiJEYXRhIEFuYWx5c3QgKFBvd2VyIEJJIFx1MDAyNiBTQVAgQW5hbHl0aWNzKSIsImNvbXBhbnlfbmFtZSI6IkFkZXJlbiIsImFkZHJlc3NfY2l0eSI6Ik1hZHJpZCwgU3BhaW4iLCJodGlkb2NpZCI6IkZhUXI4OEV0UnZxdWJxOWVBQUFBQUE9PSIsInV1bGUiOiJ3K0NBSVFJQ0lGVTNCaGFXNCJ9,1
eyJqb2JfdGl0bGUiOiJEYXRhIEFuYWx5c3QgUG93ZXIgQkkiLCJjb21wYW55X25hbWUiOiJrbm93bWFkIG1vb2QiLCJhZGRyZXNzX2NpdHkiOiJTcGFpbiIsImh0aWRvY2lkIjoicDUyMTZBcnN5Mkk0UHVnX0FBQUFBQT09IiwidXVsZSI6IncrQ0FJUUlDSUZVM0JoYVc0In0=,1
eyJqb2JfdGl0bGUiOiJCdXNpbmVzcyBJbnRlbGxpZ2VuY2UgQW5hbHlzdCAoUG93ZXJCSSkiLCJjb21wYW55X25hbWUiOiJleGNlbGlhIiwiYWRkcmVzc19jaXR5IjoiTWFkcmlkLCBTcGFpbiIsImh0aWRvY2lkIjoiY0lESzF0VDBDay15cTgwcUFBQUFBQT09IiwidXVsZSI6IncrQ0FJUUlDSUZVM0JoYVc0In0=,1
eyJqb2JfdGl0bGUiOiJBbmFsaXN0YSBwb3dlciBiaSIsImNvbXBhbnlfbmFtZSI6Ik1pY2hhZWwgUGFnZSIsImFkZHJlc3NfY2l0eSI6IlZhbGVuY2lhLCBTcGFpbiIsImh0aWRvY2lkIjoiVWRTYmVGX3MxanF3OUVnNkFBQUFBQT09IiwidXVsZSI6IncrQ0FJUUlDSUZVM0JoYVc0In0=,1
eyJqb2JfdGl0bGUiOiJBbmFsaXN0YSBkZSBEYXRvcyAoUG93ZXIgQkkgXHUwMDI2IEV4Y2VsKSIsImNvbXBhbnlfbmFtZSI6IlN1Y2Nlc3MgVGFsZW50IFBlb3BsZSwgU0wiLCJhZGRyZXNzX2NpdHkiOiJTZWdvdmlhLCBTcGFpbiIsImh0aWRvY2lkIjoibHFzbkNIQVJ5VmJhR0xoU0FBQUFBQT09IiwidXVsZSI6IncrQ0FJUUlDSUZVM0JoYVc0In0=,1
eyJqb2JfdGl0bGUiOiJEYXRhIEFuYWx5c3QgUG93ZXIgQkkiLCJjb21wYW55X25hbWUiOiJOVU5TWVMiLCJhZGRyZXNzX2NpdHkiOiJTcGFpbiIsImh0aWRvY2lkIjoiR285dkNxdnJyd1MtN0xKWkFBQUFBQT09IiwidXVsZSI6IncrQ0FJUUlDSUZVM0JoYVc0In0=,1
eyJqb2JfdGl0bGUiOiJBbmFsaXN0YSBkZSBkYXRvcyBwb3dlciBiaSIsImNvbXBhbnlfbmFtZSI6IlBzcyIsImFkZHJlc3NfY2l0eSI6Ik3DoWxhZ2EsIFNwYWluIiwiaHRpZG9jaWQiOiJoRmdEN1QzUDR0d2s5ZU1lQUFBQUFBPT0iLCJ1dWxlIjoidytDQUlRSUNJRlUzQmhhVzQifQ==,1
eyJqb2JfdGl0bGUiOiJEYXRhIEFuYWx5c3QgUG93ZXIgQkkiLCJjb21wYW55X25hbWUiOiJMb2dpY2FsaXMgU3BhaW4iLCJhZGRyZXNzX2NpdHkiOiJNYWRyaWQsIFNwYWluIiwiaHRpZG9jaWQiOiJDT0hOeEdsTlI4QzdBc0JfQUFBQUFBPT0iLCJ1dWxlIjoidytDQUlRSUNJRlUzQmhhVzQifQ==,1
eyJqb2JfdGl0bGUiOiJBbmFsaXN0YSBEZSBEYXRvcyBQb3dlciBCSSAoRnJlZWxhbmNlKSAtIDEwMCUgVGVsZXRyYWJham8gLSBNYWRyaWQsIEVzLi4uIiwiY29tcGFueV9uYW1lIjoiUmVkZXRyYWJham8iLCJhZGRyZXNzX2NpdHkiOiJTcGFpbiIsImh0aWRvY2lkIjoiTGFQaS0yTDRKVDVrM2JuOEFBQUFBQT09IiwidXVsZSI6IncrQ0FJUUlDSUZVM0JoYVc0In0=,1
eyJqb2JfdGl0bGUiOiJBbmFsaXN0YSBkZSBkYXRvcyAoU1FMK1Bvd2VyIEJJKSIsImNvbXBhbnlfbmFtZSI6Ik9ORUdPTElWRSBTRVJWSUNFUywgUy5MLiIsImFkZHJlc3NfY2l0eSI6IlphcmFnb3phLCBTcGFpbiIsImh0aWRvY2lkIjoiSjV6OW8yUHBweVo0QUROYUFBQUFBQT09IiwidXVsZSI6IncrQ0FJUUlDSUZVM0JoYVc0In0=,1
eyJqb2JfdGl0bGUiOiJBbmFsaXN0YSBQb3dlciBCSSIsImNvbXBhbnlfbmFtZSI6IlNFVEVTQ0EiLCJhZGRyZXNzX2NpdHkiOiJCYXJjZWxvbmEsIFNwYWluIiwiaHRpZG9jaWQiOiJ4MllZbmVCX0g1RlhCZXFoQUFBQUFBPT0iLCJ1dWxlIjoidytDQUlRSUNJRlUzQmhhVzQifQ==,1
eyJqb2JfdGl0bGUiOiJBbmFsaXN0YSBQb3dlciBCSSIsImNvbXBhbnlfbmFtZSI6IkF5ZXNhIiwiYWRkcmVzc19jaXR5IjoiTWFkcmlkLCBTcGFpbiIsImh0aWRvY2lkIjoiQ1JreFZQWUN0cFZvZFhtQUFBQUFBQT09IiwidXVsZSI6IncrQ0FJUUlDSUZVM0JoYVc0In0=,1
eyJqb2JfdGl0bGUiOiJBbmFsaXN0YSBkZSBEYXRvcyAtIFBvd2VyIEJJIiwiY29tcGFueV9uYW1lIjoiQXV0b21vY2nDs24iLCJhZGRyZXNzX2NpdHkiOiJMbGVpZGEsIFNwYWluIiwiaHRpZG9jaWQiOiJ2ai00a2VWMmdZU25tOGhWQUFBQUFBPT0iLCJ1dWxlIjoidytDQUlRSUNJRlUzQmhhVzQifQ==,1
eyJqb2JfdGl0bGUiOiJBbmFsaXN0YSBkZSBEYXRvcyDigJMgUG93ZXIgQkkiLCJjb21wYW55X25hbWUiOiJBdXRvbW9jacOzbiIsImFkZHJlc3NfY2l0eSI6IkEgQ29ydcOxYSwgU3BhaW4iLCJodGlkb2NpZCI6IjRETy16clRIZ25GM2ZDQWJBQUFBQUE9PSIsInV1bGUiOiJ3K0NBSVFJQ0lGVTNCaGFXNCJ9,1
eyJqb2JfdGl0bGUiOiJBbmFsaXN0YSBCSS0gUG93ZXIgQkkiLCJjb21wYW55X25hbWUiOiJJVElORVJFIFRBTEVOVCIsImFkZHJlc3NfY2l0eSI6IlZhbGVuY2lhLCBTcGFpbiIsImh0aWRvY2lkIjoid2pTVW56engxRkZmRkFRekFBQUFBQT09IiwidXVsZSI6IncrQ0FJUUlDSUZVM0JoYVc0In0=,1
eyJqb2JfdGl0bGUiOiJBbmFsaXN0YSBkZSBEYXRvcyBQb3dlckJJL1Nub3dmbGFrZS4gTW9kYWxpZGFkIEjDrWJyaWRhIiwiY29tcGFueV9uYW1lIjoiR3J1cG8gTlMiLCJhZGRyZXNzX2NpdHkiOiJCYXJjZWxvbmEsIFNwYWluIiwiaHRpZG9jaWQiOiJqRUhHU1c1ZDZtRzZscjhEQUFBQUFBPT0iLCJ1dWxlIjoidytDQUlRSUNJRlUzQmhhVzQifQ==,1
eyJqb2JfdGl0bGUiOiJBbmFsaXN0YSBkZSBEYXRvcyBQb3dlckJJL1Nub3dmbGFrZSIsImNvbXBhbnlfbmFtZSI6IkdydXBvIE5TIiwiYWRkcmVzc19jaXR5IjoiQmFyY2Vsb25hLCBTcGFpbiIsImh0aWRvY2lkIjoiVzZGWFR4NVk1RDZ3WFYyTEFBQUFBQT09IiwidXVsZSI6IncrQ0FJUUlDSUZVM0JoYVc0In0=,1
eyJqb2JfdGl0bGUiOiJJbmdlbmllckAgU2VndXJpZGFkIHkgUmVkZXMgSnVuaW9yIiwiY29tcGFueV9uYW1lIjoiTlRUIERBVEEsIEluYy4iLCJhZGRyZXNzX2NpdHkiOiJBIENvcnXDsWEsIFNwYWluIiwiaHRpZG9jaWQiOiJlZFB6eFVKRTBTaVljeFYyQUFBQUFBPT0iLCJ1dWxlIjoidytDQUlRSUNJRlUzQmhhVzQifQ==,7
eyJqb2JfdGl0bGUiOiJFc3BlY2lhbGlzdGEgZW4gQXJxdWl0ZWN0dXJhIGRlIFNlZ3VyaWRhZCB5IFJlZGVzIiwiY29tcGFueV9uYW1lIjoiUlx1MDAyNkMgQVNTT0NJQVRTIiwiYWRkcmVzc19jaXR5IjoiQmFyY2Vsb25hLCBTcGFpbiIsImh0aWRvY2lkIjoiQTJLcnAtblNEenF3aDBQREFBQUFBQT09IiwidXVsZSI6IncrQ0FJUUlDSUZVM0JoYVc0In0=,7
eyJqb2JfdGl0bGUiOiJUw6ljbmljbyAvIFTDqWNuaWNhIGRlIFNvcG9ydGUgUmVkZXMgeSBTZWd1cmlkYWQiLCJjb21wYW55X25hbWUiOiJUcmVudGlhIENvbnN1bHRpbmciLCJhZGRyZXNzX2NpdHkiOiJCYXJjZWxvbmEsIFNwYWluIiwiaHRpZG9jaWQiOiJSRXhKLWo5Ry03Wm9JaDFBQUFBQUFBPT0iLCJ1dWxlIjoidytDQUlRSUNJRlUzQmhhVzQifQ==,7
eyJqb2JfdGl0bGUiOiJUw4lDTklDTy9BIE4yIFJFREVTIFkgU0VHVVJJREFEIiwiY29tcGFueV9uYW1lIjoiU0lSVCIsImFkZHJlc3NfY2l0eSI6Ik1hcnRvcmVsbCwgU3BhaW4iLCJodGlkb2NpZCI6IjB3WGx2ZFdzRmhwT0FJRXhBQUFBQUE9PSIsInV1bGUiOiJ3K0NBSVFJQ0lGVTNCaGFXNCJ9,7
eyJqb2JfdGl0bGUiOiJFc3BlY2lhbGlzdGEgRXJwIiwiY29tcGFueV9uYW1lIjoiTGhoIiwiYWRkcmVzc19jaXR5IjoiR3JhbmFkYSwgU3BhaW4iLCJodGlkb2NpZCI6IjBxZWc3WnNLMzV5Mi04N3dBQUFBQUE9PSIsInV1bGUiOiJ3K0NBSVFJQ0lGVTNCaGFXNCJ9,1
eyJqb2JfdGl0bGUiOiJFc3BlY2lhbGlzdGEgRVJQIDFhYzYyY2ViIiwiY29tcGFueV9uYW1lIjoiTEhIIFJlY3J1aXRtZW50IFNvbHV0aW9ucyIsImFkZHJlc3NfY2l0eSI6IlNwYWluIiwiaHRpZG9jaWQiOiJnd2FXUlJ0UWZmYXJ1dXd2QUFBQUFBPT0iLCJ1dWxlIjoidytDQUlRSUNJRlUzQmhhVzQifQ==,1
eyJqb2JfdGl0bGUiOiJCT09UQ0FNUCBQUk9HUkFNQUNJw5NOIEVSUCBCVVNJTkVTUyBDRU5UUkFMIChQUsOBQ1RJQ0FTKSIsImNvbXBhbnlfbmFtZSI6Iklubm9RdWJpdCIsImFkZHJlc3NfY2l0eSI6IkNhc3RlbGzDs24gZGUgbGEgUGxhbmEsIFNwYWluIiwiaHRpZG9jaWQiOiJRQmdnVVBaZ3RuZlJWWDYzQUFBQUFBPT0iLCJ1dWxlIjoidytDQUlRSUNJRlUzQmhhVzQifQ==,1
eyJqb2JfdGl0bGUiOiJJbmdlbmllcm8vYSBkZSBBdXRvbWF0aXphY2nDs24iLCJjb21wYW55X25hbWUiOiJIYXlzIiwiYWRkcmVzc19jaXR5IjoiU2FuIE1hcnTDrW4gZGUgbGEgVmVnYSwgU3BhaW4iLCJodGlkb2NpZCI6ImJBZy1jUGtZb29hejFsOWtBQUFBQUE9PSIsInV1bGUiOiJ3K0NBSVFJQ0lGVTNCaGFXNCJ9,7
eyJqb2JfdGl0bGUiOiJJbmdlbmllcm8vYSBkZSBBdXRvbWF0aXphY2nDs24iLCJjb21wYW55X25hbWUiOiJIYXlzIiwiYWRkcmVzc19jaXR5IjoiR2Vsc2EsIFNwYWluIiwiaHRpZG9jaWQiOiJCV3YyQVNKZHZONWdPTzg1QUFBQUFBPT0iLCJ1dWxlIjoidytDQUlRSUNJRlUzQmhhVzQifQ==,7
eyJqb2JfdGl0bGUiOiJJbmdlbmllcm8vYSBhdXRvbWF0aXphY2nDs24gZGVzcGxpZWd1ZSIsImNvbXBhbnlfbmFtZSI6IkdNViIsImFkZHJlc3NfY2l0eSI6Ik1hZHJpZCwgU3BhaW4iLCJodGlkb2NpZCI6Im5PWkVoM09VWTB5eVVQRDBBQUFBQUE9PSIsInV1bGUiOiJ3K0NBSVFJQ0lGVTNCaGFXNCJ9,7
eyJqb2JfdGl0bGUiOiJQcmluY2lwYWwgT3JhY2xlIERhdGFiYXNlIEFkbWluaXN0cmF0b3IiLCJjb21wYW55X25hbWUiOiJPcmFjbGUiLCJhZGRyZXNzX2NpdHkiOiJTcGFpbiIsImh0aWRvY2lkIjoiVHlza3Zkdi1kaTdOaHZybEFBQUFBQT09IiwidXVsZSI6IncrQ0FJUUlDSUZVM0JoYVc0In0=,1
eyJqb2JfdGl0bGUiOiJPcmFjbGUgRGF0YWJhc2UgQWRtaW5pc3RyYXRvciAtIERCQSIsImNvbXBhbnlfbmFtZSI6IklGUyIsImFkZHJlc3NfY2l0eSI6IlNwYWluIiwiaHRpZG9jaWQiOiJCbHhFdW9JNkFVam1GeUpTQUFBQUFBPT0iLCJ1dWxlIjoidytDQUlRSUNJRlUzQmhhVzQifQ==,1
eyJqb2JfdGl0bGUiOiJSZXNwb25zYWJsZSBlcXVpcG8gZGUgc29wb3J0ZSBTQVAgQ29tbWlzc2lvbnMiLCJjb21wYW55X25hbWUiOiJJbnljb20iLCJhZGRyZXNzX2NpdHkiOiJaYXJhZ296YSwgU3BhaW4iLCJodGlkb2NpZCI6InVfcDhqSUh1NlFWUUVZVk9BQUFBQUE9PSIsInV1bGUiOiJ3K0NBSVFJQ0lGVTNCaGFXNCJ9,7
eyJqb2JfdGl0bGUiOiJQcm9ncmFtYWRvci9Db25zdWx0b3IgZGUgU0FQIiwiY29tcGFueV9uYW1lIjoiUFVOVCBST01BIiwiYWRkcmVzc19jaXR5IjoiTWF0YXLDsywgU3BhaW4iLCJodGlkb2NpZCI6Ind0aVZYSDJLd0lKeHRGelJBQUFBQUE9PSIsInV1bGUiOiJ3K0NBSVFJQ0lGVTNCaGFXNCJ9,1
eyJqb2JfdGl0bGUiOiJJbmdlbmllcmEvbyBTUiBQbGF0YWZvcm1hcyBUw6ljbmljYXMgU0FQIiwiY29tcGFueV9uYW1lIjoiUmVwc29sIiwiYWRkcmVzc19jaXR5IjoiTWFkcmlkLCBTcGFpbiIsImh0aWRvY2lkIjoib3FQRHpMQmkzM3RSQUhMTkFBQUFBQT09IiwidXVsZSI6IncrQ0FJUUlDSUZVM0JoYVc0In0=,1
eyJqb2JfdGl0bGUiOiJDb25zdWx0b3IgVMOpY25pY28gZnVuY2lvbmFsIFNBUCBMb2fDrXN0aWNhIChQUCwgU0QvTU0pIChmL20vZCkiLCJjb21wYW55X25hbWUiOiJFbnZveSIsImFkZHJlc3NfY2l0eSI6IkNhdGFsb25pYSwgU3BhaW4iLCJodGlkb2NpZCI6Imo4bjBDOTRPZmxZamZDcy1BQUFBQUE9PSIsInV1bGUiOiJ3K0NBSVFJQ0lGVTNCaGFXNCJ9,1
eyJqb2JfdGl0bGUiOiJBZG1pbmlzdHJhY2nDs24gU2lzdGVtYXMgTGludXggLSBDbG91ZGVyYSIsImNvbXBhbnlfbmFtZSI6IlZlcm1vbnQgU29sdXRpb25zIiwiYWRkcmVzc19jaXR5IjoiTWFkcmlkLCBTcGFpbiIsImh0aWRvY2lkIjoiZUxVZU1WOUtKRWFOelVWMUFBQUFBQT09IiwidXVsZSI6IncrQ0FJUUlDSUZVM0JoYVc0In0=,1
eyJqb2JfdGl0bGUiOiJJbmdlbmllcm8gZGUgU29mdHdhcmUgQysrIHkgTGludXggY29uIFFUIiwiY29tcGFueV9uYW1lIjoic2cgdGVjaCIsImFkZHJlc3NfY2l0eSI6IlZhbGxhZG9saWQsIFNwYWluIiwiaHRpZG9jaWQiOiJmMl9RUVVoLWZ1WTJ1UkVZQUFBQUFBPT0iLCJ1dWxlIjoidytDQUlRSUNJRlUzQmhhVzQifQ==,1
eyJqb2JfdGl0bGUiOiJJbmdlbmllcm8gRGUgU2lzdGVtYXMgTGludXggLyBEZXZvcHMsIFByZXNlbmNpYWwgLSBBcGxpY2FyIHwgRXQ1MTgiLCJjb21wYW55X25hbWUiOiJBcmVsYW5jZSIsImFkZHJlc3NfY2l0eSI6IlphcmFnb3phLCBTcGFpbiIsImh0aWRvY2lkIjoiYloydXVVTHZOdnhQeF9OTkFBQUFBQT09IiwidXVsZSI6IncrQ0FJUUlDSUZVM0JoYVc0In0=,7
eyJqb2JfdGl0bGUiOiJJbmdlbmllcm8gRGUgU2lzdGVtYXMgTGludXggLyBEZXZvcHMsIFByZXNlbmNpYWwgLSBBcGxpY2FyIHwgRXQ1MTgiLCJjb21wYW55X25hbWUiOiJBcmVsYW5jZSIsImFkZHJlc3NfY2l0eSI6IlphcmFnb3phLCBTcGFpbiIsImh0aWRvY2lkIjoiYloydXVVTHZOdnhQeF9OTkFBQUFBQT09IiwidXVsZSI6IncrQ0FJUUlDSUZVM0JoYVc0In0=,1
eyJqb2JfdGl0bGUiOiJJbmdlbmllcm8vQSBEZSBMaW51eCBFbWJlYmlkbyBZIEZ3IiwiY29tcGFueV9uYW1lIjoiSWtlcmxhbiwgUy4gQ29vcC4iLCJhZGRyZXNzX2NpdHkiOiJBbGF2YSwgU2FsYXMsIFNwYWluIiwiaHRpZG9jaWQiOiJKMWhLVnZUQlZTZlV0Z0hkQUFBQUFBPT0iLCJ1dWxlIjoidytDQUlRSUNJRlUzQmhhVzQifQ==,1
eyJqb2JfdGl0bGUiOiJBZG1pbmlzdHJhZG9yIGRlIHNpc3RlbWFzIiwiY29tcGFueV9uYW1lIjoiYWdhcDIgRXNwYcOxYSIsImFkZHJlc3NfY2l0eSI6Ik1hcnRvcmVsbCwgU3BhaW4iLCJodGlkb2NpZCI6Im5IMzI1clcyN19iNWVVQzNBQUFBQUE9PSIsInV1bGUiOiJ3K0NBSVFJQ0lGVTNCaGFXNCJ9,7
eyJqb2JfdGl0bGUiOiJBZG1pbmlzdHJhZG9yIGRlIHNpc3RlbWFzIiwiY29tcGFueV9uYW1lIjoiYWdhcDIgRXNwYcOxYSIsImFkZHJlc3NfY2l0eSI6Ik1hcnRvcmVsbCwgU3BhaW4iLCJodGlkb2NpZCI6Im5IMzI1clcyN19iNWVVQzNBQUFBQUE9PSIsInV1bGUiOiJ3K0NBSVFJQ0lGVTNCaGFXNCJ9,1
eyJqb2JfdGl0bGUiOiJBZG1pbmlzdHJhZG9yIGRlIFNpc3RlbWFzIiwiY29tcGFueV9uYW1lIjoiTG9naWNhbGlzIFNwYWluIiwiYWRkcmVzc19jaXR5IjoiQmFyY2Vsb25hLCBTcGFpbiIsImh0aWRvY2lkIjoiYUFYbzVBX3drbnhOQlhmcEFBQUFBQT09IiwidXVsZSI6IncrQ0FJUUlDSUZVM0JoYVc0In0=,7
eyJqb2JfdGl0bGUiOiJJbmdlbmllcm8gZGUgRGVzYXJyb2xsbyBDKysgYmFqbyBMaW51eCAoRW1iZWJpZG9zKSAoQmFyY2Vsb25hIC0gSMOtYnJpZG8pIiwiY29tcGFueV9uYW1lIjoiSVNTIFByb2Zlc2lvbmFsaWEgICAgICAgICAgICAgICAgICAgICBJVCBUZWNobm9sb2d5OiAyMCB5ZWFycyBtYWtpbmcgaXQgaHVtYW4hIiwiYWRkcmVzc19jaXR5IjoiU3BhaW4iLCJodGlkb2NpZCI6Inc2TlNNcnJ5RGJkV3NJZ2pBQUFBQUE9PSIsInV1bGUiOiJ3K0NBSVFJQ0lGVTNCaGFXNCJ9,1
eyJqb2JfdGl0bGUiOiJFc3BlY2lhbGlzdGEgZW4gaW50ZWdyYWNpw7NuIiwiY29tcGFueV9uYW1lIjoiUFJJVkFETyIsImFkZHJlc3NfY2l0eSI6IkJhcmNlbG9uYSwgU3BhaW4iLCJodGlkb2NpZCI6Il95Tk1QbXo0cUtBdVNnNExBQUFBQUE9PSIsInV1bGUiOiJ3K0NBSVFJQ0lGVTNCaGFXNCJ9,1
eyJqb2JfdGl0bGUiOiJJbmdlbmllcm8gZGUgSW50ZWdyYWNpw7NuIGRlIFNpc3RlbWEvVmVow61jdWxvIHkgZGUgRGVzYXJyb2xsbyBTb2Z0d2FyZSAoU1cpIiwiY29tcGFueV9uYW1lIjoiU0VHIEF1dG9tb3RpdmUiLCJhZGRyZXNzX2NpdHkiOiJTcGFpbiIsImh0aWRvY2lkIjoidmJKQ1kwdC1zVGVsQ2JqZEFBQUFBQT09IiwidXVsZSI6IncrQ0FJUUlDSUZVM0JoYVc0In0=,1
eyJqb2JfdGl0bGUiOiJJTkdFTklFUkAgREUgSU5URUdSQUNJw5NOIERFIFNJU1RFTUFTIEZFUlJPVklBUklPUyIsImNvbXBhbnlfbmFtZSI6IlN0YWRsZXIgVmFsZW5jaWEiLCJhZGRyZXNzX2NpdHkiOiJTcGFpbiIsImh0aWRvY2lkIjoiYlZwX1RLeFQ3emFscVVKbUFBQUFBQT09IiwidXVsZSI6IncrQ0FJUUlDSUZVM0JoYVc0In0=,1
eyJqb2JfdGl0bGUiOiJBbmFsaXN0YSBkZSBTaXN0ZW1hcywgQXV0b21hdGl6YWNpw7NuIGUgSW50ZWdyYWNpw7NuIiwiY29tcGFueV9uYW1lIjoiR09OREFOIFNoaXBidWlsZGVycyAtIEFzdGlsbGVyb3MgR29uZMOhbiIsImFkZHJlc3NfY2l0eSI6IkNhc3Ryb3BvbCwgU3BhaW4iLCJodGlkb2NpZCI6IjZpd2p2eVdtZkdRak9YQXJBQUFBQUE9PSIsInV1bGUiOiJ3K0NBSVFJQ0lGVTNCaGFXNCJ9,1
eyJqb2JfdGl0bGUiOiJUw6ljbmljby9hIGRlIFNvcG9ydGUgQnVzaW5lc3MgQ2VudHJhbCIsImNvbXBhbnlfbmFtZSI6IldpbmlkIFNwYWluIiwiYWRkcmVzc19jaXR5IjoiQmFyY2Vsb25hLCBTcGFpbiIsImh0aWRvY2lkIjoiUkxSWHpQRktMdVdHMXlUb0FBQUFBQT09IiwidXVsZSI6IncrQ0FJUUlDSUZVM0JoYVc0In0=,1
eyJqb2JfdGl0bGUiOiJBZG1pbmlzdHJhZG9yIFNpc3RlbWFzIFdpbmRvd3MvU2VndXJpZGFkIiwiY29tcGFueV9uYW1lIjoiUFNTIiwiYWRkcmVzc19jaXR5IjoiTWFkcmlkLCBTcGFpbiIsImh0aWRvY2lkIjoiMVdPVk9xY1BRTzhJa1BqOUFBQUFBQT09IiwidXVsZSI6IncrQ0FJUUlDSUZVM0JoYVc0In0=,7
eyJqb2JfdGl0bGUiOiJbWnlwLTM1Ml0gLSBDb25zdWx0b3IgU3FsIFNlcnZlciAtIC5OZXQiLCJjb21wYW55X25hbWUiOiJBZGVyZW4iLCJhZGRyZXNzX2NpdHkiOiJCYXJjZWxvbmEsIFNwYWluIiwiaHRpZG9jaWQiOiJVUVU5eUEtMTR6TzFTcllJQUFBQUFBPT0iLCJ1dWxlIjoidytDQUlRSUNJRlUzQmhhVzQifQ==,1
eyJqb2JfdGl0bGUiOiJEZXNhcnJvbGxhZG9yIFNlbmlvciAuTkVUL1NRTCBTZXJ2ZXIiLCJjb21wYW55X25hbWUiOiJjb25maWRlbnRpYWwiLCJhZGRyZXNzX2NpdHkiOiJNYWRyaWQsIFNwYWluIiwiaHRpZG9jaWQiOiJVbC1jZ1dkZVFrQ2pUWVBhQUFBQUFBPT0iLCJ1dWxlIjoidytDQUlRSUNJRlUzQmhhVzQifQ==,1
eyJqb2JfdGl0bGUiOiJJbmdlbmllcmEvbyBTUiBQbGF0YWZvcm1hcyBUw6ljbmljYXMgU0FQIiwiY29tcGFueV9uYW1lIjoiUmVwc29sIiwiYWRkcmVzc19jaXR5IjoiU3BhaW4iLCJodGlkb2NpZCI6ImFVYWFkV1hVcnFsbWtSd3hBQUFBQUE9PSIsInV1bGUiOiJ3K0NBSVFJQ0lGVTNCaGFXNCJ9,1
eyJqb2JfdGl0bGUiOiJQcm9qZWN0IE1hbmFnZXIgRXF1aXBvIFNvcG9ydGUgRGUgU2FwIFkgQmJkZCIsImNvbXBhbnlfbmFtZSI6IklueWNvbSIsImFkZHJlc3NfY2l0eSI6IkFsaWNhbnRlLCBTcGFpbiIsImh0aWRvY2lkIjoicE84dVlyUGZnM1M3dTJiTkFBQUFBQT09IiwidXVsZSI6IncrQ0FJUUlDSUZVM0JoYVc0In0=,7
eyJqb2JfdGl0bGUiOiJFc3BlY2lhbGlzdGEgZW4gR29iZXJuYW56YSBkZSBEYXRvcyIsImNvbXBhbnlfbmFtZSI6Ik11bHRpcGxpY2EgVGFsZW50IiwiYWRkcmVzc19jaXR5IjoiTWFkcmlkLCBTcGFpbiIsImh0aWRvY2lkIjoiaFotbEh0ck1qa3R2RC1UUEFBQUFBQT09IiwidXVsZSI6IncrQ0FJUUlDSUZVM0JoYVc0In0=,1
eyJqb2JfdGl0bGUiOiJUw6ljbmljbyBkZSBUZWxlY29tdW5pY2FjaW9uZXMiLCJjb21wYW55X25hbWUiOiJSYWRpbWVyIiwiYWRkcmVzc19jaXR5IjoiU3BhaW4iLCJodGlkb2NpZCI6ImVhX0JZN1JabDZaeWJ6RUlBQUFBQUE9PSIsInV1bGUiOiJ3K0NBSVFJQ0lGVTNCaGFXNCJ9,7
eyJqb2JfdGl0bGUiOiJUw6ljbmljby9hIGluc3RhbGFkb3IgZGUgY29tdW5pY2FjaW9uZXMgYWVyb3BvcnR1YXJpYXMiLCJjb21wYW55X25hbWUiOiJHcnVwbyBBbXBlciIsImFkZHJlc3NfY2l0eSI6IlBvenVlbG8gZGUgQWxhcmPDs24sIFNwYWluIiwiaHRpZG9jaWQiOiJtbGk4LW83T0JPbXZMclJ5QUFBQUFBPT0iLCJ1dWxlIjoidytDQUlRSUNJRlUzQmhhVzQifQ==,7
eyJqb2JfdGl0bGUiOiJUw6ljbmljby9hIEluZnJhZXN0cnVjdHVyYSB5IENvbXVuaWNhY2lvbmVzIiwiY29tcGFueV9uYW1lIjoiRmVycm92aWFsIENvbnN0cnVjdGlvbiIsImFkZHJlc3NfY2l0eSI6Ik1hZHJpZCwgU3BhaW4iLCJodGlkb2NpZCI6InhBcktHM2ZUeE5TbzB4ZmhBQUFBQUE9PSIsInV1bGUiOiJ3K0NBSVFJQ0lGVTNCaGFXNCJ9,7
eyJqb2JfdGl0bGUiOiJJbmdlbmllcm8vYSBkZSBDYWxpZGFkIiwiY29tcGFueV9uYW1lIjoiSW5kcmEiLCJhZGRyZXNzX2NpdHkiOiJUb3JyZWrDs24gZGUgQXJkb3osIFNwYWluIiwiaHRpZG9jaWQiOiI1S1AwbGZSZEZ0Z2FkY3RrQUFBQUFBPT0iLCJ1dWxlIjoidytDQUlRSUNJRlUzQmhhVzQifQ==,7
eyJqb2JfdGl0bGUiOiJJbmdlbmllcm8vYSBDYWxpZGFkLVByb3llY3RvcyBTZW5pb3IiLCJjb21wYW55X25hbWUiOiJUYWxnbyIsImFkZHJlc3NfY2l0eSI6IkxhcyBSb3phcyBkZSBNYWRyaWQsIFNwYWluIiwiaHRpZG9jaWQiOiJEc1M5bV9Jd01mYl9ScE52QUFBQUFBPT0iLCJ1dWxlIjoidytDQUlRSUNJRlUzQmhhVzQifQ==,7
eyJqb2JfdGl0bGUiOiJJbmdlbmllcm8vYSBkZSBDYWxpZGFkIGRlIFByb2Nlc29zIGUgSW5kdXN0cmlhbGl6YWNpw7NuIiwiY29tcGFueV9uYW1lIjoiQUxURU4gU3BhaW4iLCJhZGRyZXNzX2NpdHkiOiJNZWxpYW5hLCBTcGFpbiIsImh0aWRvY2lkIjoiQl9SQ2UwWmFUQVlsS3hzRUFBQUFBQT09IiwidXVsZSI6IncrQ0FJUUlDSUZVM0JoYVc0In0=,1
eyJqb2JfdGl0bGUiOiJJbmdlbmllcm8vYSBkZSBDYWxpZGFkIChNYWRyaWQpIiwiY29tcGFueV9uYW1lIjoiVGhlIFdoaXRlYW0iLCJhZGRyZXNzX2NpdHkiOiJTcGFpbiIsImh0aWRvY2lkIjoiM1RvTzhETFBXV3JyMUxDdEFBQUFBQT09IiwidXVsZSI6IncrQ0FJUUlDSUZVM0JoYVc0In0=,7
eyJqb2JfdGl0bGUiOiJJbmdlbmllcm8vYSBkZSBDYWxpZGFkIEp1bmlvciIsImNvbXBhbnlfbmFtZSI6IkdydXBvIENyaXQiLCJhZGRyZXNzX2NpdHkiOiJNYWRyaWQsIFNwYWluIiwiaHRpZG9jaWQiOiJ2TUh5VjdQQm5ldUJ6WUJyQUFBQUFBPT0iLCJ1dWxlIjoidytDQUlRSUNJRlUzQmhhVzQifQ==,1
eyJqb2JfdGl0bGUiOiJJbmdlbmllcm8vYSBkZSBjYWxpZGFkIiwiY29tcGFueV9uYW1lIjoiR01WIiwiYWRkcmVzc19jaXR5IjoiTWFkcmlkLCBTcGFpbiIsImh0aWRvY2lkIjoiUGNBT3EwVjY3LWpFX0htQkFBQUFBQT09IiwidXVsZSI6IncrQ0FJUUlDSUZVM0JoYVc0In0=,7
eyJqb2JfdGl0bGUiOiJJbmdlbmllcm8vQSBDYWxpZGFkLVByb3llY3RvcyBTZW5pb3IiLCJjb21wYW55X25hbWUiOiJUYWxnbyIsImFkZHJlc3NfY2l0eSI6IkJhcmNlbG9uYSwgU3BhaW4iLCJodGlkb2NpZCI6IkM0U1hGLVNuSkhrSXhTNGlBQUFBQUE9PSIsInV1bGUiOiJ3K0NBSVFJQ0lGVTNCaGFXNCJ9,7
eyJqb2JfdGl0bGUiOiJRcDMzMCBJbmdlbmllcm8gQ2FsaWRhZCIsImNvbXBhbnlfbmFtZSI6IkFjaXR1cnJpIiwiYWRkcmVzc19jaXR5IjoiTWFkcmlkLCBTcGFpbiIsImh0aWRvY2lkIjoiRnRVQWs1aEpraE1hREk5Z0FBQUFBQT09IiwidXVsZSI6IncrQ0FJUUlDSUZVM0JoYVc0In0=,7
eyJqb2JfdGl0bGUiOiJJbmdlbmllcm8gUWEgU2VuaW9yIERlIENhbGlkYWQgRGUgU29mdHdhcmUiLCJjb21wYW55X25hbWUiOiJDcmVhcnRlIENvbnN1bHRpbmciLCJhZGRyZXNzX2NpdHkiOiJNYWRyaWQsIFNwYWluIiwiaHRpZG9jaWQiOiJKUlFjd1lkVTJjUkthRnUxQUFBQUFBPT0iLCJ1dWxlIjoidytDQUlRSUNJRlUzQmhhVzQifQ==,7
eyJqb2JfdGl0bGUiOiJJbmdlbmllcm8gUWEgU2VuaW9yIERlIENhbGlkYWQgRGUgU29mdHdhcmUiLCJjb21wYW55X25hbWUiOiJDcmVhcnRlIENvbnN1bHRpbmciLCJhZGRyZXNzX2NpdHkiOiJNYWRyaWQsIFNwYWluIiwiaHRpZG9jaWQiOiJKUlFjd1lkVTJjUkthRnUxQUFBQUFBPT0iLCJ1dWxlIjoidytDQUlRSUNJRlUzQmhhVzQifQ==,1
eyJqb2JfdGl0bGUiOiJJbmdlbmllcm8gUWEgU2VuaW9yIENhbGlkYWQgU29mdHdhcmUsIE1hZHJpZCIsImNvbXBhbnlfbmFtZSI6IkNyZWFydGUgQ29uc3VsdGluZyIsImFkZHJlc3NfY2l0eSI6IkJhcmNlbG9uYSwgU3BhaW4iLCJodGlkb2NpZCI6IjJEcVQySF9aMW9iUlVOcFVBQUFBQUE9PSIsInV1bGUiOiJ3K0NBSVFJQ0lGVTNCaGFXNCJ9,7
eyJqb2JfdGl0bGUiOiJJbmdlbmllcm8gUWEgU2VuaW9yIENhbGlkYWQgU29mdHdhcmUsIE1hZHJpZCIsImNvbXBhbnlfbmFtZSI6IkNyZWFydGUgQ29uc3VsdGluZyIsImFkZHJlc3NfY2l0eSI6IkJhcmNlbG9uYSwgU3BhaW4iLCJodGlkb2NpZCI6IjJEcVQySF9aMW9iUlVOcFVBQUFBQUE9PSIsInV1bGUiOiJ3K0NBSVFJQ0lGVTNCaGFXNCJ9,1
eyJqb2JfdGl0bGUiOiIoRFowNjkpIC0gQWRtaW5pc3RyYWRvciBTaXN0ZW1hcyBXaW5kb3dzL1NlZ3VyaWRhZCIsImNvbXBhbnlfbmFtZSI6IlJlY29ub2NpZGEgZW1wcmVzYSIsImFkZHJlc3NfY2l0eSI6IkNvbW11bml0eSBvZiBNYWRyaWQsIFNwYWluIiwiaHRpZG9jaWQiOiJZcDRSS2lxWHFXX0NQeFNmQUFBQUFBPT0iLCJ1dWxlIjoidytDQUlRSUNJRlUzQmhhVzQifQ==,7
eyJqb2JfdGl0bGUiOiJBZG1pbmlzdHJhZG9yL2Egc2lzdGVtYXMgV2luZG93cyBKdW5pb3IgLSBHYWxpY2lhIiwiY29tcGFueV9uYW1lIjoiWmVtc2FuaWEiLCJhZGRyZXNzX2NpdHkiOiJTYW50aWFnbyBkZSBDb21wb3N0ZWxhLCBNdW5pY2lwYWxpdHkgb2YgU2FudGlhZ28gZGUgQ29tcG9zdGVsYSwgU3BhaW4iLCJodGlkb2NpZCI6Iks3OF8yWFpQczJkUGNFV0tBQUFBQUE9PSIsInV1bGUiOiJ3K0NBSVFJQ0lGVTNCaGFXNCJ9,7
eyJqb2JfdGl0bGUiOiJBZG1pbmlzdHJhY2nDs24gZGUgc2lzdGVtYXMgV2luZG93cyIsImNvbXBhbnlfbmFtZSI6IklOVEVHUkFDScOTTiBURUNOT0zDk0dJQ0EgRU1QUkVTQVJJQUwsIFMuTC4iLCJhZGRyZXNzX2NpdHkiOiJNYWRyaWQsIFNwYWluIiwiaHRpZG9jaWQiOiJGZlpHbGZUeFZMUENqZ3lyQUFBQUFBPT0iLCJ1dWxlIjoidytDQUlRSUNJRlUzQmhhVzQifQ==,7
eyJqb2JfdGl0bGUiOiJBRE1JTklTVFJBRE9SL0EgREUgU0lTVEVNQVMgV0lORE9XUyBZIExJTlVYIiwiY29tcGFueV9uYW1lIjoiR0FSVkFMSU4iLCJhZGRyZXNzX2NpdHkiOiJFbGNoZSwgU3BhaW4iLCJodGlkb2NpZCI6ImU1bjRsUEdqNVNvYlVzMnBBQUFBQUE9PSIsInV1bGUiOiJ3K0NBSVFJQ0lGVTNCaGFXNCJ9,7
eyJqb2JfdGl0bGUiOiJBZG1pbmlzdHJhZG9yIFNpc3RlbWFzIFdpbmRvd3MgU2VuaW9yIiwiY29tcGFueV9uYW1lIjoiU2FuZGF2IiwiYWRkcmVzc19jaXR5IjoiTWFkcmlkLCBTcGFpbiIsImh0aWRvY2lkIjoiTnJNd0FZd2FiRGNCMWxrQkFBQUFBQT09IiwidXVsZSI6IncrQ0FJUUlDSUZVM0JoYVc0In0=,7
eyJqb2JfdGl0bGUiOiJBZG1pbmlzdHJhZG9yL0EgRGUgU2lzdGVtYXMgV2luZG93cyIsImNvbXBhbnlfbmFtZSI6Ik1hbHRodXMgRGFyd2luIiwiYWRkcmVzc19jaXR5IjoiQmFyY2Vsb25hLCBTcGFpbiIsImh0aWRvY2lkIjoidjFqdW9RWGxuUGZDYXZTYUFBQUFBQT09IiwidXVsZSI6IncrQ0FJUUlDSUZVM0JoYVc0In0=,7
eyJqb2JfdGl0bGUiOiJFc3BlY2lhbGlzdGEgZW4gU2lzdGVtYXMgV2luZG93cyIsImNvbXBhbnlfbmFtZSI6ImlUUmVjcnVpdGVyIiwiYWRkcmVzc19jaXR5IjoiU2V2aWxsZSwgU3BhaW4iLCJodGlkb2NpZCI6IlpFblhxcU92bmNVNy03V1dBQUFBQUE9PSIsInV1bGUiOiJ3K0NBSVFJQ0lGVTNCaGFXNCJ9,7
eyJqb2JfdGl0bGUiOiJFc3BlY2lhbGlzdGEgRW4gU2VndXJpZGFkIENsb3VkIiwiY29tcGFueV9uYW1lIjoiQWJhbGlhIENvbnN1bHRpbmcgU2wiLCJhZGRyZXNzX2NpdHkiOiJNYWRyaWQsIFNwYWluIiwiaHRpZG9jaWQiOiI4cmg5bHdzT0Y4eHppNnE3QUFBQUFBPT0iLCJ1dWxlIjoidytDQUlRSUNJRlUzQmhhVzQifQ==,7
eyJqb2JfdGl0bGUiOiJDbG91ZCBTZWN1cml0eSBDb25zdWx0YW50IChBd3MvQXp1cmUpIiwiY29tcGFueV9uYW1lIjoiQWNjZW50dXJlIiwiYWRkcmVzc19jaXR5IjoiTWFkcmlkLCBTcGFpbiIsImh0aWRvY2lkIjoiWFB5SlFxMEF2RWhhTWVhSEFBQUFBQT09IiwidXVsZSI6IncrQ0FJUUlDSUZVM0JoYVc0In0=,7
eyJqb2JfdGl0bGUiOiJFc3BlY2lhbGlzdGEgZW4gU2VndXJpZGFkIGVuIGxhIE51YmUiLCJjb21wYW55X25hbWUiOiJDYWl4YUJhbmsiLCJhZGRyZXNzX2NpdHkiOiJCYXJjZWxvbmEsIFNwYWluIiwiaHRpZG9jaWQiOiJXODJ5NVFfTTdPSUh2SFRMQUFBQUFBPT0iLCJ1dWxlIjoidytDQUlRSUNJRlUzQmhhVzQifQ==,7
eyJqb2JfdGl0bGUiOiJFeHBlcnRvL2EgZW4gQ2liZXJzZWd1cmlkYWQgQ2xvdWQiLCJjb21wYW55X25hbWUiOiJDYXJyZWZvdXIgRXNwYcOxYSIsImFkZHJlc3NfY2l0eSI6IkFsY29iZW5kYXMsIFNwYWluIiwiaHRpZG9jaWQiOiJ5ZGdvOUZNZFdndERoeHpWQUFBQUFBPT0iLCJ1dWxlIjoidytDQUlRSUNJRlUzQmhhVzQifQ==,7
eyJqb2JfdGl0bGUiOiJHZXN0b3IvQSBFc3BlY2lhbGlzdGEgRW4gQ2xvdWQgU2VjdXJpdHkiLCJjb21wYW55X25hbWUiOiJDYWl4YWJhbmssIFMuQSIsImFkZHJlc3NfY2l0eSI6IlNldmlsbGUsIFNwYWluIiwiaHRpZG9jaWQiOiJZbDhNOUQ0Z0FzMlBfOWp0QUFBQUFBPT0iLCJ1dWxlIjoidytDQUlRSUNJRlUzQmhhVzQifQ==,7
eyJqb2JfdGl0bGUiOiJFc3BlY2lhbGlzdGEgU2VndXJpZGFkIENsb3VkIFkgRGV2c2Vjb3BzIiwiY29tcGFueV9uYW1lIjoiQWNjaW9uYSIsImFkZHJlc3NfY2l0eSI6Ik1hZHJpZCwgU3BhaW4iLCJodGlkb2NpZCI6IlVTMlU4eVB6bVVGcWFCVHhBQUFBQUE9PSIsInV1bGUiOiJ3K0NBSVFJQ0lGVTNCaGFXNCJ9,7
eyJqb2JfdGl0bGUiOiJFc3BlY2lhbGlzdGEgU2VndXJpZGFkIENsb3VkIFkgRGV2c2Vjb3BzIiwiY29tcGFueV9uYW1lIjoiQWNjaW9uYSIsImFkZHJlc3NfY2l0eSI6Ik1hZHJpZCwgU3BhaW4iLCJodGlkb2NpZCI6IlVTMlU4eVB6bVVGcWFCVHhBQUFBQUE9PSIsInV1bGUiOiJ3K0NBSVFJQ0lGVTNCaGFXNCJ9,1
eyJqb2JfdGl0bGUiOiJBcnF1aXRlY3RvL2EgZGUgU2VndXJpZGFkIENsb3VkIiwiY29tcGFueV9uYW1lIjoiRVkiLCJhZGRyZXNzX2NpdHkiOiJCYXJjZWxvbmEsIFNwYWluIiwiaHRpZG9jaWQiOiJIN09kNkN3TlpXdjJGZ2YtQUFBQUFBPT0iLCJ1dWxlIjoidytDQUlRSUNJRlUzQmhhVzQifQ==,7
eyJqb2JfdGl0bGUiOiJDbG91ZCBTZWN1cml0eSBFbmdpbmVlciAoSHlicmlkIHNldHVwKSIsImNvbXBhbnlfbmFtZSI6IlN3aXNzIFJlIiwiYWRkcmVzc19jaXR5IjoiTWFkcmlkLCBTcGFpbiIsImh0aWRvY2lkIjoienNZM2c1OTZmSFpBNnVHYUFBQUFBQT09IiwidXVsZSI6IncrQ0FJUUlDSUZVM0JoYVc0In0=,1
eyJqb2JfdGl0bGUiOiJJbmdlbmllcm8vYSBkZSBTZWd1cmlkYWQgQ2xvdWQsIDEwMCUgRW4gcmVtb3RvIiwiY29tcGFueV9uYW1lIjoiR3J1cG8gU0lBIiwiYWRkcmVzc19jaXR5IjoiU3BhaW4iLCJodGlkb2NpZCI6IkRjckJxYlg5RTdzWXljT3hBQUFBQUE9PSIsInV1bGUiOiJ3K0NBSVFJQ0lGVTNCaGFXNCJ9,7
eyJqb2JfdGl0bGUiOiJBcnF1aXRlY3RvL0EgU2VndXJpZGFkIENsb3VkIiwiY29tcGFueV9uYW1lIjoiR3J1cG8gRGlnaXRhbCIsImFkZHJlc3NfY2l0eSI6Ik1hZHJpZCwgU3BhaW4iLCJodGlkb2NpZCI6Ik1YUVUwZ1NWR04yVkw0XzRBQUFBQUE9PSIsInV1bGUiOiJ3K0NBSVFJQ0lGVTNCaGFXNCJ9,7
eyJqb2JfdGl0bGUiOiJBcnF1aXRlY3RvIFNlZ3VyaWRhZCBDbG91ZCIsImNvbXBhbnlfbmFtZSI6IlVzdCIsImFkZHJlc3NfY2l0eSI6IkJhcmNlbG9uYSwgU3BhaW4iLCJodGlkb2NpZCI6ImlyY0xWRjIxSFNreUFxUjJBQUFBQUE9PSIsInV1bGUiOiJ3K0NBSVFJQ0lGVTNCaGFXNCJ9,7
eyJqb2JfdGl0bGUiOiJDb25zdWx0b3IgZGUgU2VndXJpZGFkIGVuIE51YmVzIE1vZGVybmFzIiwiY29tcGFueV9uYW1lIjoiRGV2b3RlYW0iLCJhZGRyZXNzX2NpdHkiOiJNYWRyaWQsIFNwYWluIiwiaHRpZG9jaWQiOiJhVUJCdUxPQVE1V1IzM2M3QUFBQUFBPT0iLCJ1dWxlIjoidytDQUlRSUNJRlUzQmhhVzQifQ==,7
eyJqb2JfdGl0bGUiOiJDbG91ZCBTb2x1dGlvbiBBcmNoaXRlY3QgLSBEYXRhIFNlY3VyaXR5IiwiY29tcGFueV9uYW1lIjoiTWljcm9zb2Z0IiwiYWRkcmVzc19jaXR5IjoiQ29ydmVyYSBkZSBBc3R1cmlhcywgU3BhaW4iLCJodGlkb2NpZCI6Imx0UmRzdXpocnFkZnQ4c0tBQUFBQUE9PSIsInV1bGUiOiJ3K0NBSVFJQ0lGVTNCaGFXNCJ9,9
eyJqb2JfdGl0bGUiOiJJVCBTZWN1cml0eSBTZW5pb3IgQ29uc3VsdGFudCIsImNvbXBhbnlfbmFtZSI6Im15Q2xvdWREb29yIiwiYWRkcmVzc19jaXR5IjoiTWFkcmlkLCBTcGFpbiIsImh0aWRvY2lkIjoiTW1IeGtuQ21BRjk0V2pKQ0FBQUFBQT09IiwidXVsZSI6IncrQ0FJUUlDSUZVM0JoYVc0In0=,7
eyJqb2JfdGl0bGUiOiJDb25zdWx0b3IvYSBTZW5pb3IgQ2liZXJzZWd1cmlkYWQgLSBCYXJjZWxvbmEiLCJjb21wYW55X25hbWUiOiJFWSIsImFkZHJlc3NfY2l0eSI6IkJhcmNlbG9uYSwgU3BhaW4iLCJodGlkb2NpZCI6IjVteDB5dldvSFVhRDFqejlBQUFBQUE9PSIsInV1bGUiOiJ3K0NBSVFJQ0lGVTNCaGFXNCJ9,7
eyJqb2JfdGl0bGUiOiJDb25zdWx0b3IvQSBHcmMgRW4gQ2liZXJzZWd1cmlkYWQgLSBNYWRyaWQiLCJjb21wYW55X25hbWUiOiJHT1ZFUlRJUyIsImFkZHJlc3NfY2l0eSI6IlphcmFnb3phLCBTcGFpbiIsImh0aWRvY2lkIjoiMmRNNzI0Ykg1d2xsZTlvU0FBQUFBQT09IiwidXVsZSI6IncrQ0FJUUlDSUZVM0JoYVc0In0=,7
eyJqb2JfdGl0bGUiOiJDb25zdWx0b3IgZGUgQ2liZXJzZWd1cmlkYWQgUEtJLCBoaWJyaWRvIiwiY29tcGFueV9uYW1lIjoiQmFvc3MiLCJhZGRyZXNzX2NpdHkiOiJNYWRyaWQsIFNwYWluIiwiaHRpZG9jaWQiOiJoenJFTHYyOGE4ZUU1Tzd6QUFBQUFBPT0iLCJ1dWxlIjoidytDQUlRSUNJRlUzQmhhVzQifQ==,1
eyJqb2JfdGl0bGUiOiJDb25zdWx0b3IvYSBTZW5pb3IgQ2liZXJzZWd1cmlkYWQtIE1hZHJpZCIsImNvbXBhbnlfbmFtZSI6IkVZIiwiYWRkcmVzc19jaXR5IjoiTWFkcmlkLCBTcGFpbiIsImh0aWRvY2lkIjoiclBuTERoVnl2TlFDVFgwcUFBQUFBQT09IiwidXVsZSI6IncrQ0FJUUlDSUZVM0JoYVc0In0=,7
eyJqb2JfdGl0bGUiOiJFc3BlY2lhbGlzdGEgZW4gU2VndXJpZGFkIEluZm9ybWFjacOzbiIsImNvbXBhbnlfbmFtZSI6IkdNViIsImFkZHJlc3NfY2l0eSI6Ik1hZHJpZCwgU3BhaW4iLCJodGlkb2NpZCI6IjNtUGxTbGprZjFGWWFQZHJBQUFBQUE9PSIsInV1bGUiOiJ3K0NBSVFJQ0lGVTNCaGFXNCJ9,7
eyJqb2JfdGl0bGUiOiJUw6ljbmljbyBlc3BlY2lhbGlzdGEgc2Vydmlkb3JlcyB3ZWIiLCJjb21wYW55X25hbWUiOiJTZWx0aW1lIiwiYWRkcmVzc19jaXR5IjoiTWFkcmlkLCBTcGFpbiIsImh0aWRvY2lkIjoiX0QwTmhZMzBIOExSeWprWEFBQUFBQT09IiwidXVsZSI6IncrQ0FJUUlDSUZVM0JoYVc0In0=,1
eyJqb2JfdGl0bGUiOiJFc3BlY2lhbGlzdGEgZW4gU29wb3J0ZSBkZSBJbmZyYWVzdHJ1Y3R1cmEiLCJjb21wYW55X25hbWUiOiJDb3N0YWlzYSIsImFkZHJlc3NfY2l0eSI6IkJhcmNlbG9uYSwgU3BhaW4iLCJodGlkb2NpZCI6ImdaeGlpOVJHdllVcmo2V0VBQUFBQUE9PSIsInV1bGUiOiJ3K0NBSVFJQ0lGVTNCaGFXNCJ9,7
eyJqb2JfdGl0bGUiOiJFc3BlY2lhbGlzdGEgZW4gaW5mcmFlc3RydWN0dXJhcyBJVCB5IHNpc3RlbWFzIiwiY29tcGFueV9uYW1lIjoiTXlzdGVyeSBQcm9qZWN0IiwiYWRkcmVzc19jaXR5IjoiQmFyY2Vsb25hLCBTcGFpbiIsImh0aWRvY2lkIjoiQ2J1bjNCVEU4dHNFd3VkUkFBQUFBQT09IiwidXVsZSI6IncrQ0FJUUlDSUZVM0JoYVc0In0=,7
eyJqb2JfdGl0bGUiOiJBZG1pbmlzdHJhZG9yL2EgZGUgU2lzdGVtYXMgLSBEZXZPcHMiLCJjb21wYW55X25hbWUiOiJCaXRib3giLCJhZGRyZXNzX2NpdHkiOiJQYWxtYSwgU3BhaW4iLCJodGlkb2NpZCI6ImQ0UlBLUUJYN29lUUdEUEdBQUFBQUE9PSIsInV1bGUiOiJ3K0NBSVFJQ0lGVTNCaGFXNCJ9,7
eyJqb2JfdGl0bGUiOiJFc3BlY2lhbGlzdGEgRGUgUmVkZXMiLCJjb21wYW55X25hbWUiOiJOdW5zeXMiLCJhZGRyZXNzX2NpdHkiOiJNYWRyaWQsIFNwYWluIiwiaHRpZG9jaWQiOiJwQVlYOWU0MFBPU3M2dEtlQUFBQUFBPT0iLCJ1dWxlIjoidytDQUlRSUNJRlUzQmhhVzQifQ==,7
eyJqb2JfdGl0bGUiOiJBZG1pbmlzdHJhZG9yIGRlIFNpc3RlbWFzIiwiY29tcGFueV9uYW1lIjoiUmFzdHJlYXRvciIsImFkZHJlc3NfY2l0eSI6Ik1hZHJpZCwgU3BhaW4iLCJodGlkb2NpZCI6ImpQVkpRQUhDQ0o1YzhYMmNBQUFBQUE9PSIsInV1bGUiOiJ3K0NBSVFJQ0lGVTNCaGFXNCJ9,7
eyJqb2JfdGl0bGUiOiJBZG1pbmlzdHJhZG9yIGRlIFNpc3RlbWFzIiwiY29tcGFueV9uYW1lIjoiUmFzdHJlYXRvciIsImFkZHJlc3NfY2l0eSI6Ik1hZHJpZCwgU3BhaW4iLCJodGlkb2NpZCI6ImpQVkpRQUhDQ0o1YzhYMmNBQUFBQUE9PSIsInV1bGUiOiJ3K0NBSVFJQ0lGVTNCaGFXNCJ9,1
eyJqb2JfdGl0bGUiOiJBZG1pbmlzdHJhZG9yL2EgZGUgc2lzdGVtYXMgTGludXgiLCJjb21wYW55X25hbWUiOiJHcnVwbyBTSUEiLCJhZGRyZXNzX2NpdHkiOiJNYWRyaWQsIFNwYWluIiwiaHRpZG9jaWQiOiJLcl9jeU8ydzFQOElJeXE3QUFBQUFBPT0iLCJ1dWxlIjoidytDQUlRSUNJRlUzQmhhVzQifQ==,1
eyJqb2JfdGl0bGUiOiJJbmdlbmllcm8vYSBkZSBzb2Z0d2FyZSAodGVzdGluZykiLCJjb21wYW55X25hbWUiOiJBTFRFTiBTcGFpbiIsImFkZHJlc3NfY2l0eSI6IlNwYWluIiwiaHRpZG9jaWQiOiJSZzVacWpfeldTbkJTYm01QUFBQUFBPT0iLCJ1dWxlIjoidytDQUlRSUNJRlUzQmhhVzQifQ==,1
eyJqb2JfdGl0bGUiOiJJbmdlbmllcm8vYSBRQSBURVNUIFx1MDAyNiBERVZPUFMiLCJjb21wYW55X25hbWUiOiJBTFRFTiBTcGFpbiIsImFkZHJlc3NfY2l0eSI6Ik1hZHJpZCwgU3BhaW4iLCJodGlkb2NpZCI6IldBSUhyZ1B6cVRXZkxsTVRBQUFBQUE9PSIsInV1bGUiOiJ3K0NBSVFJQ0lGVTNCaGFXNCJ9,1
eyJqb2JfdGl0bGUiOiJJbmdlbmllcm8gUHJ1ZWJhcyBTZW5pb3IiLCJjb21wYW55X25hbWUiOiJQQU5FTCBTaXN0ZW1hcyBJbmZvcm3DoXRpY29zIiwiYWRkcmVzc19jaXR5IjoiTWFkcmlkLCBTcGFpbiIsImh0aWRvY2lkIjoiZS1xcmU1UzV6eGh6aVBEeEFBQUFBQT09IiwidXVsZSI6IncrQ0FJUUlDSUZVM0JoYVc0In0=,9
eyJqb2JfdGl0bGUiOiJJbmdlbmllcm8gUHJ1ZWJhcyBTZW5pb3IiLCJjb21wYW55X25hbWUiOiJQQU5FTCBTaXN0ZW1hcyBJbmZvcm3DoXRpY29zIiwiYWRkcmVzc19jaXR5IjoiTWFkcmlkLCBTcGFpbiIsImh0aWRvY2lkIjoiZS1xcmU1UzV6eGh6aVBEeEFBQUFBQT09IiwidXVsZSI6IncrQ0FJUUlDSUZVM0JoYVc0In0=,7
eyJqb2JfdGl0bGUiOiJJbmdlbmllcm8vYSBkZSB0ZXN0aW5nIiwiY29tcGFueV9uYW1lIjoiR01WIiwiYWRkcmVzc19jaXR5IjoiTWFkcmlkLCBTcGFpbiIsImh0aWRvY2lkIjoidVhHcjRnSkpRbHVjVDF0ekFBQUFBQT09IiwidXVsZSI6IncrQ0FJUUlDSUZVM0JoYVc0In0=,1
eyJqb2JfdGl0bGUiOiJRQSBTb2Z0d2FyZSBFbmdpbmVlciIsImNvbXBhbnlfbmFtZSI6IkthbnRveCIsImFkZHJlc3NfY2l0eSI6IkJhcmNlbG9uYSwgU3BhaW4iLCJodGlkb2NpZCI6Ii1mZ00xdkVsU1VjR1llU0hBQUFBQUE9PSIsInV1bGUiOiJ3K0NBSVFJQ0lGVTNCaGFXNCJ9,9
eyJqb2JfdGl0bGUiOiJRQSBBdXRvbWF0aW9uIEVuZ2luZWVyIiwiY29tcGFueV9uYW1lIjoiQXBpdXggVGVjaCIsImFkZHJlc3NfY2l0eSI6IlNwYWluIiwiaHRpZG9jaWQiOiIySzNDNzl6LTJMclV1WmtFQUFBQUFBPT0iLCJ1dWxlIjoidytDQUlRSUNJRlUzQmhhVzQifQ==,1
eyJqb2JfdGl0bGUiOiJJbmdlbmllcm8vYSBkZSBUZXN0IEF1dG9tb2Npw7NuIiwiY29tcGFueV9uYW1lIjoiQUxURU4gRGVsaXZlcnkgQ2VudHJlIFNwYWluIiwiYWRkcmVzc19jaXR5IjoiQmFyY2Vsb25hLCBTcGFpbiIsImh0aWRvY2lkIjoiRzhPellPRVZjY1VmWjJmVkFBQUFBQT09IiwidXVsZSI6IncrQ0FJUUlDSUZVM0JoYVc0In0=,1
eyJqb2JfdGl0bGUiOiJUZXN0IEF1dG9tYXRpb24gRW5naW5lZXIiLCJjb21wYW55X25hbWUiOiJOVFQgREFUQSBFdXJvcGUgXHUwMDI2IExhdGFtIiwiYWRkcmVzc19jaXR5IjoiTXVyY2lhLCBTcGFpbiIsImh0aWRvY2lkIjoiSDJrX1NGRmpLWUJZeW5RUkFBQUFBQT09IiwidXVsZSI6IncrQ0FJUUlDSUZVM0JoYVc0In0=,1
eyJqb2JfdGl0bGUiOiJERVNBUlJPTExBRE9SIC5ORVQiLCJjb21wYW55X25hbWUiOiJZb2RleW1hIFBhcmZ1bXMiLCJhZGRyZXNzX2NpdHkiOiJNYWRyaWQsIFNwYWluIiwiaHRpZG9jaWQiOiJycm1yQWczd2xtZDh4ZWJ5QUFBQUFBPT0iLCJ1dWxlIjoidytDQUlRSUNJRlUzQmhhVzQifQ==,1
eyJqb2JfdGl0bGUiOiJEZXNhcnJvbGxhZG9yIC5ORVQgfCAoQkYtNjgxKSIsImNvbXBhbnlfbmFtZSI6IlNvYWludCIsImFkZHJlc3NfY2l0eSI6IkNvbW11bml0eSBvZiBNYWRyaWQsIFNwYWluIiwiaHRpZG9jaWQiOiJTTE9LcDVwUU4wamtfeTBVQUFBQUFBPT0iLCJ1dWxlIjoidytDQUlRSUNJRlUzQmhhVzQifQ==,1
eyJqb2JfdGl0bGUiOiIuTkVUIERldmVsb3BlciIsImNvbXBhbnlfbmFtZSI6IlNvZnRlY2EiLCJhZGRyZXNzX2NpdHkiOiJCdXJnb3MsIFNwYWluIiwiaHRpZG9jaWQiOiJmc3JSVGtUVWJRSW1pWDlsQUFBQUFBPT0iLCJ1dWxlIjoidytDQUlRSUNJRlUzQmhhVzQifQ==,1
eyJqb2JfdGl0bGUiOiJEZXNhcnJvbGxhZG9yIGRlIC5ORVQiLCJjb21wYW55X25hbWUiOiJDb25tdXRhIFNvbHVjaW9uZXMgUy5MIiwiYWRkcmVzc19jaXR5IjoiUGF0ZXJuYSwgU3BhaW4iLCJodGlkb2NpZCI6IkVnaEFHOXJESGtNMHYxTHZBQUFBQUE9PSIsInV1bGUiOiJ3K0NBSVFJQ0lGVTNCaGFXNCJ9,1
eyJqb2JfdGl0bGUiOiJFc3BlY2lhbGlzdGEgQ2liZXJpbnRlbGlnZW5jaWEiLCJjb21wYW55X25hbWUiOiJSZXBzb2wiLCJhZGRyZXNzX2NpdHkiOiJNYWRyaWQsIFNwYWluIiwiaHRpZG9jaWQiOiJvY1g0c3Qwa1R4cndyWmVpQUFBQUFBPT0iLCJ1dWxlIjoidytDQUlRSUNJRlUzQmhhVzQifQ==,7
eyJqb2JfdGl0bGUiOiJFc3BlY2lhbGlzdGEgZW4gc2VndXJpZGFkIiwiY29tcGFueV9uYW1lIjoiSy1MQUdBTiIsImFkZHJlc3NfY2l0eSI6Ik1hZHJpZCwgU3BhaW4iLCJodGlkb2NpZCI6Ik4yVFA4ZWd5X0xOMTVLSjNBQUFBQUE9PSIsInV1bGUiOiJ3K0NBSVFJQ0lGVTNCaGFXNCJ9,7
eyJqb2JfdGl0bGUiOiJFc3BlY2lhbGlzdGEgZW4gc2VndXJpZGFkIiwiY29tcGFueV9uYW1lIjoiSy1MQUdBTiIsImFkZHJlc3NfY2l0eSI6Ik1hZHJpZCwgU3BhaW4iLCJodGlkb2NpZCI6Ik4yVFA4ZWd5X0xOMTVLSjNBQUFBQUE9PSIsInV1bGUiOiJ3K0NBSVFJQ0lGVTNCaGFXNCJ9,1
eyJqb2JfdGl0bGUiOiJFc3BlY2lhbGlzdGEgZGUgU2VndXJpZGFkIiwiY29tcGFueV9uYW1lIjoiSW52ZW5lcmd5IiwiYWRkcmVzc19jaXR5IjoiQXMgU29tb3phcywgU3BhaW4iLCJodGlkb2NpZCI6IlhyOE9OdlpKTzJzb1lKelpBQUFBQUE9PSIsInV1bGUiOiJ3K0NBSVFJQ0lGVTNCaGFXNCJ9,7
eyJqb2JfdGl0bGUiOiJFc3BlY2lhbGlzdGEgZW4gU2VndXJpZGFkIExhYm9yYWwiLCJjb21wYW55X25hbWUiOiJBbWF6b24gUm9hZCBUcmFuc3BvcnQgU3BhaW4sIFMuTC5VLiIsImFkZHJlc3NfY2l0eSI6IlZhbGxhZG9saWQsIFNwYWluIiwiaHRpZG9jaWQiOiJFcU5ncG1kajhBU3FQYXVwQUFBQUFBPT0iLCJ1dWxlIjoidytDQUlRSUNJRlUzQmhhVzQifQ==,7
eyJqb2JfdGl0bGUiOiJFc3BlY2lhbGlzdGEgZW4gY2liZXJzZWd1cmlkYWQiLCJjb21wYW55X25hbWUiOiJMb2dpY2FsaXMgU3BhaW4iLCJhZGRyZXNzX2NpdHkiOiJNYWphZGFob25kYSwgU3BhaW4iLCJodGlkb2NpZCI6ImFscTdvc084RjRCQXRSSlhBQUFBQUE9PSIsInV1bGUiOiJ3K0NBSVFJQ0lGVTNCaGFXNCJ9,7
eyJqb2JfdGl0bGUiOiJFc3BlY2lhbGlzdGEgZGUgU2VndXJpZGFkIExhYm9yYWwiLCJjb21wYW55X25hbWUiOiJNSUNIRUxJTiIsImFkZHJlc3NfY2l0eSI6Ikxlw7NuLCBTcGFpbiIsImh0aWRvY2lkIjoiWDRGZHkwd21ocy1za3VHbEFBQUFBQT09IiwidXVsZSI6IncrQ0FJUUlDSUZVM0JoYVc0In0=,7
eyJqb2JfdGl0bGUiOiJUw6ljbmljbyBlc3BlY2lhbGlzdGEgc2lzdGVtYXMgZGUgc2VndXJpZGFkIiwiY29tcGFueV9uYW1lIjoiRHVtbyBzZWd1cmlkYWQiLCJhZGRyZXNzX2NpdHkiOiJTcGFpbiIsImh0aWRvY2lkIjoibmtUTG5qaE5lZFdxTTF1WEFBQUFBQT09IiwidXVsZSI6IncrQ0FJUUlDSUZVM0JoYVc0In0=,7
eyJqb2JfdGl0bGUiOiJFc3BlY2lhbGlzdGEgU2VndXJpZGFkIFBlcmltZXRyYWwgQWthbWFpIiwiY29tcGFueV9uYW1lIjoiWmVtc2FuaWEiLCJhZGRyZXNzX2NpdHkiOiJWaWdvLCBNdW5pY2lwYWxpdHkgb2YgVmlnbywgU3BhaW4iLCJodGlkb2NpZCI6IlNxb05EVzA3ZHpZa3lPNFhBQUFBQUE9PSIsInV1bGUiOiJ3K0NBSVFJQ0lGVTNCaGFXNCJ9,7
eyJqb2JfdGl0bGUiOiJFU1BFQ0lBTElTVEEgQ0lCRVJTRUdVUklEQUQgR1JDIiwiY29tcGFueV9uYW1lIjoiR3J1cG8gU2VybWljcm8iLCJhZGRyZXNzX2NpdHkiOiJMYXMgUGFsbWFzIGRlIEdyYW4gQ2FuYXJpYSwgU3BhaW4iLCJodGlkb2NpZCI6IjZrcU1Pbk1ET1UtOVZid2VBQUFBQUE9PSIsInV1bGUiOiJ3K0NBSVFJQ0lGVTNCaGFXNCJ9,7
eyJqb2JfdGl0bGUiOiJFc3BlY2lhbGlzdGEgU2VndXJpZGFkIERlIExhIEluZm9ybWFjacOzbiwgSGlicmlkbyIsImNvbXBhbnlfbmFtZSI6IkdNViIsImFkZHJlc3NfY2l0eSI6IkJhcmNlbG9uYSwgU3BhaW4iLCJodGlkb2NpZCI6IlloUXh4a3VJWXl0dXJzUDVBQUFBQUE9PSIsInV1bGUiOiJ3K0NBSVFJQ0lGVTNCaGFXNCJ9,7
eyJqb2JfdGl0bGUiOiJUw6ljbmljby9hIGVzcGVjaWFsaXN0YSBlbiBJbmdlbmllcsOtYSBIaWdpw6luaWNhLCBTZWd1cmlkYWQgeSBDYWxpZGFkLiIsImNvbXBhbnlfbmFtZSI6IkFJTklBIiwiYWRkcmVzc19jaXR5IjoiUGF0ZXJuYSwgU3BhaW4iLCJodGlkb2NpZCI6IkdKWDc1eFExSjJzVms3XzhBQUFBQUE9PSIsInV1bGUiOiJ3K0NBSVFJQ0lGVTNCaGFXNCJ9,7
eyJqb2JfdGl0bGUiOiJFc3BlY2lhbGlzdGEgZW4gY2liZXJzZWd1cmlkYWQgUEtJIiwiY29tcGFueV9uYW1lIjoic2VyZW0uIENvbnN1bHRvcsOtYSBlbXByZXNhcmlhbCIsImFkZHJlc3NfY2l0eSI6Ik1hZHJpZCwgU3BhaW4iLCJodGlkb2NpZCI6IkR1S2lZMUlSU1dwUVhCQkpBQUFBQUE9PSIsInV1bGUiOiJ3K0NBSVFJQ0lGVTNCaGFXNCJ9,1
eyJqb2JfdGl0bGUiOiJFc3BlY2lhbGlzdGEgZW4gc2VndXJpZGFkIiwiY29tcGFueV9uYW1lIjoiSy1MQUdBTiIsImFkZHJlc3NfY2l0eSI6IlNwYWluIiwiaHRpZG9jaWQiOiJweEN2Tk9ndDI1MWRWZzRCQUFBQUFBPT0iLCJ1dWxlIjoidytDQUlRSUNJRlUzQmhhVzQifQ==,7
eyJqb2JfdGl0bGUiOiJFc3BlY2lhbGlzdGEgZW4gc2VndXJpZGFkIiwiY29tcGFueV9uYW1lIjoiSy1MQUdBTiIsImFkZHJlc3NfY2l0eSI6IlNwYWluIiwiaHRpZG9jaWQiOiJweEN2Tk9ndDI1MWRWZzRCQUFBQUFBPT0iLCJ1dWxlIjoidytDQUlRSUNJRlUzQmhhVzQifQ==,1
eyJqb2JfdGl0bGUiOiJKUCBDaWJlcnNlZ3VyaWRhZCBlc3BlY2lhbGlzdGEgU2lzdGVtYXMgQ2xhc2lmaWNhZG9zIiwiY29tcGFueV9uYW1lIjoiSVpFUlRJUyBTLkEiLCJhZGRyZXNzX2NpdHkiOiJTcGFpbiIsImh0aWRvY2lkIjoiTjFaYU11WWpVQzNiZWpRT0FBQUFBQT09IiwidXVsZSI6IncrQ0FJUUlDSUZVM0JoYVc0In0=,7
eyJqb2JfdGl0bGUiOiJFc3BlY2lhbGlzdGEgZW4gU2VndXJpZGFkIExhYm9yYWwiLCJjb21wYW55X25hbWUiOiJBbWF6b24gUm9hZCBUcmFuc3BvcnQgU3BhaW4sIFMuTC5VLiAtIEoyNyIsImFkZHJlc3NfY2l0eSI6IlNwYWluIiwiaHRpZG9jaWQiOiJZbk1FN2loSWFiZnpZRGZ4QUFBQUFBPT0iLCJ1dWxlIjoidytDQUlRSUNJRlUzQmhhVzQifQ==,7
eyJqb2JfdGl0bGUiOiJFc3BlY2lhbGlzdGEgZW4gU29wb3J0ZSBJVCB5IEdlc3Rpw7NuIGRlIFByb3llY3RvcyIsImNvbXBhbnlfbmFtZSI6Ik1hcmxleCIsImFkZHJlc3NfY2l0eSI6IkFsY2FsYSBkZSBIZW5hcmVzLCBTcGFpbiIsImh0aWRvY2lkIjoidmZvaTJZakpwQVllQ0FENUFBQUFBQT09IiwidXVsZSI6IncrQ0FJUUlDSUZVM0JoYVc0In0=,1
eyJqb2JfdGl0bGUiOiJFc3BlY2lhbGlzdGEgZW4gUHJvZ3JhbWFjacOzbiB5IEdlc3Rpw7NuIGRlIFByb3llY3RvcyBUZWNub2zDs2dpY29zIiwiY29tcGFueV9uYW1lIjoiSW4gR3JvdXAgQ29uc3VsdG9yaWEiLCJhZGRyZXNzX2NpdHkiOiJFbGdvaWJhciwgU3BhaW4iLCJodGlkb2NpZCI6Imd1czk1REotWkROQkR5ZW5BQUFBQUE9PSIsInV1bGUiOiJ3K0NBSVFJQ0lGVTNCaGFXNCJ9,1
eyJqb2JfdGl0bGUiOiJDb25zdWx0b3IvYSBnZXN0acOzbiBkZSBwcm95ZWN0b3MgZXVyb3Blb3MgSStEK2kiLCJjb21wYW55X25hbWUiOiJaYWJhbGEgSW5ub3ZhdGlvbiBTcGFpbiIsImFkZHJlc3NfY2l0eSI6Ik1hZHJpZCwgU3BhaW4iLCJodGlkb2NpZCI6IlVtV0xfb0xKRnlDdmliMXhBQUFBQUE9PSIsInV1bGUiOiJ3K0NBSVFJQ0lGVTNCaGFXNCJ9,1
eyJqb2JfdGl0bGUiOiJOT1VTIEdlc3Rpw7NuIGRlIFByb3llY3RvcyBJVDogVMOpY25pY28gU29wb3J0ZSBpbmZvcm3DoXRpY28iLCJjb21wYW55X25hbWUiOiJqb2luLmNvbSIsImFkZHJlc3NfY2l0eSI6Ik1hZHJpZCwgU3BhaW4iLCJodGlkb2NpZCI6ImFKTzRsWjJLX1FYOThWMUZBQUFBQUE9PSIsInV1bGUiOiJ3K0NBSVFJQ0lGVTNCaGFXNCJ9,1
eyJqb2JfdGl0bGUiOiJFc3BlY2lhbGlzdGEgZW4gU2lzdGVtYXMgSW5mb3Jtw6F0aWNvcyIsImNvbXBhbnlfbmFtZSI6IlByaW1lSVQiLCJhZGRyZXNzX2NpdHkiOiJBbGNvYmVuZGFzLCBTcGFpbiIsImh0aWRvY2lkIjoiaHFFOUZLaDJESjRJZGlNdEFBQUFBQT09IiwidXVsZSI6IncrQ0FJUUlDSUZVM0JoYVc0In0=,1
eyJqb2JfdGl0bGUiOiJFc3BlY2lhbGlzdGEgZW4gU2lzdGVtYXMgZGUgQ29udHJvbCB5IEF1dG9tYXRpemFjacOzbiIsImNvbXBhbnlfbmFtZSI6IlJlY2x1dGFtaWVudG8gXHUwMDI2IE91dHNvdXJjaW5nIiwiYWRkcmVzc19jaXR5IjoiQmFyY2Vsb25hLCBTcGFpbiIsImh0aWRvY2lkIjoiZGItTDlPc1FtRFczVVMyRUFBQUFBQT09IiwidXVsZSI6IncrQ0FJUUlDSUZVM0JoYVc0In0=,7
eyJqb2JfdGl0bGUiOiJEZXNhcnJvbGxhZG9yL2EgZGUgQXV0b21hdGl6YWNpw7NuIGRlIHByb2Nlc29zICgxMDAlIHJlbW90bywgc29sbyBFc3Bhw7FhKSIsImNvbXBhbnlfbmFtZSI6IlVTVCBHbG9iYWwiLCJhZGRyZXNzX2NpdHkiOiJNYWRyaWQsIFNwYWluIiwiaHRpZG9jaWQiOiJMS3V4eTEzMDNLYzdUX3lnQUFBQUFBPT0iLCJ1dWxlIjoidytDQUlRSUNJRlUzQmhhVzQifQ==,1
eyJqb2JfdGl0bGUiOiJFc3BlY2lhbGlzdGEgZW4gQXV0b21hdGl6YWNpw7NuIEluZHVzdHJpYWwiLCJjb21wYW55X25hbWUiOiJNZWNhbHV4IiwiYWRkcmVzc19jaXR5IjoiQ29ybmVsbMOgIGRlIExsb2JyZWdhdCwgU3BhaW4iLCJodGlkb2NpZCI6ImdXa3A1MVZRVkJORC1FTTNBQUFBQUE9PSIsInV1bGUiOiJ3K0NBSVFJQ0lGVTNCaGFXNCJ9,1
eyJqb2JfdGl0bGUiOiJFc3BlY2lhbGlzdGEgZW4gU2ltdWxhY2nDs24gZGUgUHJvY2Vzb3MiLCJjb21wYW55X25hbWUiOiJNZWNhbHV4IiwiYWRkcmVzc19jaXR5IjoiQ29ybmVsbMOgIGRlIExsb2JyZWdhdCwgU3BhaW4iLCJodGlkb2NpZCI6IklsTlM0VHpIb29TYktWeENBQUFBQUE9PSIsInV1bGUiOiJ3K0NBSVFJQ0lGVTNCaGFXNCJ9,1
eyJqb2JfdGl0bGUiOiJUw4lDTklDTy9BIEFVVE9NQVRJWkFDScOTTiBJTkRVU1RSSUFMIiwiY29tcGFueV9uYW1lIjoiTWVyY2Fkb25hIiwiYWRkcmVzc19jaXR5IjoiQWxiYWxhdCBkZWxzIFNvcmVsbHMsIFNwYWluIiwiaHRpZG9jaWQiOiJIWDNUdE1MYXRXNW1IcVRJQUFBQUFBPT0iLCJ1dWxlIjoidytDQUlRSUNJRlUzQmhhVzQifQ==,1
eyJqb2JfdGl0bGUiOiJ0ZWNuaWNvYS1kZS1hdXRvbWF0aXphY2lvbi15LXNpc3RlbWFzLWxpbnV4LXNhbnRhbmRlci1kaWdpdGFsLXNlcnZpY2VzLTE3MjMxNDgxMTk3Nzc3MjEiLCJjb21wYW55X25hbWUiOiJCQU5DTyBTQU5UQU5ERVIgUy5BLiIsImFkZHJlc3NfY2l0eSI6IkJvYWRpbGxhIGRlbCBNb250ZSwgU3BhaW4iLCJodGlkb2NpZCI6IkFTaVg1aEhvNnVQd2x3UzJBQUFBQUE9PSIsInV1bGUiOiJ3K0NBSVFJQ0lGVTNCaGFXNCJ9,7
eyJqb2JfdGl0bGUiOiJFc3BlY2lhbGlzdGEgZW4gTWljcm9zZXJ2aWNpb3MgeSBDbG91ZCIsImNvbXBhbnlfbmFtZSI6IkFSRU5BIEZpbmFuY2lhbCBUZWNoIiwiYWRkcmVzc19jaXR5IjoiTWFkcmlkLCBTcGFpbiIsImh0aWRvY2lkIjoiU1ZJV3FjaEJ1cm1ZY3VqZ0FBQUFBQT09IiwidXVsZSI6IncrQ0FJUUlDSUZVM0JoYVc0In0=,1
eyJqb2JfdGl0bGUiOiJFeHBlcnRvIE1JQ1JPU0VSVklDSU9TIERpZ2l0YWwgQmFua2luZyIsImNvbXBhbnlfbmFtZSI6Ik5UVCBEQVRBIiwiYWRkcmVzc19jaXR5IjoiQWxpY2FudGUsIFNwYWluIiwiaHRpZG9jaWQiOiJ2dlJ4ZjFhTWEzX3hqdWdZQUFBQUFBPT0iLCJ1dWxlIjoidytDQUlRSUNJRlUzQmhhVzQifQ==,1
eyJqb2JfdGl0bGUiOiJBcnF1aXRlY3RvIGRlIHNvZnR3YXJlIG1pY3Jvc2VydmljaW9zIiwiY29tcGFueV9uYW1lIjoiS3JlbGwgQ29uc3VsdGluZyIsImFkZHJlc3NfY2l0eSI6Ik1hZHJpZCwgU3BhaW4iLCJodGlkb2NpZCI6InhjWWNOUTByNjJOMkRqcXlBQUFBQUE9PSIsInV1bGUiOiJ3K0NBSVFJQ0lGVTNCaGFXNCJ9,1
eyJqb2JfdGl0bGUiOiJEZXNhcnJvbGxhZG9yIFNwcmluZ0Jvb3QtTWljcm9zZXJ2aWNpb3MiLCJjb21wYW55X25hbWUiOiJTZWNvbmQgV2luZG93IiwiYWRkcmVzc19jaXR5IjoiTWFkcmlkLCBTcGFpbiIsImh0aWRvY2lkIjoiaXgySHVWS2h3R2kweW9PakFBQUFBQT09IiwidXVsZSI6IncrQ0FJUUlDSUZVM0JoYVc0In0=,7
eyJqb2JfdGl0bGUiOiJEZXNhcnJvbGxhZG9yIFNwcmluZ0Jvb3QtTWljcm9zZXJ2aWNpb3MiLCJjb21wYW55X25hbWUiOiJTZWNvbmQgV2luZG93IiwiYWRkcmVzc19jaXR5IjoiTWFkcmlkLCBTcGFpbiIsImh0aWRvY2lkIjoiaXgySHVWS2h3R2kweW9PakFBQUFBQT09IiwidXVsZSI6IncrQ0FJUUlDSUZVM0JoYVc0In0=,1
eyJqb2JfdGl0bGUiOiJKYXZhIERldmVsb3BlciAoTWljcm9zZXJ2aWNpb3MpIC0gMTAwJSBSZW1vdG8iLCJjb21wYW55X25hbWUiOiJVU1QiLCJhZGRyZXNzX2NpdHkiOiJNYWRyaWQsIFNwYWluIiwiaHRpZG9jaWQiOiJRM1FkcDVRVUxmWnZDdVg1QUFBQUFBPT0iLCJ1dWxlIjoidytDQUlRSUNJRlUzQmhhVzQifQ==,1
eyJqb2JfdGl0bGUiOiJTZW5pb3IgQmFja2VuZCBEZXZlbG9wZXIgLyBBcnF1aXRlY3RvL2EgTWljcm9zZXJ2aWNpb3MiLCJjb21wYW55X25hbWUiOiJKb3BweSIsImFkZHJlc3NfY2l0eSI6IlNwYWluIiwiaHRpZG9jaWQiOiJFQm8zaVA3RFp2SmVEV2VUQUFBQUFBPT0iLCJ1dWxlIjoidytDQUlRSUNJRlUzQmhhVzQifQ==,1
eyJqb2JfdGl0bGUiOiJFc3BlY2lhbGlzdGEgZW4gQXJxdWl0ZWN0dXJhIGRlIFNpc3RlbWFzIiwiY29tcGFueV9uYW1lIjoib25odW50ZXJzIiwiYWRkcmVzc19jaXR5IjoiTWFkcmlkLCBTcGFpbiIsImh0aWRvY2lkIjoiN3NnbkRmM3ljdkFMU0dObEFBQUFBQT09IiwidXVsZSI6IncrQ0FJUUlDSUZVM0JoYVc0In0=,1
eyJqb2JfdGl0bGUiOiJFc3BlY2lhbGlzdGEgZW4gSW50ZWdyYWNpw7NuIGRlIEFycXVpdGVjdHVyYSBEaWdpdGFsIChHZW1lbG9zIGRpZ2l0YWxlcykiLCJjb21wYW55X25hbWUiOiJOZW90YWxlbnQgQ29uY2x1c2lvbiIsImFkZHJlc3NfY2l0eSI6Ik1hZHJpZCwgU3BhaW4iLCJodGlkb2NpZCI6Ikp3VXZJMm1OWmpRRVZMSjhBQUFBQUE9PSIsInV1bGUiOiJ3K0NBSVFJQ0lGVTNCaGFXNCJ9,1
eyJqb2JfdGl0bGUiOiJBcnF1aXRlY3RvIGRlIFNpc3RlbWFzIiwiY29tcGFueV9uYW1lIjoiRXZvbHV0aW8gRW1wb3dlcmluZyB0aGUgY2xvdWQiLCJhZGRyZXNzX2NpdHkiOiJTcGFpbiIsImh0aWRvY2lkIjoiRzhNd3RJeldjY1g1UHl4MkFBQUFBQT09IiwidXVsZSI6IncrQ0FJUUlDSUZVM0JoYVc0In0=,7
eyJqb2JfdGl0bGUiOiJFc3BlY2lhbGlzdGEgRW4gQXJxdWl0ZWN0dXJhIFRpYyIsImNvbXBhbnlfbmFtZSI6IkdydXBvIE5zIiwiYWRkcmVzc19jaXR5IjoiTWFkcmlkLCBTcGFpbiIsImh0aWRvY2lkIjoiUFVJal9OLWw5TTVGU2xQTEFBQUFBQT09IiwidXVsZSI6IncrQ0FJUUlDSUZVM0JoYVc0In0=,1
eyJqb2JfdGl0bGUiOiJBcnF1aXRlY3RvIGRlIFNvbHVjaW9uZXMgZGUgQ29tdW5pY2FjaW9uZXMiLCJjb21wYW55X25hbWUiOiJLcmVsbCBDb25zdWx0aW5nIiwiYWRkcmVzc19jaXR5IjoiTWFkcmlkLCBTcGFpbiIsImh0aWRvY2lkIjoiNGhVMnVHR0xHLXlYZ0Z3LUFBQUFBQT09IiwidXVsZSI6IncrQ0FJUUlDSUZVM0JoYVc0In0=,7
eyJqb2JfdGl0bGUiOiJJbmdlbmllcm8gZGUgU29mdHdhcmUgZW1iZWJpZG8iLCJjb21wYW55X25hbWUiOiJkdWFnb24iLCJhZGRyZXNzX2NpdHkiOiJUcmVzIENhbnRvcywgU3BhaW4iLCJodGlkb2NpZCI6IjdyS0JIck1jNlpKRkhpUVlBQUFBQUE9PSIsInV1bGUiOiJ3K0NBSVFJQ0lGVTNCaGFXNCJ9,1
eyJqb2JfdGl0bGUiOiJEZXNhcnJvbGxhZG9yL2EgU1cgRW1iZWJpZG8gKCpZKSIsImNvbXBhbnlfbmFtZSI6IkJldHdlZW4gVGVjaG5vbG9neSIsImFkZHJlc3NfY2l0eSI6Ikxlw7NuLCBTcGFpbiIsImh0aWRvY2lkIjoiRFBtcGRaZW56YUVwQmdhS0FBQUFBQT09IiwidXVsZSI6IncrQ0FJUUlDSUZVM0JoYVc0In0=,1
eyJqb2JfdGl0bGUiOiJEZXNhcnJvbGxhZG9yIFNXIEVtYmViaWRvIiwiY29tcGFueV9uYW1lIjoiQmV0d2VlbiBUZWNobm9sb2d5IiwiYWRkcmVzc19jaXR5IjoiTGXDs24sIFNwYWluIiwiaHRpZG9jaWQiOiI2VXZKOE5VMU4zNUg4MFQwQUFBQUFBPT0iLCJ1dWxlIjoidytDQUlRSUNJRlUzQmhhVzQifQ==,1
eyJqb2JfdGl0bGUiOiJJbmdlbmllcm8vYSBkZSBTb2Z0d2FyZSBFbWJlYmlkbywgaGlicmlkbyIsImNvbXBhbnlfbmFtZSI6IkdNViIsImFkZHJlc3NfY2l0eSI6IlZhbGxhZG9saWQsIFNwYWluIiwiaHRpZG9jaWQiOiIwVmlWanRCLThYQ0V6Uy1pQUFBQUFBPT0iLCJ1dWxlIjoidytDQUlRSUNJRlUzQmhhVzQifQ==,1
eyJqb2JfdGl0bGUiOiJEZXNhcnJvbGxhZG9yL3JhIGRlIFNvZnR3YXJlIEVtYmViaWRvIChTZW5pb3IpIHwgU2VjdG9yLi4uIiwiY29tcGFueV9uYW1lIjoiQ2VudHVtIiwiYWRkcmVzc19jaXR5IjoiTWFkcmlkLCBTcGFpbiIsImh0aWRvY2lkIjoiWGVHbEZ5UlFtMXh2cmRpS0FBQUFBQT09IiwidXVsZSI6IncrQ0FJUUlDSUZVM0JoYVc0In0=,7
eyJqb2JfdGl0bGUiOiJJbmdlbmllcm9zL2FzIGRlc2Fycm9sbG8gc29mdHdhcmUgZW1iZWJpZG8gbyBiYWNrZW5kIiwiY29tcGFueV9uYW1lIjoiVW5pdmVyc2lkYWRlIGRlIFZpZ28iLCJhZGRyZXNzX2NpdHkiOiJWaWdvLCBNdW5pY2lwYWxpdHkgb2YgVmlnbywgU3BhaW4iLCJodGlkb2NpZCI6Im9mc2NpYWxSd3NkZGlQVnpBQUFBQUE9PSIsInV1bGUiOiJ3K0NBSVFJQ0lGVTNCaGFXNCJ9,1
eyJqb2JfdGl0bGUiOiJFU1BFQ0lBTElTVEEgVEVDTk9MT0fDjUEgREUgU0VHVVJJREFEIFNJRU0iLCJjb21wYW55X25hbWUiOiJUZWxlZsOzbmljYSIsImFkZHJlc3NfY2l0eSI6Ik1hZHJpZCwgU3BhaW4iLCJodGlkb2NpZCI6Ing1QTFDbkFfeHBFVlVjMG9BQUFBQUE9PSIsInV1bGUiOiJ3K0NBSVFJQ0lGVTNCaGFXNCJ9,7
eyJqb2JfdGl0bGUiOiJFeHBlcnRvIENpYmVyc2VndXJpZGFkIiwiY29tcGFueV9uYW1lIjoiTW92aWxnZXMgSVQgQ29uc3VsdGluZyIsImFkZHJlc3NfY2l0eSI6Ik1hZHJpZCwgU3BhaW4iLCJodGlkb2NpZCI6InNOaC1vNHVIOWk4M2w5V0JBQUFBQUE9PSIsInV1bGUiOiJ3K0NBSVFJQ0lGVTNCaGFXNCJ9,1
eyJqb2JfdGl0bGUiOiJUw6ljbmljbyBTZWd1cmlkYWQiLCJjb21wYW55X25hbWUiOiJUZWNub2NhdCBTZWd1cmV0YXQgUy5MIiwiYWRkcmVzc19jaXR5IjoiQmFyY2Vsb25hLCBTcGFpbiIsImh0aWRvY2lkIjoiRnVhZThiN3haNEE4a1ozTkFBQUFBQT09IiwidXVsZSI6IncrQ0FJUUlDSUZVM0JoYVc0In0=,7
eyJqb2JfdGl0bGUiOiJDb25zdWx0b3IgZGUgQ2liZXJzZWd1cmlkYWQgR1JDIiwiY29tcGFueV9uYW1lIjoiQWR2ZW5zIiwiYWRkcmVzc19jaXR5IjoiTWFkcmlkLCBTcGFpbiIsImh0aWRvY2lkIjoieGZ6VzhDblVvaHdVZW54WEFBQUFBQT09IiwidXVsZSI6IncrQ0FJUUlDSUZVM0JoYVc0In0=,7
eyJqb2JfdGl0bGUiOiJBRE1JTklTVFJBRE9SIC9BIERFIEJBQ0tVUFMgWSBBTE1BQ0VOQU1JRU5UTyIsImNvbXBhbnlfbmFtZSI6IkF0b3MiLCJhZGRyZXNzX2NpdHkiOiJNYWRyaWQsIFNwYWluIiwiaHRpZG9jaWQiOiItSzVkWUdERjVNVDhwdkhGQUFBQUFBPT0iLCJ1dWxlIjoidytDQUlRSUNJRlUzQmhhVzQifQ==,7
eyJqb2JfdGl0bGUiOiJBcnF1aXRlY3RvIGRlIFNvbHVjaW9uZXMgQ2xvdWQiLCJjb21wYW55X25hbWUiOiJBZWdvbiIsImFkZHJlc3NfY2l0eSI6IlNwYWluIiwiaHRpZG9jaWQiOiJ1WkFRcThTc3NQQW5lU1pXQUFBQUFBPT0iLCJ1dWxlIjoidytDQUlRSUNJRlUzQmhhVzQifQ==,7
eyJqb2JfdGl0bGUiOiJFc3BlY2lhbGlzdGEgZW4gUHJldmVuY2nDs24gZGUgUmllc2dvcyAoSFNFIFNwZWNpYWxpc3QpIiwiY29tcGFueV9uYW1lIjoiVmVzdGFzIiwiYWRkcmVzc19jaXR5IjoiRGFpbWllbCwgU3BhaW4iLCJodGlkb2NpZCI6IlNFNkNNeWVBeXlpMnphU1dBQUFBQUE9PSIsInV1bGUiOiJ3K0NBSVFJQ0lGVTNCaGFXNCJ9,7
eyJqb2JfdGl0bGUiOiJFc3BlY2lhbGlzdGEgQXRleCB5IEFuw6FsaXNpcyBkZSBSaWVzZ29zIChNYWRyaWQpIFtMWjY0NF0iLCJjb21wYW55X25hbWUiOiJUZXNpY25vciIsImFkZHJlc3NfY2l0eSI6Ik1hZHJpZCwgU3BhaW4iLCJodGlkb2NpZCI6IlhJSmlGLVpDSHVQY0lsR1dBQUFBQUE9PSIsInV1bGUiOiJ3K0NBSVFJQ0lGVTNCaGFXNCJ9,7
eyJqb2JfdGl0bGUiOiJFc3BlY2lhbGlzdGEgZW4gTW9kZWxvcyBkZSBSaWVzZ29zIGRlIE1lcmNhZG8gVkotNDQwIiwiY29tcGFueV9uYW1lIjoiQkFOQ08gU0FOVEFOREVSIiwiYWRkcmVzc19jaXR5IjoiU3BhaW4iLCJodGlkb2NpZCI6Il91RDB3UHVocFlGQmZpeDJBQUFBQUE9PSIsInV1bGUiOiJ3K0NBSVFJQ0lGVTNCaGFXNCJ9,1
eyJqb2JfdGl0bGUiOiJUw6ljbmljbyAvIFTDqWNuaWNhIEFuYWxpc3RhIGVuIEluZm9ybWFjacOzbiBkZSBSaWVzZ29zIChCYXJjZWxvbmEgbyBNYWRyaWQpIiwiY29tcGFueV9uYW1lIjoiQmFuY28gU2FiYWRlbGwiLCJhZGRyZXNzX2NpdHkiOiJTcGFpbiIsImh0aWRvY2lkIjoiTTNETDhGMU9PTVBYb0FHWkFBQUFBQT09IiwidXVsZSI6IncrQ0FJUUlDSUZVM0JoYVc0In0=,1
eyJqb2JfdGl0bGUiOiJSZXNwb25zYWJsZSBkZSBSaWVzZ28geSBSZWNvYnJvIiwiY29tcGFueV9uYW1lIjoiRURVQ0EgRURURUNIIEdyb3VwIiwiYWRkcmVzc19jaXR5IjoiR3JhbmFkYSwgU3BhaW4iLCJodGlkb2NpZCI6InBuYzhVWEFSRFNVNUFkZmhBQUFBQUE9PSIsInV1bGUiOiJ3K0NBSVFJQ0lGVTNCaGFXNCJ9,1
eyJqb2JfdGl0bGUiOiIxNDI2X0EgSW5nZW5pZXJvL2EgRXNwZWNpYWxpc3RhIGVuIGFuw6FsaXNpcyBkZSByaWVzZ29zLCBhdWRpdG9yw61hIHkgcmVwb3J0aW5nIGVuIFNlZ3VyaWRhZCBJbmR1IiwiY29tcGFueV9uYW1lIjoiTmF2YW50aWEiLCJhZGRyZXNzX2NpdHkiOiJTcGFpbiIsImh0aWRvY2lkIjoibFFRT1ZWa3lNN0JhY1Exa0FBQUFBQT09IiwidXVsZSI6IncrQ0FJUUlDSUZVM0JoYVc0In0=,7
eyJqb2JfdGl0bGUiOiJUw4lDTklDTyBERSBQUkVWRU5DScOTTiBERSBSSUVTR09TIExBQk9SQUxFUyAoMSBQT1IgSU5TVEFMQUNJw5NOKSAtIFtaTFYtNTAyXSIsImNvbXBhbnlfbmFtZSI6IlRFQ0FERSIsImFkZHJlc3NfY2l0eSI6IkxvcyBNb2xhcmVzLCBTcGFpbiIsImh0aWRvY2lkIjoiaVpTM21hMjZIZUJ0cGRsWUFBQUFBQT09IiwidXVsZSI6IncrQ0FJUUlDSUZVM0JoYVc0In0=,7
eyJqb2JfdGl0bGUiOiJFc3BlY2lhbGlzdGEgRW4gUm9iw7N0aWNhIiwiY29tcGFueV9uYW1lIjoiTmF2YW50aWEiLCJhZGRyZXNzX2NpdHkiOiJGZXJyb2wsIFNwYWluIiwiaHRpZG9jaWQiOiJPdW9VOXpkNnRrNXh0Q0ZRQUFBQUFBPT0iLCJ1dWxlIjoidytDQUlRSUNJRlUzQmhhVzQifQ==,1
eyJqb2JfdGl0bGUiOiJQcm9ncmFtYWRvci9hIGRlIFJvYm90cyBJbmR1c3RyaWFsZXMgKEtVS0EpIiwiY29tcGFueV9uYW1lIjoiQUxURU4gU3BhaW4iLCJhZGRyZXNzX2NpdHkiOiJCYXJjZWxvbmEsIFNwYWluIiwiaHRpZG9jaWQiOiJOZ0RkUzNrOFEzRmd3YzFtQUFBQUFBPT0iLCJ1dWxlIjoidytDQUlRSUNJRlUzQmhhVzQifQ==,1
eyJqb2JfdGl0bGUiOiJUw6ljbmljbyAvIFTDqWNuaWNhIGRlIFJlZGVzIHkgU2VndXJpZGFkIiwiY29tcGFueV9uYW1lIjoiVHJlbnRpYSBDb25zdWx0aW5nIiwiYWRkcmVzc19jaXR5IjoiTWFkcmlkLCBTcGFpbiIsImh0aWRvY2lkIjoiYlpqeG1McWxBNzJDSUp0N0FBQUFBQT09IiwidXVsZSI6IncrQ0FJUUlDSUZVM0JoYVc0In0=,7
eyJqb2JfdGl0bGUiOiJUw6ljbmljbyBkZSBSZWRlcyB5IFNlZ3VyaWRhZCIsImNvbXBhbnlfbmFtZSI6IlNDQyBFc3Bhw7FhIiwiYWRkcmVzc19jaXR5IjoiTWFkcmlkLCBTcGFpbiIsImh0aWRvY2lkIjoiWHpKaDY5bUZ5SS1PajZQQUFBQUFBQT09IiwidXVsZSI6IncrQ0FJUUlDSUZVM0JoYVc0In0=,7
eyJqb2JfdGl0bGUiOiJUw4lDTklDTy9BIE4yIFJFREVTIFkgU0VHVVJJREFEIiwiY29tcGFueV9uYW1lIjoiU2lydCIsImFkZHJlc3NfY2l0eSI6IlNwYWluIiwiaHRpZG9jaWQiOiJkd0JqUDBWVS1HZHo4R3RPQUFBQUFBPT0iLCJ1dWxlIjoidytDQUlRSUNJRlUzQmhhVzQifQ==,7
eyJqb2JfdGl0bGUiOiJUw4lDTklDTy9BIERFIFJFREVTIFkgU0VHVVJJREFEIiwiY29tcGFueV9uYW1lIjoiU290ZWMgQ29uc3VsdGluZyIsImFkZHJlc3NfY2l0eSI6Ik1hZHJpZCwgU3BhaW4iLCJodGlkb2NpZCI6IjluaVQ2WlRvRDNQczE2OGhBQUFBQUE9PSIsInV1bGUiOiJ3K0NBSVFJQ0lGVTNCaGFXNCJ9,7
eyJqb2JfdGl0bGUiOiJUw6ljbmljbyBDaWJlcnNlZ3VyaWRhZCAoaC9tKSIsImNvbXBhbnlfbmFtZSI6Ik1pY2hhZWwgUGFnZSIsImFkZHJlc3NfY2l0eSI6IkJpbGJhbywgU3BhaW4iLCJodGlkb2NpZCI6ImI5YzhtQkR5OWR6ODJkeEpBQUFBQUE9PSIsInV1bGUiOiJ3K0NBSVFJQ0lGVTNCaGFXNCJ9,7
eyJqb2JfdGl0bGUiOiJUw6ljbmljbyBTaXN0ZW1hcyBTZWd1cmlkYWQgKGgvbSkiLCJjb21wYW55X25hbWUiOiJHcnVwbyBFbGVjbm9yIiwiYWRkcmVzc19jaXR5IjoiTWFkcmlkLCBTcGFpbiIsImh0aWRvY2lkIjoiTk45LXBjbmx6UkxmeGVGZUFBQUFBQT09IiwidXVsZSI6IncrQ0FJUUlDSUZVM0JoYVc0In0=,7
eyJqb2JfdGl0bGUiOiJUw6ljbmljbyAvYSBzb3BvcnRlIFJlZGVzIHkgU2VndXJpZGFkIChMMikiLCJjb21wYW55X25hbWUiOiJTSUkgR3JvdXAgU3BhaW4iLCJhZGRyZXNzX2NpdHkiOiJNYWRyaWQsIFNwYWluIiwiaHRpZG9jaWQiOiJmenlCOWlrMTRkSE9YSTY4QUFBQUFBPT0iLCJ1dWxlIjoidytDQUlRSUNJRlUzQmhhVzQifQ==,7
eyJqb2JfdGl0bGUiOiJUw6ljbmljby9hIGFkbWluaXN0cmFkb3IgZGUgcmVkIHkgc2VndXJpZGFkIiwiY29tcGFueV9uYW1lIjoiSVNQUk9YIiwiYWRkcmVzc19jaXR5IjoiWmFyYWdvemEsIFNwYWluIiwiaHRpZG9jaWQiOiJBWm9DLXNHRTlQQ096TmNUQUFBQUFBPT0iLCJ1dWxlIjoidytDQUlRSUNJRlUzQmhhVzQifQ==,7
eyJqb2JfdGl0bGUiOiJUw4lDTklDTy9BIE4yIFJFREVTIFkgU0VHVVJJREFEIiwiY29tcGFueV9uYW1lIjoiU2lydCIsImFkZHJlc3NfY2l0eSI6Ik1hcnRvcmVsbCwgU3BhaW4iLCJodGlkb2NpZCI6IkN1YXYwZ3M3ZTJqc0hpZ1BBQUFBQUE9PSIsInV1bGUiOiJ3K0NBSVFJQ0lGVTNCaGFXNCJ9,7
eyJqb2JfdGl0bGUiOiJUw4lDTklDTy9BIFNFR1VSSURBRCBJTkZPUk3DgVRJQ0EgQ09NVU5JQ0FDSU9ORVMgLSBLLTc5OCIsImNvbXBhbnlfbmFtZSI6Ik1lcmNhZG9uYSIsImFkZHJlc3NfY2l0eSI6IlZhbGVuY2lhLCBTcGFpbiIsImh0aWRvY2lkIjoiMXk0NHIzN1RGaWZfbHZZdkFBQUFBQT09IiwidXVsZSI6IncrQ0FJUUlDSUZVM0JoYVc0In0=,7
eyJqb2JfdGl0bGUiOiJDb29yZGluYWRvciBUw6ljbmljbyAtIE5ldHdvcmtpbmcgeSBTZWd1cmlkYWQgSC9NIiwiY29tcGFueV9uYW1lIjoiQXhpYW5zIiwiYWRkcmVzc19jaXR5IjoiQ29tbXVuaXR5IG9mIE1hZHJpZCwgU3BhaW4iLCJodGlkb2NpZCI6InZxamR2ZU5FVlpDVDQtQW1BQUFBQUE9PSIsInV1bGUiOiJ3K0NBSVFJQ0lGVTNCaGFXNCJ9,7
eyJqb2JfdGl0bGUiOiJUw6ljbmljbyBlbiByZWRlcyAtIGNpYmVyc2VndXJpZGFkIiwiY29tcGFueV9uYW1lIjoiTmV4dHJldCIsImFkZHJlc3NfY2l0eSI6IkJhcmNlbG9uYSwgU3BhaW4iLCJodGlkb2NpZCI6ImRMVUMzUU9lUEdBSGs1V3NBQUFBQUE9PSIsInV1bGUiOiJ3K0NBSVFJQ0lGVTNCaGFXNCJ9,7
eyJqb2JfdGl0bGUiOiJUw6ljbmljbyBkZSBSZWRlcyB5IFNlZ3VyaWRhZCIsImNvbXBhbnlfbmFtZSI6IlNDQyBFc3Bhw7FhIiwiYWRkcmVzc19jaXR5IjoiU3BhaW4iLCJodGlkb2NpZCI6IlpuR0RyT2p5RkFNRGxVQnpBQUFBQUE9PSIsInV1bGUiOiJ3K0NBSVFJQ0lGVTNCaGFXNCJ9,7
eyJqb2JfdGl0bGUiOiJUw6ljbmljby9hIGRlIFJlZGVzIHkgU2VndXJpZGFkIiwiY29tcGFueV9uYW1lIjoiQWxjb3JjZSBUZWxlY29tdW5pY2FjaW9uZXMgUy5MLiIsImFkZHJlc3NfY2l0eSI6Ik1hZHJpZCwgU3BhaW4iLCJodGlkb2NpZCI6Ill4Vmp3Y1pGZmJCYUdnLW5BQUFBQUE9PSIsInV1bGUiOiJ3K0NBSVFJQ0lGVTNCaGFXNCJ9,7
eyJqb2JfdGl0bGUiOiJUw6ljbmljbyBkZSByZWRlcyB5IHNlZ3VyaWRhZCIsImNvbXBhbnlfbmFtZSI6IlNpbiBlc3BlY2lmaWNhciIsImFkZHJlc3NfY2l0eSI6IlNwYWluIiwiaHRpZG9jaWQiOiJEN1NqcGdiZ2cxWDlCZ3Q3QUFBQUFBPT0iLCJ1dWxlIjoidytDQUlRSUNJRlUzQmhhVzQifQ==,7
eyJqb2JfdGl0bGUiOiJDb25zdWx0b3IvYSBkZSBHZXN0acOzbiBkZSBJZGVudGlkYWRlcyIsImNvbXBhbnlfbmFtZSI6IkluZXR1bSIsImFkZHJlc3NfY2l0eSI6Ik1hZHJpZCwgU3BhaW4iLCJodGlkb2NpZCI6Imt6Z2FsRUZPcEp6N1BWU19BQUFBQUE9PSIsInV1bGUiOiJ3K0NBSVFJQ0lGVTNCaGFXNCJ9,7
eyJqb2JfdGl0bGUiOiJFc3BlY2lhbGlzdGEgZW4gUHJldmVudGEgZGUgR2VzdGnDs24gZGUgSWRlbnRpZGFkZXMiLCJjb21wYW55X25hbWUiOiJJbmV0dW0iLCJhZGRyZXNzX2NpdHkiOiJNYWRyaWQsIFNwYWluIiwiaHRpZG9jaWQiOiI1TkYxNXI5Slphc0g5YTgyQUFBQUFBPT0iLCJ1dWxlIjoidytDQUlRSUNJRlUzQmhhVzQifQ==,7
eyJqb2JfdGl0bGUiOiJJZGVudGl0eSBcdTAwMjYgQWNjZXNzIE1hbmFnZW1lbnQgLyBHZXN0acOzbiBkZSBpZGVudGlkYWRlcyAtIEF6dXJlQUQiLCJjb21wYW55X25hbWUiOiJOVFQgREFUQSBFdXJvcGUgXHUwMDI2IExhdGFtIiwiYWRkcmVzc19jaXR5IjoiQmFyY2Vsb25hLCBTcGFpbiIsImh0aWRvY2lkIjoiZWF0R3hkZWpEbkZBS1oyY0FBQUFBQT09IiwidXVsZSI6IncrQ0FJUUlDSUZVM0JoYVc0In0=,1
eyJqb2JfdGl0bGUiOiJHZXN0aW9uIGRlIEFjY2Vzb3MgZSBJZGVudGlkYWRlcyAoTjIgSUFNKSIsImNvbXBhbnlfbmFtZSI6IkluZXR1bSIsImFkZHJlc3NfY2l0eSI6IlNwYWluIiwiaHRpZG9jaWQiOiJ5bTd2ekJhUFcxN2lwYzBnQUFBQUFBPT0iLCJ1dWxlIjoidytDQUlRSUNJRlUzQmhhVzQifQ==,1
eyJqb2JfdGl0bGUiOiJIZWFkIG9mIElkZW50aXR5IGFuZCBBY2Nlc3MgTWFuYWdlbWVudCIsImNvbXBhbnlfbmFtZSI6IkhlYWRodW50aW5nIEZpcm0iLCJhZGRyZXNzX2NpdHkiOiJTcGFpbiIsImh0aWRvY2lkIjoiQ3I1SmtqU25HczdyLUI4NUFBQUFBQT09IiwidXVsZSI6IncrQ0FJUUlDSUZVM0JoYVc0In0=,7
eyJqb2JfdGl0bGUiOiJBZG1pbmlzdHJhZG9yL2EgQmlnIERhdGEgKENsb3VkZXJhKSIsImNvbXBhbnlfbmFtZSI6Ik5QUiBTcGFpbiIsImFkZHJlc3NfY2l0eSI6IkJhcmNlbG9uYSwgU3BhaW4iLCJodGlkb2NpZCI6InZGbm0zYkk1eHlSZXVGeDRBQUFBQUE9PSIsInV1bGUiOiJ3K0NBSVFJQ0lGVTNCaGFXNCJ9,7
eyJqb2JfdGl0bGUiOiJJbnN0YWxhZG9yL2ludGVncmFkb3IgSGFkb29wIiwiY29tcGFueV9uYW1lIjoiZVhwZXJpZW5jZSBJVCBTb2x1dGlvbnMiLCJhZGRyZXNzX2NpdHkiOiJNYWRyaWQsIFNwYWluIiwiaHRpZG9jaWQiOiI1dEV6X1QwOER2T0Y2UEw3QUFBQUFBPT0iLCJ1dWxlIjoidytDQUlRSUNJRlUzQmhhVzQifQ==,7
eyJqb2JfdGl0bGUiOiJFc3BlY2lhbGlzdGEgZW4gRXhwZXJpZW5jaWEgZGUgVXN1YXJpbyB5IERpc2XDsW8gZGUgSW50ZXJmYXoiLCJjb21wYW55X25hbWUiOiJTTEFTSCBNT0JJTElUWSwgU0wiLCJhZGRyZXNzX2NpdHkiOiJCYXJjZWxvbmEsIFNwYWluIiwiaHRpZG9jaWQiOiJoZjdEdmI1WFFFZkowRi02QUFBQUFBPT0iLCJ1dWxlIjoidytDQUlRSUNJRlUzQmhhVzQifQ==,1
eyJqb2JfdGl0bGUiOiJFeHBlcnRvL2EgZW4gZXhwZXJpZW5jaWEgZGUgdXN1YXJpbyB5IGRpc2XDsW8gZGUgc2VydmljaW9zIiwiY29tcGFueV9uYW1lIjoiaGliZXJ1cyIsImFkZHJlc3NfY2l0eSI6IlNwYWluIiwiaHRpZG9jaWQiOiJ5UDhSNmJUTno4NDJfeW10QUFBQUFBPT0iLCJ1dWxlIjoidytDQUlRSUNJRlUzQmhhVzQifQ==,1
eyJqb2JfdGl0bGUiOiJDb25zdWx0b3IgRXNwZWNpYWxpc3RhIGVuIEN1c3RvbWVyIEV4cGVyaWVuY2UiLCJjb21wYW55X25hbWUiOiJFSVNJIFNPRlQiLCJhZGRyZXNzX2NpdHkiOiJQYWxtYSwgU3BhaW4iLCJodGlkb2NpZCI6IlZsSml5eTdNbkVDcHYyY3NBQUFBQUE9PSIsInV1bGUiOiJ3K0NBSVFJQ0lGVTNCaGFXNCJ9,1
eyJqb2JfdGl0bGUiOiJHRVNUT1IvQSBFU1BFQ0lBTElTVEEgRU4gQ0xPVUQgU0VDVVJJVFkiLCJjb21wYW55X25hbWUiOiJDQUlYQUJBTksgUy5BLiIsImFkZHJlc3NfY2l0eSI6IkJhcmNlbG9uYSwgU3BhaW4iLCJodGlkb2NpZCI6ImU3eGM0eTBVbDhKRF9UanFBQUFBQUE9PSIsInV1bGUiOiJ3K0NBSVFJQ0lGVTNCaGFXNCJ9,7
eyJqb2JfdGl0bGUiOiJHRVNUT1IvQSBFU1BFQ0lBTElTVEEgRU4gQ0xPVUQgU0VDVVJJVFkiLCJjb21wYW55X25hbWUiOiJDQUlYQUJBTksgUy5BLiIsImFkZHJlc3NfY2l0eSI6IlNwYWluIiwiaHRpZG9jaWQiOiJ4OW9wOFZNU2Z1Y01MQmNJQUFBQUFBPT0iLCJ1dWxlIjoidytDQUlRSUNJRlUzQmhhVzQifQ==,7
eyJqb2JfdGl0bGUiOiJUw6ljbmljby9hIE1pY3JvaW5mb3Jtw6F0aWNhIiwiY29tcGFueV9uYW1lIjoiU2VyZXNjbyIsImFkZHJlc3NfY2l0eSI6Ik92aWVkbywgTXVuaWNpcGFsaXR5IG9mIE92aWVkbywgU3BhaW4iLCJodGlkb2NpZCI6InJsYVNINzRrSjJJRGNtdi1BQUFBQUE9PSIsInV1bGUiOiJ3K0NBSVFJQ0lGVTNCaGFXNCJ9,1
eyJqb2JfdGl0bGUiOiJQcm9ncmFtYWRvciBGcm9udGVuZCIsImNvbXBhbnlfbmFtZSI6IlF1YXNhciBEeW5hbWljcyIsImFkZHJlc3NfY2l0eSI6IlZhbGVuY2lhLCBTcGFpbiIsImh0aWRvY2lkIjoiQ0VPRU53MXkwV01jRUYyUkFBQUFBQT09IiwidXVsZSI6IncrQ0FJUUlDSUZVM0JoYVc0In0=,1
eyJqb2JfdGl0bGUiOiJFc3BlY2lhbGlzdGEgaW50ZWdyYWNpw7NuIERhdGEgSW50ZWdyYXRvclx0XHRcdFx0XHRcdFx0XHRcclxuXHRcdFx0XHRcdFx0XHRcdFxyXG5cdFx0XHRcdFx0XHRcdFx0XHQoVmFsZW5jaWEpIiwiY29tcGFueV9uYW1lIjoiTWljaGFlbCBQYWdlIiwiYWRkcmVzc19jaXR5IjoiVmFsZW5jaWEsIFNwYWluIiwiaHRpZG9jaWQiOiJKQWtmUEsxaDhVZHluNmZ3QUFBQUFBPT0iLCJ1dWxlIjoidytDQUlRSUNJRlUzQmhhVzQifQ==,1
eyJqb2JfdGl0bGUiOiJFc3BlY2lhbGlzdGEgZW4gSW50ZWdyYWNpw7NuIFNvY2lhbCIsImNvbXBhbnlfbmFtZSI6IkxhbmJpZGUiLCJhZGRyZXNzX2NpdHkiOiJWaXRvcmlhLUdhc3RlaXosIFNwYWluIiwiaHRpZG9jaWQiOiJ6bzlLTnlmRGIyUjRWSUlqQUFBQUFBPT0iLCJ1dWxlIjoidytDQUlRSUNJRlUzQmhhVzQifQ==,1
eyJqb2JfdGl0bGUiOiJUaXR1bGFkby9hIFN1cGVyaW9yIEVzcGVjaWFsaXN0YSBFbiBJbnRlZ3JhY2nDs24gRGUgU2lzdGVtYXMiLCJjb21wYW55X25hbWUiOiJOYXZhbnRpYSIsImFkZHJlc3NfY2l0eSI6Ik1hZHJpZCwgU3BhaW4iLCJodGlkb2NpZCI6IkJNUC1VQ1R2ZDhabUN6dXZBQUFBQUE9PSIsInV1bGUiOiJ3K0NBSVFJQ0lGVTNCaGFXNCJ9,1
eyJqb2JfdGl0bGUiOiJFc3BlY2lhbGlzdGEgZW4gSW50ZWdyYWNpb25lcywgSGlicmlkbyIsImNvbXBhbnlfbmFtZSI6IkFrdWFybyIsImFkZHJlc3NfY2l0eSI6IkJhcmNlbG9uYSwgU3BhaW4iLCJodGlkb2NpZCI6IkFkNEpnRFJtNWotaGx2Ym1BQUFBQUE9PSIsInV1bGUiOiJ3K0NBSVFJQ0lGVTNCaGFXNCJ9,1
eyJqb2JfdGl0bGUiOiJFc3BlY2lhbGlzdGEgRW4gSW50ZWdyYWNpw7NuIE1pZGRsZXdhcmUgWSBBcGlzIiwiY29tcGFueV9uYW1lIjoiVW5pdmVyc2lkYWQgQW50b25pbyBEZSBOZWJyaWphIiwiYWRkcmVzc19jaXR5IjoiTWFkcmlkLCBTcGFpbiIsImh0aWRvY2lkIjoiR2RJMmhyWWc5enVBRlIzbkFBQUFBQT09IiwidXVsZSI6IncrQ0FJUUlDSUZVM0JoYVc0In0=,1
eyJqb2JfdGl0bGUiOiJBQk9HQURPL0EgRVNQRUNJQUxJU1RBIEVOIFZJT0xFTkNJQSBERSBHw4lORVJPIENPTlRSQVRPIElOREVGSU5JRE8gSk9STkFEQSBQQVJDSUFMIiwiY29tcGFueV9uYW1lIjoiQWxpYWRvcyBwb3IgbGEgSW50ZWdyYWNpw7NuIiwiYWRkcmVzc19jaXR5IjoiTG9ncm/DsW8sIFNwYWluIiwiaHRpZG9jaWQiOiJja0I5NV9GdERPb1JGY0tZQUFBQUFBPT0iLCJ1dWxlIjoidytDQUlRSUNJRlUzQmhhVzQifQ==,1
eyJqb2JfdGl0bGUiOiJUw6ljbmljbyBTb3BvcnRlIElUIChDaWJlclNlZ3VyaWRhZCkgLSBUw4FOR0VSIChNYXJydWVjb3MpIiwiY29tcGFueV9uYW1lIjoiSW5nZWZvciBJbnRlcm5hdGlvbmFsIiwiYWRkcmVzc19jaXR5IjoiU3BhaW4iLCJodGlkb2NpZCI6IkU4LWI1NlhvNlFldGN4YWtBQUFBQUE9PSIsInV1bGUiOiJ3K0NBSVFJQ0lGVTNCaGFXNCJ9,7
eyJqb2JfdGl0bGUiOiJUw6ljbmljby9hIGRlIENpYmVyc2VndXJpZGFkIGRlIFBlbnRlc3RpbmciLCJjb21wYW55X25hbWUiOiJJTkVDTyIsImFkZHJlc3NfY2l0eSI6Ik1hZHJpZCwgU3BhaW4iLCJodGlkb2NpZCI6IjF4SnZVb2l1TTNuZHQ3ZWpBQUFBQUE9PSIsInV1bGUiOiJ3K0NBSVFJQ0lGVTNCaGFXNCJ9,7
eyJqb2JfdGl0bGUiOiJUw6ljbmljby9hIGRlIENpYmVyc2VndXJpZGFkIiwiY29tcGFueV9uYW1lIjoiTEhIIiwiYWRkcmVzc19jaXR5IjoiVml0b3JpYS1HYXN0ZWl6LCBTcGFpbiIsImh0aWRvY2lkIjoieHZrTDJ1R2x1eGZaVDhKV0FBQUFBQT09IiwidXVsZSI6IncrQ0FJUUlDSUZVM0JoYVc0In0=,7
eyJqb2JfdGl0bGUiOiJUZWNuaWNvIFNlbmlvciBlbiBDaWJlcnNlZ3VyaWRhZCIsImNvbXBhbnlfbmFtZSI6IkdSVVBPIENSSVQiLCJhZGRyZXNzX2NpdHkiOiJNYWRyaWQsIFNwYWluIiwiaHRpZG9jaWQiOiJyTlBSNFRrVzRZcWQ2OVRxQUFBQUFBPT0iLCJ1dWxlIjoidytDQUlRSUNJRlUzQmhhVzQifQ==,7
eyJqb2JfdGl0bGUiOiJUw6ljbmljbyBlbiBDaWJlcnNlZ3VyaWRhZCBwYXJhIFByb3llY3RvIFNPQyIsImNvbXBhbnlfbmFtZSI6IlRlbGVmb25pY2EgUy5BLiIsImFkZHJlc3NfY2l0eSI6Ik1hZHJpZCwgU3BhaW4iLCJodGlkb2NpZCI6IlAxZzZRZzZjWmE5SVoxNDZBQUFBQUE9PSIsInV1bGUiOiJ3K0NBSVFJQ0lGVTNCaGFXNCJ9,1
eyJqb2JfdGl0bGUiOiJJbmdlbmllcmEvbyBTZW5pb3IgZW4gQ2liZXJzZWd1cmlkYWQgKE9GMDYyMykiLCJjb21wYW55X25hbWUiOiJHcmFkaWFudCIsImFkZHJlc3NfY2l0eSI6IlNwYWluIiwiaHRpZG9jaWQiOiJnMFF0UXYzZG9pSFpxVFZtQUFBQUFBPT0iLCJ1dWxlIjoidytDQUlRSUNJRlUzQmhhVzQifQ==,7
eyJqb2JfdGl0bGUiOiJUw6ljbmljbyBjaWJlcnNlZ3VyaWRhZCAoaGFja2luZyDDqXRpY28pIiwiY29tcGFueV9uYW1lIjoiQXJlbGFuY2UiLCJhZGRyZXNzX2NpdHkiOiJNYWRyaWQsIFNwYWluIiwiaHRpZG9jaWQiOiJESXoyOW5aOHZLX0xLcmJNQUFBQUFBPT0iLCJ1dWxlIjoidytDQUlRSUNJRlUzQmhhVzQifQ==,7
eyJqb2JfdGl0bGUiOiJFeHBlcnRvIENpYmVyc2VndXJpZGFkIiwiY29tcGFueV9uYW1lIjoiTW92aWxnZXMiLCJhZGRyZXNzX2NpdHkiOiJNYWRyaWQsIFNwYWluIiwiaHRpZG9jaWQiOiJabGVFUXM1Yl9QYnN1dWgyQUFBQUFBPT0iLCJ1dWxlIjoidytDQUlRSUNJRlUzQmhhVzQifQ==,1
eyJqb2JfdGl0bGUiOiJJbmdlbmllcm8gY29uIENvbm9jaW1pZW50b3MgZGUgRGVzYXJyb2xsbyBTVy9IVyB5IENpYmVyc2VndXJpZGFkIiwiY29tcGFueV9uYW1lIjoiTWVsdCBHcm91cCIsImFkZHJlc3NfY2l0eSI6Ik1haXJlbmEgZGVsIEFsY29yLCBTcGFpbiIsImh0aWRvY2lkIjoidURtaDk4UmZCT2YtbGVTQUFBQUFBQT09IiwidXVsZSI6IncrQ0FJUUlDSUZVM0JoYVc0In0=,1
eyJqb2JfdGl0bGUiOiJUw6ljbmljby9BIENpYmVyc2VndXJpZGFkIEVuIFZpdG9yaWEtR2FzdGVpeiIsImNvbXBhbnlfbmFtZSI6IkZ1bmRhY2nDs24gQWRlY2NvIiwiYWRkcmVzc19jaXR5IjoiVml0b3JpYS1HYXN0ZWl6LCBTcGFpbiIsImh0aWRvY2lkIjoiMmFBaTNYMVNWUVdKVGFGU0FBQUFBQT09IiwidXVsZSI6IncrQ0FJUUlDSUZVM0JoYVc0In0=,7
eyJqb2JfdGl0bGUiOiJUw6ljbmljbyBJbmZvcm3DoXRpY28gZGUgU29wb3J0ZSBXZWIgKEluZ2zDqXMgYWx0bywgZ3VhcmRpYXMpIiwiY29tcGFueV9uYW1lIjoiQWxzYSIsImFkZHJlc3NfY2l0eSI6Ik1hZHJpZCwgU3BhaW4iLCJodGlkb2NpZCI6IkZEQlNSN0lNRmJTel9KanVBQUFBQUE9PSIsInV1bGUiOiJ3K0NBSVFJQ0lGVTNCaGFXNCJ9,1
eyJqb2JfdGl0bGUiOiJUZWNuaWNvIEluZm9ybWF0aWNvIC0gU2FuIEZlcm5hbmRvIERlIEhlbmFyZXMiLCJjb21wYW55X25hbWUiOiJDcm93biBMaWZ0IFRydWNrcyBTLiBMLiIsImFkZHJlc3NfY2l0eSI6IkNvbW11bml0eSBvZiBNYWRyaWQsIFNwYWluIiwiaHRpZG9jaWQiOiJaZThqdDVFQWp1Ui1iNXRqQUFBQUFBPT0iLCJ1dWxlIjoidytDQUlRSUNJRlUzQmhhVzQifQ==,7
eyJqb2JfdGl0bGUiOiJUw6ljbmljbyAoYSkgSU5GT1JNw4FUSUNPIC8gVMOpY25pY28gKGEpIFNvcG9ydGUgRVJQIiwiY29tcGFueV9uYW1lIjoiT3pvbmEgVGVjbm9sb2fDrWEiLCJhZGRyZXNzX2NpdHkiOiJTYW50aWFnbyBkZSBDb21wb3N0ZWxhLCBNdW5pY2lwYWxpdHkgb2YgU2FudGlhZ28gZGUgQ29tcG9zdGVsYSwgU3BhaW4iLCJodGlkb2NpZCI6ImNqT1ZYaWVlbVZsRW9sX3lBQUFBQUE9PSIsInV1bGUiOiJ3K0NBSVFJQ0lGVTNCaGFXNCJ9,7
eyJqb2JfdGl0bGUiOiJUZWNuaWNvIGRlIGNhbXBvIE4yIC0gUmVtb3RvIiwiY29tcGFueV9uYW1lIjoiUGFnZSBQZXJzb25uZWwiLCJhZGRyZXNzX2NpdHkiOiJNYWRyaWQsIFNwYWluIiwiaHRpZG9jaWQiOiJoZXVGSm91eDQ2bUk1VEI5QUFBQUFBPT0iLCJ1dWxlIjoidytDQUlRSUNJRlUzQmhhVzQifQ==,7
eyJqb2JfdGl0bGUiOiJUw4lDTklDTy9BIFNJU1RFTUFTIElORk9STcOBVElDT1MiLCJjb21wYW55X25hbWUiOiJURU1QT1JJTkcgRVRUIiwiYWRkcmVzc19jaXR5IjoiQSBDb3J1w7FhLCBTcGFpbiIsImh0aWRvY2lkIjoiWUNMU2xtOXp6UmNrYnVWLUFBQUFBQT09IiwidXVsZSI6IncrQ0FJUUlDSUZVM0JoYVc0In0=,7
eyJqb2JfdGl0bGUiOiJUw4lDTklDTyBERSBBRE1JTklTVFJBQ0nDk04gREUgU0lTVEVNQVMiLCJjb21wYW55X25hbWUiOiJHSU9TIiwiYWRkcmVzc19jaXR5IjoiQmFyY2Vsb25hLCBTcGFpbiIsImh0aWRvY2lkIjoiMms5Z083SXRYZ084eVprN0FBQUFBQT09IiwidXVsZSI6IncrQ0FJUUlDSUZVM0JoYVc0In0=,7
eyJqb2JfdGl0bGUiOiJQcm9ncmFtYWRvci9hIEZyb250ZW5kIC0gQW5ndWxhciIsImNvbXBhbnlfbmFtZSI6InNlcmVtLiBDb25zdWx0b3LDrWEgZW1wcmVzYXJpYWwiLCJhZGRyZXNzX2NpdHkiOiJCYXJjZWxvbmEsIFNwYWluIiwiaHRpZG9jaWQiOiJxWE5HcTZEc0J6ZTl2UDlIQUFBQUFBPT0iLCJ1dWxlIjoidytDQUlRSUNJRlUzQmhhVzQifQ==,1
eyJqb2JfdGl0bGUiOiJQcm9ncmFtYWRvci9BIEJhY2tlbmQgQmFqbyBBcnF1aXRlY3R1cmFzIERlIE1pY3Jvc2VydmljaW9zLiBUZWxldHJhYmFqbyIsImNvbXBhbnlfbmFtZSI6IktyZWxsLUNvbnN1bHRpbmciLCJhZGRyZXNzX2NpdHkiOiJCYXJjZWxvbmEsIFNwYWluIiwiaHRpZG9jaWQiOiJta0lieVZqdjB5cEQyOWtCQUFBQUFBPT0iLCJ1dWxlIjoidytDQUlRSUNJRlUzQmhhVzQifQ==,1
eyJqb2JfdGl0bGUiOiJJbmdlbmllcm8vYSBzZW5pb3IgZGUgc2lzdGVtYXMgeSByZWRlcyIsImNvbXBhbnlfbmFtZSI6IkluZHJhIiwiYWRkcmVzc19jaXR5IjoiQXJhbmp1ZXosIFNwYWluIiwiaHRpZG9jaWQiOiIzeGU5aGkwRFUyY1JUQWtyQUFBQUFBPT0iLCJ1dWxlIjoidytDQUlRSUNJRlUzQmhhVzQifQ==,1
eyJqb2JfdGl0bGUiOiJJbmdlbmllcm8vYSBTZW5pb3IgUHJvY2VzYWRvIFNlw7FhbCIsImNvbXBhbnlfbmFtZSI6IkdyYWRpYW50IiwiYWRkcmVzc19jaXR5IjoiVmlnbywgTXVuaWNpcGFsaXR5IG9mIFZpZ28sIFNwYWluIiwiaHRpZG9jaWQiOiJDMzJUQkNoSHZ4MWJZWHFlQUFBQUFBPT0iLCJ1dWxlIjoidytDQUlRSUNJRlUzQmhhVzQifQ==,7
eyJqb2JfdGl0bGUiOiJJbmdlbmllcm8vYSBEZXNhcnJvbGxhZG9yL2EgU2VuaW9yIEFwbGljYWNpb25lcyBXZWIiLCJjb21wYW55X25hbWUiOiJMYWJvcmludG9zIiwiYWRkcmVzc19jaXR5IjoiTWFkcmlkLCBTcGFpbiIsImh0aWRvY2lkIjoia1g5RTdGd0JDVGFQYVJiMEFBQUFBQT09IiwidXVsZSI6IncrQ0FJUUlDSUZVM0JoYVc0In0=,1
eyJqb2JfdGl0bGUiOiJEZXNhcnJvbGxhZG9yIFNXIEVtYmViaWRvIiwiY29tcGFueV9uYW1lIjoiQmV0d2VlbiBUZWNobm9sb2d5IiwiYWRkcmVzc19jaXR5IjoiTGXDs24sIFNwYWluIiwiaHRpZG9jaWQiOiJDcFRHVzRsTktMZXpabjF0QUFBQUFBPT0iLCJ1dWxlIjoidytDQUlRSUNJRlUzQmhhVzQifQ==,1
eyJqb2JfdGl0bGUiOiJJbmdlbmllcm8vQSBEZSBIYXJkd2FyZSAoU2lzdGVtYXMgRW1iZWJpZG9zKSIsImNvbXBhbnlfbmFtZSI6IkFydmlrb24iLCJhZGRyZXNzX2NpdHkiOiJaYXJhZ296YSwgU3BhaW4iLCJodGlkb2NpZCI6IlYtTGwyVHpUUU9qRVBlX0JBQUFBQUE9PSIsInV1bGUiOiJ3K0NBSVFJQ0lGVTNCaGFXNCJ9,7
eyJqb2JfdGl0bGUiOiJJTkdFTklFUkAgRU4gU0lTVEVNQVMgRU1CRUJJRE9TIFkgU09MVUNJT05FUyBTT0ZUV0FSRSIsImNvbXBhbnlfbmFtZSI6IlN0YWRsZXIgVmFsZW5jaWEiLCJhZGRyZXNzX2NpdHkiOiJTcGFpbiIsImh0aWRvY2lkIjoicnlGUGNQdjdfUF9MSTRqZUFBQUFBQT09IiwidXVsZSI6IncrQ0FJUUlDSUZVM0JoYVc0In0=,7
eyJqb2JfdGl0bGUiOiJJbmdlbmllcm8vYSBkZSBMaW51eCBFbWJlYmlkbyB5IEZXIiwiY29tcGFueV9uYW1lIjoiU2luIGVzcGVjaWZpY2FyIiwiYWRkcmVzc19jaXR5IjoiQmlsYmFvLCBTcGFpbiIsImh0aWRvY2lkIjoicks3ZVdUM0k5dzR5Sm1pT0FBQUFBQT09IiwidXVsZSI6IncrQ0FJUUlDSUZVM0JoYVc0In0=,1
eyJqb2JfdGl0bGUiOiJJbmdlbmllcm8gZGUgU29mdHdhcmUgRW1iZWJpZG8gQysrIiwiY29tcGFueV9uYW1lIjoiTmVvdGFsZW50IENvbmNsdXNpb24iLCJhZGRyZXNzX2NpdHkiOiJTcGFpbiIsImh0aWRvY2lkIjoiU0RyMnRHTXVHTUpOX0p4YUFBQUFBQT09IiwidXVsZSI6IncrQ0FJUUlDSUZVM0JoYVc0In0=,1
eyJqb2JfdGl0bGUiOiJBcnF1aXRlY3RvL2EgR29vZ2xlIENsb3VkIHkgQXBpZ2VlIiwiY29tcGFueV9uYW1lIjoiR3J1cG8gTlMiLCJhZGRyZXNzX2NpdHkiOiJNYWRyaWQsIFNwYWluIiwiaHRpZG9jaWQiOiJWMlZ3YzBWcmtOZERxY0xzQUFBQUFBPT0iLCJ1dWxlIjoidytDQUlRSUNJRlUzQmhhVzQifQ==,1
eyJqb2JfdGl0bGUiOiJBcnF1aXRlY3RvIENsb3VkIEdDUCIsImNvbXBhbnlfbmFtZSI6IlJlY29kbWUiLCJhZGRyZXNzX2NpdHkiOiJNYWRyaWQsIFNwYWluIiwiaHRpZG9jaWQiOiJnN1I4b29tYTRjMUxieWZuQUFBQUFBPT0iLCJ1dWxlIjoidytDQUlRSUNJRlUzQmhhVzQifQ==,1
eyJqb2JfdGl0bGUiOiJBcnF1aXRlY3RvIENsb3VkIElBLyBJbmdsw6lzIEMxLUMyLyBSZW1vdG8gMTAwJSIsImNvbXBhbnlfbmFtZSI6IktyZWxsLWNvbnN1bHRpbmciLCJhZGRyZXNzX2NpdHkiOiJNYWRyaWQsIFNwYWluIiwiaHRpZG9jaWQiOiJ6LW5GcU9KREgtOWFvZ1llQUFBQUFBPT0iLCJ1dWxlIjoidytDQUlRSUNJRlUzQmhhVzQifQ==,7
eyJqb2JfdGl0bGUiOiJFc3BlY2lhbGlzdGEgZW4gQmlnIERhdGEgeSBzY3JpcHRzIGdlb3NwYWNpYWxlcyBjb24gUHl0aG9uIiwiY29tcGFueV9uYW1lIjoiVFlDIEdJUyBGb3JtYWNpw7NuIiwiYWRkcmVzc19jaXR5IjoiVmlnbywgTXVuaWNpcGFsaXR5IG9mIFZpZ28sIFNwYWluIiwiaHRpZG9jaWQiOiI4aTJUbGJNNUVZM3lCVndDQUFBQUFBPT0iLCJ1dWxlIjoidytDQUlRSUNJRlUzQmhhVzQifQ==,1
eyJqb2JfdGl0bGUiOiJFeHBlcnRvL2EgZW4gQmlnIERhdGEiLCJjb21wYW55X25hbWUiOiJBTFRFTiBTcGFpbiIsImFkZHJlc3NfY2l0eSI6Ik1hZHJpZCwgU3BhaW4iLCJodGlkb2NpZCI6InpyNTdzSlpXLTdBSTZOOXVBQUFBQUE9PSIsInV1bGUiOiJ3K0NBSVFJQ0lGVTNCaGFXNCJ9,1
eyJqb2JfdGl0bGUiOiJEYXRhIEFuYWx5c3QiLCJjb21wYW55X25hbWUiOiJTREcgR3JvdXAgRXNwYcOxYSIsImFkZHJlc3NfY2l0eSI6IlZhbGVuY2lhLCBTcGFpbiIsImh0aWRvY2lkIjoiallMaHFmVzBWVVNoY01jYUFBQUFBQT09IiwidXVsZSI6IncrQ0FJUUlDSUZVM0JoYVc0In0=,1
eyJqb2JfdGl0bGUiOiJEYXRhIEFuYWx5c3QiLCJjb21wYW55X25hbWUiOiJTSUkgR3JvdXAgU3BhaW4iLCJhZGRyZXNzX2NpdHkiOiJWaWxhZGVjYW5zLCBTcGFpbiIsImh0aWRvY2lkIjoieDVVNTFJaTNnakg5cXJmcEFBQUFBQT09IiwidXVsZSI6IncrQ0FJUUlDSUZVM0JoYVc0In0=,1
eyJqb2JfdGl0bGUiOiJFeHBlcnRvIEJpZyBEYXRhIiwiY29tcGFueV9uYW1lIjoiUHJvY2VzaWEiLCJhZGRyZXNzX2NpdHkiOiJTcGFpbiIsImh0aWRvY2lkIjoiQXhfZTB1N1Vsd3dGLTd1d0FBQUFBQT09IiwidXVsZSI6IncrQ0FJUUlDSUZVM0JoYVc0In0=,1
eyJqb2JfdGl0bGUiOiJEZXNhcnJvbGxhZG9yIGRlIGZyb250LWVuZCIsImNvbXBhbnlfbmFtZSI6IkxJUyBEYXRhIFNvbHV0aW9ucyBFUyB8IERhdGEgZm9yIENoYW5nZSIsImFkZHJlc3NfY2l0eSI6IlNhbnRhIENydXogZGUgQmV6YW5hLCBTcGFpbiIsImh0aWRvY2lkIjoibVRjdTlxRUpPNHBXMkVvS0FBQUFBQT09IiwidXVsZSI6IncrQ0FJUUlDSUZVM0JoYVc0In0=,1
eyJqb2JfdGl0bGUiOiJTZW5pb3IgRGF0YSBBbmFseXRpY3MgQ29uc3VsdGFudCIsImNvbXBhbnlfbmFtZSI6Ik1ha2luZyBTY2llbmNlIiwiYWRkcmVzc19jaXR5IjoiTWFkcmlkLCBTcGFpbiIsImh0aWRvY2lkIjoiOUZTbFV1OWlSaURlbHE0TUFBQUFBQT09IiwidXVsZSI6IncrQ0FJUUlDSUZVM0JoYVc0In0=,1
eyJqb2JfdGl0bGUiOiJUw6ljbmljbyBkZSBTaXN0ZW1hcyB5IENvbXVuaWNhY2lvbmVzIiwiY29tcGFueV9uYW1lIjoiQ1NBIEFzc29jaWF0cyIsImFkZHJlc3NfY2l0eSI6IkJhcmNlbG9uYSwgU3BhaW4iLCJodGlkb2NpZCI6IjFfdEdTMXE1SVB5MDc5dUVBQUFBQUE9PSIsInV1bGUiOiJ3K0NBSVFJQ0lGVTNCaGFXNCJ9,7
eyJqb2JfdGl0bGUiOiJUw6ljbmljbyBkZSBzZWd1cmlkYWQgeSBjb211bmljYWNpb25lcyIsImNvbXBhbnlfbmFtZSI6Ik1pY2hhZWwgUGFnZSIsImFkZHJlc3NfY2l0eSI6IsOBbGF2YSwgU3BhaW4iLCJodGlkb2NpZCI6ImhlNml4Nk1UUG53OTYyVU1BQUFBQUE9PSIsInV1bGUiOiJ3K0NBSVFJQ0lGVTNCaGFXNCJ9,7
eyJqb2JfdGl0bGUiOiJUw6ljbmljby9hIFNlbmlvciBTaXN0ZW1hcyB5IENvbXVuaWNhY2lvbmVzIiwiY29tcGFueV9uYW1lIjoiQTE2QklUIiwiYWRkcmVzc19jaXR5IjoiTWF0YXLDsywgU3BhaW4iLCJodGlkb2NpZCI6IlB5Z2lkNU1lcndJZTFwTUtBQUFBQUE9PSIsInV1bGUiOiJ3K0NBSVFJQ0lGVTNCaGFXNCJ9,7
eyJqb2JfdGl0bGUiOiJUw6ljbmljby9hIENvbXVuaWNhY2lvbmVzIHkgUmVkZXMiLCJjb21wYW55X25hbWUiOiJDU0EiLCJhZGRyZXNzX2NpdHkiOiJNYWRyaWQsIFNwYWluIiwiaHRpZG9jaWQiOiJpcHg0YXNyczVCMy0tNThjQUFBQUFBPT0iLCJ1dWxlIjoidytDQUlRSUNJRlUzQmhhVzQifQ==,7
eyJqb2JfdGl0bGUiOiJUw6ljbmljbyBkZSBNYW50ZW5pbWllbnRvIFRlbGVjb211bmljYWNpb25lcyAoSC9NL1gpIiwiY29tcGFueV9uYW1lIjoiQ2liZXJub3MiLCJhZGRyZXNzX2NpdHkiOiJMYXMgUGFsbWFzIGRlIEdyYW4gQ2FuYXJpYSwgU3BhaW4iLCJodGlkb2NpZCI6IjJXUXdpU0ptcGtfY21WclFBQUFBQUE9PSIsInV1bGUiOiJ3K0NBSVFJQ0lGVTNCaGFXNCJ9,7
eyJqb2JfdGl0bGUiOiJUw6ljbmljbyBkZSBDb211bmljYWNpb25lcyB5IFNlZ3VyaWRhZCAoSC9NL1gpIiwiY29tcGFueV9uYW1lIjoiU2lzdGVtYXMgQXZhbnphZG9zIGRlIFRlY25vbG9nw61hLCBTLkEuICggU0FURUMgKSIsImFkZHJlc3NfY2l0eSI6IkJpbGJhbywgU3BhaW4iLCJodGlkb2NpZCI6InBSQjhQTjNpTll0T3oxR25BQUFBQUE9PSIsInV1bGUiOiJ3K0NBSVFJQ0lGVTNCaGFXNCJ9,7
eyJqb2JfdGl0bGUiOiJUw6ljbmljbyBkZSBpbnN0YWxhY2nDs24gZGUgcmVkZXMgeSBjb211bmljYWNpb25lcyIsImNvbXBhbnlfbmFtZSI6IlYtQ29uc3VsdGluZyIsImFkZHJlc3NfY2l0eSI6IkPDs3Jkb2JhLCBTcGFpbiIsImh0aWRvY2lkIjoic1hZQ1plejJHV2F4NlpUTkFBQUFBQT09IiwidXVsZSI6IncrQ0FJUUlDSUZVM0JoYVc0In0=,7
eyJqb2JfdGl0bGUiOiJUZWNuaWNvL2EgZGUgc2VndXJpZGFkIHkgY29tdW5pY2FjaW9uZXMiLCJjb21wYW55X25hbWUiOiJUUlMgU3RhZmZpbmcgU29sdXRpb25zIiwiYWRkcmVzc19jaXR5IjoiU2V2aWxsZSwgU3BhaW4iLCJodGlkb2NpZCI6IjdFVXkxbXprZXlQcFlaa1BBQUFBQUE9PSIsInV1bGUiOiJ3K0NBSVFJQ0lGVTNCaGFXNCJ9,7
eyJqb2JfdGl0bGUiOiJUw6ljbmljbyBkZSBzZWd1cmlkYWQgeSBjb211bmljYWNpb25lcywgw4FsYXZhIiwiY29tcGFueV9uYW1lIjoiTWljaGFlbCBQYWdlIiwiYWRkcmVzc19jaXR5IjoiVml0b3JpYS1HYXN0ZWl6LCBTcGFpbiIsImh0aWRvY2lkIjoieFY2UWRib0Q1VVlzZjA4NUFBQUFBQT09IiwidXVsZSI6IncrQ0FJUUlDSUZVM0JoYVc0In0=,7
eyJqb2JfdGl0bGUiOiJBbmFsaXN0YSBkZSBkYXRvcy4gcmVtb3RvIiwiY29tcGFueV9uYW1lIjoiTm92YW5vdGlvIiwiYWRkcmVzc19jaXR5IjoiTWFkcmlkLCBTcGFpbiIsImh0aWRvY2lkIjoia3JEUFBjY21iTTY5VGNyUUFBQUFBQT09IiwidXVsZSI6IncrQ0FJUUlDSUZVM0JoYVc0In0=,9
eyJqb2JfdGl0bGUiOiJEYXRhIEFuYWx5c3QgY29uIFRhYmxlYXUgLSA5MCUgcmVtb3RvIiwiY29tcGFueV9uYW1lIjoiT3hpZ2VudCBUZWNobm9sb2dpZXMiLCJhZGRyZXNzX2NpdHkiOiJCYXJjZWxvbmEsIFNwYWluIiwiaHRpZG9jaWQiOiJQWktOZ3NWZzYyLTdYdDRxQUFBQUFBPT0iLCJ1dWxlIjoidytDQUlRSUNJRlUzQmhhVzQifQ==,9
eyJqb2JfdGl0bGUiOiJEYXRhIEFuYWx5dGljcyBFbmdpbmVlciAocmVtb3RvKSIsImNvbXBhbnlfbmFtZSI6IkFWQU5TRUwgU2VsZWNjacOzbiAtIENvbnN1bHRvcmEgZGUgUmVjdXJzb3MgSHVtYW5vcyIsImFkZHJlc3NfY2l0eSI6IkJhcmNlbG9uYSwgU3BhaW4iLCJodGlkb2NpZCI6ImkzaEN1NWg3aHA4S2pJSUFBQUFBQUE9PSIsInV1bGUiOiJ3K0NBSVFJQ0lGVTNCaGFXNCJ9,1
eyJqb2JfdGl0bGUiOiJEZXNhcnJvbGxhZG9yIGRlIGFwbGljYWNpb25lcyBtw7N2aWxlcyBpT1MgLyBBbmRyb2lkIiwiY29tcGFueV9uYW1lIjoiUHJvbm91biIsImFkZHJlc3NfY2l0eSI6IlNwYWluIiwiaHRpZG9jaWQiOiJJdGlCVGRSMHQxZU4tMkctQUFBQUFBPT0iLCJ1dWxlIjoidytDQUlRSUNJRlUzQmhhVzQifQ==,1
eyJqb2JfdGl0bGUiOiJEZXNhcnJvbGxhZG9yIGRlIEFwbGljYWNpb25lcyBNw7N2aWxlcyIsImNvbXBhbnlfbmFtZSI6Ik1hcmxleCIsImFkZHJlc3NfY2l0eSI6Ik1hZHJpZCwgU3BhaW4iLCJodGlkb2NpZCI6Ii00cnZ2Uk40dE5taDBiaFpBQUFBQUE9PSIsInV1bGUiOiJ3K0NBSVFJQ0lGVTNCaGFXNCJ9,1
eyJqb2JfdGl0bGUiOiJEZXNhcnJvbGxhZG9yIEFwbGljYWNpb25lcyBNw7N2aWxlcyAoUmVhY3QgTmF0aXZlKSIsImNvbXBhbnlfbmFtZSI6IlVuc3BlY2lmaWVkIiwiYWRkcmVzc19jaXR5IjoiTWFkcmlkLCBTcGFpbiIsImh0aWRvY2lkIjoiald2VHBsSUUtOVVTM1piSUFBQUFBQT09IiwidXVsZSI6IncrQ0FJUUlDSUZVM0JoYVc0In0=,1
eyJqb2JfdGl0bGUiOiJQcm9ncmFtYWRvciBiYXNlcyBkZSBkYXRvcyIsImNvbXBhbnlfbmFtZSI6IkdydXBvIERpZ2l0YWwiLCJhZGRyZXNzX2NpdHkiOiJNYWRyaWQsIFNwYWluIiwiaHRpZG9jaWQiOiJSbkZIWFNfSVA1Vk0yaHlCQUFBQUFBPT0iLCJ1dWxlIjoidytDQUlRSUNJRlUzQmhhVzQifQ==,1
eyJqb2JfdGl0bGUiOiJJbmdlbmllcm8gSW5mb3Jtw6F0aWNvIC0gRnVsbCBTdGFjayBEZXZlbG9wZXIiLCJjb21wYW55X25hbWUiOiJTZW5zaW5nIFRleCIsImFkZHJlc3NfY2l0eSI6IlNhbnQgQ3VnYXQgZGVsIFZhbGzDqHMsIFNwYWluIiwiaHRpZG9jaWQiOiJJS0xIRGgtSHpDNFFsOFgtQUFBQUFBPT0iLCJ1dWxlIjoidytDQUlRSUNJRlUzQmhhVzQifQ==,1
eyJqb2JfdGl0bGUiOiJJbmdlbmllcm8vYSBJbmZvcm3DoXRpY28gU2VjdG9yIFDDumJsaWNvIC0gTWFkcmlkIiwiY29tcGFueV9uYW1lIjoiTWF5IEJ1c2luZXNzIENvbnN1bHRpbmciLCJhZGRyZXNzX2NpdHkiOiJNYWRyaWQsIFNwYWluIiwiaHRpZG9jaWQiOiI4cDdEN3FzeTF4ekV3QnltQUFBQUFBPT0iLCJ1dWxlIjoidytDQUlRSUNJRlUzQmhhVzQifQ==,9
eyJqb2JfdGl0bGUiOiJJbmdlbmllcm8vYSBJbmZvcm3DoXRpY28iLCJjb21wYW55X25hbWUiOiJSdXNzdWxhIiwiYWRkcmVzc19jaXR5IjoiQSBDb3J1w7FhLCBTcGFpbiIsImh0aWRvY2lkIjoib3Z2aTRMU0wtTEo5OTRJbEFBQUFBQT09IiwidXVsZSI6IncrQ0FJUUlDSUZVM0JoYVc0In0=,1
eyJqb2JfdGl0bGUiOiJQcm9ncmFtYWRvci9hIEluZm9ybcOhdGljby9hIiwiY29tcGFueV9uYW1lIjoiQ3JpdGVyaWEgUmVjdXJzb3MgSHVtYW5vcyIsImFkZHJlc3NfY2l0eSI6IkJlcmdhLCBTcGFpbiIsImh0aWRvY2lkIjoialpBRDFNTTRqWU9HYVhyUUFBQUFBQT09IiwidXVsZSI6IncrQ0FJUUlDSUZVM0JoYVc0In0=,7
eyJqb2JfdGl0bGUiOiJleHBlcnRvIGF1dG9tYXRpemFjacOzbiBCTUMiLCJjb21wYW55X25hbWUiOiJEYXRhIEFkdmlzZXIiLCJhZGRyZXNzX2NpdHkiOiJNYWRyaWQsIFNwYWluIiwiaHRpZG9jaWQiOiJScDhOM213b0NVLV94TlFTQUFBQUFBPT0iLCJ1dWxlIjoidytDQUlRSUNJRlUzQmhhVzQifQ==,7
eyJqb2JfdGl0bGUiOiJFeHBlcnRvIEF1dG9tYXRpemFjacOzbiBEZSBTdXNjcmlwY2lvbmVzIFkiLCJjb21wYW55X25hbWUiOiJNYXRjaHRlY2ggR3JvdXAgKFVrKSBMdGQiLCJhZGRyZXNzX2NpdHkiOiJNYWRyaWQsIFNwYWluIiwiaHRpZG9jaWQiOiJUbmgwRUlFMTJZWV83VDFnQUFBQUFBPT0iLCJ1dWxlIjoidytDQUlRSUNJRlUzQmhhVzQifQ==,1
eyJqb2JfdGl0bGUiOiJUw6ljbmljby9hIGRlIHNpc3RlbWFzIElUIEp1bmlvciAoTGluYXJlcykiLCJjb21wYW55X25hbWUiOiJMb2dpUkFJTCIsImFkZHJlc3NfY2l0eSI6IkxpbmFyZXMsIFNwYWluIiwiaHRpZG9jaWQiOiJ1cks5azBRWHdJT1dzdjJWQUFBQUFBPT0iLCJ1dWxlIjoidytDQUlRSUNJRlUzQmhhVzQifQ==,1
eyJqb2JfdGl0bGUiOiJBbmFsaXN0YSBQcm9ncmFtYWRvciIsImNvbXBhbnlfbmFtZSI6ImRvbWVzdGlrby5jb20iLCJhZGRyZXNzX2NpdHkiOiJaYXJhZ296YSwgU3BhaW4iLCJodGlkb2NpZCI6IkVDYzhncFJuMFdNUFhveVVBQUFBQUE9PSIsInV1bGUiOiJ3K0NBSVFJQ0lGVTNCaGFXNCJ9,1
eyJqb2JfdGl0bGUiOiJBbmFsaXN0YSBQcm9ncmFtYWRvci9hIiwiY29tcGFueV9uYW1lIjoiTVNYIEludGVybmF0aW9uYWwiLCJhZGRyZXNzX2NpdHkiOiJTYW50IEp1c3QgRGVzdmVybiwgU3BhaW4iLCJodGlkb2NpZCI6Im9PdFVTSUFVb2dyRC1BNHlBQUFBQUE9PSIsInV1bGUiOiJ3K0NBSVFJQ0lGVTNCaGFXNCJ9,1
eyJqb2JfdGl0bGUiOiJUw6ljbmljbyBkZSBzaXN0ZW1hcyBJVCBKdW5pb3IgKE3DqXJpZGEpIiwiY29tcGFueV9uYW1lIjoiTG9naVJBSUwiLCJhZGRyZXNzX2NpdHkiOiJNw6lyaWRhLCBTcGFpbiIsImh0aWRvY2lkIjoiWFF6V3l6VG42eWtiM1h2VEFBQUFBQT09IiwidXVsZSI6IncrQ0FJUUlDSUZVM0JoYVc0In0=,1
eyJqb2JfdGl0bGUiOiJTZW5pb3IgQkkgQ29uc3VsdGFudCIsImNvbXBhbnlfbmFtZSI6Ik1hbmFnZW1lbnQgSW50ZWxsaWdlbmNlIENvbnN1bHRpbmciLCJhZGRyZXNzX2NpdHkiOiJCYXJjZWxvbmEsIFNwYWluIiwiaHRpZG9jaWQiOiJoZHpJTHpMaEJfNHJoSHVSQUFBQUFBPT0iLCJ1dWxlIjoidytDQUlRSUNJRlUzQmhhVzQifQ==,1
eyJqb2JfdGl0bGUiOiJCSSBNYW5hZ2VyIiwiY29tcGFueV9uYW1lIjoiU2luIGVzcGVjaWZpY2FyIiwiYWRkcmVzc19jaXR5IjoiU3BhaW4iLCJodGlkb2NpZCI6IlNqZlBqTm9heWFMZGxTWkJBQUFBQUE9PSIsInV1bGUiOiJ3K0NBSVFJQ0lGVTNCaGFXNCJ9,1
eyJqb2JfdGl0bGUiOiJDb25zdWx0b3IgUG93ZXIgQkkiLCJjb21wYW55X25hbWUiOiJNb3ZpbGdlcyBJVCBDb25zdWx0aW5nIiwiYWRkcmVzc19jaXR5IjoiTWFkcmlkLCBTcGFpbiIsImh0aWRvY2lkIjoickp0aHE0blZmUTlsV19wekFBQUFBQT09IiwidXVsZSI6IncrQ0FJUUlDSUZVM0JoYVc0In0=,9
eyJqb2JfdGl0bGUiOiJDb25zdWx0b3IgUG93ZXIgQkkiLCJjb21wYW55X25hbWUiOiJNb3ZpbGdlcyBJVCBDb25zdWx0aW5nIiwiYWRkcmVzc19jaXR5IjoiTWFkcmlkLCBTcGFpbiIsImh0aWRvY2lkIjoickp0aHE0blZmUTlsV19wekFBQUFBQT09IiwidXVsZSI6IncrQ0FJUUlDSUZVM0JoYVc0In0=,1
eyJqb2JfdGl0bGUiOiJCSSBBbmFseXN0IiwiY29tcGFueV9uYW1lIjoiQklQIiwiYWRkcmVzc19jaXR5IjoiTWFkcmlkLCBTcGFpbiIsImh0aWRvY2lkIjoib29EVW5HNWJUSHM0UFhJRkFBQUFBQT09IiwidXVsZSI6IncrQ0FJUUlDSUZVM0JoYVc0In0=,7
eyJqb2JfdGl0bGUiOiJCSSBBbmFseXN0IiwiY29tcGFueV9uYW1lIjoiQklQIiwiYWRkcmVzc19jaXR5IjoiTWFkcmlkLCBTcGFpbiIsImh0aWRvY2lkIjoib29EVW5HNWJUSHM0UFhJRkFBQUFBQT09IiwidXVsZSI6IncrQ0FJUUlDSUZVM0JoYVc0In0=,1
eyJqb2JfdGl0bGUiOiJCdXNpbmVzcyBJbnRlbGxpZ2VuY2UgYW5kIERhdGEgRW5naW5lZXIgW1JlbW90ZSBQb3NpdGlvbiBiYXNlZCBpbiBTcGFpbl0iLCJjb21wYW55X25hbWUiOiJTcG90YWhvbWUiLCJhZGRyZXNzX2NpdHkiOiJNYWRyaWQsIFNwYWluIiwiaHRpZG9jaWQiOiJBN21HM0J1aTg1UWlkR0tXQUFBQUFBPT0iLCJ1dWxlIjoidytDQUlRSUNJRlUzQmhhVzQifQ==,1
eyJqb2JfdGl0bGUiOiJEYXRhLCBBSSBcdTAwMjYgQkkgLSBEYXRhIEFuYWx5c3QiLCJjb21wYW55X25hbWUiOiJQcm9kd2FyZSIsImFkZHJlc3NfY2l0eSI6Ik1hZHJpZCwgU3BhaW4iLCJodGlkb2NpZCI6InNFZFZaRzZWLVFLTkZneDBBQUFBQUE9PSIsInV1bGUiOiJ3K0NBSVFJQ0lGVTNCaGFXNCJ9,1
eyJqb2JfdGl0bGUiOiJUw6ljbmljby9hIGluZm9ybcOhdGljbyAoVHJhbnNmb3JtYWNpw7NuIERpZ2l0YWwpIiwiY29tcGFueV9uYW1lIjoiQU5DTyIsImFkZHJlc3NfY2l0eSI6IkJhcmNlbG9uYSwgU3BhaW4iLCJodGlkb2NpZCI6Il9YaXJXbEFoYzlfM0laOFVBQUFBQUE9PSIsInV1bGUiOiJ3K0NBSVFJQ0lGVTNCaGFXNCJ9,1
eyJqb2JfdGl0bGUiOiJFeHBlcnRvL2EgZW4gQ2liZXJzZWd1cmlkYWQgQ2xvdWQiLCJjb21wYW55X25hbWUiOiJDYXJyZWZvdXIgRXNwYcOxYSIsImFkZHJlc3NfY2l0eSI6IlNwYWluIiwiaHRpZG9jaWQiOiJial85VW9GTDBIV3NObXZqQUFBQUFBPT0iLCJ1dWxlIjoidytDQUlRSUNJRlUzQmhhVzQifQ==,7
eyJqb2JfdGl0bGUiOiJSZXNwb25zYWJsZSBkZSBzaXN0ZW1hcyIsImNvbXBhbnlfbmFtZSI6IkxISCIsImFkZHJlc3NfY2l0eSI6IlRhcnJhZ29uYSwgU3BhaW4iLCJodGlkb2NpZCI6Im1DbjMxQnljVGZRbHVQemdBQUFBQUE9PSIsInV1bGUiOiJ3K0NBSVFJQ0lGVTNCaGFXNCJ9,7
eyJqb2JfdGl0bGUiOiJHZXN0b3IvYSBkZSBQcm95ZWN0b3MgRGVzYXJyb2xsbyBTb2Z0d2FyZSBDbG91ZCB5IGFwbGljYWNpb25lcyBXRUIiLCJjb21wYW55X25hbWUiOiJPcm9uYSIsImFkZHJlc3NfY2l0eSI6Ikhlcm5hbmksIFNwYWluIiwiaHRpZG9jaWQiOiJJaWdqZVdEQmpPSXkwck81QUFBQUFBPT0iLCJ1dWxlIjoidytDQUlRSUNJRlUzQmhhVzQifQ==,1
eyJqb2JfdGl0bGUiOiJJbmdlbmllcm8vYSBkZSBHZXN0acOzbiBkZSBQcm95ZWN0b3MgLSBKdW5pb3IgKFNlY3RvciBOYXZhbCkiLCJjb21wYW55X25hbWUiOiJDZW50dW0iLCJhZGRyZXNzX2NpdHkiOiJDw6FkaXosIFNwYWluIiwiaHRpZG9jaWQiOiJNdENXdzhibFFidnU3WFlIQUFBQUFBPT0iLCJ1dWxlIjoidytDQUlRSUNJRlUzQmhhVzQifQ==,7
eyJqb2JfdGl0bGUiOiJUZWNuaWNvIGRlIE1hbnRlbmltaWVudG8iLCJjb21wYW55X25hbWUiOiJFcXVpbml4IiwiYWRkcmVzc19jaXR5IjoiTWFkcmlkLCBTcGFpbiIsImh0aWRvY2lkIjoiVWIxVW9IMGdGSnVidkFFbkFBQUFBQT09IiwidXVsZSI6IncrQ0FJUUlDSUZVM0JoYVc0In0=,1
eyJqb2JfdGl0bGUiOiJUw6ljbmljby9hIGRlIE1hbnRlbmltaWVudG8gU2lzdGVtYXMgZGUgU2VndXJpZGFkIC0gSW5zdGFsYWNpw7NuIHkgTWFudGVuaW1pZW50byBkZSBQdWVydGFzIEF1dG9tw6F0aWNhcyIsImNvbXBhbnlfbmFtZSI6IklTUFJPWCIsImFkZHJlc3NfY2l0eSI6IkFsY29iZW5kYXMsIFNwYWluIiwiaHRpZG9jaWQiOiJEck9HUFpUYk0xeWl1d0tjQUFBQUFBPT0iLCJ1dWxlIjoidytDQUlRSUNJRlUzQmhhVzQifQ==,7
eyJqb2JfdGl0bGUiOiJUw6ljbmljby9hIGRlIE1hbnRlbmltaWVudG8gU2lzdGVtYXMgZGUgU2VndXJpZGFkIC0gSW5zdGFsYWNpw7NuIHkgTWFudGVuaW1pZW50byBkZSBQdWVydGFzIEF1dG9tw6F0aWNhcyIsImNvbXBhbnlfbmFtZSI6IklTUFJPWCIsImFkZHJlc3NfY2l0eSI6IkFsY29iZW5kYXMsIFNwYWluIiwiaHRpZG9jaWQiOiJEck9HUFpUYk0xeWl1d0tjQUFBQUFBPT0iLCJ1dWxlIjoidytDQUlRSUNJRlUzQmhhVzQifQ==,1
eyJqb2JfdGl0bGUiOiJUw6ljbmljby9hIGRlIE1hbnRlbmltaWVudG8gSW5kdXN0cmlhbCIsImNvbXBhbnlfbmFtZSI6Ik5BIiwiYWRkcmVzc19jaXR5IjoiU3BhaW4iLCJodGlkb2NpZCI6Ink1ZVVEZ0p2aDFLdUJfeTBBQUFBQUE9PSIsInV1bGUiOiJ3K0NBSVFJQ0lGVTNCaGFXNCJ9,7
eyJqb2JfdGl0bGUiOiJUw6ljbmljby9hIGRlIE1hbnRlbmltaWVudG8uIFBhbG1hIGRlIE1hbGxvcmNhIChNL0YvRCkiLCJjb21wYW55X25hbWUiOiJUSyBFTEVWQURPUkVTIEVTUEHDkUEsIFNMVSIsImFkZHJlc3NfY2l0eSI6IlBhbG1hLCBTcGFpbiIsImh0aWRvY2lkIjoiMEVsVTZwTWM5a3ZuYUtQakFBQUFBQT09IiwidXVsZSI6IncrQ0FJUUlDSUZVM0JoYVc0In0=,7
eyJqb2JfdGl0bGUiOiJUw6ljbmljby9hIFN1cGVyaW9yIGVuIE1hbnRlbmltaWVudG8gRWxlY3Ryw7NuaWNvIiwiY29tcGFueV9uYW1lIjoiVGhhbGVzIiwiYWRkcmVzc19jaXR5IjoiTWFkcmlkLCBTcGFpbiIsImh0aWRvY2lkIjoiMmM1UXIyMjNxa0JIQVRNX0FBQUFBQT09IiwidXVsZSI6IncrQ0FJUUlDSUZVM0JoYVc0In0=,7
eyJqb2JfdGl0bGUiOiJUw6ljbmljby9hIGRlIE1hbnRlbmltaWVudG8iLCJjb21wYW55X25hbWUiOiJTeWNvIEludGVncmFjacOzbiBEZSBTaXN0ZW1hcyBHZXN0acOzbiBEZSBFbmVyZ8OtYSBTZWd1cmlkYWQgUyBSIEwiLCJhZGRyZXNzX2NpdHkiOiJHcmFuYWRhLCBTcGFpbiIsImh0aWRvY2lkIjoicWcxR0NwN3hvd01OZE03VkFBQUFBQT09IiwidXVsZSI6IncrQ0FJUUlDSUZVM0JoYVc0In0=,7
eyJqb2JfdGl0bGUiOiJUw6ljbmljby9hIGRlIEluc3RhbGFjacOzbiB5IE1hbnRlbmltaWVudG8gZGUgU2lzdGVtYXMgZGUgU2VndXJpZGFkIiwiY29tcGFueV9uYW1lIjoiSGF5cyIsImFkZHJlc3NfY2l0eSI6Ik11cmNpYSwgU3BhaW4iLCJodGlkb2NpZCI6IlV6b0FSdmQ5cml1VHpPOENBQUFBQUE9PSIsInV1bGUiOiJ3K0NBSVFJQ0lGVTNCaGFXNCJ9,7
eyJqb2JfdGl0bGUiOiJUw6ljbmljby9hIElUIChBZG1pbmlzdHJhZG9yL2EgQmFzZXMgZGUgZGF0b3MgLSBTUUwpIiwiY29tcGFueV9uYW1lIjoiTEhIIiwiYWRkcmVzc19jaXR5IjoiQmFyY2Vsb25hLCBTcGFpbiIsImh0aWRvY2lkIjoiMFV6UkZjM3RLaEhvRElFUkFBQUFBQT09IiwidXVsZSI6IncrQ0FJUUlDSUZVM0JoYVc0In0=,1
eyJqb2JfdGl0bGUiOiJUw6ljbmljbyBCRCBzaXN0ZW1hcyIsImNvbXBhbnlfbmFtZSI6Ik1pY2hhZWwgUGFnZSIsImFkZHJlc3NfY2l0eSI6Ik1hZHJpZCwgU3BhaW4iLCJodGlkb2NpZCI6Ik5JOG92d1NTbVdrSzRVcThBQUFBQUE9PSIsInV1bGUiOiJ3K0NBSVFJQ0lGVTNCaGFXNCJ9,1
eyJqb2JfdGl0bGUiOiJUw6ljbmljbyBBZG1pbmlzdHJhZG9yIERCQSBPcmFjbGUiLCJjb21wYW55X25hbWUiOiJHcnVwbyBBcmVsYW5jZSIsImFkZHJlc3NfY2l0eSI6IlNwYWluIiwiaHRpZG9jaWQiOiJIYTlpOWE2Rjh1My03VzJtQUFBQUFBPT0iLCJ1dWxlIjoidytDQUlRSUNJRlUzQmhhVzQifQ==,1
eyJqb2JfdGl0bGUiOiJCaWcgRGF0YSBEZXZlbG9wZXIiLCJjb21wYW55X25hbWUiOiJWZXJtb250IFNvbHV0aW9ucyIsImFkZHJlc3NfY2l0eSI6IlNwYWluIiwiaHRpZG9jaWQiOiJvbzVCYnlwUUMxY21CWlRLQUFBQUFBPT0iLCJ1dWxlIjoidytDQUlRSUNJRlUzQmhhVzQifQ==,1
eyJqb2JfdGl0bGUiOiLhtLXhtLrhtLEgQW5hbGlzdGEgUHJvZ3JhbWFkb3IgeSBQcm9ncmFtYWRvciBEQVRBIChKYXZhLE9yYWNsZSxQeXRob24sQXBhY2hlKSIsImNvbXBhbnlfbmFtZSI6IlByb2Nlc2lhIiwiYWRkcmVzc19jaXR5IjoiTWFkcmlkLCBTcGFpbiIsImh0aWRvY2lkIjoiR202ZGxxZHhkRGxWenU5UkFBQUFBQT09IiwidXVsZSI6IncrQ0FJUUlDSUZVM0JoYVc0In0=,1
eyJqb2JfdGl0bGUiOiLwn4eq8J+HpiBJbmdlbmllcm8vYSAvIGFuYWxpc3RhIGRlIGRhdG9zIiwiY29tcGFueV9uYW1lIjoiTGEgQ2FzYSBkZSBsYXMgQ2FyY2FzYXMiLCJhZGRyZXNzX2NpdHkiOiJKYXJhw616IGRlIGxhIFZlcmEsIFNwYWluIiwiaHRpZG9jaWQiOiIwYmNoZWpoeEpHRVFnaTg2QUFBQUFBPT0iLCJ1dWxlIjoidytDQUlRSUNJRlUzQmhhVzQifQ==,1
eyJqb2JfdGl0bGUiOiJJbmdlbmllcm8gZGUgZGF0b3MgZW4gc2lzdGVtYXMgYmFzYWRvcyBlbiBlbCBjb25vY2ltaWVudG8iLCJjb21wYW55X25hbWUiOiJWaWNvbXRlY2giLCJhZGRyZXNzX2NpdHkiOiJEb25vc3RpYS1TYW4gU2ViYXN0aWFuLCBTcGFpbiIsImh0aWRvY2lkIjoiWks4QlhUOWRhVmtVZ3otaUFBQUFBQT09IiwidXVsZSI6IncrQ0FJUUlDSUZVM0JoYVc0In0=,7
eyJqb2JfdGl0bGUiOiJBbmFsaXN0YSBQcm9ncmFtYWRvciBPcmFjbGUgMTAwJSByZW1vdG8iLCJjb21wYW55X25hbWUiOiJJT09OIiwiYWRkcmVzc19jaXR5IjoiU3BhaW4iLCJodGlkb2NpZCI6Im5SY2tJYzRZbEVQT3paRGhBQUFBQUE9PSIsInV1bGUiOiJ3K0NBSVFJQ0lGVTNCaGFXNCJ9,1
eyJqb2JfdGl0bGUiOiJQcsOhY3RpY2FzIFJlbXVuZXJhZGFzIERlc2Fycm9sbGFkb3IgZGUgU29mdHdhcmUgR0lTIChRR0lTKSIsImNvbXBhbnlfbmFtZSI6IkltcGxlbWVudGFsIFN5c3RlbXMiLCJhZGRyZXNzX2NpdHkiOiJNYWRyaWQsIFNwYWluIiwiaHRpZG9jaWQiOiJ6VlRBMTNObndmOTZUM2ZxQUFBQUFBPT0iLCJ1dWxlIjoidytDQUlRSUNJRlUzQmhhVzQifQ==,1
eyJqb2JfdGl0bGUiOiJEZXNhcnJvbGxhZG9yL2EgZGUgUmVwb3J0cyBlbiBQb3dlciBCSSIsImNvbXBhbnlfbmFtZSI6IlJPUyBST0NBLCBTLkEuIiwiYWRkcmVzc19jaXR5IjoiVMOgcnJlZ2EsIFNwYWluIiwiaHRpZG9jaWQiOiJ1ZHVyVVRfOXpMNkxzWjFWQUFBQUFBPT0iLCJ1dWxlIjoidytDQUlRSUNJRlUzQmhhVzQifQ==,1
eyJqb2JfdGl0bGUiOiIoRUVMNjcpIC0gSU5HRU5JRVJPIERFIFNFR1VSSURBRCBERSBTSVNURU1BUyIsImNvbXBhbnlfbmFtZSI6IkFlY29tIiwiYWRkcmVzc19jaXR5IjoiU3BhaW4iLCJodGlkb2NpZCI6IkhKYjR2dkFRVGpQNDFGUV9BQUFBQUE9PSIsInV1bGUiOiJ3K0NBSVFJQ0lGVTNCaGFXNCJ9,7
eyJqb2JfdGl0bGUiOiJJbmdlbmllcm8gaW5kdXN0cmlhbCBqdW5pb3IiLCJjb21wYW55X25hbWUiOiJBQiBTZWd1cmlkYWQiLCJhZGRyZXNzX2NpdHkiOiJCYXJjZWxvbmEsIFNwYWluIiwiaHRpZG9jaWQiOiJMWm5TcmlSdzJ6Q0o3cGhwQUFBQUFBPT0iLCJ1dWxlIjoidytDQUlRSUNJRlUzQmhhVzQifQ==,7
eyJqb2JfdGl0bGUiOiJJbmdlbmllcm8vYSBTaXN0ZW1hcyBTZWd1cmlkYWQiLCJjb21wYW55X25hbWUiOiJTYWZlZ3VhcmQgR2xvYmFsIFN0YWZmIExlYXNpbmcgU3BhaW4iLCJhZGRyZXNzX2NpdHkiOiJTcGFpbiIsImh0aWRvY2lkIjoiSEVLQW5VMmxHekN4d0tWSUFBQUFBQT09IiwidXVsZSI6IncrQ0FJUUlDSUZVM0JoYVc0In0=,7
eyJqb2JfdGl0bGUiOiJJbmdlbmllcm8gZGUgUHJveWVjdG9zIGRlIFNpc3RlbWFzIGRlIFNlZ3VyaWRhZCBFbGVjdHJvbmljYSIsImNvbXBhbnlfbmFtZSI6IkVaRU5USVMgSU5HRU5JRVJJQSBERSBTRUdVUklEQUQiLCJhZGRyZXNzX2NpdHkiOiJTcGFpbiIsImh0aWRvY2lkIjoiVW1UbTd5RmwwNmJQemZzWkFBQUFBQT09IiwidXVsZSI6IncrQ0FJUUlDSUZVM0JoYVc0In0=,7
eyJqb2JfdGl0bGUiOiJUw6ljbmljbyBkZSBFbnNheW9zIGVuIExhYm9yYXRvcmlvIGRlIFNpc3RlbWFzIGRlIFNlZ3VyaWRhZCAtIEluZ2VuaWVyby9hIEVsZWN0csOzbmljby9hIiwiY29tcGFueV9uYW1lIjoiSVNQUk9YIiwiYWRkcmVzc19jaXR5IjoiTWFkcmlkLCBTcGFpbiIsImh0aWRvY2lkIjoid09hUG40a0hSN3dTeTMyekFBQUFBQT09IiwidXVsZSI6IncrQ0FJUUlDSUZVM0JoYVc0In0=,7
eyJqb2JfdGl0bGUiOiJUw6ljbmljbyBkZSBFbnNheW9zIGVuIExhYm9yYXRvcmlvIGRlIFNpc3RlbWFzIGRlIFNlZ3VyaWRhZCAtIEluZ2VuaWVyby9hIEVsZWN0csOzbmljby9hIiwiY29tcGFueV9uYW1lIjoiSVNQUk9YIiwiYWRkcmVzc19jaXR5IjoiTWFkcmlkLCBTcGFpbiIsImh0aWRvY2lkIjoid09hUG40a0hSN3dTeTMyekFBQUFBQT09IiwidXVsZSI6IncrQ0FJUUlDSUZVM0JoYVc0In0=,1
eyJqb2JfdGl0bGUiOiJJbmdlbmllcm8gSW5zdGFsYWNpb25lcy0gU2lzdGVtYXMgU2VndXJpZGFkIHkgUENJIiwiY29tcGFueV9uYW1lIjoiQVZBTlNFTCBTZWxlY2Npw7NuIC0gQ29uc3VsdG9yYSBkZSBSZWN1cnNvcyBIdW1hbm9zIiwiYWRkcmVzc19jaXR5IjoiUGludG8sIFNwYWluIiwiaHRpZG9jaWQiOiJrVnRIZGhsUjZvZ0J4ZXdlQUFBQUFBPT0iLCJ1dWxlIjoidytDQUlRSUNJRlUzQmhhVzQifQ==,7
eyJqb2JfdGl0bGUiOiJJbmdlbmllcm8vYSBkZSBTZWd1cmlkYWQgeSBOZXR3b3JraW5nIC0gTUFEUklEIiwiY29tcGFueV9uYW1lIjoiVkFTUyIsImFkZHJlc3NfY2l0eSI6Ik1hZHJpZCwgU3BhaW4iLCJodGlkb2NpZCI6Ii1vb0RYQ21ZRk1abERDX3lBQUFBQUE9PSIsInV1bGUiOiJ3K0NBSVFJQ0lGVTNCaGFXNCJ9,7
eyJqb2JfdGl0bGUiOiJJbmdlbmllcm8gRGUgUHJveWVjdG9zIERlIFNpc3RlbWFzIERlIFNlZ3VyaWRhZCBFbGVjdHJvbmljYSIsImNvbXBhbnlfbmFtZSI6IkV6ZW50aXMgSW5nZW5pZXJpYSBEZSBTZWd1cmlkYWQiLCJhZGRyZXNzX2NpdHkiOiJTZXZpbGxlLCBTcGFpbiIsImh0aWRvY2lkIjoiZXR5Y2xyb1QxaE43T3dQLUFBQUFBQT09IiwidXVsZSI6IncrQ0FJUUlDSUZVM0JoYVc0In0=,7
eyJqb2JfdGl0bGUiOiJJbmdlbmllcm8vYSBUw6ljbmljby9hIiwiY29tcGFueV9uYW1lIjoiTGF5c2FuIFNlZ3VyaWRhZCBTLkwuIiwiYWRkcmVzc19jaXR5IjoiQWxjw6F6YXIgZGUgU2FuIEp1YW4sIFNwYWluIiwiaHRpZG9jaWQiOiJJOU9IeThwdEp4SEFrM0dOQUFBQUFBPT0iLCJ1dWxlIjoidytDQUlRSUNJRlUzQmhhVzQifQ==,7
eyJqb2JfdGl0bGUiOiJUw6ljbmljbyBkZSBzZWd1cmlkYWQgeSBjb211bmljYWNpb25lcyIsImNvbXBhbnlfbmFtZSI6IlBhZ2UgUGVyc29ubmVsIiwiYWRkcmVzc19jaXR5IjoiTWFkcmlkLCBTcGFpbiIsImh0aWRvY2lkIjoiREhyY0dZVHlxUnNRZUN4VUFBQUFBQT09IiwidXVsZSI6IncrQ0FJUUlDSUZVM0JoYVc0In0=,7
eyJqb2JfdGl0bGUiOiJDb25zdWx0b3IvQSBHcmMgRW4gQ2liZXJzZWd1cmlkYWQgLSBBc3R1cmlhcyIsImNvbXBhbnlfbmFtZSI6IkdPVkVSVElTIiwiYWRkcmVzc19jaXR5IjoiTXVyY2lhLCBTcGFpbiIsImh0aWRvY2lkIjoiejdHSEgzcnE3S05XWENVbEFBQUFBQT09IiwidXVsZSI6IncrQ0FJUUlDSUZVM0JoYVc0In0=,7
eyJqb2JfdGl0bGUiOiJDb25zdWx0b3IgL2EgZGUgU2VndXJpZGFkIGRlIGxhIEluZm9ybWFjacOzbiIsImNvbXBhbnlfbmFtZSI6IkluZXR1bSIsImFkZHJlc3NfY2l0eSI6Ik1hZHJpZCwgU3BhaW4iLCJodGlkb2NpZCI6InJBYVZyX0RmWHhXcFdsRWVBQUFBQUE9PSIsInV1bGUiOiJ3K0NBSVFJQ0lGVTNCaGFXNCJ9,7
eyJqb2JfdGl0bGUiOiJDb25zdWx0b3IvQSBHcmMgWSBTb3ggRW4gQ2liZXJzZWd1cmlkYWQgLSBNYWRyaWQiLCJjb21wYW55X25hbWUiOiJHT1ZFUlRJUyIsImFkZHJlc3NfY2l0eSI6IlphcmFnb3phLCBTcGFpbiIsImh0aWRvY2lkIjoicWc5cDhqZnc2V09xQ3RGV0FBQUFBQT09IiwidXVsZSI6IncrQ0FJUUlDSUZVM0JoYVc0In0=,7
eyJqb2JfdGl0bGUiOiJDb25zdWx0b3IvYSBkZSBDaWJlcnNlZ3VyaWRhZCIsImNvbXBhbnlfbmFtZSI6IkdNViIsImFkZHJlc3NfY2l0eSI6Ik1hZHJpZCwgU3BhaW4iLCJodGlkb2NpZCI6IkhlZWpYalhOQjFzd3BYSzBBQUFBQUE9PSIsInV1bGUiOiJ3K0NBSVFJQ0lGVTNCaGFXNCJ9,7
eyJqb2JfdGl0bGUiOiLWjiBDb25zdWx0b3IgZGUgU2VndXJpZGFkIChJQSkg4bS54bS2IiwiY29tcGFueV9uYW1lIjoiUHJvY2VzaWEiLCJhZGRyZXNzX2NpdHkiOiJNYWRyaWQsIFNwYWluIiwiaHRpZG9jaWQiOiJzaWhvMVVydGNaMGFFUEp1QUFBQUFBPT0iLCJ1dWxlIjoidytDQUlRSUNJRlUzQmhhVzQifQ==,7
eyJqb2JfdGl0bGUiOiLWjiBDb25zdWx0b3IgZGUgU2VndXJpZGFkIChJQSkg4bS54bS2IiwiY29tcGFueV9uYW1lIjoiUHJvY2VzaWEiLCJhZGRyZXNzX2NpdHkiOiJNYWRyaWQsIFNwYWluIiwiaHRpZG9jaWQiOiJzaWhvMVVydGNaMGFFUEp1QUFBQUFBPT0iLCJ1dWxlIjoidytDQUlRSUNJRlUzQmhhVzQifQ==,1
eyJqb2JfdGl0bGUiOiJDb25zdWx0b3IgRGUgU2VndXJpZGFkIiwiY29tcGFueV9uYW1lIjoiRGV2b3RlYW0gU3BhaW4iLCJhZGRyZXNzX2NpdHkiOiJNYWRyaWQsIFNwYWluIiwiaHRpZG9jaWQiOiJIbHFVT2JLczQ3V2lvdUlYQUFBQUFBPT0iLCJ1dWxlIjoidytDQUlRSUNJRlUzQmhhVzQifQ==,7
eyJqb2JfdGl0bGUiOiJDb25zdWx0b3IgRGUgUmllc2dvIEl0LCBDaWJlcnNlZ3VyaWRhZCwgR29iaWVybm8iLCJjb21wYW55X25hbWUiOiJTYW5kYXYiLCJhZGRyZXNzX2NpdHkiOiJNYWRyaWQsIFNwYWluIiwiaHRpZG9jaWQiOiJUOGlFUVBKM1ZlLWFLY1ZlQUFBQUFBPT0iLCJ1dWxlIjoidytDQUlRSUNJRlUzQmhhVzQifQ==,7
eyJqb2JfdGl0bGUiOiJDb25zdWx0b3IvQSBHcmMgRW4gQ2liZXJzZWd1cmlkYWQgLSBNYWRyaWQiLCJjb21wYW55X25hbWUiOiJHT1ZFUlRJUyIsImFkZHJlc3NfY2l0eSI6IkJhcmNlbG9uYSwgU3BhaW4iLCJodGlkb2NpZCI6IkFubjVvR3F4VzhGSUZPaHRBQUFBQUE9PSIsInV1bGUiOiJ3K0NBSVFJQ0lGVTNCaGFXNCJ9,7
eyJqb2JfdGl0bGUiOiJDb25zdWx0b3JhIERlIFNlZ3VyaWRhZCBZIE5vcm1hdGl2YSIsImNvbXBhbnlfbmFtZSI6IkhoIEh1bnRlcnMiLCJhZGRyZXNzX2NpdHkiOiJTYW4gRmVybmFuZG8gZGUgSGVuYXJlcywgU3BhaW4iLCJodGlkb2NpZCI6Ikp1cHdOLXE1UlpvM05ib19BQUFBQUE9PSIsInV1bGUiOiJ3K0NBSVFJQ0lGVTNCaGFXNCJ9,7
eyJqb2JfdGl0bGUiOiJEaWdpdGFsIERhdGEgQW5hbHlzdCAoR29vZ2xlKSIsImNvbXBhbnlfbmFtZSI6IkdhcmFqZSBkZSBpZGVhcyIsImFkZHJlc3NfY2l0eSI6IlNwYWluIiwiaHRpZG9jaWQiOiJwelJfbkRlTVNOeXhaR1RsQUFBQUFBPT0iLCJ1dWxlIjoidytDQUlRSUNJRlUzQmhhVzQifQ==,1
eyJqb2JfdGl0bGUiOiJFc3BlY2lhbGlzdGEgR29vZ2xlIEFkcyBZIFNvY2lhbCBNZWRpYSBBZHMiLCJjb21wYW55X25hbWUiOiJDb211bmljYXJlIiwiYWRkcmVzc19jaXR5IjoiTWFkcmlkLCBTcGFpbiIsImh0aWRvY2lkIjoiTlB2c2x0S2NqVVNGbXVwVkFBQUFBQT09IiwidXVsZSI6IncrQ0FJUUlDSUZVM0JoYVc0In0=,1
eyJqb2JfdGl0bGUiOiJUZWxlbcOhdGljYS9UZWxlY29tdW5pY2FjaW9uZXMiLCJjb21wYW55X25hbWUiOiIzZGlnaXRzIiwiYWRkcmVzc19jaXR5IjoiUGFsbWEsIFNwYWluIiwiaHRpZG9jaWQiOiJqc2Z2eU9JMFNGem9LQzZVQUFBQUFBPT0iLCJ1dWxlIjoidytDQUlRSUNJRlUzQmhhVzQifQ==,7
eyJqb2JfdGl0bGUiOiJJbmdlbmllcm8vYSBkZSBUZWxlY29tdW5pY2FjaW9uZXMuIFNlY3RvciBGZXJyb3ZpYXJpbyIsImNvbXBhbnlfbmFtZSI6IkV4Y2VsdGljIiwiYWRkcmVzc19jaXR5IjoiTWFkcmlkLCBTcGFpbiIsImh0aWRvY2lkIjoiZzBITXVETVpTU3h6a1VFcUFBQUFBQT09IiwidXVsZSI6IncrQ0FJUUlDSUZVM0JoYVc0In0=,7
eyJqb2JfdGl0bGUiOiJFc3BlY2lhbGlzdGEgZW4gc29wb3J0ZSB0w6ljbmljbyIsImNvbXBhbnlfbmFtZSI6IjA3R2xvYmFsYW4iLCJhZGRyZXNzX2NpdHkiOiJTcGFpbiIsImh0aWRvY2lkIjoiZzZXOElBWnBUWVJzbHRPbkFBQUFBQT09IiwidXVsZSI6IncrQ0FJUUlDSUZVM0JoYVc0In0=,7
eyJqb2JfdGl0bGUiOiJUZWNuaWNvIGRlIENhbXBvIFRlbGVjb211bmljYWNpb25lcyIsImNvbXBhbnlfbmFtZSI6IkNUQyBDb25zdWx0aW5nIFNMIiwiYWRkcmVzc19jaXR5IjoiRG9ub3N0aWEtU2FuIFNlYmFzdGlhbiwgU3BhaW4iLCJodGlkb2NpZCI6IjFIX1JQcERqWFJDM1ZZZWdBQUFBQUE9PSIsInV1bGUiOiJ3K0NBSVFJQ0lGVTNCaGFXNCJ9,7
eyJqb2JfdGl0bGUiOiJJbmdlbmllcm8gZW4gVGVsZWNvbXVuaWNhY2lvbmVzIiwiY29tcGFueV9uYW1lIjoiQmVsbW9udGUgR3JvdXAiLCJhZGRyZXNzX2NpdHkiOiJCYXJjZWxvbmEsIFNwYWluIiwiaHRpZG9jaWQiOiJxQVV2Vm9NeTZ2X2szakFPQUFBQUFBPT0iLCJ1dWxlIjoidytDQUlRSUNJRlUzQmhhVzQifQ==,1
eyJqb2JfdGl0bGUiOiJJbmdlbmllcm8vYSBUZWxlY29tdW5pY2FjaW9uZXMiLCJjb21wYW55X25hbWUiOiJMaW5lYSBEaXJlY3RhIEFzZWd1cmFkb3JhIiwiYWRkcmVzc19jaXR5IjoiTWFkcmlkLCBTcGFpbiIsImh0aWRvY2lkIjoibFJvVmdxUVo3cTJkTHkzSkFBQUFBQT09IiwidXVsZSI6IncrQ0FJUUlDSUZVM0JoYVc0In0=,7
eyJqb2JfdGl0bGUiOiJJbmdlbmllcm8vYSBkZSBDb211bmljYWNpb25lcyBUw6FjdGljYXMiLCJjb21wYW55X25hbWUiOiJTdGFydCBQZW9wbGUiLCJhZGRyZXNzX2NpdHkiOiJNYWRyaWQsIFNwYWluIiwiaHRpZG9jaWQiOiJxeTA4aVBjZzJVVXhFOGVGQUFBQUFBPT0iLCJ1dWxlIjoidytDQUlRSUNJRlUzQmhhVzQifQ==,1
eyJqb2JfdGl0bGUiOiJFc3BlY2lhbGlzdGEgZW4gVmFsaWRhY2nDs24gZGUgU2lzdGVtYXMgTElNUyAoTGFiVmFudGFnZSkuLi4iLCJjb21wYW55X25hbWUiOiJBbWJpdCBCU1QiLCJhZGRyZXNzX2NpdHkiOiJTcGFpbiIsImh0aWRvY2lkIjoiNG5meVhxVXVBX3VkUTFYYkFBQUFBQT09IiwidXVsZSI6IncrQ0FJUUlDSUZVM0JoYVc0In0=,1
eyJqb2JfdGl0bGUiOiJFc3BlY2lhbGlzdGEgZW4gVmFsaWRhY2nDs24gZGUgU2lzdGVtYXMgTElNUyAoTGFiVmFudGFnZSkgfCBUZW1wb3JhbC9GcmVlbGFuY2UiLCJjb21wYW55X25hbWUiOiJBbWJpdCBCU1QiLCJhZGRyZXNzX2NpdHkiOiJNYWxncmF0IGRlIE1hciwgU3BhaW4iLCJodGlkb2NpZCI6Ijc1eURKRVQyaUlNcXVLd1BBQUFBQUE9PSIsInV1bGUiOiJ3K0NBSVFJQ0lGVTNCaGFXNCJ9,1
eyJqb2JfdGl0bGUiOiJKQVZBIFNwcmluZyBCb290IChCYWNrZW5kKSAvIEFuZ3VsYXIiLCJjb21wYW55X25hbWUiOiJQQU5FTCBTaXN0ZW1hcyBJbmZvcm3DoXRpY29zIiwiYWRkcmVzc19jaXR5IjoiTWFkcmlkLCBTcGFpbiIsImh0aWRvY2lkIjoidmFGX3l4NmYxcEh1eFExOEFBQUFBQT09IiwidXVsZSI6IncrQ0FJUUlDSUZVM0JoYVc0In0=,1
eyJqb2JfdGl0bGUiOiJJbmdlbmllcm8vYSBkZSBDaWJlcnNlZ3VyaWRhZCAtIFNPQyBMMiAvIEwzIiwiY29tcGFueV9uYW1lIjoiRVkiLCJhZGRyZXNzX2NpdHkiOiJCYXJjZWxvbmEsIFNwYWluIiwiaHRpZG9jaWQiOiJLQlNfOVNxU3E1c3VLdDRoQUFBQUFBPT0iLCJ1dWxlIjoidytDQUlRSUNJRlUzQmhhVzQifQ==,7
eyJqb2JfdGl0bGUiOiJJbmdlbmllcm8gZGUgY2liZXJzZWd1cmlkYWQiLCJjb21wYW55X25hbWUiOiJKb2Jvc3MiLCJhZGRyZXNzX2NpdHkiOiJTYW4gRmVybmFuZG8gZGUgSGVuYXJlcywgU3BhaW4iLCJodGlkb2NpZCI6InR1c0lRMDVVVXByc0VMbkZBQUFBQUE9PSIsInV1bGUiOiJ3K0NBSVFJQ0lGVTNCaGFXNCJ9,7
eyJqb2JfdGl0bGUiOiJJbmdlbmllcm8vYSBkZSBDaWJlcnNlZ3VyaWRhZCAoMjAyNC1UMDAyMTUpIDUiLCJjb21wYW55X25hbWUiOiJJc2RlZmUiLCJhZGRyZXNzX2NpdHkiOiJNYWRyaWQsIFNwYWluIiwiaHRpZG9jaWQiOiJaNWhQSjZiVGF1MmxTdGx4QUFBQUFBPT0iLCJ1dWxlIjoidytDQUlRSUNJRlUzQmhhVzQifQ==,7
eyJqb2JfdGl0bGUiOiJJbmdlbmllcm9zL2FzIEp1bmlvciBDaWJlcnNlZ3VyaWRhZCAtIEVudGVycHJpc2UgU2VjdXJpdHkgQkNOIiwiY29tcGFueV9uYW1lIjoiRGVsb2l0dGUiLCJhZGRyZXNzX2NpdHkiOiJCYXJjZWxvbmEsIFNwYWluIiwiaHRpZG9jaWQiOiJkSXZRejNDZ0ExbEpoa3U2QUFBQUFBPT0iLCJ1dWxlIjoidytDQUlRSUNJRlUzQmhhVzQifQ==,7
eyJqb2JfdGl0bGUiOiJJTkdFTklFUk8vQSBTVyAtIEhXIFkgQ0lCRVJTRUdVUklEQUQiLCJjb21wYW55X25hbWUiOiJQXHUwMDI2UEQgSW5nZW5pZXJvcyIsImFkZHJlc3NfY2l0eSI6IlNldmlsbGUsIFNwYWluIiwiaHRpZG9jaWQiOiJoVEhQVEwxNG1uaEkwM1VGQUFBQUFBPT0iLCJ1dWxlIjoidytDQUlRSUNJRlUzQmhhVzQifQ==,1
eyJqb2JfdGl0bGUiOiJJbmdlbmllcm8gZGUgQ2liZXJzZWd1cmlkYWQgLSBDQURJWiIsImNvbXBhbnlfbmFtZSI6IkRSQUdBRE9TIE9GRlNIT1JFIiwiYWRkcmVzc19jaXR5IjoiQ8OhZGl6LCBTcGFpbiIsImh0aWRvY2lkIjoiN2NxOFkzVl9peDFaUVhFWkFBQUFBQT09IiwidXVsZSI6IncrQ0FJUUlDSUZVM0JoYVc0In0=,7
eyJqb2JfdGl0bGUiOiJJbmdlbmllcm8gZGUgQ2liZXJzZWd1cmlkYWQgLSBDQURJWiIsImNvbXBhbnlfbmFtZSI6IkRSQUdBRE9TIE9GRlNIT1JFIiwiYWRkcmVzc19jaXR5IjoiQ8OhZGl6LCBTcGFpbiIsImh0aWRvY2lkIjoiN2NxOFkzVl9peDFaUVhFWkFBQUFBQT09IiwidXVsZSI6IncrQ0FJUUlDSUZVM0JoYVc0In0=,1
eyJqb2JfdGl0bGUiOiJTZW5pb3IgZnVsbHN0YWNrIGRldmVsb3BlciAoUFlUSE9OLURKQU5HTyktIEjDrWJyaWRvIiwiY29tcGFueV9uYW1lIjoiVGltdXAiLCJhZGRyZXNzX2NpdHkiOiJCYXJjZWxvbmEsIFNwYWluIiwiaHRpZG9jaWQiOiJKWUNDLThheXRIWllKOVRGQUFBQUFBPT0iLCJ1dWxlIjoidytDQUlRSUNJRlUzQmhhVzQifQ==,1
eyJqb2JfdGl0bGUiOiJFc3BlY2lhbGlzdGEgZW4gw4l4aXRvIGRlbCBDbGllbnRlIiwiY29tcGFueV9uYW1lIjoiS2V5IFRhbGVudCBJbmRpY2F0b3IiLCJhZGRyZXNzX2NpdHkiOiJMb2dyb8OxbywgU3BhaW4iLCJodGlkb2NpZCI6IjBkbVhKc1BrSzJ5cDBhMnpBQUFBQUE9PSIsInV1bGUiOiJ3K0NBSVFJQ0lGVTNCaGFXNCJ9,9
eyJqb2JfdGl0bGUiOiJbRS03NTFdIC0gRXNwZWNpYWxpc3RhIEVuIFNlZ3VyaWRhZCBFbiBQcm95ZWN0b3MgSXQiLCJjb21wYW55X25hbWUiOiIqTm9tYnJlIE9jdWx0byoiLCJhZGRyZXNzX2NpdHkiOiJNYWRyaWQsIFNwYWluIiwiaHRpZG9jaWQiOiI5ZlBlbkN1SUZsMDREem00QUFBQUFBPT0iLCJ1dWxlIjoidytDQUlRSUNJRlUzQmhhVzQifQ==,7
eyJqb2JfdGl0bGUiOiJHZXN0b3IgZGUgVGVjbm9sb2fDrWEgeSBQcm95ZWN0b3MgRGlnaXRhbGVzIHBhcmEgRXZlbnRvcyIsImNvbXBhbnlfbmFtZSI6IkdydXBvIEFic29sdXRlIiwiYWRkcmVzc19jaXR5IjoiU2V2aWxsZSwgU3BhaW4iLCJodGlkb2NpZCI6ImZjOGFsZHhESENvMG5ZeExBQUFBQUE9PSIsInV1bGUiOiJ3K0NBSVFJQ0lGVTNCaGFXNCJ9,1
eyJqb2JfdGl0bGUiOiJDb29yZGluYWRvci9hIGRlIFByb3llY3RvcyBUSSIsImNvbXBhbnlfbmFtZSI6IkJJT1ciLCJhZGRyZXNzX2NpdHkiOiJMbGFuZXJhLCBTcGFpbiIsImh0aWRvY2lkIjoibm9fejZZWi1SN0tGSjhVVUFBQUFBQT09IiwidXVsZSI6IncrQ0FJUUlDSUZVM0JoYVc0In0=,1
eyJqb2JfdGl0bGUiOiJFc3BlY2lhbGlzdGEgR3JjIFNlZ3VyaWRhZCBJdCIsImNvbXBhbnlfbmFtZSI6IkdydXBvIE5zIiwiYWRkcmVzc19jaXR5IjoiWmFyYWdvemEsIFNwYWluIiwiaHRpZG9jaWQiOiJsUlhBZHdVTjJPZ3o0TmpOQUFBQUFBPT0iLCJ1dWxlIjoidytDQUlRSUNJRlUzQmhhVzQifQ==,7
eyJqb2JfdGl0bGUiOiJFc3BlY2lhbGlzdGEgZW4gR2VzdGnDs24gZGUgU2lzdGVtYXMgSW5mb3Jtw6F0aWNvcyIsImNvbXBhbnlfbmFtZSI6InNnIHRlY2giLCJhZGRyZXNzX2NpdHkiOiJNYWRyaWQsIFNwYWluIiwiaHRpZG9jaWQiOiJndTZ2WTVfNko4eVM1UkNMQUFBQUFBPT0iLCJ1dWxlIjoidytDQUlRSUNJRlUzQmhhVzQifQ==,7
eyJqb2JfdGl0bGUiOiJBbmFsaXN0YSBEZXNhcnJvbGxhZG9yL2EgZGUgYXBsaWNhY2lvbmVzIHdlYiIsImNvbXBhbnlfbmFtZSI6IkNyaXRlcmlhIFJlY3Vyc29zIEh1bWFub3MiLCJhZGRyZXNzX2NpdHkiOiJCYXJjZWxvbmEsIFNwYWluIiwiaHRpZG9jaWQiOiJmRjAtNWd0MWJ1VWtlM3ppQUFBQUFBPT0iLCJ1dWxlIjoidytDQUlRSUNJRlUzQmhhVzQifQ==,1
eyJqb2JfdGl0bGUiOiJUZWNobmljYWwgTGVhZCIsImNvbXBhbnlfbmFtZSI6Ilppb3JlbSIsImFkZHJlc3NfY2l0eSI6Ik1hZHJpZCwgU3BhaW4iLCJodGlkb2NpZCI6InlFRGFDT1kxQlVRVVFnMUtBQUFBQUE9PSIsInV1bGUiOiJ3K0NBSVFJQ0lGVTNCaGFXNCJ9,1
eyJqb2JfdGl0bGUiOiJEZXNhcnJvbGxhZG9yIEFwbGljYWNpb25lcyBNw7N2aWxlcyAoUmVhY3QgTmF0aXZlKSIsImNvbXBhbnlfbmFtZSI6IkxlYXNiYSIsImFkZHJlc3NfY2l0eSI6Ikxlw7NuLCBTcGFpbiIsImh0aWRvY2lkIjoiUXlkOE1oamxxd0lzMEc1NUFBQUFBQT09IiwidXVsZSI6IncrQ0FJUUlDSUZVM0JoYVc0In0=,1
eyJqb2JfdGl0bGUiOiJEZXNhcnJvbGxhZG9yIG3Ds3ZpbCAtIElvbmljIiwiY29tcGFueV9uYW1lIjoiTW92aWxnZXMgSVQgQ29uc3VsdGluZyIsImFkZHJlc3NfY2l0eSI6Ik1hZHJpZCwgU3BhaW4iLCJodGlkb2NpZCI6IlpOSXAybUZQZGxUdER1TENBQUFBQUE9PSIsInV1bGUiOiJ3K0NBSVFJQ0lGVTNCaGFXNCJ9,1
eyJqb2JfdGl0bGUiOiJEZXNhcnJvbGxhZG9yL2EgaU9TIiwiY29tcGFueV9uYW1lIjoiQmV0d2VlbiBUZWNobm9sb2d5IiwiYWRkcmVzc19jaXR5IjoiQmFyY2Vsb25hLCBTcGFpbiIsImh0aWRvY2lkIjoiTmUtUFI1TWRjZEhVbDVabEFBQUFBQT09IiwidXVsZSI6IncrQ0FJUUlDSUZVM0JoYVc0In0=,1
eyJqb2JfdGl0bGUiOiJEZXNhcnJvbGxhZG9yIGRlIGFwbGljYWNpb25lcyBtw7N2aWxlcyIsImNvbXBhbnlfbmFtZSI6IklOTk9WQVNVUiIsImFkZHJlc3NfY2l0eSI6Ikphw6luLCBTcGFpbiIsImh0aWRvY2lkIjoiajVYZ3hoRU1QcmNoSmpRUEFBQUFBQT09IiwidXVsZSI6IncrQ0FJUUlDSUZVM0JoYVc0In0=,1
eyJqb2JfdGl0bGUiOiIoWnIzNzYpIERlc2Fycm9sbG8gV2ViIFkgQXBwIERlIENpdGFzIFBhcmEgQ2xpbmljYXMgRGUuLi4iLCJjb21wYW55X25hbWUiOiJJbXBvcnRhbnRlIEVtcHJlc2EiLCJhZGRyZXNzX2NpdHkiOiJNYWRyaWQsIFNwYWluIiwiaHRpZG9jaWQiOiI3dWRXbXpRY3MtQU0xWjgzQUFBQUFBPT0iLCJ1dWxlIjoidytDQUlRSUNJRlUzQmhhVzQifQ==,1
eyJqb2JfdGl0bGUiOiI/IChCdWVuIFNhbGFyaW8pIERlc2Fycm9sbGFkb3IgRGUgQXBsaWNhY2lvbmVzIE3Ds3ZpbGVzIiwiY29tcGFueV9uYW1lIjoiSU5OT1ZBU1VSIiwiYWRkcmVzc19jaXR5IjoiSmHDqW4sIFNwYWluIiwiaHRpZG9jaWQiOiIwdFFJdFNsTDJvOVhUYV9pQUFBQUFBPT0iLCJ1dWxlIjoidytDQUlRSUNJRlUzQmhhVzQifQ==,1
eyJqb2JfdGl0bGUiOiJEZXNhcnJvbGxhZG9yIElPTklDIiwiY29tcGFueV9uYW1lIjoiRXhwb3J0YWRvcmEgRGF0YSBCYXNlIFMuQS4iLCJhZGRyZXNzX2NpdHkiOiJNYWRyaWQsIFNwYWluIiwiaHRpZG9jaWQiOiI2dmc0V3JHT0RFQmgyRXZ2QUFBQUFBPT0iLCJ1dWxlIjoidytDQUlRSUNJRlUzQmhhVzQifQ==,1
eyJqb2JfdGl0bGUiOiJJbmdlbmllcm8vYSBzb2Z0d2FyZSAoZGVzYXJyb2xsbyBlIElBKSIsImNvbXBhbnlfbmFtZSI6IkdNViIsImFkZHJlc3NfY2l0eSI6Ik1hZHJpZCwgU3BhaW4iLCJodGlkb2NpZCI6InJJSHdFRnhJRmFZRGNOQ2xBQUFBQUE9PSIsInV1bGUiOiJ3K0NBSVFJQ0lGVTNCaGFXNCJ9,1
eyJqb2JfdGl0bGUiOiJQcm9ncmFtYWRvci9hIEVzcGVjaWFsaXN0YSBlbiBEcnVwYWwiLCJjb21wYW55X25hbWUiOiJHUlVQTyBURUNPUFkiLCJhZGRyZXNzX2NpdHkiOiJNYWRyaWQsIFNwYWluIiwiaHRpZG9jaWQiOiJKRktEYzVCTHdOR1BRZmNLQUFBQUFBPT0iLCJ1dWxlIjoidytDQUlRSUNJRlUzQmhhVzQifQ==,1
eyJqb2JfdGl0bGUiOiJBZG1pbmlzdHJhZG9yIGRlIHNlZ3VyaWRhZCBwZXJpbWV0cmFsIiwiY29tcGFueV9uYW1lIjoiU2Vjb25kIFdpbmRvdyIsImFkZHJlc3NfY2l0eSI6Ik1hZHJpZCwgU3BhaW4iLCJodGlkb2NpZCI6ImVRZ1ZuaWFVVW1jQkJuLVVBQUFBQUE9PSIsInV1bGUiOiJ3K0NBSVFJQ0lGVTNCaGFXNCJ9,7
eyJqb2JfdGl0bGUiOiJUw6ljbmljbyBTZWd1cmlkYWQgUGVyaW1ldHJhbCIsImNvbXBhbnlfbmFtZSI6IkFyZWxhbmNlIiwiYWRkcmVzc19jaXR5IjoiTWFkcmlkLCBTcGFpbiIsImh0aWRvY2lkIjoic2tjaFpycE9lbUFHZkdoSkFBQUFBQT09IiwidXVsZSI6IncrQ0FJUUlDSUZVM0JoYVc0In0=,7
eyJqb2JfdGl0bGUiOiJBZG1pbmlzdHJhZG9yL2EgZGUgU2VndXJpZGFkIHBlcmltZXRyYWwsIDEwMCUgRW4gcmVtb3RvIiwiY29tcGFueV9uYW1lIjoiR3J1cG8gU0lBIiwiYWRkcmVzc19jaXR5IjoiU3BhaW4iLCJodGlkb2NpZCI6IldGajBaMUFmb1hsUEVSeVJBQUFBQUE9PSIsInV1bGUiOiJ3K0NBSVFJQ0lGVTNCaGFXNCJ9,7
eyJqb2JfdGl0bGUiOiJFU1BFQ0lBTElTVEEgQ0lCRVJTRUdVUklEQUQgR1JDIiwiY29tcGFueV9uYW1lIjoiR3J1cG8gU2VybWljcm8iLCJhZGRyZXNzX2NpdHkiOiJCYWxlYXJpYyBJc2xhbmRzLCBTcGFpbiIsImh0aWRvY2lkIjoidW5zWmRZalJrOHBfXzFQN0FBQUFBQT09IiwidXVsZSI6IncrQ0FJUUlDSUZVM0JoYVc0In0=,7
eyJqb2JfdGl0bGUiOiJFeHBlcnRvL2EgRXNxdWVtYSBOYWNpb25hbCBkZSBTZWd1cmlkYWQgKEVOUykgLSBDaWJlcnNlZ3VyaWRhZCIsImNvbXBhbnlfbmFtZSI6Ik5UVCBEQVRBIEV1cm9wZSBcdTAwMjYgTGF0YW0iLCJhZGRyZXNzX2NpdHkiOiJNYWRyaWQsIFNwYWluIiwiaHRpZG9jaWQiOiJuM3hIamdQRThYcVJ2c0duQUFBQUFBPT0iLCJ1dWxlIjoidytDQUlRSUNJRlUzQmhhVzQifQ==,7
eyJqb2JfdGl0bGUiOiJFeHBlcnRvIGVuIFNlZ3VyaWRhZCBJVC9PVCBwYXJhIFByb3llY3RvIGRlIEkrRCBlbiBTb0MiLCJjb21wYW55X25hbWUiOiJDbGlja0RlZmVuc2UiLCJhZGRyZXNzX2NpdHkiOiJTcGFpbiIsImh0aWRvY2lkIjoiV2hDNFJFV3FnNHdrOTd4YUFBQUFBQT09IiwidXVsZSI6IncrQ0FJUUlDSUZVM0JoYVc0In0=,7
eyJqb2JfdGl0bGUiOiJSZXNwb25zYWJsZSBkZSBTZWd1cmlkYWQgSW5mb3Jtw6F0aWNhIHkgUmVkZXMiLCJjb21wYW55X25hbWUiOiJBTElFUiIsImFkZHJlc3NfY2l0eSI6IlJvc3NlbGzDsywgU3BhaW4iLCJodGlkb2NpZCI6IlhERjItNGZXS0Nia2k5d3BBQUFBQUE9PSIsInV1bGUiOiJ3K0NBSVFJQ0lGVTNCaGFXNCJ9,7
eyJqb2JfdGl0bGUiOiJFc3BlY2lhbGlzdGEgU2VndXJpZGFkIFJlZCBac2NhbGVyLiBSZW1vdG8gW0lQTDA5OF0iLCJjb21wYW55X25hbWUiOiJHcnVwbyBOUyIsImFkZHJlc3NfY2l0eSI6Ik1hZHJpZCwgU3BhaW4iLCJodGlkb2NpZCI6IjlhM1NTaFlSbU1GcWFtSjdBQUFBQUE9PSIsInV1bGUiOiJ3K0NBSVFJQ0lGVTNCaGFXNCJ9,7
eyJqb2JfdGl0bGUiOiJEZXNhcnJvbGxhZG9yL2EgRnVsbHN0YWNrIFBIUC9KUyIsImNvbXBhbnlfbmFtZSI6IkVJU0kgU29mdCIsImFkZHJlc3NfY2l0eSI6IkJhbGVhcmljIElzbGFuZHMsIFNwYWluIiwiaHRpZG9jaWQiOiJNdWlVaEEtWDZ5bHI5Sl8xQUFBQUFBPT0iLCJ1dWxlIjoidytDQUlRSUNJRlUzQmhhVzQifQ==,1
eyJqb2JfdGl0bGUiOiJEZXNhcnJvbGxhZG9yL2EgRnVsbHN0YWNrIFBIUC9KUyIsImNvbXBhbnlfbmFtZSI6IkVJU0kgU09GVCIsImFkZHJlc3NfY2l0eSI6IlBhbG1hLCBTcGFpbiIsImh0aWRvY2lkIjoiZnBuV0dvcTdnZW5DSUROWUFBQUFBQT09IiwidXVsZSI6IncrQ0FJUUlDSUZVM0JoYVc0In0=,1
eyJqb2JfdGl0bGUiOiJEZXNhcnJvbGxhZG9yIEZ1bGwgU3RhY2sgKEFuZ3VsYXIpIiwiY29tcGFueV9uYW1lIjoiQ29uc3VsdG9yYSBHZXN0YWwiLCJhZGRyZXNzX2NpdHkiOiJDw7NyZG9iYSwgU3BhaW4iLCJodGlkb2NpZCI6ImJXYmxlR3pCUW9XUDVfUElBQUFBQUE9PSIsInV1bGUiOiJ3K0NBSVFJQ0lGVTNCaGFXNCJ9,1
eyJqb2JfdGl0bGUiOiJEZXNhcnJvbGxhZG9yL2EgRnVsbCBTdGFjayAoSkFWQSAtIE1vbmdvREIpIiwiY29tcGFueV9uYW1lIjoiRWNvbm9jb20gUHJvZHVjdHMgXHUwMDI2IFNvbHV0aW9ucyIsImFkZHJlc3NfY2l0eSI6IkdpasOzbiwgU3BhaW4iLCJodGlkb2NpZCI6Ikdic3dSa0duRnc2MHM5enRBQUFBQUE9PSIsInV1bGUiOiJ3K0NBSVFJQ0lGVTNCaGFXNCJ9,1
eyJqb2JfdGl0bGUiOiJEZXNhcnJvbGxhZG9yIE5vZGVqcyAvIFJlYWN0IC8gUmVhY3QgTmF0aXZlIChNYWRyaWQpIiwiY29tcGFueV9uYW1lIjoiQWxpY3VuZGUiLCJhZGRyZXNzX2NpdHkiOiJNYWRyaWQsIFNwYWluIiwiaHRpZG9jaWQiOiI3SlhGeEtDQnVveFNfTlFhQUFBQUFBPT0iLCJ1dWxlIjoidytDQUlRSUNJRlUzQmhhVzQifQ==,1
eyJqb2JfdGl0bGUiOiJEZXNhcnJvbGxhZG9yIEZ1bGwgU3RhY2siLCJjb21wYW55X25hbWUiOiJUaGUgSG9vayAtIElLSSBHcm91cCIsImFkZHJlc3NfY2l0eSI6Ik1hZHJpZCwgU3BhaW4iLCJodGlkb2NpZCI6InBTOHZGRjJYOVQ3ZUJ3UzRBQUFBQUE9PSIsInV1bGUiOiJ3K0NBSVFJQ0lGVTNCaGFXNCJ9,1
eyJqb2JfdGl0bGUiOiJEZXNhcnJvbGxhZG9yL2EgRnVsbCBTdGFjayBKYXZhIiwiY29tcGFueV9uYW1lIjoiQ0lCIEdyb3VwIEVzcGHDsWEiLCJhZGRyZXNzX2NpdHkiOiJMYXMgUGFsbWFzIGRlIEdyYW4gQ2FuYXJpYSwgU3BhaW4iLCJodGlkb2NpZCI6IjRtclFyTTJyZkE3bFhtVmNBQUFBQUE9PSIsInV1bGUiOiJ3K0NBSVFJQ0lGVTNCaGFXNCJ9,1
eyJqb2JfdGl0bGUiOiJEZXNhcnJvbGxhZG9yL2EgLk5FVCIsImNvbXBhbnlfbmFtZSI6IkFSQVRFQ0ggbGlmZXN0eWxlIHRlY2hub2xvZ3kiLCJhZGRyZXNzX2NpdHkiOiJEb25vc3RpYS1TYW4gU2ViYXN0aWFuLCBTcGFpbiIsImh0aWRvY2lkIjoibXV1VHcxOVZwRm1uLVlWVkFBQUFBQT09IiwidXVsZSI6IncrQ0FJUUlDSUZVM0JoYVc0In0=,1
eyJqb2JfdGl0bGUiOiJEZXNhcnJvbGxhZG9yL3JhIGRlIFNvZnR3YXJlIEVtYmViaWRvIChTZW5pb3IpIHwgU2VjdG9yIERlZmVuc2EiLCJjb21wYW55X25hbWUiOiJDZW50dW0iLCJhZGRyZXNzX2NpdHkiOiJNYWRyaWQsIFNwYWluIiwiaHRpZG9jaWQiOiJSbU8wbEkxaXpZdmJEVEtZQUFBQUFBPT0iLCJ1dWxlIjoidytDQUlRSUNJRlUzQmhhVzQifQ==,7
eyJqb2JfdGl0bGUiOiJQcm9ncmFtYWRvciBmdWxsIHN0YWNrIiwiY29tcGFueV9uYW1lIjoiSE9MQSBDT05TVUxUT1JFUyBTTCIsImFkZHJlc3NfY2l0eSI6IkJhcmNlbG9uYSwgU3BhaW4iLCJodGlkb2NpZCI6IkluMmR6c1lMMndZUUJDQ29BQUFBQUE9PSIsInV1bGUiOiJ3K0NBSVFJQ0lGVTNCaGFXNCJ9,1
eyJqb2JfdGl0bGUiOiJERVNBUlJPTExBRE9SL0EgWSBQUk9HUkFNQURPUi9BIEZMVVRURVIiLCJjb21wYW55X25hbWUiOiJGYW1hcnljb29sIiwiYWRkcmVzc19jaXR5IjoiQWxpY2FudGUsIFNwYWluIiwiaHRpZG9jaWQiOiJOVDRVeU4ycUFFVU9sT1dwQUFBQUFBPT0iLCJ1dWxlIjoidytDQUlRSUNJRlUzQmhhVzQifQ==,1
eyJqb2JfdGl0bGUiOiJEZXNhcnJvbGxhZG9yL2EgZXNwZWNpYWxpemFkby9hIGVuIGltcGxlbWVudGFjacOzbiBkZSBJbnRlbGlnZW5jaWEgQXJ0aWZpY2lhbCIsImNvbXBhbnlfbmFtZSI6IlRSSU9URUNBIiwiYWRkcmVzc19jaXR5IjoiQmFyY2Vsb25hLCBTcGFpbiIsImh0aWRvY2lkIjoiYzlzWDZOdmh1MVN4RWVObEFBQUFBQT09IiwidXVsZSI6IncrQ0FJUUlDSUZVM0JoYVc0In0=,1
eyJqb2JfdGl0bGUiOiJEZXNhcnJvbGxhZG9yIGRlIFByb21wdHMgZGUgSW50ZWxpZ2VuY2lhIEFydGlmaWNpYWwgKElBKSIsImNvbXBhbnlfbmFtZSI6Ik1PQklVUyBHUk9VUCIsImFkZHJlc3NfY2l0eSI6IkFsY29iZW5kYXMsIFNwYWluIiwiaHRpZG9jaWQiOiJ2RlZLRHdBYlA4MkdLR05WQUFBQUFBPT0iLCJ1dWxlIjoidytDQUlRSUNJRlUzQmhhVzQifQ==,1
eyJqb2JfdGl0bGUiOiJSZWYgMjAyNDA2MDEgRnVsbCBTdGFjayBTZW5pb3IgRGV2ZWxvcGVyIChBaSBObHAgTGxtKSBBcGxpY2FyIEVuIDMgTWludXRvcyIsImNvbXBhbnlfbmFtZSI6IlNhcGllbnRpcyIsImFkZHJlc3NfY2l0eSI6IkJhcmNlbG9uYSwgU3BhaW4iLCJodGlkb2NpZCI6Ik5wSWZUQmZ6OTNPMWUwWmJBQUFBQUE9PSIsInV1bGUiOiJ3K0NBSVFJQ0lGVTNCaGFXNCJ9,1
eyJqb2JfdGl0bGUiOiJJbmdlbmllcm8vYSBFc3BlY2lhbGlzdGEgcGFyYSBDb29yZGluYWNpw7NuIGRlIE1vZGVsbyBlbiBTaXN0ZW1hcyBNZWPDoW5pY29zIiwiY29tcGFueV9uYW1lIjoiTmF2YW50aWEsIFMuQS4sIFMuTS5FIiwiYWRkcmVzc19jaXR5IjoiUHVlcnRvIFJlYWwsIFNwYWluIiwiaHRpZG9jaWQiOiJTVThUVWU2MS15OFlJbm5TQUFBQUFBPT0iLCJ1dWxlIjoidytDQUlRSUNJRlUzQmhhVzQifQ==,1
eyJqb2JfdGl0bGUiOiJJTkdFTklFUk8vQSBFU1BFQ0lBTElTVEEgRU4gSU5TVEFMQUNJT05FUyBJTkRVU1RSSUFMRVMuIExVR08iLCJjb21wYW55X25hbWUiOiJOb3J2ZW50byBFbmVyeMOtYSIsImFkZHJlc3NfY2l0eSI6Ikx1Z28sIFNwYWluIiwiaHRpZG9jaWQiOiJ3eGxId0plSkJHaFl2eXJHQUFBQUFBPT0iLCJ1dWxlIjoidytDQUlRSUNJRlUzQmhhVzQifQ==,1
eyJqb2JfdGl0bGUiOiJJTkdFTklFUk8vQSBFU1BFQ0lBTElTVEEgRU4gSU5TVEFMQUNJT05FUyBUw4lSTUlDQVMgSU5EVVNUUklBTEVTIiwiY29tcGFueV9uYW1lIjoiTm9ydmVudG8gRW5lcnjDrWEiLCJhZGRyZXNzX2NpdHkiOiJNYWRyaWQsIFNwYWluIiwiaHRpZG9jaWQiOiI5QkIzRmZJV1ZQeG1NN3NTQUFBQUFBPT0iLCJ1dWxlIjoidytDQUlRSUNJRlUzQmhhVzQifQ==,1
eyJqb2JfdGl0bGUiOiJJbmdlbmllcm8gZXNwZWNpYWxpc3RhIGVuIGluc3RhbGFjaW9uZXMgdMOpcm1pY2FzIGluZHVzdHJpYWxlcyIsImNvbXBhbnlfbmFtZSI6ImV3aSByZWNydWl0bWVudCIsImFkZHJlc3NfY2l0eSI6IlNwYWluIiwiaHRpZG9jaWQiOiJGekI5UC1BdkVpeHFzOEgwQUFBQUFBPT0iLCJ1dWxlIjoidytDQUlRSUNJRlUzQmhhVzQifQ==,1
eyJqb2JfdGl0bGUiOiJJbmdlbmllcmEvbyBFc3BlY2lhbGlzdGEgZW4gUmVkZXMgZGUgRGlzdHJpYnVjacOzbiAtIENlcnRpZmljYWRvIGRlIGRpc2NhcGFjaWRhZCAoTWFkcmlkKSAtIDExNjc5IiwiY29tcGFueV9uYW1lIjoiTmF0dXJneSIsImFkZHJlc3NfY2l0eSI6Ik1hZHJpZCwgU3BhaW4iLCJodGlkb2NpZCI6IkJxVDg3VjZUeWdPTTU3RHpBQUFBQUE9PSIsInV1bGUiOiJ3K0NBSVFJQ0lGVTNCaGFXNCJ9,1
eyJqb2JfdGl0bGUiOiJUw6ljbmljby9hIGVsZWN0csOzbmljby9pbmZvcm3DoXRpY28gZXNwZWNpYWxpc3RhIGVuIHRlbGVmb27DrWEgbcOzdmlsIHkgbWljcm9zb2xkYWR1cmEiLCJjb21wYW55X25hbWUiOiJEb2N0b3IgVHJvbmljIiwiYWRkcmVzc19jaXR5IjoiTXVyY2lhLCBTcGFpbiIsImh0aWRvY2lkIjoiMXZTM2I2aUFCdlVrSW1VMEFBQUFBQT09IiwidXVsZSI6IncrQ0FJUUlDSUZVM0JoYVc0In0=,7
eyJqb2JfdGl0bGUiOiJUw6ljbmljbyBFc3BlY2lhbGlzdGEgU0NBREEgKEgvTSkiLCJjb21wYW55X25hbWUiOiJBY3RlbWl1bSBTcGFpbiIsImFkZHJlc3NfY2l0eSI6Ik9ydHVlbGxhLCBTcGFpbiIsImh0aWRvY2lkIjoiemJPQmFJREZYYXpZWlRNS0FBQUFBQT09IiwidXVsZSI6IncrQ0FJUUlDSUZVM0JoYVc0In0=,1
eyJqb2JfdGl0bGUiOiJBZG1pbmlzdHJhZG9yL2EgZGUgU2lzdGVtYXMgU0NBREEgKG0vZi9kKSIsImNvbXBhbnlfbmFtZSI6IlNpZW1lbnMiLCJhZGRyZXNzX2NpdHkiOiJUcmVzIENhbnRvcywgU3BhaW4iLCJodGlkb2NpZCI6Ik56UmQ3UURhVnFHUEN3MThBQUFBQUE9PSIsInV1bGUiOiJ3K0NBSVFJQ0lGVTNCaGFXNCJ9,7
eyJqb2JfdGl0bGUiOiJJbmZvcm1hdGljbyBpbnRlZ3JhY2nDs24gdGVsZWdlc3Rpw7NuLCBQTEMsIFNjYWRhIiwiY29tcGFueV9uYW1lIjoiSVRJU0EsIFNMIiwiYWRkcmVzc19jaXR5IjoiRm9ybmVsbHMgZGUgbGEgU2VsdmEsIFNwYWluIiwiaHRpZG9jaWQiOiJ4LXR5WUpGc1NFcHd4cTlXQUFBQUFBPT0iLCJ1dWxlIjoidytDQUlRSUNJRlUzQmhhVzQifQ==,1
eyJqb2JfdGl0bGUiOiJDb25zdWx0b3IgZGUgQ2liZXJzZWd1cmlkYWQgfCBEZXRlY2Npw7NuIHkgbW9uaXRvcml6YWNpw7NuIGRlIGFtZW5hemFzIiwiY29tcGFueV9uYW1lIjoiR3J1cG8gU0lBIiwiYWRkcmVzc19jaXR5IjoiQmlsYmFvLCBTcGFpbiIsImh0aWRvY2lkIjoicUdXNlZFOVBLSHNKYTVFeEFBQUFBQT09IiwidXVsZSI6IncrQ0FJUUlDSUZVM0JoYVc0In0=,1
eyJqb2JfdGl0bGUiOiJDb25zdWx0b3IvQSBHcmMgRW4gQ2liZXJzZWd1cmlkYWQgKENvbiBJZGlvbWEgSW5nbMOpcyBGbHVpZG8pIiwiY29tcGFueV9uYW1lIjoiR09WRVJUSVMiLCJhZGRyZXNzX2NpdHkiOiJaYXJhZ296YSwgU3BhaW4iLCJodGlkb2NpZCI6IkRoS3FjTmN3VXZGS0VNdzFBQUFBQUE9PSIsInV1bGUiOiJ3K0NBSVFJQ0lGVTNCaGFXNCJ9,7
eyJqb2JfdGl0bGUiOiJQLjAwMC4wMDAzIENvbnN1bHRvciBkZSBDaWJlcnNlZ3VyaWRhZCIsImNvbXBhbnlfbmFtZSI6IkF1ZGVhIiwiYWRkcmVzc19jaXR5IjoiTWFkcmlkLCBTcGFpbiIsImh0aWRvY2lkIjoiTDd3aHZPeUk0Rl9fSkF3dEFBQUFBQT09IiwidXVsZSI6IncrQ0FJUUlDSUZVM0JoYVc0In0=,7
eyJqb2JfdGl0bGUiOiJDb25zdWx0b3IvYSBkZSBDaWJlcnNlZ3VyaWRhZCAtIENJRVMiLCJjb21wYW55X25hbWUiOiJTZXJlc2NvIiwiYWRkcmVzc19jaXR5IjoiQXN0dXJpYXMsIFNwYWluIiwiaHRpZG9jaWQiOiJFcVBTeG5lS1g2MmFSOUtVQUFBQUFBPT0iLCJ1dWxlIjoidytDQUlRSUNJRlUzQmhhVzQifQ==,1
eyJqb2JfdGl0bGUiOiJUVGVjaF9USC1Db25zdWx0b3IvYSBHUkMgZW4gQ2liZXJzZWd1cmlkYWQiLCJjb21wYW55X25hbWUiOiJUZWxlZsOzbmljYSIsImFkZHJlc3NfY2l0eSI6Ik1hZHJpZCwgU3BhaW4iLCJodGlkb2NpZCI6InVLSjZwc0M4S0RnaWZWTjlBQUFBQUE9PSIsInV1bGUiOiJ3K0NBSVFJQ0lGVTNCaGFXNCJ9,7
eyJqb2JfdGl0bGUiOiJDb25zdWx0b3IvYSBDaWJlcnNlZ3VyaWRhZCAtIEp1bmlvciIsImNvbXBhbnlfbmFtZSI6IkdydXBvIE9lc2lhIiwiYWRkcmVzc19jaXR5IjoiQSBDb3J1w7FhLCBTcGFpbiIsImh0aWRvY2lkIjoiNkNfVTUzVklnSVJoQmVKSEFBQUFBQT09IiwidXVsZSI6IncrQ0FJUUlDSUZVM0JoYVc0In0=,7
eyJqb2JfdGl0bGUiOiJDb25zdWx0b3IvYSBHUkMgZW4gQ2liZXJzZWd1cmlkYWQgLSBaYXJhZ296YSIsImNvbXBhbnlfbmFtZSI6IkdvdmVydGlzIiwiYWRkcmVzc19jaXR5IjoiWmFyYWdvemEsIFNwYWluIiwiaHRpZG9jaWQiOiI1RzFzdDVFM0YtQy1RWEZsQUFBQUFBPT0iLCJ1dWxlIjoidytDQUlRSUNJRlUzQmhhVzQifQ==,7
eyJqb2JfdGl0bGUiOiJDb25zdWx0b3IvYSBkZSByZWRlcyB5IGNpYmVyc2VndXJpZGFkIiwiY29tcGFueV9uYW1lIjoiRGlnaXRhbCBUYWxlbnQgQWdlbmN5IiwiYWRkcmVzc19jaXR5IjoiQXN0dXJpYXMsIFNwYWluIiwiaHRpZG9jaWQiOiJ4SUowMENoLXZEdF9xRHhqQUFBQUFBPT0iLCJ1dWxlIjoidytDQUlRSUNJRlUzQmhhVzQifQ==,7
eyJqb2JfdGl0bGUiOiJDT05TVUxUT1IgRU4gQ0lCRVJTRUdVUklEQUQgWSBSSUVTR09TIFRFQ05PTMOTR0lDT1MgTUFEUklEIiwiY29tcGFueV9uYW1lIjoiTWFuYWdlbWVudCBTb2x1dGlvbnMiLCJhZGRyZXNzX2NpdHkiOiJNYWRyaWQsIFNwYWluIiwiaHRpZG9jaWQiOiJoSTZsQlZJLVA2V3Q1R3BhQUFBQUFBPT0iLCJ1dWxlIjoidytDQUlRSUNJRlUzQmhhVzQifQ==,1
eyJqb2JfdGl0bGUiOiJDT05TVUxUT1IvQSBDSUJFUlNFR1VSSURBRCIsImNvbXBhbnlfbmFtZSI6IkliZXJtYXRpY2EiLCJhZGRyZXNzX2NpdHkiOiJCYXNxdWUgQ291bnRyeSwgU3BhaW4iLCJodGlkb2NpZCI6ImhFWU11YjVBVjBIYk9BN2VBQUFBQUE9PSIsInV1bGUiOiJ3K0NBSVFJQ0lGVTNCaGFXNCJ9,1
eyJqb2JfdGl0bGUiOiJDb25zdWx0b3LDrWEgSSBDb25zdWx0b3IgU2VuaW9yIENpYmVyc2VndXJpZGFkIE9UIiwiY29tcGFueV9uYW1lIjoiUHdDIEVzcGHDsWEiLCJhZGRyZXNzX2NpdHkiOiJNYWRyaWQsIFNwYWluIiwiaHRpZG9jaWQiOiI2UHdKSHBZV1FsNDZXcjlfQUFBQUFBPT0iLCJ1dWxlIjoidytDQUlRSUNJRlUzQmhhVzQifQ==,7
eyJqb2JfdGl0bGUiOiJDb25zdWx0b3IgU2VuaW9yIENpYmVyc2VndXJpZGFkIiwiY29tcGFueV9uYW1lIjoiQ2FwZ2VtaW5pIiwiYWRkcmVzc19jaXR5IjoiU3BhaW4iLCJodGlkb2NpZCI6ImtHRWpMN0paYl9Uai1ud1ZBQUFBQUE9PSIsInV1bGUiOiJ3K0NBSVFJQ0lGVTNCaGFXNCJ9,7
eyJqb2JfdGl0bGUiOiJDb25zdWx0b3IvYSBDaWJlcnNlZ3VyaWRhZCAtIEp1bmlvciIsImNvbXBhbnlfbmFtZSI6IkdydXBvIE9lc2lhIiwiYWRkcmVzc19jaXR5IjoiTWFkcmlkLCBTcGFpbiIsImh0aWRvY2lkIjoiQlNoOXNXZWsxWVl0NF9EV0FBQUFBQT09IiwidXVsZSI6IncrQ0FJUUlDSUZVM0JoYVc0In0=,7
eyJqb2JfdGl0bGUiOiIoRkJYMTQ5KSBDb25zdWx0b3IvYSBDaWJlcnNlZ3VyaWRhZCIsImNvbXBhbnlfbmFtZSI6IkliZXJtw6F0aWNhIiwiYWRkcmVzc19jaXR5IjoiQmFyYWthbGRvLCBTcGFpbiIsImh0aWRvY2lkIjoiMVp3SWFkcms1SnFaYk03MkFBQUFBQT09IiwidXVsZSI6IncrQ0FJUUlDSUZVM0JoYVc0In0=,7
eyJqb2JfdGl0bGUiOiIoRkJYMTQ5KSBDb25zdWx0b3IvYSBDaWJlcnNlZ3VyaWRhZCIsImNvbXBhbnlfbmFtZSI6IkliZXJtw6F0aWNhIiwiYWRkcmVzc19jaXR5IjoiQmFyYWthbGRvLCBTcGFpbiIsImh0aWRvY2lkIjoiMVp3SWFkcms1SnFaYk03MkFBQUFBQT09IiwidXVsZSI6IncrQ0FJUUlDSUZVM0JoYVc0In0=,1
eyJqb2JfdGl0bGUiOiJUZWFtIExlYWQgZGUgUHJveWVjdG9zIGRlIFNvZnR3YXJlIHBhcmEgU2lzdGVtYXMgRW1iZWJpZG9zIiwiY29tcGFueV9uYW1lIjoiVGhlIENUIEVuZ2luZWVyaW5nIEdyb3VwIiwiYWRkcmVzc19jaXR5IjoiR2V0YWZlLCBTcGFpbiIsImh0aWRvY2lkIjoiMURaRXRuOUs4enhNZHBNNkFBQUFBQT09IiwidXVsZSI6IncrQ0FJUUlDSUZVM0JoYVc0In0=,1
eyJqb2JfdGl0bGUiOiJDb29yZGluYWRvciBUZWNub2zDs2dpY28iLCJjb21wYW55X25hbWUiOiJIYXlzIiwiYWRkcmVzc19jaXR5IjoiU2V2aWxsZSwgU3BhaW4iLCJodGlkb2NpZCI6IkFTV01ST0kxdFZOdVZvUFRBQUFBQUE9PSIsInV1bGUiOiJ3K0NBSVFJQ0lGVTNCaGFXNCJ9,7
eyJqb2JfdGl0bGUiOiJDb29yZGluYWRvci9hIGRlIFNlcnZpY2lvcyBUw6ljbmljb3MiLCJjb21wYW55X25hbWUiOiJSZXBzb2wiLCJhZGRyZXNzX2NpdHkiOiJNYWRyaWQsIFNwYWluIiwiaHRpZG9jaWQiOiJwYjA1dlY5S0ZmYWhjY1FjQUFBQUFBPT0iLCJ1dWxlIjoidytDQUlRSUNJRlUzQmhhVzQifQ==,7
eyJqb2JfdGl0bGUiOiJDb25zdWx0b3IvYSBQcm9jZXNzIE1pbmluZyAtIENlbG9uaXMgMSIsImNvbXBhbnlfbmFtZSI6IlRlbGVmw7NuaWNhIiwiYWRkcmVzc19jaXR5IjoiTWFkcmlkLCBTcGFpbiIsImh0aWRvY2lkIjoiUmFEWE9fSVBtRlNSZE9KT0FBQUFBQT09IiwidXVsZSI6IncrQ0FJUUlDSUZVM0JoYVc0In0=,1
eyJqb2JfdGl0bGUiOiJDT05TVUxUT1IvQSBTRU5JT1IgSU5URUxJR0VOQ0lBIERFIE5FR09DSU8iLCJjb21wYW55X25hbWUiOiJRdUVTVCBHbG9iYWwiLCJhZGRyZXNzX2NpdHkiOiJNYWRyaWQsIFNwYWluIiwiaHRpZG9jaWQiOiI1djNwaDFIdVBILUlNemg4QUFBQUFBPT0iLCJ1dWxlIjoidytDQUlRSUNJRlUzQmhhVzQifQ==,1
eyJqb2JfdGl0bGUiOiJDb25zdWx0b3IvYSB0w6ljbmljQCBlbiBBZG1pbmlzdHJhY2nDs24geSBHZXN0acOzbiBkZSBTaXN0ZW1hcyIsImNvbXBhbnlfbmFtZSI6InNnIHRlY2giLCJhZGRyZXNzX2NpdHkiOiJNYWRyaWQsIFNwYWluIiwiaHRpZG9jaWQiOiJ6MVgxc2tacFdpN1U0R2V5QUFBQUFBPT0iLCJ1dWxlIjoidytDQUlRSUNJRlUzQmhhVzQifQ==,7
eyJqb2JfdGl0bGUiOiJDb25zdWx0b3IvYSBSZWluZ2VuaWVyw61hIGRlIHByb2Nlc29zIiwiY29tcGFueV9uYW1lIjoiR3J1cG8gaW5ub3ZhZG9yIGVuIElUIGNvbnN1bHRvcsOtYSBlbiBtb2Rlcm5pemFjacOzbiBkZSBsYSBBZG1pbmlzdHJhY2nDs24iLCJhZGRyZXNzX2NpdHkiOiJNYWRyaWQsIFNwYWluIiwiaHRpZG9jaWQiOiJMQjZfT0F0eEVOb2xyMHJSQUFBQUFBPT0iLCJ1dWxlIjoidytDQUlRSUNJRlUzQmhhVzQifQ==,7
eyJqb2JfdGl0bGUiOiJFUy0gQ29uc3VsdG9yIElUIiwiY29tcGFueV9uYW1lIjoiRGV2b3RlYW0iLCJhZGRyZXNzX2NpdHkiOiJNYWRyaWQsIFNwYWluIiwiaHRpZG9jaWQiOiJybWxSRU1VTHFMZkZRQ1QzQUFBQUFBPT0iLCJ1dWxlIjoidytDQUlRSUNJRlUzQmhhVzQifQ==,1
eyJqb2JfdGl0bGUiOiJDb25zdWx0b3IgZGUgc29mdHdhcmUiLCJjb21wYW55X25hbWUiOiJXZUh1bnQgRXNwYcOxYSIsImFkZHJlc3NfY2l0eSI6IlZhbGVuY2lhLCBTcGFpbiIsImh0aWRvY2lkIjoicXhOMkNLdk95Q3lxS2JmSkFBQUFBQT09IiwidXVsZSI6IncrQ0FJUUlDSUZVM0JoYVc0In0=,1
eyJqb2JfdGl0bGUiOiJDT05TVUxUT1IvQSBTRUdVUklEQUQgREUgTEEgSU5GT1JNQUNJT04iLCJjb21wYW55X25hbWUiOiJTMiBHcnVwbyIsImFkZHJlc3NfY2l0eSI6Ik1hZHJpZCwgU3BhaW4iLCJodGlkb2NpZCI6Ilg5TW54RVluNzNhSFlfVnRBQUFBQUE9PSIsInV1bGUiOiJ3K0NBSVFJQ0lGVTNCaGFXNCJ9,7
eyJqb2JfdGl0bGUiOiJDb25zdWx0b3IgQmFzZSBkZSBEYXRvcyIsImNvbXBhbnlfbmFtZSI6IlRSUyBTdGFmZmluZyBTb2x1dGlvbnMiLCJhZGRyZXNzX2NpdHkiOiJNYWRyaWQsIFNwYWluIiwiaHRpZG9jaWQiOiJfU0hLVTlNcEhpWi1RWGpCQUFBQUFBPT0iLCJ1dWxlIjoidytDQUlRSUNJRlUzQmhhVzQifQ==,7
eyJqb2JfdGl0bGUiOiJDb25zdWx0b3IgRnVuY2lvbmFsIFBNLUJJIiwiY29tcGFueV9uYW1lIjoiQWx0aW4gU29sdXRpb25zIiwiYWRkcmVzc19jaXR5IjoiTWFkcmlkLCBTcGFpbiIsImh0aWRvY2lkIjoieExEUVlIQms3bGxNeGI3LUFBQUFBQT09IiwidXVsZSI6IncrQ0FJUUlDSUZVM0JoYVc0In0=,1
eyJqb2JfdGl0bGUiOiJJbnRlZHlhIEliZXJpY2EsIFMuTC46IENvbnN1bHRvciBkZSBTaXN0ZW1hcyBkZSBHZXN0acOzbiAtIE5vcm1hcyBJU08gMjcwMDEiLCJjb21wYW55X25hbWUiOiJqb2luLmNvbSIsImFkZHJlc3NfY2l0eSI6IkFsY2FsYSBkZSBIZW5hcmVzLCBTcGFpbiIsImh0aWRvY2lkIjoiUm85dXJ1ZExXeDFGdEVBcEFBQUFBQT09IiwidXVsZSI6IncrQ0FJUUlDSUZVM0JoYVc0In0=,7
eyJqb2JfdGl0bGUiOiJDb25zdWx0b3IvYSBpbXBsYW50YWNpw7NuIFNXIGluZHVzdHJpYWwiLCJjb21wYW55X25hbWUiOiJQcmVmZXJlbmNlIiwiYWRkcmVzc19jaXR5IjoiUGF0ZXJuYSwgU3BhaW4iLCJodGlkb2NpZCI6ImRRN3NqUlFzY09ZeEhXTENBQUFBQUE9PSIsInV1bGUiOiJ3K0NBSVFJQ0lGVTNCaGFXNCJ9,1
eyJqb2JfdGl0bGUiOiJDT05TVUxUT1IvQSBTRUdVUklEQUQgREUgTEEgSU5GT1JNQUNJT04iLCJjb21wYW55X25hbWUiOiJTMiBHcnVwbyIsImFkZHJlc3NfY2l0eSI6IkNvbW11bml0eSBvZiBNYWRyaWQsIFNwYWluIiwiaHRpZG9jaWQiOiI2YlkybFNhX2FlZVNianpQQUFBQUFBPT0iLCJ1dWxlIjoidytDQUlRSUNJRlUzQmhhVzQifQ==,7
eyJqb2JfdGl0bGUiOiJDb25zdWx0b3IvYSBCSSAoTWljcm9zb2Z0KSIsImNvbXBhbnlfbmFtZSI6Ik1pY2hhZWwgUGFnZSIsImFkZHJlc3NfY2l0eSI6IkJhcmNlbG9uYSwgU3BhaW4iLCJodGlkb2NpZCI6InV3VUtJTzMxbUg2QXBaM2xBQUFBQUE9PSIsInV1bGUiOiJ3K0NBSVFJQ0lGVTNCaGFXNCJ9,1
eyJqb2JfdGl0bGUiOiJDb25zdWx0b3IvYSBUSUMiLCJjb21wYW55X25hbWUiOiJFdmlkZW4iLCJhZGRyZXNzX2NpdHkiOiJNYWRyaWQsIFNwYWluIiwiaHRpZG9jaWQiOiJmWVZFOXV3OWltdm5PLTRwQUFBQUFBPT0iLCJ1dWxlIjoidytDQUlRSUNJRlUzQmhhVzQifQ==,9
eyJqb2JfdGl0bGUiOiJDb25zdWx0b3IvYSBUSUMiLCJjb21wYW55X25hbWUiOiJFdmlkZW4iLCJhZGRyZXNzX2NpdHkiOiJNYWRyaWQsIFNwYWluIiwiaHRpZG9jaWQiOiJmWVZFOXV3OWltdm5PLTRwQUFBQUFBPT0iLCJ1dWxlIjoidytDQUlRSUNJRlUzQmhhVzQifQ==,1
eyJqb2JfdGl0bGUiOiJTZW5pb3IgVW5pdHkgRGV2ZWxvcGVyIiwiY29tcGFueV9uYW1lIjoiUmVkdmVsIEdhbWVzIiwiYWRkcmVzc19jaXR5IjoiU3BhaW4iLCJodGlkb2NpZCI6Ii1vWV9yQ3B5ZEZvYUdRZmJBQUFBQUE9PSIsInV1bGUiOiJ3K0NBSVFJQ0lGVTNCaGFXNCJ9,1
eyJqb2JfdGl0bGUiOiJUw6ljbmljbyBkZSBzaXN0ZW1hcyBTZW5pb3IiLCJjb21wYW55X25hbWUiOiJBdXJlbiIsImFkZHJlc3NfY2l0eSI6Ik1hZHJpZCwgU3BhaW4iLCJodGlkb2NpZCI6IjhOMmpZc3B6Wnc1NDh5ZWFBQUFBQUE9PSIsInV1bGUiOiJ3K0NBSVFJQ0lGVTNCaGFXNCJ9,7
eyJqb2JfdGl0bGUiOiJUw6ljbmljbyBkZSBTaXN0ZW1hcyIsImNvbXBhbnlfbmFtZSI6IlJhbmRzdGFkIERpZ2l0YWwiLCJhZGRyZXNzX2NpdHkiOiJWaWMsIFNwYWluIiwiaHRpZG9jaWQiOiIxQ2ducGtzdkE1bkVwTTc4QUFBQUFBPT0iLCJ1dWxlIjoidytDQUlRSUNJRlUzQmhhVzQifQ==,7
eyJqb2JfdGl0bGUiOiJUw6ljbmljby9hIGRlIFNpc3RlbWFzIChNYWRyaWQpIiwiY29tcGFueV9uYW1lIjoiU2VyZXNjbyIsImFkZHJlc3NfY2l0eSI6Ik1hZHJpZCwgU3BhaW4iLCJodGlkb2NpZCI6ImNRaUNCajgxWnpOczQtaUxBQUFBQUE9PSIsInV1bGUiOiJ3K0NBSVFJQ0lGVTNCaGFXNCJ9,1
eyJqb2JfdGl0bGUiOiIoUC0xNTMpIERlc2Fycm9sbGFkb3IvQSBTZW5pb3IgRHluYW1pY3MgQnVzaW5lc3MgQ2VudHJhbCwgLk5ldCIsImNvbXBhbnlfbmFtZSI6IkFudGFsIEludGVybmF0aW9uYWwgTmV0d29yayIsImFkZHJlc3NfY2l0eSI6Ik5hdmFycmUsIFNwYWluIiwiaHRpZG9jaWQiOiJvcG9nTXBqREdVV1hTTHV5QUFBQUFBPT0iLCJ1dWxlIjoidytDQUlRSUNJRlUzQmhhVzQifQ==,1
eyJqb2JfdGl0bGUiOiJBbmFsaXN0YSBkZSBEYXRvcyBCSSB8IFtFNjk3XSIsImNvbXBhbnlfbmFtZSI6IkVTTUwgU0QgSWJlcmlhIEhvbGRpbmcgUyBBIFUiLCJhZGRyZXNzX2NpdHkiOiJDb21tdW5pdHkgb2YgTWFkcmlkLCBTcGFpbiIsImh0aWRvY2lkIjoibkZBS3I1TGVhQWhnZzhsQUFBQUFBQT09IiwidXVsZSI6IncrQ0FJUUlDSUZVM0JoYVc0In0=,1
eyJqb2JfdGl0bGUiOiJBbmFsaXN0YSBkZSBEYXRvcyIsImNvbXBhbnlfbmFtZSI6IkFMREkgTm9yZCIsImFkZHJlc3NfY2l0eSI6IlNhbnQgQ3VnYXQgZGVsIFZhbGzDqHMsIFNwYWluIiwiaHRpZG9jaWQiOiJVem1tTnpMb0pidTdMS0dxQUFBQUFBPT0iLCJ1dWxlIjoidytDQUlRSUNJRlUzQmhhVzQifQ==,7
eyJqb2JfdGl0bGUiOiJBbmFsaXN0YSBkZSBkYXRvcyIsImNvbXBhbnlfbmFtZSI6IkltcG9ydGFudGUgZW1wcmVzYSBkZWwgc2VjdG9yIiwiYWRkcmVzc19jaXR5IjoiQ8OzcmRvYmEsIFNwYWluIiwiaHRpZG9jaWQiOiJ0UWhOZEdXakF4X0czWGF5QUFBQUFBPT0iLCJ1dWxlIjoidytDQUlRSUNJRlUzQmhhVzQifQ==,1
eyJqb2JfdGl0bGUiOiJBbmFsaXN0YSBkZSBEYXRvcyIsImNvbXBhbnlfbmFtZSI6IkFMREkiLCJhZGRyZXNzX2NpdHkiOiJTcGFpbiIsImh0aWRvY2lkIjoiT0tiMFhQekZwTGQ1SE5EZ0FBQUFBQT09IiwidXVsZSI6IncrQ0FJUUlDSUZVM0JoYVc0In0=,7
eyJqb2JfdGl0bGUiOiJEYXRhIEFuYWx5c3QgKEFuYWxpc3RhIGRlIERhdG9zKSIsImNvbXBhbnlfbmFtZSI6IlNFSyBFRFVDQVRJT04gR1JPVVAiLCJhZGRyZXNzX2NpdHkiOiJNYWRyaWQsIFNwYWluIiwiaHRpZG9jaWQiOiJ4QVg0ZVpqQ3hjakNySUJlQUFBQUFBPT0iLCJ1dWxlIjoidytDQUlRSUNJRlUzQmhhVzQifQ==,1
eyJqb2JfdGl0bGUiOiJBbmFsaXN0YSBCdXNpbmVzcyBJbnRlbGxpZ2VuY2UgLSBEYXRhIFNjaWVuY2UiLCJjb21wYW55X25hbWUiOiJJT0RpZ2l0YWwiLCJhZGRyZXNzX2NpdHkiOiJNYWRyaWQsIFNwYWluIiwiaHRpZG9jaWQiOiJFQ2tYbjM1bWVfN1lWWFE4QUFBQUFBPT0iLCJ1dWxlIjoidytDQUlRSUNJRlUzQmhhVzQifQ==,1
eyJqb2JfdGl0bGUiOiJQZXJmaWwgaMOtYnJpZG8gZGUgQW5hbGlzdGEgVMOpY25pY28gZGUgTmVnb2NpbyB5IEFuYWxpc3RhIGRlIERhdG9zLiAxMDAlIFRlbGV0cmFiYWpvLiIsImNvbXBhbnlfbmFtZSI6IkdydXBvIEhhc3RlbiIsImFkZHJlc3NfY2l0eSI6Ik1hZHJpZCwgU3BhaW4iLCJodGlkb2NpZCI6IjljYUtBbDlBQWx2RzF2RGNBQUFBQUE9PSIsInV1bGUiOiJ3K0NBSVFJQ0lGVTNCaGFXNCJ9,1
eyJqb2JfdGl0bGUiOiJBbmFsaXN0YSBkZSBCdXNpbmVzcyBJbnRlbGxpZ2VuY2UgKEJJKSIsImNvbXBhbnlfbmFtZSI6IlBsYW5hc2EiLCJhZGRyZXNzX2NpdHkiOiJNYWRyaWQsIFNwYWluIiwiaHRpZG9jaWQiOiJhU1dPeUtsNFpYOG1LZlBpQUFBQUFBPT0iLCJ1dWxlIjoidytDQUlRSUNJRlUzQmhhVzQifQ==,1
eyJqb2JfdGl0bGUiOiJBbmFsaXN0YSBkZSBkYXRvcyAtIFNlY3RvciBGb3JtYWNpw7NuIFtUVDY2OF0iLCJjb21wYW55X25hbWUiOiJSYW5kc3RhZCBFcyIsImFkZHJlc3NfY2l0eSI6IkNvbW11bml0eSBvZiBNYWRyaWQsIFNwYWluIiwiaHRpZG9jaWQiOiJqdHZrd0tZcXlMaU52X3NqQUFBQUFBPT0iLCJ1dWxlIjoidytDQUlRSUNJRlUzQmhhVzQifQ==,1
eyJqb2JfdGl0bGUiOiJCZWNhIERlc2Fycm9sbG8gZGUgTmVnb2NpbyAtIEFuYWxpc3RhIENSTSIsImNvbXBhbnlfbmFtZSI6IkF1cmVuIiwiYWRkcmVzc19jaXR5IjoiTWFkcmlkLCBTcGFpbiIsImh0aWRvY2lkIjoieFhXbG52ZHQxUkpFdzU2dEFBQUFBQT09IiwidXVsZSI6IncrQ0FJUUlDSUZVM0JoYVc0In0=,1
eyJqb2JfdGl0bGUiOiJCdXNpbmVzcyBEYXRhIEFuYWx5c3QiLCJjb21wYW55X25hbWUiOiJPeXNobyIsImFkZHJlc3NfY2l0eSI6IlRvcmRlcmEsIFNwYWluIiwiaHRpZG9jaWQiOiIwVEE3TjNSWHVfSFItRHowQUFBQUFBPT0iLCJ1dWxlIjoidytDQUlRSUNJRlUzQmhhVzQifQ==,1
eyJqb2JfdGl0bGUiOiJUw6ljbmljbyBkZSBNYXJrZXRpbmc6IEFuYWxpc3RhIGRlIGRhdG9zIiwiY29tcGFueV9uYW1lIjoiUHJlbnNhIEliw6lyaWNhIiwiYWRkcmVzc19jaXR5IjoiTWFkcmlkLCBTcGFpbiIsImh0aWRvY2lkIjoiNHJOeWpjT3VNNUx0d0dmekFBQUFBQT09IiwidXVsZSI6IncrQ0FJUUlDSUZVM0JoYVc0In0=,1
eyJqb2JfdGl0bGUiOiIoWEQ3MjEpIHwgRGF0YSBBbmFseXN0IC8gQW5hbGlzdGEgRGUgRGF0b3MiLCJjb21wYW55X25hbWUiOiIqTm9tYnJlIE9jdWx0byoiLCJhZGRyZXNzX2NpdHkiOiJaYXJhZ296YSwgU3BhaW4iLCJodGlkb2NpZCI6ImVCNkZsNUdaMERuUWN6NE5BQUFBQUE9PSIsInV1bGUiOiJ3K0NBSVFJQ0lGVTNCaGFXNCJ9,9
eyJqb2JfdGl0bGUiOiJCdXNpbmVzcyBEYXRhIEFuYWx5c3QgKEUtQ29tbWVyY2UpIiwiY29tcGFueV9uYW1lIjoiU0lJIEdyb3VwIFNwYWluIiwiYWRkcmVzc19jaXR5IjoiQmFyY2Vsb25hLCBTcGFpbiIsImh0aWRvY2lkIjoicjVvR3IwWjhidzRzZzRrZ0FBQUFBQT09IiwidXVsZSI6IncrQ0FJUUlDSUZVM0JoYVc0In0=,1
eyJqb2JfdGl0bGUiOiJQUk9DRVNPIERFIFNFTEVDQ0nDk04gQ0VSUkFETy4gQkVDQSBEYXRhIEFuYWx5c3QgVHJhaW5lZSIsImNvbXBhbnlfbmFtZSI6IkVVREUgQnVzaW5lc3MgU2Nob29sIiwiYWRkcmVzc19jaXR5IjoiTWFkcmlkLCBTcGFpbiIsImh0aWRvY2lkIjoiRmQ2eVZBVXBlbU5Tc0xYZ0FBQUFBQT09IiwidXVsZSI6IncrQ0FJUUlDSUZVM0JoYVc0In0=,1
eyJqb2JfdGl0bGUiOiJCdXNpbmVzcyBJbnRlbGxpZ2VuY2UiLCJjb21wYW55X25hbWUiOiJSZWRhcmJvciIsImFkZHJlc3NfY2l0eSI6IlNhbnQgQ3VnYXQgZGVsIFZhbGzDqHMsIFNwYWluIiwiaHRpZG9jaWQiOiI1dnBJNXZWbnJPQlNhVV83QUFBQUFBPT0iLCJ1dWxlIjoidytDQUlRSUNJRlUzQmhhVzQifQ==,9
eyJqb2JfdGl0bGUiOiJCdXNpbmVzcyBJbnRlbGxpZ2VuY2UiLCJjb21wYW55X25hbWUiOiJSZWRhcmJvciIsImFkZHJlc3NfY2l0eSI6IlNhbnQgQ3VnYXQgZGVsIFZhbGzDqHMsIFNwYWluIiwiaHRpZG9jaWQiOiI1dnBJNXZWbnJPQlNhVV83QUFBQUFBPT0iLCJ1dWxlIjoidytDQUlRSUNJRlUzQmhhVzQifQ==,1
eyJqb2JfdGl0bGUiOiJSZXNwb25zYWJsZSBCdXNpbmVzcyBJbnRlbGxpZ2VuY2UgeSBSZXBvcnRpbmciLCJjb21wYW55X25hbWUiOiJVbml2ZXJzaXRhdCBJbnRlcm5hY2lvbmFsIGRlIENhdGFsdW55YSIsImFkZHJlc3NfY2l0eSI6IkJhcmNlbG9uYSwgU3BhaW4iLCJodGlkb2NpZCI6InVVdThrTXpSbzdwY1VyX1JBQUFBQUE9PSIsInV1bGUiOiJ3K0NBSVFJQ0lGVTNCaGFXNCJ9,1
eyJqb2JfdGl0bGUiOiJSZXNwb25zYWJsZSBkZSBEZXNhcnJvbGxvIElUIiwiY29tcGFueV9uYW1lIjoiTEhIIiwiYWRkcmVzc19jaXR5IjoiU2FudGEgT2xpdmEsIFNwYWluIiwiaHRpZG9jaWQiOiJtSnVDcEV2bDRoZ2lMSEdVQUFBQUFBPT0iLCJ1dWxlIjoidytDQUlRSUNJRlUzQmhhVzQifQ==,1
eyJqb2JfdGl0bGUiOiJEZXNhcnJvbGxhZG9yIEZ1bGwgU3RhY2siLCJjb21wYW55X25hbWUiOiJWZWdhIENvbnN1bHRvcmVzIiwiYWRkcmVzc19jaXR5IjoiQSBDb3J1w7FhLCBTcGFpbiIsImh0aWRvY2lkIjoiUHZIbXVlVEpabmVnUjRJdEFBQUFBQT09IiwidXVsZSI6IncrQ0FJUUlDSUZVM0JoYVc0In0=,1
eyJqb2JfdGl0bGUiOiJEZXNhcnJvbGxhZG9yL2EgSmF2YSBGdWxsIFN0YWNrIiwiY29tcGFueV9uYW1lIjoiSU1BTiBURU1QT1JJTkcgRVRULCBTLkwuIiwiYWRkcmVzc19jaXR5IjoiR3JhbmFkYSwgU3BhaW4iLCJodGlkb2NpZCI6IkZCMEh4TnRFZ210RlJZelpBQUFBQUE9PSIsInV1bGUiOiJ3K0NBSVFJQ0lGVTNCaGFXNCJ9,1
eyJqb2JfdGl0bGUiOiJJbmdlbmllcm8gZGUgQXBsaWNhY2lvbmVzICh3L20vZCkiLCJjb21wYW55X25hbWUiOiJIZXhhZ29uIE1hbnVmYWN0dXJpbmcgSW50ZWxsaWdlbmNlIiwiYWRkcmVzc19jaXR5IjoiQmFyY2Vsb25hLCBTcGFpbiIsImh0aWRvY2lkIjoiV0MzY05UZlFGXy1ldU9sekFBQUFBQT09IiwidXVsZSI6IncrQ0FJUUlDSUZVM0JoYVc0In0=,1
eyJqb2JfdGl0bGUiOiJTb2Z0d2FyZSBFbmdpbmVlciAtIFdlYiBCcm93c2VyIFNESyIsImNvbXBhbnlfbmFtZSI6IkRhdGFkb2ciLCJhZGRyZXNzX2NpdHkiOiJNYWRyaWQsIFNwYWluIiwiaHRpZG9jaWQiOiIyYUl1MHpOeWhITEZLTjBSQUFBQUFBPT0iLCJ1dWxlIjoidytDQUlRSUNJRlUzQmhhVzQifQ==,1
eyJqb2JfdGl0bGUiOiJJbmdlbmllcm8vYSBkZSBJbnRlbGlnZW5jaWEgQXJ0aWZpY2lhbCB5IE1hY2hpbmUgTGVhcm5pbmciLCJjb21wYW55X25hbWUiOiJBTFRFTiBTcGFpbiIsImFkZHJlc3NfY2l0eSI6Ik1hZHJpZCwgU3BhaW4iLCJodGlkb2NpZCI6IjBLTXBjZWxaY3N4SE84ZU1BQUFBQUE9PSIsInV1bGUiOiJ3K0NBSVFJQ0lGVTNCaGFXNCJ9,1
eyJqb2JfdGl0bGUiOiJEZXNhcnJvbGxhZG9yIGRlIHNvbHVjaW9uZXMgSUEiLCJjb21wYW55X25hbWUiOiJvcmtpZC5pbyIsImFkZHJlc3NfY2l0eSI6IlNwYWluIiwiaHRpZG9jaWQiOiJGMkpicUtUZlVmNGZKWEQzQUFBQUFBPT0iLCJ1dWxlIjoidytDQUlRSUNJRlUzQmhhVzQifQ==,1
eyJqb2JfdGl0bGUiOiJEZXNhcnJvbGxhZG9yIGRlIFNvbHVjaW9uZXMgQ29nbml0aXZhcyBlbiBQeXRob24iLCJjb21wYW55X25hbWUiOiJRVUFOVCBBSSBMYWIiLCJhZGRyZXNzX2NpdHkiOiJTcGFpbiIsImh0aWRvY2lkIjoiU2NrdFFfeFV3aWk2TUhPTEFBQUFBQT09IiwidXVsZSI6IncrQ0FJUUlDSUZVM0JoYVc0In0=,1
eyJqb2JfdGl0bGUiOiJQeXRob24gQUkgRGV2ZWxvcGVyIiwiY29tcGFueV9uYW1lIjoiS2l0ZXJpcyIsImFkZHJlc3NfY2l0eSI6Ik1hZHJpZCwgU3BhaW4iLCJodGlkb2NpZCI6IkRVQk52QXFHVWVlTlBsV1RBQUFBQUE9PSIsInV1bGUiOiJ3K0NBSVFJQ0lGVTNCaGFXNCJ9,1
eyJqb2JfdGl0bGUiOiJUw4lDTklDTyBJTlRFTElHRU5DSUEgQVJUSUZJQ0lBTC9BTsOBTElTSVMgREUgREFUT1MiLCJjb21wYW55X25hbWUiOiJJQ1AiLCJhZGRyZXNzX2NpdHkiOiJNZWNvLCBTcGFpbiIsImh0aWRvY2lkIjoiaDdnVEFvQ2pNZFRHVnloWkFBQUFBQT09IiwidXVsZSI6IncrQ0FJUUlDSUZVM0JoYVc0In0=,1
eyJqb2JfdGl0bGUiOiJKZWZlIGRlIHByb3llY3RvcyBkZSBUSSIsImNvbXBhbnlfbmFtZSI6IlJlY292ZXIiLCJhZGRyZXNzX2NpdHkiOiJNYWRyaWQsIFNwYWluIiwiaHRpZG9jaWQiOiJaX0dNTWRtMzk1ZVAxYVdIQUFBQUFBPT0iLCJ1dWxlIjoidytDQUlRSUNJRlUzQmhhVzQifQ==,9
eyJqb2JfdGl0bGUiOiJFc3BlY2lhbGlzdGEgZW4gR2VzdGnDs24gZGUgQ2FtYmlvcyBkZSBJbmdlbmllcsOtYSIsImNvbXBhbnlfbmFtZSI6IlBvd2VyIEVsZWN0cm9uaWNzIiwiYWRkcmVzc19jaXR5IjoiTGzDrXJpYSwgU3BhaW4iLCJodGlkb2NpZCI6IkpSeEl2Und1dzNxcEo2M2VBQUFBQUE9PSIsInV1bGUiOiJ3K0NBSVFJQ0lGVTNCaGFXNCJ9,1
eyJqb2JfdGl0bGUiOiJERVNBUlJPTExBRE9SIFdFQiIsImNvbXBhbnlfbmFtZSI6IlNlYXMiLCJhZGRyZXNzX2NpdHkiOiJaYXJhZ296YSwgU3BhaW4iLCJodGlkb2NpZCI6IkpGaVVYRHJNeU1BekxZZ01BQUFBQUE9PSIsInV1bGUiOiJ3K0NBSVFJQ0lGVTNCaGFXNCJ9,7
eyJqb2JfdGl0bGUiOiJQcm9ncmFtYWRvciBGdWxsc3RhY2sgKC5ORVQvQW5ndWxhcikiLCJjb21wYW55X25hbWUiOiJCYWJlbCIsImFkZHJlc3NfY2l0eSI6Ik1hZHJpZCwgU3BhaW4iLCJodGlkb2NpZCI6IjRRMFNtV2pvVkVVSDJMWkFBQUFBQUE9PSIsInV1bGUiOiJ3K0NBSVFJQ0lGVTNCaGFXNCJ9,1
eyJqb2JfdGl0bGUiOiJEZXNhcnJvbGxhZG9yIGRlIEFwbGljYWNpb25lcyBXZWIgKERBVykiLCJjb21wYW55X25hbWUiOiJDb25zdWx0b3JhIGRlIFJSSEggZW4gZGlzQ2FwYWNpZGFkIHkgVGFsZW50byIsImFkZHJlc3NfY2l0eSI6Ik1hZHJpZCwgU3BhaW4iLCJodGlkb2NpZCI6IjJWb01PN1V6Q0tGcFlpVllBQUFBQUE9PSIsInV1bGUiOiJ3K0NBSVFJQ0lGVTNCaGFXNCJ9,7
eyJqb2JfdGl0bGUiOiJEZXNhcnJvbGxhZG9yIGRlIEFwbGljYWNpb25lcyBXZWIgKERBVykiLCJjb21wYW55X25hbWUiOiJDb25zdWx0b3JhIGRlIFJSSEggZW4gZGlzQ2FwYWNpZGFkIHkgVGFsZW50byIsImFkZHJlc3NfY2l0eSI6Ik1hZHJpZCwgU3BhaW4iLCJodGlkb2NpZCI6IjJWb01PN1V6Q0tGcFlpVllBQUFBQUE9PSIsInV1bGUiOiJ3K0NBSVFJQ0lGVTNCaGFXNCJ9,1
eyJqb2JfdGl0bGUiOiJEZXNhcnJvbGxhZG9yIGRlIGZyb250LWVuZCIsImNvbXBhbnlfbmFtZSI6Ik5UVCBEQVRBIEV1cm9wZSBcdTAwMjYgTGF0YW0iLCJhZGRyZXNzX2NpdHkiOiJWYWxlbmNpYSwgU3BhaW4iLCJodGlkb2NpZCI6IlIwSDN0b3pFeGQwWmxFS0VBQUFBQUE9PSIsInV1bGUiOiJ3K0NBSVFJQ0lGVTNCaGFXNCJ9,1
eyJqb2JfdGl0bGUiOiJEZXNhcnJvbGxhZG9yIEZ1bGwgU3RhY2siLCJjb21wYW55X25hbWUiOiJJbmRpdmEgU2FhUyIsImFkZHJlc3NfY2l0eSI6IkFsYmFjZXRlLCBTcGFpbiIsImh0aWRvY2lkIjoiZGMwcjhJd3RIOWpHYmVVUEFBQUFBQT09IiwidXVsZSI6IncrQ0FJUUlDSUZVM0JoYVc0In0=,1
eyJqb2JfdGl0bGUiOiJEZXNhcnJvbGxhZG9yL2EgV2ViIEZ1bGwgU3RhY2siLCJjb21wYW55X25hbWUiOiJFR0EgQ09OU1VMVE9SRVMiLCJhZGRyZXNzX2NpdHkiOiJWaWdvLCBNdW5pY2lwYWxpdHkgb2YgVmlnbywgU3BhaW4iLCJodGlkb2NpZCI6InF5dUk5QTk2aVZBSFcyZk1BQUFBQUE9PSIsInV1bGUiOiJ3K0NBSVFJQ0lGVTNCaGFXNCJ9,1
eyJqb2JfdGl0bGUiOiJEZXNhcnJvbGxhZG9yIHN1cGVyaW9yIGRlIHDDoWdpbmFzIHdlYiIsImNvbXBhbnlfbmFtZSI6IkdMT0JBTCAzNjAgQlVTSU5FU1MiLCJhZGRyZXNzX2NpdHkiOiJNYWRyaWQsIFNwYWluIiwiaHRpZG9jaWQiOiJ5UXZvekItWDNWa3ZtR25qQUFBQUFBPT0iLCJ1dWxlIjoidytDQUlRSUNJRlUzQmhhVzQifQ==,1
eyJqb2JfdGl0bGUiOiJEZXZlbG9wZXIgLk5ldCIsImNvbXBhbnlfbmFtZSI6IkthcHRpYSIsImFkZHJlc3NfY2l0eSI6IkPDs3Jkb2JhLCBTcGFpbiIsImh0aWRvY2lkIjoiTmJCVEptd2xTUmhMaE5XT0FBQUFBQT09IiwidXVsZSI6IncrQ0FJUUlDSUZVM0JoYVc0In0=,1
eyJqb2JfdGl0bGUiOiIuTkVUIERldmVsb3BlciAtIGFwbGljYWNpb25lcyB3ZWIiLCJjb21wYW55X25hbWUiOiJCTUUgU3BhaW4gLSBCdWlsZGluZyBNYXRlcmlhbHMgRXVyb3BlIGVuIEVzcGHDsWEiLCJhZGRyZXNzX2NpdHkiOiJCYXJjZWxvbmEsIFNwYWluIiwiaHRpZG9jaWQiOiIwMlpZMnV6Z3NMZmxMR1RtQUFBQUFBPT0iLCJ1dWxlIjoidytDQUlRSUNJRlUzQmhhVzQifQ==,1
eyJqb2JfdGl0bGUiOiJEZXNhcnJvbGxhZG9yL2EgSmF2YSIsImNvbXBhbnlfbmFtZSI6IklTUFJPWCIsImFkZHJlc3NfY2l0eSI6IkJhcmNlbG9uYSwgU3BhaW4iLCJodGlkb2NpZCI6IjZubURkeTRodWc0S3lrTWVBQUFBQUE9PSIsInV1bGUiOiJ3K0NBSVFJQ0lGVTNCaGFXNCJ9,1
eyJqb2JfdGl0bGUiOiIuTkVUIERldmVsb3BlciAtIGFwbGljYWNpb25lcyB3ZWIiLCJjb21wYW55X25hbWUiOiJiZXNpZGUgVGFsZW50IiwiYWRkcmVzc19jaXR5IjoiTCdIb3NwaXRhbGV0IGRlIExsb2JyZWdhdCwgU3BhaW4iLCJodGlkb2NpZCI6IkVNTkdEcVk2YzRxNGs1RkNBQUFBQUE9PSIsInV1bGUiOiJ3K0NBSVFJQ0lGVTNCaGFXNCJ9,1
eyJqb2JfdGl0bGUiOiJEZXNhcnJvbGxhZG9yIGRlIGZyb250LWVuZCIsImNvbXBhbnlfbmFtZSI6IlBoaWN1cyBUZWNub2xvZ8OtYSwgUy5MLiIsImFkZHJlc3NfY2l0eSI6Ik11cmNpYSwgU3BhaW4iLCJodGlkb2NpZCI6InU3QXZjSlZUU0VuTUZJbVlBQUFBQUE9PSIsInV1bGUiOiJ3K0NBSVFJQ0lGVTNCaGFXNCJ9,1
eyJqb2JfdGl0bGUiOiJQcm9ncmFtYWRvciBmdWxsIHN0YWNrIiwiY29tcGFueV9uYW1lIjoiSGF5cyIsImFkZHJlc3NfY2l0eSI6Ik1hZHJpZCwgU3BhaW4iLCJodGlkb2NpZCI6ImVzWmZ6TkVPYWZ6WHZSaHlBQUFBQUE9PSIsInV1bGUiOiJ3K0NBSVFJQ0lGVTNCaGFXNCJ9,1
eyJqb2JfdGl0bGUiOiJGSUotODkwIHwgRXNwZWNpYWxpc3RhIEluZnJhZXN0cnVjdHVyYSBkZSBUZWxlY29tdW5pY2FjaW9uZXMiLCJjb21wYW55X25hbWUiOiJMw61uZWEgRGlyZWN0YSIsImFkZHJlc3NfY2l0eSI6Ik1hZHJpZCwgU3BhaW4iLCJodGlkb2NpZCI6IndMX3A0cUZGSWptUW1JSlpBQUFBQUE9PSIsInV1bGUiOiJ3K0NBSVFJQ0lGVTNCaGFXNCJ9,7
eyJqb2JfdGl0bGUiOiJBbmFsaXN0YSBkZSBTaXN0ZW1hcyBkZSBJbmZvcm1hY2nDs24gR2VvZ3LDoWZpY2EiLCJjb21wYW55X25hbWUiOiJUdXJuZXIgXHUwMDI2IFRvd25zZW5kIiwiYWRkcmVzc19jaXR5IjoiTWFkcmlkLCBTcGFpbiIsImh0aWRvY2lkIjoibURvSnZYU1p1M1lMMDF0eUFBQUFBQT09IiwidXVsZSI6IncrQ0FJUUlDSUZVM0JoYVc0In0=,1
eyJqb2JfdGl0bGUiOiJBbmFsaXN0YSBkZSBkYXRvcyIsImNvbXBhbnlfbmFtZSI6IkxISCIsImFkZHJlc3NfY2l0eSI6IlBhbXBsb25hLCBTcGFpbiIsImh0aWRvY2lkIjoiNWhONEJGaTZ4a2JxeFFlckFBQUFBQT09IiwidXVsZSI6IncrQ0FJUUlDSUZVM0JoYVc0In0=,1
eyJqb2JfdGl0bGUiOiJQSFAgRGV2ZWxvcGVyIiwiY29tcGFueV9uYW1lIjoiU29mdGVjYSIsImFkZHJlc3NfY2l0eSI6IkJ1cmdvcywgU3BhaW4iLCJodGlkb2NpZCI6ImtyLUZVbGYxWGpGRGUyUnBBQUFBQUE9PSIsInV1bGUiOiJ3K0NBSVFJQ0lGVTNCaGFXNCJ9,1
eyJqb2JfdGl0bGUiOiJEZXNhcnJvbGxhZG9yL2EgUEhQIiwiY29tcGFueV9uYW1lIjoiRElHSSBFc3Bhw7FhIiwiYWRkcmVzc19jaXR5IjoiTWFkcmlkLCBTcGFpbiIsImh0aWRvY2lkIjoibXZlekY3V3hZUUxjVXA3TUFBQUFBQT09IiwidXVsZSI6IncrQ0FJUUlDSUZVM0JoYVc0In0=,1
eyJqb2JfdGl0bGUiOiJJbmdlbmllcm8gZGUgU29mdHdhcmUgRnVsbHN0YWNrIiwiY29tcGFueV9uYW1lIjoiUml0aHVtIiwiYWRkcmVzc19jaXR5IjoiQWxjb2JlbmRhcywgU3BhaW4iLCJodGlkb2NpZCI6InVBQmxOYS1nb3dPNGlqUjJBQUFBQUE9PSIsInV1bGUiOiJ3K0NBSVFJQ0lGVTNCaGFXNCJ9,1
eyJqb2JfdGl0bGUiOiJQcm9ncmFtYWRvciBKdW5pb3IgUEhQIEZ1bGwgU3RhY2sgZW4gU2V2aWxsYSIsImNvbXBhbnlfbmFtZSI6IkdydXBvIElucHJleCIsImFkZHJlc3NfY2l0eSI6IlNwYWluIiwiaHRpZG9jaWQiOiJVMDhPZ0xHM0VoZzRrcEpmQUFBQUFBPT0iLCJ1dWxlIjoidytDQUlRSUNJRlUzQmhhVzQifQ==,1
eyJqb2JfdGl0bGUiOiJQSFAgRGV2ZWxvcGVyIiwiY29tcGFueV9uYW1lIjoia25vd21hZCBtb29kIiwiYWRkcmVzc19jaXR5IjoiU3BhaW4iLCJodGlkb2NpZCI6IktpU1d3NUkyNWNhMVdfazdBQUFBQUE9PSIsInV1bGUiOiJ3K0NBSVFJQ0lGVTNCaGFXNCJ9,1
eyJqb2JfdGl0bGUiOiJFc3BlY2lhbGlzdGEgZW4gY2liZXJzZWd1cmlkYWQiLCJjb21wYW55X25hbWUiOiJPcHRpbWlzc2EiLCJhZGRyZXNzX2NpdHkiOiJTcGFpbiIsImh0aWRvY2lkIjoiSG9KMEFDLXdnc0RhMnhSWUFBQUFBQT09IiwidXVsZSI6IncrQ0FJUUlDSUZVM0JoYVc0In0=,7
eyJqb2JfdGl0bGUiOiJFc3BlY2lhbGlzdGEgZW4gY2liZXJzZWd1cmlkYWQiLCJjb21wYW55X25hbWUiOiJPcHRpbWlzc2EiLCJhZGRyZXNzX2NpdHkiOiJTcGFpbiIsImh0aWRvY2lkIjoiVVBzT3pkWmd1dENCT0ppdUFBQUFBQT09IiwidXVsZSI6IncrQ0FJUUlDSUZVM0JoYVc0In0=,7
eyJqb2JfdGl0bGUiOiJFc3BlY2lhbGlzdGEgZW4gQ2liZXJzZWd1cmlkYWQiLCJjb21wYW55X25hbWUiOiJUaGUgV2lzZSBTZWVrZXIgU2VydmljZXMiLCJhZGRyZXNzX2NpdHkiOiJNYWRyaWQsIFNwYWluIiwiaHRpZG9jaWQiOiJ5ZUx1bjZtVlRmVks5R3B0QUFBQUFBPT0iLCJ1dWxlIjoidytDQUlRSUNJRlUzQmhhVzQifQ==,7
eyJqb2JfdGl0bGUiOiJBRE1JTklTVFJBRE9SIERFIFNJU1RFTUFTIiwiY29tcGFueV9uYW1lIjoiU2luIGluZm9ybWFjacOzbiIsImFkZHJlc3NfY2l0eSI6IkFsaWNhbnRlLCBTcGFpbiIsImh0aWRvY2lkIjoiOS0yZlFHMFBUbXdNcVRvV0FBQUFBQT09IiwidXVsZSI6IncrQ0FJUUlDSUZVM0JoYVc0In0=,7
eyJqb2JfdGl0bGUiOiJFc3BlY2lhbGlzdGEgZW4gQmlnIERhdGEgYSBEaXN0YW5jaWEiLCJjb21wYW55X25hbWUiOiJJdHJlY3J1aXRlciIsImFkZHJlc3NfY2l0eSI6IkJhcmNlbG9uYSwgU3BhaW4iLCJodGlkb2NpZCI6Ims3b1N0enBLQWp1SlFtdHRBQUFBQUE9PSIsInV1bGUiOiJ3K0NBSVFJQ0lGVTNCaGFXNCJ9,1
eyJqb2JfdGl0bGUiOiJCdXNpbmVzcyBpbnRlbGxpZ2VuY2UgYW5hbHlzdCIsImNvbXBhbnlfbmFtZSI6Ik1pY2hhZWwgUGFnZSIsImFkZHJlc3NfY2l0eSI6Ik1hZHJpZCwgU3BhaW4iLCJodGlkb2NpZCI6IjVnT3RRczRmVTRtSXBWZmxBQUFBQUE9PSIsInV1bGUiOiJ3K0NBSVFJQ0lGVTNCaGFXNCJ9,1
eyJqb2JfdGl0bGUiOiJCYWNrIEVuZCBEZXZlbG9wZXIiLCJjb21wYW55X25hbWUiOiJJbm5vdmEtdHNuIiwiYWRkcmVzc19jaXR5IjoiU3BhaW4iLCJodGlkb2NpZCI6ImhjQ1lfbGxJYUwtQWdLVFpBQUFBQUE9PSIsInV1bGUiOiJ3K0NBSVFJQ0lGVTNCaGFXNCJ9,1
eyJqb2JfdGl0bGUiOiJEZXNhcnJvbGxhZG9yIFNlbmlvciBCaWcgZGF0YSBTcGVjaWFsaXN0IiwiY29tcGFueV9uYW1lIjoiU2Vjb25kIFdpbmRvdyIsImFkZHJlc3NfY2l0eSI6Ik1hZHJpZCwgU3BhaW4iLCJodGlkb2NpZCI6IkpuNFJuQVlYV0t5cUVFTFRBQUFBQUE9PSIsInV1bGUiOiJ3K0NBSVFJQ0lGVTNCaGFXNCJ9,9
eyJqb2JfdGl0bGUiOiJUZWNuaWNvIGRlIENhbXBvIFRlbGVjb211bmljYWNpb25lcyIsImNvbXBhbnlfbmFtZSI6IkNUQyBDb25zdWx0aW5nIFNMIiwiYWRkcmVzc19jaXR5IjoiTGFzIFBhbG1hcyBkZSBHcmFuIENhbmFyaWEsIFNwYWluIiwiaHRpZG9jaWQiOiI5bkFvMXNfYzY0VlpnQWUtQUFBQUFBPT0iLCJ1dWxlIjoidytDQUlRSUNJRlUzQmhhVzQifQ==,7
eyJqb2JfdGl0bGUiOiJUw6ljbmljbyBjYW1wbyByYWRpbyByZWQgbcOzdmlsIiwiY29tcGFueV9uYW1lIjoiT2ZnIiwiYWRkcmVzc19jaXR5IjoiVmFsZW5jaWEsIFNwYWluIiwiaHRpZG9jaWQiOiJDeTJVRWVQY1BGVllhS0kxQUFBQUFBPT0iLCJ1dWxlIjoidytDQUlRSUNJRlUzQmhhVzQifQ==,1
eyJqb2JfdGl0bGUiOiJUZWNuaWNvIGRlIENhbXBvIFRlbGVjb211bmljYWNpb25lcyIsImNvbXBhbnlfbmFtZSI6IkNUQyBDT05TVUxUSU5HIFNFUlZJQ0lPUyBJTlRFR1JBTEVTIFNMIiwiYWRkcmVzc19jaXR5IjoiVmFsc2VxdWlsbG8gZGUgR3JhbiBDYW5hcmlhLCBTcGFpbiIsImh0aWRvY2lkIjoieUFkc2ZIXzlNZDhQMWk1VUFBQUFBQT09IiwidXVsZSI6IncrQ0FJUUlDSUZVM0JoYVc0In0=,7
eyJqb2JfdGl0bGUiOiJUZWNuaWNvIERlIENhbXBvIFRlbGVjb211bmljYWNpb25lcyIsImNvbXBhbnlfbmFtZSI6IkN0YyBDb25zdWx0aW5nIFNlcnZpY2lvcyBJbnRlZ3JhbGVzIFNsIiwiYWRkcmVzc19jaXR5IjoiQWxhdmEsIFNhbGFzLCBTcGFpbiIsImh0aWRvY2lkIjoiMW9EZU1nanRUT0tNeUNGM0FBQUFBQT09IiwidXVsZSI6IncrQ0FJUUlDSUZVM0JoYVc0In0=,7
eyJqb2JfdGl0bGUiOiJUw6ljbmljby9hIGRlIGNhbXBvIEZUVEgiLCJjb21wYW55X25hbWUiOiJFQUNPTSBTQSIsImFkZHJlc3NfY2l0eSI6IlBhbXBsb25hLCBTcGFpbiIsImh0aWRvY2lkIjoiMXd1S3JqTTk0aXFMSkdCLUFBQUFBQT09IiwidXVsZSI6IncrQ0FJUUlDSUZVM0JoYVc0In0=,7
eyJqb2JfdGl0bGUiOiJJbmljaW8gSW5tZWRpYXRvKSBUZWNuaWNvIERlIENhbXBvIFRlbGVjb211bmljYWNpb25lcyIsImNvbXBhbnlfbmFtZSI6IkN0YyBDb25zdWx0aW5nIFNlcnZpY2lvcyBJbnRlZ3JhbGVzIFNsIiwiYWRkcmVzc19jaXR5IjoiU2FudGEgQ3J1eiBkZSBUZW5lcmlmZSwgU3BhaW4iLCJodGlkb2NpZCI6IjZCZE0tLWVEQm9VTVlhck1BQUFBQUE9PSIsInV1bGUiOiJ3K0NBSVFJQ0lGVTNCaGFXNCJ9,7
eyJqb2JfdGl0bGUiOiJIYXJkd2FyZSBFbmdpbmVlciAoUG93ZXIgRWxlY3Ryb25pY3MpLCBUcmFiYWpvIFJlbW90byIsImNvbXBhbnlfbmFtZSI6IlNPQ0lBTCBURUMgSFVOVElORyIsImFkZHJlc3NfY2l0eSI6IkJhcmNlbG9uYSwgU3BhaW4iLCJodGlkb2NpZCI6IkdwU3B3U25xbWh6bDN0RnZBQUFBQUE9PSIsInV1bGUiOiJ3K0NBSVFJQ0lGVTNCaGFXNCJ9,1
eyJqb2JfdGl0bGUiOiJJbmdlbmllcm8vYSBGUEdBIiwiY29tcGFueV9uYW1lIjoiQ2FwZ2VtaW5pIiwiYWRkcmVzc19jaXR5IjoiQmFyY2Vsb25hLCBTcGFpbiIsImh0aWRvY2lkIjoiYmtwcUtUZWR0NVk1YnJqdkFBQUFBQT09IiwidXVsZSI6IncrQ0FJUUlDSUZVM0JoYVc0In0=,1
eyJqb2JfdGl0bGUiOiJJbmdlbmllcm8vYSBkZSBmaXJtd2FyZSArIGhhcmR3YXJlIiwiY29tcGFueV9uYW1lIjoiTWljaGFlbCBQYWdlIiwiYWRkcmVzc19jaXR5IjoiQmFyY2Vsb25hLCBTcGFpbiIsImh0aWRvY2lkIjoiN0VDWkt1ZjU0YjNzaU1jLUFBQUFBQT09IiwidXVsZSI6IncrQ0FJUUlDSUZVM0JoYVc0In0=,1
eyJqb2JfdGl0bGUiOiJJbmdlbmllcm8vQSBIYXJkd2FyZS0gTGF5b3V0cyBZIEVzcXVlbWFzIEVsZWN0csOzbmljb3MgQ29uIEluZ2zDqXMiLCJjb21wYW55X25hbWUiOiJFdGFsZW50dW0iLCJhZGRyZXNzX2NpdHkiOiJCYXJjZWxvbmEsIFNwYWluIiwiaHRpZG9jaWQiOiJSNW5WOWNWb0pVT0JVaTM4QUFBQUFBPT0iLCJ1dWxlIjoidytDQUlRSUNJRlUzQmhhVzQifQ==,7
eyJqb2JfdGl0bGUiOiJDb25zdWx0b3IvYSBEZXZvcHMiLCJjb21wYW55X25hbWUiOiJFWSIsImFkZHJlc3NfY2l0eSI6IkJhcmNlbG9uYSwgU3BhaW4iLCJodGlkb2NpZCI6IlUtOGpUQW1FZUM0clZSZVdBQUFBQUE9PSIsInV1bGUiOiJ3K0NBSVFJQ0lGVTNCaGFXNCJ9,7
eyJqb2JfdGl0bGUiOiJDb25zdWx0b3IvYSBDb21lcmNpYWwgU2VndXJpZGFkIEZpc2ljYSIsImNvbXBhbnlfbmFtZSI6Ik51bnN5cyIsImFkZHJlc3NfY2l0eSI6IkVsIFB1ZXJ0byBkZSBTYW50YSBNYXLDrWEsIFNwYWluIiwiaHRpZG9jaWQiOiJ6TmlpS2pZSEQ1Nlhmb1NzQUFBQUFBPT0iLCJ1dWxlIjoidytDQUlRSUNJRlUzQmhhVzQifQ==,7
eyJqb2JfdGl0bGUiOiJDb25zdWx0b3Igc2VndXJpZGFkIiwiY29tcGFueV9uYW1lIjoiSGF5cyIsImFkZHJlc3NfY2l0eSI6IkJhcmNlbG9uYSwgU3BhaW4iLCJodGlkb2NpZCI6IlJ5bS1VRWdKdDdCb2c4Y3VBQUFBQUE9PSIsInV1bGUiOiJ3K0NBSVFJQ0lGVTNCaGFXNCJ9,7
eyJqb2JfdGl0bGUiOiJQLjAwMC4wMDAyIENvbnN1bHRvciBkZSBTZWd1cmlkYWQgR1JDIiwiY29tcGFueV9uYW1lIjoiQXVkZWEiLCJhZGRyZXNzX2NpdHkiOiJNYWRyaWQsIFNwYWluIiwiaHRpZG9jaWQiOiJLY0ZtNWZnMHAzMm1ZN2xLQUFBQUFBPT0iLCJ1dWxlIjoidytDQUlRSUNJRlUzQmhhVzQifQ==,7
eyJqb2JfdGl0bGUiOiJDb25zdWx0b3IvYSBkZSBzZWd1cmlkYWQgZGUgbGEgaW5mb3JtYWNpw7NuIiwiY29tcGFueV9uYW1lIjoiU2VpZG9yIiwiYWRkcmVzc19jaXR5IjoiQmFyY2Vsb25hLCBTcGFpbiIsImh0aWRvY2lkIjoiaGpONF9xZ21YdHlnczluMEFBQUFBQT09IiwidXVsZSI6IncrQ0FJUUlDSUZVM0JoYVc0In0=,7
eyJqb2JfdGl0bGUiOiJDb25zdWx0b3IgZW4gU2VndXJpZGFkIEFsaW1lbnRhcmlhIiwiY29tcGFueV9uYW1lIjoiRXVyb2ZpbnMiLCJhZGRyZXNzX2NpdHkiOiJCYXJjZWxvbmEsIFNwYWluIiwiaHRpZG9jaWQiOiIySnZpR0dCYXR1RFZ4SkVIQUFBQUFBPT0iLCJ1dWxlIjoidytDQUlRSUNJRlUzQmhhVzQifQ==,7
eyJqb2JfdGl0bGUiOiJDb25zdWx0b3IvYSBkZSBzZWd1cmlkYWQgZsOtc2ljYSIsImNvbXBhbnlfbmFtZSI6IlByb3NlZ3VyIiwiYWRkcmVzc19jaXR5IjoiTWFkcmlkLCBTcGFpbiIsImh0aWRvY2lkIjoieGdwTVdHbjl0aHZaUlBBQkFBQUFBQT09IiwidXVsZSI6IncrQ0FJUUlDSUZVM0JoYVc0In0=,7
eyJqb2JfdGl0bGUiOiJDb25zdWx0b3IgUmVzcHVlc3RhIEluY2lkZW50ZXMgZGUgU2VndXJpZGFkIiwiY29tcGFueV9uYW1lIjoiQWNjZW50dXJlIiwiYWRkcmVzc19jaXR5IjoiTWFkcmlkLCBTcGFpbiIsImh0aWRvY2lkIjoiOFNnOUZvdTFVaUdkN3RHZUFBQUFBQT09IiwidXVsZSI6IncrQ0FJUUlDSUZVM0JoYVc0In0=,7
eyJqb2JfdGl0bGUiOiJDb25zdWx0b3IvYSBTZWd1cmlkYWQgTW9iaWxlIF8gQWxpY2FudGUiLCJjb21wYW55X25hbWUiOiJTZWN1cml0YXMgU2VndXJpZGFkIEVzcGHDsWEiLCJhZGRyZXNzX2NpdHkiOiJBbGljYW50ZSwgU3BhaW4iLCJodGlkb2NpZCI6InhKLTNzZTREYnlYS0hubVBBQUFBQUE9PSIsInV1bGUiOiJ3K0NBSVFJQ0lGVTNCaGFXNCJ9,7
eyJqb2JfdGl0bGUiOiJDb25zdWx0b3IvYSBTZWd1cmlkYWQgTW9iaWxlIF8gQWxpY2FudGUiLCJjb21wYW55X25hbWUiOiJTZWN1cml0YXMgU2VndXJpZGFkIEVzcGHDsWEiLCJhZGRyZXNzX2NpdHkiOiJBbGljYW50ZSwgU3BhaW4iLCJodGlkb2NpZCI6InhKLTNzZTREYnlYS0hubVBBQUFBQUE9PSIsInV1bGUiOiJ3K0NBSVFJQ0lGVTNCaGFXNCJ9,1
eyJqb2JfdGl0bGUiOiJDb25zdWx0b3IgZGUgU2VndXJpZGFkIEl0IiwiY29tcGFueV9uYW1lIjoiQUNNIElubm92YWNpw7NuIHkgUGVyc29uYXMiLCJhZGRyZXNzX2NpdHkiOiJBenVhZ2EsIFNwYWluIiwiaHRpZG9jaWQiOiJNVVRlM05xLWhzLXVWcUZuQUFBQUFBPT0iLCJ1dWxlIjoidytDQUlRSUNJRlUzQmhhVzQifQ==,7
eyJqb2JfdGl0bGUiOiJDb25zdWx0b3IgQ2FseXBzbyBCYW5jbyBFc3Bhw7FhIiwiY29tcGFueV9uYW1lIjoiUEFORUwgU2lzdGVtYXMgSW5mb3Jtw6F0aWNvcyIsImFkZHJlc3NfY2l0eSI6Ik1hZHJpZCwgU3BhaW4iLCJodGlkb2NpZCI6IkRNSzJMbHR5UVBSZ1FfTG1BQUFBQUE9PSIsInV1bGUiOiJ3K0NBSVFJQ0lGVTNCaGFXNCJ9,1
eyJqb2JfdGl0bGUiOiJDT05TVUxUT1IvQSBTSVNURU1BUyBERSBHRVNUSU9OIOKAkyBHQUxJQ0lBIiwiY29tcGFueV9uYW1lIjoiUEZTIEdydXBvIiwiYWRkcmVzc19jaXR5IjoiQSBDb3J1w7FhLCBTcGFpbiIsImh0aWRvY2lkIjoiZkptdHduS1E1TjBSeWFrV0FBQUFBQT09IiwidXVsZSI6IncrQ0FJUUlDSUZVM0JoYVc0In0=,7
eyJqb2JfdGl0bGUiOiJDT05TVUxUT1IvQSBTSVNURU1BUyBERSBHRVNUSU9OIOKAkyBHQUxJQ0lBIiwiY29tcGFueV9uYW1lIjoiUEZTIEdydXBvIiwiYWRkcmVzc19jaXR5IjoiQSBDb3J1w7FhLCBTcGFpbiIsImh0aWRvY2lkIjoiZkptdHduS1E1TjBSeWFrV0FBQUFBQT09IiwidXVsZSI6IncrQ0FJUUlDSUZVM0JoYVc0In0=,1
eyJqb2JfdGl0bGUiOiJDb25zdWx0b3IgZGUgSW1wbGFudGFjacOzbiBFc3Bhw7FhIiwiY29tcGFueV9uYW1lIjoiQURQIiwiYWRkcmVzc19jaXR5IjoiUG9ydHVnYWwiLCJodGlkb2NpZCI6IlNTMnhZc3ZJT25OWVRYbmVBQUFBQUE9PSIsInV1bGUiOiJ3K0NBSVFJQ0lGVTNCaGFXNCJ9,7
eyJqb2JfdGl0bGUiOiJDb25zdWx0b3IgZGUgU2lzdGVtYXMgZGUgR2VzdGnDs24iLCJjb21wYW55X25hbWUiOiJJbnRlZHlhIEliZXJpY2EsIFMuTC4iLCJhZGRyZXNzX2NpdHkiOiJBbGNhbGEgZGUgSGVuYXJlcywgU3BhaW4iLCJodGlkb2NpZCI6ImUxSlFyQlBVWGVfSHBvd3ZBQUFBQUE9PSIsInV1bGUiOiJ3K0NBSVFJQ0lGVTNCaGFXNCJ9,7
eyJqb2JfdGl0bGUiOiJDb25zdWx0b3IvYSBTaXN0ZW1hcyBNaWNyb3NvZnQiLCJjb21wYW55X25hbWUiOiJJWkVSVElTIFMuQSIsImFkZHJlc3NfY2l0eSI6IlNwYWluIiwiaHRpZG9jaWQiOiJscGhFQlA0Sjk0dU8ybC1MQUFBQUFBPT0iLCJ1dWxlIjoidytDQUlRSUNJRlUzQmhhVzQifQ==,7
eyJqb2JfdGl0bGUiOiJDb25zdWx0b3IvYSBTQVAgVGVjaCBBcmNoIiwiY29tcGFueV9uYW1lIjoiQ0FGIEdyb3VwIiwiYWRkcmVzc19jaXR5IjoiQmVhc2FpbiwgU3BhaW4iLCJodGlkb2NpZCI6IkgzZWk0bVo3WVdJOEJVTjNBQUFBQUE9PSIsInV1bGUiOiJ3K0NBSVFJQ0lGVTNCaGFXNCJ9,7
eyJqb2JfdGl0bGUiOiJDb25zdWx0b3IvYSBTQVAgVGVjaCBBcmNoIiwiY29tcGFueV9uYW1lIjoiQ0FGIEdyb3VwIiwiYWRkcmVzc19jaXR5IjoiQmVhc2FpbiwgU3BhaW4iLCJodGlkb2NpZCI6IkgzZWk0bVo3WVdJOEJVTjNBQUFBQUE9PSIsInV1bGUiOiJ3K0NBSVFJQ0lGVTNCaGFXNCJ9,1
eyJqb2JfdGl0bGUiOiJDb25zdWx0b3IgZGUgY2FsaWRhZCwgbWVkaW9hbWJpZW50ZSB5IFNTVCIsImNvbXBhbnlfbmFtZSI6IkFSQ08gQ0FMSURBRCIsImFkZHJlc3NfY2l0eSI6IlNhbnRhIENydXogZGUgVGVuZXJpZmUsIFNwYWluIiwiaHRpZG9jaWQiOiJlZVM3bVFTU09ETXJlbFNkQUFBQUFBPT0iLCJ1dWxlIjoidytDQUlRSUNJRlUzQmhhVzQifQ==,7
eyJqb2JfdGl0bGUiOiJBSSBQcm9tcHRlciAtIERlc2Fycm9sbGFkb3IgZGUgUHJvbXB0cyBkZSBJbnRlbGlnZW5jaWEgQXJ0aWZpY2lhbCAvIENvbnRyYXRvIEluZGVmaW5pZG8vIE1hZHJpZCIsImNvbXBhbnlfbmFtZSI6Ik1vYml1cyBHcm91cCIsImFkZHJlc3NfY2l0eSI6IkFsY29iZW5kYXMsIFNwYWluIiwiaHRpZG9jaWQiOiJ6TGpucVlSZ1I3S2VBR2xmQUFBQUFBPT0iLCJ1dWxlIjoidytDQUlRSUNJRlUzQmhhVzQifQ==,1
eyJqb2JfdGl0bGUiOiJEZXNhcnJvbGxhZG9yL0EgSW50ZWxpZ2VuY2lhIEFydGlmaWNpYWwgSnVuaW9yIiwiY29tcGFueV9uYW1lIjoiVmVybW9udCBTb2x1dGlvbnMiLCJhZGRyZXNzX2NpdHkiOiJNYWRyaWQsIFNwYWluIiwiaHRpZG9jaWQiOiJqQ1lWTElYODU0ZWhDdGQxQUFBQUFBPT0iLCJ1dWxlIjoidytDQUlRSUNJRlUzQmhhVzQifQ==,1
eyJqb2JfdGl0bGUiOiJEZXNhcnJvbGxhZG9yL2EgZnVsbC1zdGFjayBwYXJhIElBIiwiY29tcGFueV9uYW1lIjoiVmljb210ZWNoIiwiYWRkcmVzc19jaXR5IjoiU3BhaW4iLCJodGlkb2NpZCI6IkFmdGNZYXNsc3V3akI0RHFBQUFBQUE9PSIsInV1bGUiOiJ3K0NBSVFJQ0lGVTNCaGFXNCJ9,1
eyJqb2JfdGl0bGUiOiJERVNBUlJPTExBRE9SL0EgU09GVFdBUkUgTUFRVUlOQVJJQSIsImNvbXBhbnlfbmFtZSI6IlJBUyBFc3Bhw7FhIiwiYWRkcmVzc19jaXR5IjoiTWF0YXLDsywgU3BhaW4iLCJodGlkb2NpZCI6IkNSSE8wbldLeXoyT0kxd1BBQUFBQUE9PSIsInV1bGUiOiJ3K0NBSVFJQ0lGVTNCaGFXNCJ9,1
eyJqb2JfdGl0bGUiOiJEZXNhcnJvbGxhZG9yL2EgU29mdHdhcmUgLk5FVCIsImNvbXBhbnlfbmFtZSI6IkdNViIsImFkZHJlc3NfY2l0eSI6Ik1hZHJpZCwgU3BhaW4iLCJodGlkb2NpZCI6Ikg4Mm5wbWhvNFd5cWNaem9BQUFBQUE9PSIsInV1bGUiOiJ3K0NBSVFJQ0lGVTNCaGFXNCJ9,1
eyJqb2JfdGl0bGUiOiJESVNFw5FBRE9SIEdSw4FGSUNPIDNEIiwiY29tcGFueV9uYW1lIjoiUGFydHlmeCBDb21wYW55IFNMIiwiYWRkcmVzc19jaXR5IjoiRnVlbmxhYnJhZGEsIFNwYWluIiwiaHRpZG9jaWQiOiJ2ZDZvOExIOEtKYVFteGcyQUFBQUFBPT0iLCJ1dWxlIjoidytDQUlRSUNJRlUzQmhhVzQifQ==,2
eyJqb2JfdGl0bGUiOiJQcsOhY3RpY2FzIE1hcXVldGFkb3IvRGlzZcOxYWRvciBHcsOhZmljbyBwYXJhIGNyZWF0aXZpZGFkIGVzdHJhdMOpZ2ljYSIsImNvbXBhbnlfbmFtZSI6IkFUUkVWSUEiLCJhZGRyZXNzX2NpdHkiOiJCYXJjZWxvbmEsIFNwYWluIiwiaHRpZG9jaWQiOiJMRVpEcnFoZFdXMWZVOEw0QUFBQUFBPT0iLCJ1dWxlIjoidytDQUlRSUNJRlUzQmhhVzQifQ==,2
eyJqb2JfdGl0bGUiOiJQZXJmaWwgR3LDoWZpY28g4oCTIE1vdGlvbiBEZXNpZ25lciIsImNvbXBhbnlfbmFtZSI6IlRFTVBFIElORElURVgiLCJhZGRyZXNzX2NpdHkiOiJFbGNoZSBQYXJxdWUgSW5kdXN0cmlhbCwgU3BhaW4iLCJodGlkb2NpZCI6IlB0TVpubFNwVEVya1ZfOE5BQUFBQUE9PSIsInV1bGUiOiJ3K0NBSVFJQ0lGVTNCaGFXNCJ9,1
eyJqb2JfdGl0bGUiOiJBbmFsaXN0YSBkZSBDaWJlcmludGVsaWdlbmNpYSIsImNvbXBhbnlfbmFtZSI6IlZBU1MiLCJhZGRyZXNzX2NpdHkiOiJNYWRyaWQsIFNwYWluIiwiaHRpZG9jaWQiOiI5eGQ3cnNGREwtbU9XMUJOQUFBQUFBPT0iLCJ1dWxlIjoidytDQUlRSUNJRlUzQmhhVzQifQ==,7
eyJqb2JfdGl0bGUiOiJTZW5pb3IgY2liZXJpbnRlbGlnZW5jaWEgKEgvTSkiLCJjb21wYW55X25hbWUiOiJHcnVwbyBPZXPDrWEiLCJhZGRyZXNzX2NpdHkiOiJNYWRyaWQsIFNwYWluIiwiaHRpZG9jaWQiOiJlRjRwVlRtYWZmcGVLaEZxQUFBQUFBPT0iLCJ1dWxlIjoidytDQUlRSUNJRlUzQmhhVzQifQ==,7
eyJqb2JfdGl0bGUiOiJFc3BlY2lhbGlzdGEgZW4gU2VndXJpZGFkIE9mZW5zaXZhIiwiY29tcGFueV9uYW1lIjoiUmVwc29sIiwiYWRkcmVzc19jaXR5IjoiU3BhaW4iLCJodGlkb2NpZCI6IjJqcG1ZTks1TG9Ca1FBdHBBQUFBQUE9PSIsInV1bGUiOiJ3K0NBSVFJQ0lGVTNCaGFXNCJ9,7
eyJqb2JfdGl0bGUiOiJQcm9ncmFtYWRvciBhbmRyb2lkIiwiY29tcGFueV9uYW1lIjoiS3JlbGwgQ29uc3VsdGluZyBcdTAwMjZBbXA7IFRyYWluaW5nIiwiYWRkcmVzc19jaXR5IjoiTWFkcmlkLCBTcGFpbiIsImh0aWRvY2lkIjoianNaVF9uQXNIb0dMaFI4VEFBQUFBQT09IiwidXVsZSI6IncrQ0FJUUlDSUZVM0JoYVc0In0=,1
eyJqb2JfdGl0bGUiOiJwcm9ncmFtYWRvci1hLWFuZHJvaWQiLCJjb21wYW55X25hbWUiOiJIYXBww79kb25pYSIsImFkZHJlc3NfY2l0eSI6IlZhbGVuY2lhLCBTcGFpbiIsImh0aWRvY2lkIjoiVmhoelZRdnZEV0FIRGJLZEFBQUFBQT09IiwidXVsZSI6IncrQ0FJUUlDSUZVM0JoYVc0In0=,1
eyJqb2JfdGl0bGUiOiJQcm9ncmFtYWRvciBpT1MvQW5kcm9pZCB5IEJhY2tlbmQiLCJjb21wYW55X25hbWUiOiJDR0kiLCJhZGRyZXNzX2NpdHkiOiJNYWRyaWQsIFNwYWluIiwiaHRpZG9jaWQiOiJQTGtXYXhicTd4OW5JTk8zQUFBQUFBPT0iLCJ1dWxlIjoidytDQUlRSUNJRlUzQmhhVzQifQ==,1
eyJqb2JfdGl0bGUiOiJEZXNhcnJvbGxhZG9yIEFuZHJvaWQiLCJjb21wYW55X25hbWUiOiJQYXJhZGlnbWEgRGlnaXRhbCIsImFkZHJlc3NfY2l0eSI6IlBvenVlbG8gZGUgQWxhcmPDs24sIFNwYWluIiwiaHRpZG9jaWQiOiJsam54bzZPWGFQTm16dExPQUFBQUFBPT0iLCJ1dWxlIjoidytDQUlRSUNJRlUzQmhhVzQifQ==,1
eyJqb2JfdGl0bGUiOiJQcm9ncmFtYWRvciBhbmRyb2lkIiwiY29tcGFueV9uYW1lIjoiU2VyZW0iLCJhZGRyZXNzX2NpdHkiOiJCYXJjZWxvbmEsIFNwYWluIiwiaHRpZG9jaWQiOiJDMnRBLS1IMG1ram9LS1BHQUFBQUFBPT0iLCJ1dWxlIjoidytDQUlRSUNJRlUzQmhhVzQifQ==,1
eyJqb2JfdGl0bGUiOiJKdW5pb3IgQW5kcm9pZCBEZXZlbG9wZXIgKEtvdGxpbikiLCJjb21wYW55X25hbWUiOiJPbmVUYWxlbnQiLCJhZGRyZXNzX2NpdHkiOiJCYXJjZWxvbmEsIFNwYWluIiwiaHRpZG9jaWQiOiJyX2NIOXVmaXRYTUxjRUdLQUFBQUFBPT0iLCJ1dWxlIjoidytDQUlRSUNJRlUzQmhhVzQifQ==,9
eyJqb2JfdGl0bGUiOiJKdW5pb3IgQW5kcm9pZCBEZXZlbG9wZXIgKEtvdGxpbikiLCJjb21wYW55X25hbWUiOiJPbmVUYWxlbnQiLCJhZGRyZXNzX2NpdHkiOiJCYXJjZWxvbmEsIFNwYWluIiwiaHRpZG9jaWQiOiJyX2NIOXVmaXRYTUxjRUdLQUFBQUFBPT0iLCJ1dWxlIjoidytDQUlRSUNJRlUzQmhhVzQifQ==,1
eyJqb2JfdGl0bGUiOiJBbmRyb2lkIERldmVsb3BlciIsImNvbXBhbnlfbmFtZSI6IlBhZ2UgUGVyc29ubmVsIiwiYWRkcmVzc19jaXR5IjoiQmFyY2Vsb25hLCBTcGFpbiIsImh0aWRvY2lkIjoiV05wWGNfTDlBaURlcDdJREFBQUFBQT09IiwidXVsZSI6IncrQ0FJUUlDSUZVM0JoYVc0In0=,1
eyJqb2JfdGl0bGUiOiJBbmRyb2lkIERldmVsb3BlciAtIiwiY29tcGFueV9uYW1lIjoiQWN0aWEiLCJhZGRyZXNzX2NpdHkiOiJWYWxlbmNpYSwgU3BhaW4iLCJodGlkb2NpZCI6Inh6V2F1TVdxYjZIT09lRWJBQUFBQUE9PSIsInV1bGUiOiJ3K0NBSVFJQ0lGVTNCaGFXNCJ9,1
eyJqb2JfdGl0bGUiOiIxIFByb2dyYW1hZG9yIGlPUyAtIDEgUHJvZ3JhbWFkb3IgQW5kcm9pZCIsImNvbXBhbnlfbmFtZSI6IlNvY2lhbHlvdSIsImFkZHJlc3NfY2l0eSI6IkNhdGFsb25pYSwgU3BhaW4iLCJodGlkb2NpZCI6IkhzeXY4MUNNWWhid2plQVpBQUFBQUE9PSIsInV1bGUiOiJ3K0NBSVFJQ0lGVTNCaGFXNCJ9,1
eyJqb2JfdGl0bGUiOiJERVNBUlJPTExBRE9SIEpBVkEvQU5EUk9JRCBQRVJGSUwgSlVOSU9SIiwiY29tcGFueV9uYW1lIjoiS2VybmV0IiwiYWRkcmVzc19jaXR5IjoiU3BhaW4iLCJodGlkb2NpZCI6IlZUdXBPWC0tZnFJRE5CTU9BQUFBQUE9PSIsInV1bGUiOiJ3K0NBSVFJQ0lGVTNCaGFXNCJ9,1
eyJqb2JfdGl0bGUiOiJBbmRyb2lkIERldmVsb3BlciIsImNvbXBhbnlfbmFtZSI6IlNwYXJ0YW4tc3lzIiwiYWRkcmVzc19jaXR5IjoiU3BhaW4iLCJodGlkb2NpZCI6IkNFMVY5SUdXQUc2aFpLRkFBQUFBQUE9PSIsInV1bGUiOiJ3K0NBSVFJQ0lGVTNCaGFXNCJ9,9
eyJqb2JfdGl0bGUiOiJBbmRyb2lkIERldmVsb3BlciIsImNvbXBhbnlfbmFtZSI6IlNwYXJ0YW4tc3lzIiwiYWRkcmVzc19jaXR5IjoiU3BhaW4iLCJodGlkb2NpZCI6IkNFMVY5SUdXQUc2aFpLRkFBQUFBQUE9PSIsInV1bGUiOiJ3K0NBSVFJQ0lGVTNCaGFXNCJ9,1
eyJqb2JfdGl0bGUiOiJEZXNhcnJvbGxhZG9yIEFuZHJvaWQgLSBKdW5pb3IgLSBNYWRyaWQgLSAoU3BhbmlzaCBzcGVha2luZyBvbmx5KSIsImNvbXBhbnlfbmFtZSI6IlRhbGVudCA0LjAiLCJhZGRyZXNzX2NpdHkiOiJNYWRyaWQsIFNwYWluIiwiaHRpZG9jaWQiOiJyUmlFa1loY2xaM1ByWkg1QUFBQUFBPT0iLCJ1dWxlIjoidytDQUlRSUNJRlUzQmhhVzQifQ==,1
eyJqb2JfdGl0bGUiOiJEZXNhcnJvbGxhZG9yIEFuZHJvaWQiLCJjb21wYW55X25hbWUiOiJUcmVjb25lIC0gTW9iaWxlIE1hcmtldCBEYXRhIEludGVsbGlnZW5jZSIsImFkZHJlc3NfY2l0eSI6IlNwYWluIiwiaHRpZG9jaWQiOiJ5NERqS0QxSjlNMW1zZzgwQUFBQUFBPT0iLCJ1dWxlIjoidytDQUlRSUNJRlUzQmhhVzQifQ==,1
eyJqb2JfdGl0bGUiOiJTZSBCdXNjYSBEZXNhcnJvbGxhZG9yIHBhcmEgQW5kcm9pZCIsImNvbXBhbnlfbmFtZSI6Ikl2YW4iLCJhZGRyZXNzX2NpdHkiOiJWYWxlbmNpYSwgU3BhaW4iLCJodGlkb2NpZCI6Ii1nUVR0aG1MTEdnTi1zQmdBQUFBQUE9PSIsInV1bGUiOiJ3K0NBSVFJQ0lGVTNCaGFXNCJ9,1
eyJqb2JfdGl0bGUiOiJBbmRyb2lkL2lPUyBEZXZlbG9wZXIiLCJjb21wYW55X25hbWUiOiJQYWdlIFBlcnNvbm5lbCIsImFkZHJlc3NfY2l0eSI6Ikdpcm9uYSwgU3BhaW4iLCJodGlkb2NpZCI6IndiSUZJOGFnRzJjZGpicUVBQUFBQUE9PSIsInV1bGUiOiJ3K0NBSVFJQ0lGVTNCaGFXNCJ9,1
eyJqb2JfdGl0bGUiOiJBbmRyb2lkIFRWIERldmVsb3BlciIsImNvbXBhbnlfbmFtZSI6IlRWVXAiLCJhZGRyZXNzX2NpdHkiOiJNYWRyaWQsIFNwYWluIiwiaHRpZG9jaWQiOiJzWkVSOWJSNHRDTDJWdzBhQUFBQUFBPT0iLCJ1dWxlIjoidytDQUlRSUNJRlUzQmhhVzQifQ==,1
eyJqb2JfdGl0bGUiOiJBbmRyb2lkIERldmVsb3BlciIsImNvbXBhbnlfbmFtZSI6IkFjdGlhIiwiYWRkcmVzc19jaXR5IjoiQmFyY2Vsb25hLCBTcGFpbiIsImh0aWRvY2lkIjoibGVUTldYcU5TYktnUnZfUEFBQUFBQT09IiwidXVsZSI6IncrQ0FJUUlDSUZVM0JoYVc0In0=,1
eyJqb2JfdGl0bGUiOiJEZXNhcnJvbGxhZG9yIEFuZHJvaWQiLCJjb21wYW55X25hbWUiOiJWQVNTIiwiYWRkcmVzc19jaXR5IjoiQWxjb2JlbmRhcywgU3BhaW4iLCJodGlkb2NpZCI6InZqSkJ1MWlQMDRISS1NTi1BQUFBQUE9PSIsInV1bGUiOiJ3K0NBSVFJQ0lGVTNCaGFXNCJ9,1
eyJqb2JfdGl0bGUiOiJBbmRyb2lkIERldmVsb3BlciIsImNvbXBhbnlfbmFtZSI6IkRhdGFncm91cCBBZyIsImFkZHJlc3NfY2l0eSI6IkNhdGFsb25pYSwgU3BhaW4iLCJodGlkb2NpZCI6IkhVaVdyc0xPVDlTeGUwSzFBQUFBQUE9PSIsInV1bGUiOiJ3K0NBSVFJQ0lGVTNCaGFXNCJ9,1
eyJqb2JfdGl0bGUiOiJEZXNhcnJvbGxhZG9yIFNlbmlvciBNb2JpbGUiLCJjb21wYW55X25hbWUiOiJQYXJhZGlnbWEgRGlnaXRhbCIsImFkZHJlc3NfY2l0eSI6IlBvenVlbG8gZGUgQWxhcmPDs24sIFNwYWluIiwiaHRpZG9jaWQiOiJlZHdnekhmQjFHM21xMm5SQUFBQUFBPT0iLCJ1dWxlIjoidytDQUlRSUNJRlUzQmhhVzQifQ==,1
eyJqb2JfdGl0bGUiOiJEZXNhcnJvbGxhZG9yIGRlIEFuZHJvaWQiLCJjb21wYW55X25hbWUiOiJTb2xlcmEgRXNwYcOxYSIsImFkZHJlc3NfY2l0eSI6IlNldmlsbGUsIFNwYWluIiwiaHRpZG9jaWQiOiJ4VGJVWFFBem93dl91bTVOQUFBQUFBPT0iLCJ1dWxlIjoidytDQUlRSUNJRlUzQmhhVzQifQ==,1
eyJqb2JfdGl0bGUiOiJTZW5pb3IgQW5kcm9pZCBEZXZlbG9wZXIiLCJjb21wYW55X25hbWUiOiJTbmd1bGFyIiwiYWRkcmVzc19jaXR5IjoiTWFkcmlkLCBTcGFpbiIsImh0aWRvY2lkIjoiWWNaLUo4bW44NjF6aXc3bUFBQUFBQT09IiwidXVsZSI6IncrQ0FJUUlDSUZVM0JoYVc0In0=,1
eyJqb2JfdGl0bGUiOiJEZXNhcnJvbGxhZG9yIGFuZHJvaWQgeSBhcHAgbW92aWwiLCJjb21wYW55X25hbWUiOiJDb2xhYm9ydW0iLCJhZGRyZXNzX2NpdHkiOiJNw6FsYWdhLCBTcGFpbiIsImh0aWRvY2lkIjoieThreFJYWk5KMVptS21OZ0FBQUFBQT09IiwidXVsZSI6IncrQ0FJUUlDSUZVM0JoYVc0In0=,1
eyJqb2JfdGl0bGUiOiJTZW5pb3IgQW5kcm9pZCBEZXZlbG9wZXIiLCJjb21wYW55X25hbWUiOiJBdXRlbnRpYSIsImFkZHJlc3NfY2l0eSI6IlNwYWluIiwiaHRpZG9jaWQiOiJHWU9YQnNYQkNyTTU5S3hDQUFBQUFBPT0iLCJ1dWxlIjoidytDQUlRSUNJRlUzQmhhVzQifQ==,1
eyJqb2JfdGl0bGUiOiJBbmRyb2lkIERldmVsb3BlciIsImNvbXBhbnlfbmFtZSI6IkFMVEVOIFNwYWluIiwiYWRkcmVzc19jaXR5IjoiU3BhaW4iLCJodGlkb2NpZCI6IlZjRVNnMVdWRTBOUVk1a29BQUFBQUE9PSIsInV1bGUiOiJ3K0NBSVFJQ0lGVTNCaGFXNCJ9,1
eyJqb2JfdGl0bGUiOiJBbmRyb2lkIERldmVsb3BlciIsImNvbXBhbnlfbmFtZSI6IkRhdGFncm91cCBBZyIsImFkZHJlc3NfY2l0eSI6IkJhcmNlbG9uYSwgU3BhaW4iLCJodGlkb2NpZCI6ImkyR0lubjlCTUttVkVaMDlBQUFBQUE9PSIsInV1bGUiOiJ3K0NBSVFJQ0lGVTNCaGFXNCJ9,1
eyJqb2JfdGl0bGUiOiJTZW5pb3IgQW5kcm9pZCBFbmdpbmVyIiwiY29tcGFueV9uYW1lIjoiS2luZ21ha2VycyIsImFkZHJlc3NfY2l0eSI6IlphcmFnb3phLCBTcGFpbiIsImh0aWRvY2lkIjoiQmFNTE5YRk5rN2VpNmVzUkFBQUFBQT09IiwidXVsZSI6IncrQ0FJUUlDSUZVM0JoYVc0In0=,1
eyJqb2JfdGl0bGUiOiIxIFByb2dyYW1hZG9yL2EgU2VuaW9yIGlPUyB5IDEgVGVjaG5pY2FsIExlYWQgaU9TIC0gVGVsZXRyYWJham8gMTAwJSIsImNvbXBhbnlfbmFtZSI6Ikhhc3RlbiBncm91cCIsImFkZHJlc3NfY2l0eSI6Ik1hZHJpZCwgU3BhaW4iLCJodGlkb2NpZCI6ImxobTJoQ19mOWw0MXZwRFRBQUFBQUE9PSIsInV1bGUiOiJ3K0NBSVFJQ0lGVTNCaGFXNCJ9,1
eyJqb2JfdGl0bGUiOiJEZXNhcnJvbGxhZG9yIGlPUyAoaVBob25lL2lQYWQpIiwiY29tcGFueV9uYW1lIjoiTW9iaWxlbmRvIiwiYWRkcmVzc19jaXR5IjoiVmFsZW5jaWEsIFNwYWluIiwiaHRpZG9jaWQiOiI0aUh2UXBoRzhVMlplNzJlQUFBQUFBPT0iLCJ1dWxlIjoidytDQUlRSUNJRlUzQmhhVzQifQ==,1
eyJqb2JfdGl0bGUiOiJpT1MgRGV2ZWxvcGVyIiwiY29tcGFueV9uYW1lIjoiSW50ZWxsaWFzIiwiYWRkcmVzc19jaXR5IjoiQmFyY2Vsb25hLCBTcGFpbiIsImh0aWRvY2lkIjoiSFRVcWpZWWZqXzNXZnlnSEFBQUFBQT09IiwidXVsZSI6IncrQ0FJUUlDSUZVM0JoYVc0In0=,1
eyJqb2JfdGl0bGUiOiJTZW5pb3IgaU9TIERldmVsb3BlciIsImNvbXBhbnlfbmFtZSI6Ik9uZVRhbGVudCIsImFkZHJlc3NfY2l0eSI6IlNwYWluIiwiaHRpZG9jaWQiOiJ4bTRXVzUtUzVKR1pYQ2VZQUFBQUFBPT0iLCJ1dWxlIjoidytDQUlRSUNJRlUzQmhhVzQifQ==,1
eyJqb2JfdGl0bGUiOiJpT1MgRGV2ZWxvcGVyIiwiY29tcGFueV9uYW1lIjoiTXlsdWNreXVuaXZlcnNlIiwiYWRkcmVzc19jaXR5IjoiQmFyY2Vsb25hLCBTcGFpbiIsImh0aWRvY2lkIjoiM0xIWWlOQUpPMk42Wlg1T0FBQUFBQT09IiwidXVsZSI6IncrQ0FJUUlDSUZVM0JoYVc0In0=,1
eyJqb2JfdGl0bGUiOiJEZXNhcnJvbGxhZG9yIGlvcyBzd2lmdCIsImNvbXBhbnlfbmFtZSI6IkhheXMiLCJhZGRyZXNzX2NpdHkiOiJWYWxlbmNpYSwgU3BhaW4iLCJodGlkb2NpZCI6IjhGZENuUXJfM2hBbmJsNXJBQUFBQUE9PSIsInV1bGUiOiJ3K0NBSVFJQ0lGVTNCaGFXNCJ9,1
eyJqb2JfdGl0bGUiOiJQcm9ncmFtYWRvciBpT1MiLCJjb21wYW55X25hbWUiOiJlbXByZXNhIG11bHRpbmFjaW9uYWwiLCJhZGRyZXNzX2NpdHkiOiJPdmllZG8sIE11bmljaXBhbGl0eSBvZiBPdmllZG8sIFNwYWluIiwiaHRpZG9jaWQiOiJhMHoxdFFGT0kxZF9hbDNuQUFBQUFBPT0iLCJ1dWxlIjoidytDQUlRSUNJRlUzQmhhVzQifQ==,1
eyJqb2JfdGl0bGUiOiJEZXNhcnJvbGxhZG9yIGlPUyIsImNvbXBhbnlfbmFtZSI6Ik1DIEVuZ2luZWVyaW5nIiwiYWRkcmVzc19jaXR5IjoiQmFyY2Vsb25hLCBTcGFpbiIsImh0aWRvY2lkIjoiTi10a2VSek4tM1dkN1VHRUFBQUFBQT09IiwidXVsZSI6IncrQ0FJUUlDSUZVM0JoYVc0In0=,1
eyJqb2JfdGl0bGUiOiJEZXNhcnJvbGxhZG9yIGlPUyIsImNvbXBhbnlfbmFtZSI6Ik0uQy4gRW5naW5lZXJpbmcgU3JsIiwiYWRkcmVzc19jaXR5IjoiQmFyY2Vsb25hLCBTcGFpbiIsImh0aWRvY2lkIjoiNTMzbmhHeHVKYlFyNEtGdEFBQUFBQT09IiwidXVsZSI6IncrQ0FJUUlDSUZVM0JoYVc0In0=,1
eyJqb2JfdGl0bGUiOiJQcm9ncmFtYWRvci9hIHNlbmlvciBpb3MvYW5kcm9pZCIsImNvbXBhbnlfbmFtZSI6IkNhcyBUcmFpbmluZyIsImFkZHJlc3NfY2l0eSI6IkFsaWNhbnRlLCBTcGFpbiIsImh0aWRvY2lkIjoiWDduaXZxelR1Nk96R3FieUFBQUFBQT09IiwidXVsZSI6IncrQ0FJUUlDSUZVM0JoYVc0In0=,1
eyJqb2JfdGl0bGUiOiJQcm9ncmFtYWRvciBpT1MiLCJjb21wYW55X25hbWUiOiJlbXByZXNhIG11bHRpbmFjaW9uYWwiLCJhZGRyZXNzX2NpdHkiOiJTcGFpbiIsImh0aWRvY2lkIjoiMXczcndEeDEzWENHNDZUMUFBQUFBQT09IiwidXVsZSI6IncrQ0FJUUlDSUZVM0JoYVc0In0=,1
eyJqb2JfdGl0bGUiOiJTZW5pb3IgSU9TIERldmVsb3BlciAtIFNhbnRhbmRlciBEaWdpdGFsIFNlcnZpY2VzIiwiY29tcGFueV9uYW1lIjoiU2FudGFuZGVyIERpZ2l0YWwgU2VydmljZXMiLCJhZGRyZXNzX2NpdHkiOiJNYWRyaWQsIFNwYWluIiwiaHRpZG9jaWQiOiJaM19ROHQxZnkyR29KbUZ1QUFBQUFBPT0iLCJ1dWxlIjoidytDQUlRSUNJRlUzQmhhVzQifQ==,1
eyJqb2JfdGl0bGUiOiJEZXNhcnJvbGxhZG9yIGRlIGlPUyIsImNvbXBhbnlfbmFtZSI6IkJldHdlZW4gVGVjaG5vbG9neSIsImFkZHJlc3NfY2l0eSI6IlNwYWluIiwiaHRpZG9jaWQiOiJkUVhHLXF6RHpNQWJiX0k5QUFBQUFBPT0iLCJ1dWxlIjoidytDQUlRSUNJRlUzQmhhVzQifQ==,1
eyJqb2JfdGl0bGUiOiJpT1MgRGV2ZWxvcGVyIiwiY29tcGFueV9uYW1lIjoiQmV0d2VlbiBUZWNobm9sb2d5IiwiYWRkcmVzc19jaXR5IjoiQmFyY2Vsb25hLCBTcGFpbiIsImh0aWRvY2lkIjoicE4teVEzMGNJR3lhLXc3ekFBQUFBQT09IiwidXVsZSI6IncrQ0FJUUlDSUZVM0JoYVc0In0=,1
eyJqb2JfdGl0bGUiOiJQcm9ncmFtYWRvciBpT1MiLCJjb21wYW55X25hbWUiOiJlbXByZXNhIG11bHRpbmFjaW9uYWwiLCJhZGRyZXNzX2NpdHkiOiJTcGFpbiIsImh0aWRvY2lkIjoicm1ROWlKQkJMMV9CamJ1bEFBQUFBQT09IiwidXVsZSI6IncrQ0FJUUlDSUZVM0JoYVc0In0=,1
eyJqb2JfdGl0bGUiOiJNaWQtbGV2ZWwgaU9TIERldmVsb3BlciAoSHlicmlkKSIsImNvbXBhbnlfbmFtZSI6InByaW5jaXBhbDMzIEVzcGHDsWEiLCJhZGRyZXNzX2NpdHkiOiJTcGFpbiIsImh0aWRvY2lkIjoibkY4aXBkZExOSEdIOXJaM0FBQUFBQT09IiwidXVsZSI6IncrQ0FJUUlDSUZVM0JoYVc0In0=,1
eyJqb2JfdGl0bGUiOiJpT1MgZGV2ZWxvcGVyIiwiY29tcGFueV9uYW1lIjoiQ2l2aXRhdGlzIFRvdXJzIFNMLiIsImFkZHJlc3NfY2l0eSI6Ik1hZHJpZCwgU3BhaW4iLCJodGlkb2NpZCI6ImFHUVZSOHBxZGJld1VIbGdBQUFBQUE9PSIsInV1bGUiOiJ3K0NBSVFJQ0lGVTNCaGFXNCJ9,1
eyJqb2JfdGl0bGUiOiJTciBpT1MgRGV2ZWxvcGVyIiwiY29tcGFueV9uYW1lIjoiU29sZXJhIEhvbGRpbmdzLCBMTEMuIiwiYWRkcmVzc19jaXR5IjoiU2V2aWxsZSwgU3BhaW4iLCJodGlkb2NpZCI6Img0Z044TGtGNjh4MjJkRjRBQUFBQUE9PSIsInV1bGUiOiJ3K0NBSVFJQ0lGVTNCaGFXNCJ9,1
eyJqb2JfdGl0bGUiOiJQcm9ncmFtbWVyIGFuZHJvaWQgaW9zIHJlYWN0IiwiY29tcGFueV9uYW1lIjoiQ2FzIFRyYWluaW5nIiwiYWRkcmVzc19jaXR5IjoiTWFkcmlkLCBTcGFpbiIsImh0aWRvY2lkIjoiUUlQcXZ4RU11V2xiTnZmZEFBQUFBQT09IiwidXVsZSI6IncrQ0FJUUlDSUZVM0JoYVc0In0=,1
eyJqb2JfdGl0bGUiOiJNb2JpbGUgZGV2ZWxvcGVyIGlvcy9hbmRyb2lkIiwiY29tcGFueV9uYW1lIjoiTnR0IERhdGEiLCJhZGRyZXNzX2NpdHkiOiJNdXJjaWEsIFNwYWluIiwiaHRpZG9jaWQiOiJMVEVJLUtZZGRnRnhXLTY0QUFBQUFBPT0iLCJ1dWxlIjoidytDQUlRSUNJRlUzQmhhVzQifQ==,1
eyJqb2JfdGl0bGUiOiJDb25zdWx0b3IvQSBDaWJlcnNlZ3VyaWRhZCBJbmR1c3RyaWFsIiwiY29tcGFueV9uYW1lIjoiUmF3c29uIEJwbyIsImFkZHJlc3NfY2l0eSI6Ik1hZHJpZCwgU3BhaW4iLCJodGlkb2NpZCI6Im9zRllZWS1XMkpwcmNNWVNBQUFBQUE9PSIsInV1bGUiOiJ3K0NBSVFJQ0lGVTNCaGFXNCJ9,7
eyJqb2JfdGl0bGUiOiJUw6ljbmljby9hIGRlIFNpc3RlbWFzIGRlIFNlZ3VyaWRhZF9CYXJjZWxvbmEiLCJjb21wYW55X25hbWUiOiJTZWN1cml0YXMgU2VndXJpZGFkIEVzcGHDsWEiLCJhZGRyZXNzX2NpdHkiOiJCYXJjZWxvbmEsIFNwYWluIiwiaHRpZG9jaWQiOiJ1Y3dmZ3pBcndqUmNNT2lRQUFBQUFBPT0iLCJ1dWxlIjoidytDQUlRSUNJRlUzQmhhVzQifQ==,7
eyJqb2JfdGl0bGUiOiJUw6ljbmljby9hIGRlIFNpc3RlbWFzIGRlIFNlZ3VyaWRhZCBfVmFsbGFkb2xpZCIsImNvbXBhbnlfbmFtZSI6IlNlY3VyaXRhcyBTZWd1cmlkYWQgRXNwYcOxYSIsImFkZHJlc3NfY2l0eSI6IlZhbGxhZG9saWQsIFNwYWluIiwiaHRpZG9jaWQiOiJKQjctUGgzMFFfTUt0MDBCQUFBQUFBPT0iLCJ1dWxlIjoidytDQUlRSUNJRlUzQmhhVzQifQ==,7
eyJqb2JfdGl0bGUiOiJUw6ljbmljbyBNYW50ZW5pZW1pZW50byBTaXN0ZW1hcyBlbGVjdHLDs25pY29zIGRlIFNlZ3VyaWRhZCBDQU5UQUJSSUEiLCJjb21wYW55X25hbWUiOiJQcm9zZWd1ciIsImFkZHJlc3NfY2l0eSI6IkNhbnRhYnJpYSwgU3BhaW4iLCJodGlkb2NpZCI6IlNZeEkxX1Ezc3lUNTMwaU1BQUFBQUE9PSIsInV1bGUiOiJ3K0NBSVFJQ0lGVTNCaGFXNCJ9,7
eyJqb2JfdGl0bGUiOiJUw6ljbmljby9hIGRlIFNpc3RlbWFzIGRlIFNlZ3VyaWRhZCIsImNvbXBhbnlfbmFtZSI6IlNlY3VyaXRhcyBTZWd1cmlkYWQgRXNwYcOxYSIsImFkZHJlc3NfY2l0eSI6IkFsaWNhbnRlLCBTcGFpbiIsImh0aWRvY2lkIjoiOG1JdFkwTkEwWGE2NFZxd0FBQUFBQT09IiwidXVsZSI6IncrQ0FJUUlDSUZVM0JoYVc0In0=,7
eyJqb2JfdGl0bGUiOiJUw6ljbmljbyBNYW50ZW5lZG9yIGVuIFNpc3RlbWFzIFNlZ3VyaWRhZCBCYXJjZWxvbmEgKCA3OjAwIGEgMTU6MDAgaG9yYXMpIiwiY29tcGFueV9uYW1lIjoiRW1wcmVzYXMgSU1BTiIsImFkZHJlc3NfY2l0eSI6IkJhcmNlbG9uYSwgU3BhaW4iLCJodGlkb2NpZCI6Ii1TNkZvc0F6YTdvdFJ3cVpBQUFBQUE9PSIsInV1bGUiOiJ3K0NBSVFJQ0lGVTNCaGFXNCJ9,7
eyJqb2JfdGl0bGUiOiJUw6ljbmljbyBkZSBTaXN0ZW1hcyBTZWd1cmlkYWQiLCJjb21wYW55X25hbWUiOiJTZWd1cmNvbSBJbnN0YWxhY2lvbmVzLCBTLkwiLCJhZGRyZXNzX2NpdHkiOiJHZXRhZmUsIFNwYWluIiwiaHRpZG9jaWQiOiJ4Y0FEODFVQTRfQjdIejdXQUFBQUFBPT0iLCJ1dWxlIjoidytDQUlRSUNJRlUzQmhhVzQifQ==,7
eyJqb2JfdGl0bGUiOiJDb25zdWx0b3IgVMOpY25pY28gZGUgU2lzdGVtYXMgZGUgU2VndXJpZGFkIiwiY29tcGFueV9uYW1lIjoiUGFnZSBQZXJzb25uZWwiLCJhZGRyZXNzX2NpdHkiOiJNYWRyaWQsIFNwYWluIiwiaHRpZG9jaWQiOiJ0VmZWaE8yUkJrX0Vzb2pHQUFBQUFBPT0iLCJ1dWxlIjoidytDQUlRSUNJRlUzQmhhVzQifQ==,7
eyJqb2JfdGl0bGUiOiJDb25zdWx0b3IgVMOpY25pY28gZGUgU2lzdGVtYXMgZGUgU2VndXJpZGFkIiwiY29tcGFueV9uYW1lIjoiUGFnZSBQZXJzb25uZWwiLCJhZGRyZXNzX2NpdHkiOiJNYWRyaWQsIFNwYWluIiwiaHRpZG9jaWQiOiJ0VmZWaE8yUkJrX0Vzb2pHQUFBQUFBPT0iLCJ1dWxlIjoidytDQUlRSUNJRlUzQmhhVzQifQ==,1
eyJqb2JfdGl0bGUiOiJUw6ljbmljby9hIGRlIFNpc3RlbWFzIGRlIFBDSSAoUHJvdGVjY2nDs24gQ29udHJhIEluY2VuZGlvcykiLCJjb21wYW55X25hbWUiOiJTZWN1cml0YXMgU2VndXJpZGFkIEVzcGHDsWEiLCJhZGRyZXNzX2NpdHkiOiJNw6FsYWdhLCBTcGFpbiIsImh0aWRvY2lkIjoiUW1NblRDeHFZVG56S2l5WUFBQUFBQT09IiwidXVsZSI6IncrQ0FJUUlDSUZVM0JoYVc0In0=,7
eyJqb2JfdGl0bGUiOiJHZXN0b3IvYSBkZSBQcm95ZWN0b3MgZGUgQ29tcHV0ZXIgVmlzaW9uIiwiY29tcGFueV9uYW1lIjoiVEVDTkFMSUEgUmVzZWFyY2ggXHUwMDI2IElubm92YXRpb24iLCJhZGRyZXNzX2NpdHkiOiJEZXJpbywgU3BhaW4iLCJodGlkb2NpZCI6Im5YNGt4alFxbzJMUkNtOEhBQUFBQUE9PSIsInV1bGUiOiJ3K0NBSVFJQ0lGVTNCaGFXNCJ9,1
eyJqb2JfdGl0bGUiOiJBbmFsaXN0YSBQcm9ncmFtYWRvci9hIC5ORVQiLCJjb21wYW55X25hbWUiOiJBbHRpYSIsImFkZHJlc3NfY2l0eSI6Ik1hZHJpZCwgU3BhaW4iLCJodGlkb2NpZCI6Ik5nTmxVZFRzYkU5MkhRREpBQUFBQUE9PSIsInV1bGUiOiJ3K0NBSVFJQ0lGVTNCaGFXNCJ9,1
eyJqb2JfdGl0bGUiOiJQcm9ncmFtYWRvciAuTkVUIFNlbmlvciIsImNvbXBhbnlfbmFtZSI6IlRyZW50aWEgQ29uc3VsdGluZyIsImFkZHJlc3NfY2l0eSI6Ik1hZHJpZCwgU3BhaW4iLCJodGlkb2NpZCI6IklxaTI2VEUta1FKZF9oTklBQUFBQUE9PSIsInV1bGUiOiJ3K0NBSVFJQ0lGVTNCaGFXNCJ9,1
eyJqb2JfdGl0bGUiOiJQcm9ncmFtYWRvciAuTkVUICsgRHluYW1pY3MiLCJjb21wYW55X25hbWUiOiJEZXZvdGVhbSIsImFkZHJlc3NfY2l0eSI6IkNvbW11bml0eSBvZiBNYWRyaWQsIFNwYWluIiwiaHRpZG9jaWQiOiJfV0JabzA4RlBDTVJZQWg1QUFBQUFBPT0iLCJ1dWxlIjoidytDQUlRSUNJRlUzQmhhVzQifQ==,7
eyJqb2JfdGl0bGUiOiJQcm9ncmFtYWRvciAuTkVUICsgRHluYW1pY3MiLCJjb21wYW55X25hbWUiOiJEZXZvdGVhbSIsImFkZHJlc3NfY2l0eSI6IkNvbW11bml0eSBvZiBNYWRyaWQsIFNwYWluIiwiaHRpZG9jaWQiOiJfV0JabzA4RlBDTVJZQWg1QUFBQUFBPT0iLCJ1dWxlIjoidytDQUlRSUNJRlUzQmhhVzQifQ==,1
eyJqb2JfdGl0bGUiOiJQcm9ncmFtYWRvci9hIC5ORVQgeSBQeXRob24iLCJjb21wYW55X25hbWUiOiJUaGUgQWRlY2NvIEdyb3VwIiwiYWRkcmVzc19jaXR5IjoiQXN0dXJpYXMsIFNwYWluIiwiaHRpZG9jaWQiOiIyRktQR3JDV3VXQlRiaTNiQUFBQUFBPT0iLCJ1dWxlIjoidytDQUlRSUNJRlUzQmhhVzQifQ==,1
eyJqb2JfdGl0bGUiOiJQcm9ncmFtYWRvciAuTkVUIEZ1bGxzdGFjayIsImNvbXBhbnlfbmFtZSI6Ik5QUiBTcGFpbiIsImFkZHJlc3NfY2l0eSI6Ik1hZHJpZCwgU3BhaW4iLCJodGlkb2NpZCI6Ik1wR3ZXNmhldV9HMXFueWVBQUFBQUE9PSIsInV1bGUiOiJ3K0NBSVFJQ0lGVTNCaGFXNCJ9,1
eyJqb2JfdGl0bGUiOiJQUk9HUkFNQURPUiAuTkVUICh0ZWxldHJhYmFqbyAxMDAgJSkiLCJjb21wYW55X25hbWUiOiJJbnljaW8iLCJhZGRyZXNzX2NpdHkiOiJaYXJhZ296YSwgU3BhaW4iLCJodGlkb2NpZCI6IkRnam1YNWUxTmlYNGxYYzNBQUFBQUE9PSIsInV1bGUiOiJ3K0NBSVFJQ0lGVTNCaGFXNCJ9,1
eyJqb2JfdGl0bGUiOiJQcm9ncmFtYWRvciAuTkVUICsgRHluYW1pY3MiLCJjb21wYW55X25hbWUiOiJEZXZvdGVhbSIsImFkZHJlc3NfY2l0eSI6Ik1hZHJpZCwgU3BhaW4iLCJodGlkb2NpZCI6InhKeE9HY1pROXhWWDJWZ1ZBQUFBQUE9PSIsInV1bGUiOiJ3K0NBSVFJQ0lGVTNCaGFXNCJ9,7
eyJqb2JfdGl0bGUiOiJQcm9ncmFtYWRvciAuTkVUICsgRHluYW1pY3MiLCJjb21wYW55X25hbWUiOiJEZXZvdGVhbSIsImFkZHJlc3NfY2l0eSI6Ik1hZHJpZCwgU3BhaW4iLCJodGlkb2NpZCI6InhKeE9HY1pROXhWWDJWZ1ZBQUFBQUE9PSIsInV1bGUiOiJ3K0NBSVFJQ0lGVTNCaGFXNCJ9,1
eyJqb2JfdGl0bGUiOiJQcm9ncmFtYWRvciAuTkVUIGNvbiBjb2NpbWllbnRvcyBEQVRBIChIL1gvTSkiLCJjb21wYW55X25hbWUiOiJDaWJlcm5vcyIsImFkZHJlc3NfY2l0eSI6Ik1hZHJpZCwgU3BhaW4iLCJodGlkb2NpZCI6InpHWEJhejFfcGF4RTNPV1ZBQUFBQUE9PSIsInV1bGUiOiJ3K0NBSVFJQ0lGVTNCaGFXNCJ9,1
eyJqb2JfdGl0bGUiOiJBbmFsaXN0YSBwcm9ncmFtYWRvciAuTkVULCBoaWJyaWRvIiwiY29tcGFueV9uYW1lIjoiS3JlbGwgQ29uc3VsdGluZyBcdTAwMjYgVHJhaW5pbmciLCJhZGRyZXNzX2NpdHkiOiJNYWRyaWQsIFNwYWluIiwiaHRpZG9jaWQiOiJPQ3VlaGNsY0NBdUt2enptQUFBQUFBPT0iLCJ1dWxlIjoidytDQUlRSUNJRlUzQmhhVzQifQ==,1
eyJqb2JfdGl0bGUiOiJMZWFkL1NyIEJhY2tlbmQgRGV2ZWxvcGVyIiwiY29tcGFueV9uYW1lIjoiUGFnZSBQZXJzb25uZWwiLCJhZGRyZXNzX2NpdHkiOiJCYXJjZWxvbmEsIFNwYWluIiwiaHRpZG9jaWQiOiJwZDd5TEpMYWJNNml4VGdCQUFBQUFBPT0iLCJ1dWxlIjoidytDQUlRSUNJRlUzQmhhVzQifQ==,1
eyJqb2JfdGl0bGUiOiJQcm9ncmFtYWRvci9hIEZ1bGwgU3RhY2siLCJjb21wYW55X25hbWUiOiJEWEMgVGVjaG5vbG9neSIsImFkZHJlc3NfY2l0eSI6IlNwYWluIiwiaHRpZG9jaWQiOiJXaHlZSkZyMDktUk1IdjVwQUFBQUFBPT0iLCJ1dWxlIjoidytDQUlRSUNJRlUzQmhhVzQifQ==,1
eyJqb2JfdGl0bGUiOiJQcm9ncmFtYWRvciBKYXZhIEp1bmlvciAoY29uIEZyYW5jw6lzIG8gSW5nbMOpcykgLSBIw61icmlkbyIsImNvbXBhbnlfbmFtZSI6IlNhbmRhdiIsImFkZHJlc3NfY2l0eSI6Ik3DoWxhZ2EsIFNwYWluIiwiaHRpZG9jaWQiOiJqODM3c0R3RFIzUW5qOU54QUFBQUFBPT0iLCJ1dWxlIjoidytDQUlRSUNJRlUzQmhhVzQifQ==,1
eyJqb2JfdGl0bGUiOiJEZXNhcnJvbGxhZG9yIEJhY2tlbmQvIEZ1bGxzdGFjayIsImNvbXBhbnlfbmFtZSI6IkVtcHJlc2EgZGVsIHNlY3RvciBkZSBhdXRvbW9jacOzbiIsImFkZHJlc3NfY2l0eSI6IlZhbGVuY2lhLCBTcGFpbiIsImh0aWRvY2lkIjoieHlTelZRaGtEbnRCX01ISkFBQUFBQT09IiwidXVsZSI6IncrQ0FJUUlDSUZVM0JoYVc0In0=,1
eyJqb2JfdGl0bGUiOiJEZXNhcnJvbGxhZG9yL2EgZGUgc2lzdGVtYSBkZSBuYXZlZ2FjacOzbiIsImNvbXBhbnlfbmFtZSI6IkNUQUctQ0VOVFJPIFRFQ05PTMOTR0lDTyBERSBBVVRPTU9DScOTTiBERSBHQUxJQ0lBIiwiYWRkcmVzc19jaXR5IjoiU3BhaW4iLCJodGlkb2NpZCI6IkFHdUJmV3l2VkF4SElDREtBQUFBQUE9PSIsInV1bGUiOiJ3K0NBSVFJQ0lGVTNCaGFXNCJ9,1
eyJqb2JfdGl0bGUiOiIuTkVUIERFVkVMT1BFUiAtIFBSRVNFTkNJQUwgLSBTRUNUT1IgQVVUT01PQ0nDk04gLSBNT05UTUVMw5MiLCJjb21wYW55X25hbWUiOiJQYWdlIFBlcnNvbm5lbCIsImFkZHJlc3NfY2l0eSI6IkJhcmNlbG9uYSwgU3BhaW4iLCJodGlkb2NpZCI6Ik4tamR4b25rNWVVVE9pTEJBQUFBQUE9PSIsInV1bGUiOiJ3K0NBSVFJQ0lGVTNCaGFXNCJ9,1
eyJqb2JfdGl0bGUiOiIuTkVUIERFVkVMT1BFUiAtIFBSRVNFTkNJQUwgLSBTRUNUT1IgQVVUT01PQ0nDk04gLSBNT05UTUVMw5MiLCJjb21wYW55X25hbWUiOiJQYWdlIFBlcnNvbm5lbCIsImFkZHJlc3NfY2l0eSI6IlNwYWluIiwiaHRpZG9jaWQiOiI5d2MwX3JlRFMzYTR5SERfQUFBQUFBPT0iLCJ1dWxlIjoidytDQUlRSUNJRlUzQmhhVzQifQ==,1
eyJqb2JfdGl0bGUiOiJERVNBUlJPTExBRE9SL0EgREUgU0lTVEVNQVMgREUgTkFWRUdBQ0nDk04iLCJjb21wYW55X25hbWUiOiJDVEFHIOKAkyBDZW50cm8gVGVjbm9sw7NnaWNvIGRlIEF1dG9tb2Npw7NuIGRlIEdhbGljaWEiLCJhZGRyZXNzX2NpdHkiOiJPIFBvcnJpw7FvLCBTcGFpbiIsImh0aWRvY2lkIjoickxpelhNbzUyRGpTOFQtSUFBQUFBQT09IiwidXVsZSI6IncrQ0FJUUlDSUZVM0JoYVc0In0=,1
eyJqb2JfdGl0bGUiOiJEZXNhcnJvbGxhZG9yL2EgYysrIiwiY29tcGFueV9uYW1lIjoiSVNDQVJFTSBIdW1hbiBSZXNvdXJjZXMsIFMuTC4iLCJhZGRyZXNzX2NpdHkiOiJNYWRyaWQsIFNwYWluIiwiaHRpZG9jaWQiOiJ0dlotWHN5amlNeGg5WktuQUFBQUFBPT0iLCJ1dWxlIjoidytDQUlRSUNJRlUzQmhhVzQifQ==,1
eyJqb2JfdGl0bGUiOiJUw6ljbmljbyBTZWd1cmlkYWQgT3BlcmFjaW9uYWwgSGFuZGxpbmcgLSBBZXJvcHVlcnRvIGRlIFBhbG1hIGRlIE1hbGxvcmNhIiwiY29tcGFueV9uYW1lIjoiQUVSVEVDIFNvbHV0aW9ucyIsImFkZHJlc3NfY2l0eSI6IlNwYWluIiwiaHRpZG9jaWQiOiJKV0NHYVpVNDY0d2pMdW0wQUFBQUFBPT0iLCJ1dWxlIjoidytDQUlRSUNJRlUzQmhhVzQifQ==,7
eyJqb2JfdGl0bGUiOiJJbmdlbmllcm8vYSBkZSBTaXN0ZW1hcyBkZSBDb250cm9sIChFZGlmaWNpb3MpIiwiY29tcGFueV9uYW1lIjoiU21hcmtpYSIsImFkZHJlc3NfY2l0eSI6IlNwYWluIiwiaHRpZG9jaWQiOiJ2Q2VXSkZEVjBRaVhPYlF1QUFBQUFBPT0iLCJ1dWxlIjoidytDQUlRSUNJRlUzQmhhVzQifQ==,1
eyJqb2JfdGl0bGUiOiJUZWNuaWNvIGRlIE1hbnRlbmltaWVudG8iLCJjb21wYW55X25hbWUiOiJFcXVpbml4IiwiYWRkcmVzc19jaXR5IjoiQmFyY2Vsb25hLCBTcGFpbiIsImh0aWRvY2lkIjoiTy1IdzI1dENCN1VRdFlNZkFBQUFBQT09IiwidXVsZSI6IncrQ0FJUUlDSUZVM0JoYVc0In0=,1
eyJqb2JfdGl0bGUiOiJUw6ljbmljbyBNYW50ZW5pbWllbnRvIEVudG9ybm9zIENyw610aWNvcyB5IERhdGEgQ2VudGVyIiwiY29tcGFueV9uYW1lIjoiTEhIIiwiYWRkcmVzc19jaXR5IjoiTWFkcmlkLCBTcGFpbiIsImh0aWRvY2lkIjoiY3lKWmEwMTJoNzJYdng0eUFBQUFBQT09IiwidXVsZSI6IncrQ0FJUUlDSUZVM0JoYVc0In0=,7
eyJqb2JfdGl0bGUiOiJUw6ljbmljby9hIGRlIFNpc3RlbWFzIGRlIFNlZ3VyaWRhZCBfIEd1aXDDunpjb2EiLCJjb21wYW55X25hbWUiOiJTZWN1cml0YXMgU2VndXJpZGFkIEVzcGHDsWEiLCJhZGRyZXNzX2NpdHkiOiJEb25vc3RpYS1TYW4gU2ViYXN0aWFuLCBTcGFpbiIsImh0aWRvY2lkIjoiZVFHTkRJSTVtN2hZdURESUFBQUFBQT09IiwidXVsZSI6IncrQ0FJUUlDSUZVM0JoYVc0In0=,7
eyJqb2JfdGl0bGUiOiJUw6ljbmljby9hIGRlIG1hbnRlbmltaWVudG8iLCJjb21wYW55X25hbWUiOiJUaG9tcHNvbiBNYWRyaWQsIHBhcnQgb2YgSHlhdHQiLCJhZGRyZXNzX2NpdHkiOiJNYWRyaWQsIFNwYWluIiwiaHRpZG9jaWQiOiJXXy1WOVhtZWtsOG1fcEUzQUFBQUFBPT0iLCJ1dWxlIjoidytDQUlRSUNJRlUzQmhhVzQifQ==,7
eyJqb2JfdGl0bGUiOiJUw6ljbmljbyBkZSBJbXBsYW50YWNpw7NuIHBhcmEgRXNwYcOxYSIsImNvbXBhbnlfbmFtZSI6IkFEUCIsImFkZHJlc3NfY2l0eSI6Ik1hZHJpZCwgU3BhaW4iLCJodGlkb2NpZCI6IkZ2X0tJd0FwQzNyZnJlay1BQUFBQUE9PSIsInV1bGUiOiJ3K0NBSVFJQ0lGVTNCaGFXNCJ9,7
eyJqb2JfdGl0bGUiOiJUw6ljbmljby9hIHNvcG9ydGUgdXN1YXJpb3MvYXMiLCJjb21wYW55X25hbWUiOiJHcnVwbyBTZXJtaWNybyIsImFkZHJlc3NfY2l0eSI6Ik3DoWxhZ2EsIFNwYWluIiwiaHRpZG9jaWQiOiJVMWJXVWYxSDVrYW5SMDZBQUFBQUFBPT0iLCJ1dWxlIjoidytDQUlRSUNJRlUzQmhhVzQifQ==,7
eyJqb2JfdGl0bGUiOiJURUNOSUNBL08gREUgU09QT1JURSBBTCBVU1VBUklPIE1BRFJJRCIsImNvbXBhbnlfbmFtZSI6IkdydXBvIFNlcm1pY3JvIiwiYWRkcmVzc19jaXR5IjoiTWFkcmlkLCBTcGFpbiIsImh0aWRvY2lkIjoiaWJ3aWtfMFFjcG5MaU53ZkFBQUFBQT09IiwidXVsZSI6IncrQ0FJUUlDSUZVM0JoYVc0In0=,7
eyJqb2JfdGl0bGUiOiJBbmFsaXN0YSBkZSBTb3BvcnRlIGRlIFRJIC0gSUkgKE1hZHJpZCkiLCJjb21wYW55X25hbWUiOiJBbnRoZXNpcyBHcm91cCIsImFkZHJlc3NfY2l0eSI6Ik1hZHJpZCwgU3BhaW4iLCJodGlkb2NpZCI6ImxGbkt4THY2SUk1MFJESHNBQUFBQUE9PSIsInV1bGUiOiJ3K0NBSVFJQ0lGVTNCaGFXNCJ9,7
eyJqb2JfdGl0bGUiOiJUw6ljbmljbyBJbmZvcm3DoXRpY28iLCJjb21wYW55X25hbWUiOiJET1JNSVRJRU5EQSIsImFkZHJlc3NfY2l0eSI6IlNwYWluIiwiaHRpZG9jaWQiOiJaMWlnSFlHUlF0eXJKalNtQUFBQUFBPT0iLCJ1dWxlIjoidytDQUlRSUNJRlUzQmhhVzQifQ==,1
eyJqb2JfdGl0bGUiOiJUw6ljbmljby9hIFNvcG9ydGUgTWljcm9pbmZvcm3DoXRpY28gLSBPbnNpdGUiLCJjb21wYW55X25hbWUiOiJGRFMsIEEgRFhDIFRlY2hub2xvZ3kgQ29tcGFueSIsImFkZHJlc3NfY2l0eSI6IkxvcyBDb3JyYWxlcyBkZSBCdWVsbmEsIFNwYWluIiwiaHRpZG9jaWQiOiI1OFFYQ0Y0ZHVTZkFIbnFvQUFBQUFBPT0iLCJ1dWxlIjoidytDQUlRSUNJRlUzQmhhVzQifQ==,1
eyJqb2JfdGl0bGUiOiJJbnZlc3RpZ2Fkb3IvYSBkZSBSb2LDs3RpY2EiLCJjb21wYW55X25hbWUiOiJMZWl0YXQgLSBDZW50cm8gVGVjbm9sw7NnaWNvIiwiYWRkcmVzc19jaXR5IjoiQmFyY2Vsb25hLCBTcGFpbiIsImh0aWRvY2lkIjoiZnNJTVpweC1KUWw4dDFfa0FBQUFBQT09IiwidXVsZSI6IncrQ0FJUUlDSUZVM0JoYVc0In0=,1
eyJqb2JfdGl0bGUiOiJJbmdlbmllcm8gZGUgQXV0b21hdGl6YWNpw7NuLCBSb2LDs3RpY2EgZSBJbmR1c3RyaWFsaXphY2nDs24gZGUgcHJvY2Vzb3MgaW5kdXN0cmlhbGVzIiwiY29tcGFueV9uYW1lIjoiU0lTVEVQTEFOVCIsImFkZHJlc3NfY2l0eSI6IkJpbGJhbywgU3BhaW4iLCJodGlkb2NpZCI6IjdjWHZNSXV5S1BjN2hVcU1BQUFBQUE9PSIsInV1bGUiOiJ3K0NBSVFJQ0lGVTNCaGFXNCJ9,1
eyJqb2JfdGl0bGUiOiJQcm9ncmFtYWRvci9hIGRlIFJvYm90cyBJbmR1c3RyaWFsZXMgKEtVS0EpIiwiY29tcGFueV9uYW1lIjoiQUxURU4gU1BBSU4iLCJhZGRyZXNzX2NpdHkiOiJTcGFpbiIsImh0aWRvY2lkIjoiV25za2p0ekx3TURsT3RpUEFBQUFBQT09IiwidXVsZSI6IncrQ0FJUUlDSUZVM0JoYVc0In0=,1
eyJqb2JfdGl0bGUiOiJQcm9ncmFtYWRvcuKAiy9hIGRlIFJvYm90cyBJbmR1c3RyaWFsZXPigIsvS1VLQSIsImNvbXBhbnlfbmFtZSI6IkFMVEVOIFNQQUlOIiwiYWRkcmVzc19jaXR5IjoiU3BhaW4iLCJodGlkb2NpZCI6IjM2U0F0UlMtbmVQRlMwY2dBQUFBQUE9PSIsInV1bGUiOiJ3K0NBSVFJQ0lGVTNCaGFXNCJ9,1
eyJqb2JfdGl0bGUiOiJEZXNhcnJvbGxhZG9yL2EgU1cgRW1iZWJpZG8iLCJjb21wYW55X25hbWUiOiJCZXR3ZWVuIFRlY2hub2xvZ3kiLCJhZGRyZXNzX2NpdHkiOiJTcGFpbiIsImh0aWRvY2lkIjoiWXoyNm5kR1kwamVMOUwxd0FBQUFBQT09IiwidXVsZSI6IncrQ0FJUUlDSUZVM0JoYVc0In0=,1
eyJqb2JfdGl0bGUiOiJEaXNlw7FhZG9yL2EgVUkvVVgiLCJjb21wYW55X25hbWUiOiJIZGl2IFNlY3VyaXR5IiwiYWRkcmVzc19jaXR5IjoiRG9ub3N0aWEtU2FuIFNlYmFzdGlhbiwgU3BhaW4iLCJodGlkb2NpZCI6ImpaYnJlSlFreDNic1Rya2dBQUFBQUE9PSIsInV1bGUiOiJ3K0NBSVFJQ0lGVTNCaGFXNCJ9,1
eyJqb2JfdGl0bGUiOiJVWC9VSSBEZXNpZ25lciIsImNvbXBhbnlfbmFtZSI6IkFMRVhJQSBBRE1PUiIsImFkZHJlc3NfY2l0eSI6Ik1hZHJpZCwgU3BhaW4iLCJodGlkb2NpZCI6Imk4WDJtNDhVcW95NlVUMmlBQUFBQUE9PSIsInV1bGUiOiJ3K0NBSVFJQ0lGVTNCaGFXNCJ9,9
eyJqb2JfdGl0bGUiOiJVWC9VSSBEZXNpZ25lciIsImNvbXBhbnlfbmFtZSI6Ik5BVEVFVk8gRXNwYcOxYSIsImFkZHJlc3NfY2l0eSI6IkNvbW11bml0eSBvZiBNYWRyaWQsIFNwYWluIiwiaHRpZG9jaWQiOiJUWXMzMWlmNm15WEJ2OG84QUFBQUFBPT0iLCJ1dWxlIjoidytDQUlRSUNJRlUzQmhhVzQifQ==,1
eyJqb2JfdGl0bGUiOiJERVNBUlJPTEFET1IvQSBDSEFUQk9UIFVYL1VJIiwiY29tcGFueV9uYW1lIjoiSW50ZXJlbXBsZW8iLCJhZGRyZXNzX2NpdHkiOiJFeHRyZW1hZHVyYSwgU3BhaW4iLCJodGlkb2NpZCI6InNKUWVsdGRxbVJ6Ti1wcjBBQUFBQUE9PSIsInV1bGUiOiJ3K0NBSVFJQ0lGVTNCaGFXNCJ9,1
eyJqb2JfdGl0bGUiOiJBbmFsaXN0YSBkZSBwcm9jZXNvcy9jYWRlbmEgZGUgc3VtaW5pc3RybyAoQ29udHJhdG8gZGUgcHLDoWN0aWNhcykgU2V2aWxsYS9NYWRyaWQiLCJjb21wYW55X25hbWUiOiJUaGUgSEVJTkVLRU4gQ29tcGFueSIsImFkZHJlc3NfY2l0eSI6IlNldmlsbGUsIFNwYWluIiwiaHRpZG9jaWQiOiJRQnhIZ3JjUkZZWTJUU3VtQUFBQUFBPT0iLCJ1dWxlIjoidytDQUlRSUNJRlUzQmhhVzQifQ==,1
eyJqb2JfdGl0bGUiOiJJbmdlbmllcm8gUUEgU2VuaW9yIENhbGlkYWQgc29mdHdhcmUsIE1hZHJpZCIsImNvbXBhbnlfbmFtZSI6IkNyZWFydGUgQ29uc3VsdGluZyIsImFkZHJlc3NfY2l0eSI6IkNvbW11bml0eSBvZiBNYWRyaWQsIFNwYWluIiwiaHRpZG9jaWQiOiI5YTh3Skx5Tk1OLW1qTVpkQUFBQUFBPT0iLCJ1dWxlIjoidytDQUlRSUNJRlUzQmhhVzQifQ==,7
eyJqb2JfdGl0bGUiOiJJbmdlbmllcm8gUUEgU2VuaW9yIENhbGlkYWQgc29mdHdhcmUsIE1hZHJpZCIsImNvbXBhbnlfbmFtZSI6IkNyZWFydGUgQ29uc3VsdGluZyIsImFkZHJlc3NfY2l0eSI6IkNvbW11bml0eSBvZiBNYWRyaWQsIFNwYWluIiwiaHRpZG9jaWQiOiI5YTh3Skx5Tk1OLW1qTVpkQUFBQUFBPT0iLCJ1dWxlIjoidytDQUlRSUNJRlUzQmhhVzQifQ==,1
eyJqb2JfdGl0bGUiOiJJbmdlbmllcm8gUWEgU2VuaW9yIERlIENhbGlkYWQgRGUgU29mdHdhcmUiLCJjb21wYW55X25hbWUiOiJDcmVhcnRlIENvbnN1bHRpbmciLCJhZGRyZXNzX2NpdHkiOiJCYXJjZWxvbmEsIFNwYWluIiwiaHRpZG9jaWQiOiJPeTBVcm95T0UtLUpJOXAxQUFBQUFBPT0iLCJ1dWxlIjoidytDQUlRSUNJRlUzQmhhVzQifQ==,7
eyJqb2JfdGl0bGUiOiJJbmdlbmllcm8gUWEgU2VuaW9yIERlIENhbGlkYWQgRGUgU29mdHdhcmUiLCJjb21wYW55X25hbWUiOiJDcmVhcnRlIENvbnN1bHRpbmciLCJhZGRyZXNzX2NpdHkiOiJCYXJjZWxvbmEsIFNwYWluIiwiaHRpZG9jaWQiOiJPeTBVcm95T0UtLUpJOXAxQUFBQUFBPT0iLCJ1dWxlIjoidytDQUlRSUNJRlUzQmhhVzQifQ==,1
eyJqb2JfdGl0bGUiOiJJbmdlbmllcm8vYSBDYWxpZGFkIiwiY29tcGFueV9uYW1lIjoiVHJpZ28gR3JvdXAiLCJhZGRyZXNzX2NpdHkiOiJTcGFpbiIsImh0aWRvY2lkIjoiT0UtMWpxaVRzYjlkdVZKV0FBQUFBQT09IiwidXVsZSI6IncrQ0FJUUlDSUZVM0JoYVc0In0=,1
eyJqb2JfdGl0bGUiOiJRdWFsaXR5IEFzc3VyYW5jZSBFbmdpbmVlciIsImNvbXBhbnlfbmFtZSI6IlNvZnRlY2EiLCJhZGRyZXNzX2NpdHkiOiJCdXJnb3MsIFNwYWluIiwiaHRpZG9jaWQiOiJUU0lzU19MR0Z0LVlyV05WQUFBQUFBPT0iLCJ1dWxlIjoidytDQUlRSUNJRlUzQmhhVzQifQ==,1
eyJqb2JfdGl0bGUiOiJBbmFsaXN0YSBkZSBkYXRvcyAtIEZpbmFuY2llcm8iLCJjb21wYW55X25hbWUiOiJHUlVQTyBFUklLIEVESVRPUkVTIiwiYWRkcmVzc19jaXR5IjoiTW90cmlsLCBTcGFpbiIsImh0aWRvY2lkIjoieURyLUZ3b2hiMnY3VTkxMkFBQUFBQT09IiwidXVsZSI6IncrQ0FJUUlDSUZVM0JoYVc0In0=,1
eyJqb2JfdGl0bGUiOiJBbmFsaXN0YSBkZSBGaW5hbmNpZXJvIGNvbiBleHAgQnVzaW5lc3MgQ2VudHJhbC4iLCJjb21wYW55X25hbWUiOiJSb2JlcnQgV2FsdGVycyIsImFkZHJlc3NfY2l0eSI6Ikxlw7NuLCBTcGFpbiIsImh0aWRvY2lkIjoiZDNjZWQ0dTFvSFFwZ01wNUFBQUFBQT09IiwidXVsZSI6IncrQ0FJUUlDSUZVM0JoYVc0In0=,1
eyJqb2JfdGl0bGUiOiJBbmFsaXN0YSBmaW5hbmNpZXJvIiwiY29tcGFueV9uYW1lIjoiVGVjbmljYXMgUmV1bmlkYXMiLCJhZGRyZXNzX2NpdHkiOiJNYWRyaWQsIFNwYWluIiwiaHRpZG9jaWQiOiJXNDBjZGxCenUwUXJIYU5TQUFBQUFBPT0iLCJ1dWxlIjoidytDQUlRSUNJRlUzQmhhVzQifQ==,1
eyJqb2JfdGl0bGUiOiJCdXNpbmVzcyBSZXBvcnQgQW5hbHlzdCAoZmluYW56YXMpIiwiY29tcGFueV9uYW1lIjoiQWRlcmVuIiwiYWRkcmVzc19jaXR5IjoiTWFkcmlkLCBTcGFpbiIsImh0aWRvY2lkIjoiOUpHaVpGeXFicURVak4tTkFBQUFBQT09IiwidXVsZSI6IncrQ0FJUUlDSUZVM0JoYVc0In0=,1
eyJqb2JfdGl0bGUiOiJUw6ljbmljby9hIEFuYWxpc3RhIEZpbmFuY2llcm8iLCJjb21wYW55X25hbWUiOiJISCBodW50ZXJzIiwiYWRkcmVzc19jaXR5IjoiTGFzIFJvemFzIGRlIE1hZHJpZCwgU3BhaW4iLCJodGlkb2NpZCI6IlphSUV2WjhFdGhxUi14cVNBQUFBQUE9PSIsInV1bGUiOiJ3K0NBSVFJQ0lGVTNCaGFXNCJ9,7
eyJqb2JfdGl0bGUiOiJDb25zdWx0b3ItYSBGaW5hbmNpZXJvLWEgKEZpbmFuY2lhbCBBY2NvdW50aW5nIEFkdmlzb3J5IFNlcnZpY2VzKSIsImNvbXBhbnlfbmFtZSI6IkVZIiwiYWRkcmVzc19jaXR5IjoiTWFkcmlkLCBTcGFpbiIsImh0aWRvY2lkIjoiUVlzUDAwS2lOa09XVnFmM0FBQUFBQT09IiwidXVsZSI6IncrQ0FJUUlDSUZVM0JoYVc0In0=,1
eyJqb2JfdGl0bGUiOiJBbmFsaXN0YSBkZSBEYXRvcyBGaW5hbmNpZXJvcyBKdW5pb3IgLSBPcG9ydHVuaWRhZCBlbiBCYXJjZWxvbmEiLCJjb21wYW55X25hbWUiOiJBbHBhZGlhIiwiYWRkcmVzc19jaXR5IjoiQmFyY2Vsb25hLCBTcGFpbiIsImh0aWRvY2lkIjoia0NjRFJTNl93YUpjN1YtVkFBQUFBQT09IiwidXVsZSI6IncrQ0FJUUlDSUZVM0JoYVc0In0=,1
eyJqb2JfdGl0bGUiOiJDb25zdWx0b3IgZGF0YSBhbmFseXN0IiwiY29tcGFueV9uYW1lIjoiQWRlcmVuIiwiYWRkcmVzc19jaXR5IjoiQmFyY2Vsb25hLCBTcGFpbiIsImh0aWRvY2lkIjoiclhTZTZ0YkRxTXRzTVRoS0FBQUFBQT09IiwidXVsZSI6IncrQ0FJUUlDSUZVM0JoYVc0In0=,1
eyJqb2JfdGl0bGUiOiJUw6ljbmljbyBkZSBTaXN0ZW1hcyBMaW51eCIsImNvbXBhbnlfbmFtZSI6IklUIFNlcnZpY2VzIiwiYWRkcmVzc19jaXR5IjoiTWFkcmlkLCBTcGFpbiIsImh0aWRvY2lkIjoiX2cxSm96QklCajNvbVl2c0FBQUFBQT09IiwidXVsZSI6IncrQ0FJUUlDSUZVM0JoYVc0In0=,7
eyJqb2JfdGl0bGUiOiJUw6ljbmljbyBTaXN0ZW1hcyBMaW51eCB5IEFsbWFjZW5hbWllbnRvIiwiY29tcGFueV9uYW1lIjoiQXJlbGFuY2UiLCJhZGRyZXNzX2NpdHkiOiJUcmVzIENhbnRvcywgU3BhaW4iLCJodGlkb2NpZCI6ImllTzdoa2I5ZGRvczV3cUtBQUFBQUE9PSIsInV1bGUiOiJ3K0NBSVFJQ0lGVTNCaGFXNCJ9,1
eyJqb2JfdGl0bGUiOiJUw6ljbmljbyBkZSBTaXN0ZW1hcyBMaW51eC1SZWQgSGF0IiwiY29tcGFueV9uYW1lIjoiYXJlbGFuY2UiLCJhZGRyZXNzX2NpdHkiOiJCYXJjZWxvbmEsIFNwYWluIiwiaHRpZG9jaWQiOiJVRERFQmFiODRQNzBRSm13QUFBQUFBPT0iLCJ1dWxlIjoidytDQUlRSUNJRlUzQmhhVzQifQ==,1
eyJqb2JfdGl0bGUiOiJUZWNuaWNvIGRlIHNpc3RlbWFzIGp1bmlvciBMaW51eC9XaW50ZWwiLCJjb21wYW55X25hbWUiOiJEaWdpdGFsIFRhbGVudCBBZ2VuY3kiLCJhZGRyZXNzX2NpdHkiOiJCYXJjZWxvbmEsIFNwYWluIiwiaHRpZG9jaWQiOiJ3Z2NxeUpfV1lDeUpjMmNLQUFBQUFBPT0iLCJ1dWxlIjoidytDQUlRSUNJRlUzQmhhVzQifQ==,7
eyJqb2JfdGl0bGUiOiJJbmdlbmllckAgZGUgRGF0b3MgLSBBbsOhbGlzaXMgZGUgTWFya2V0aW5nIERpZ2l0YWwiLCJjb21wYW55X25hbWUiOiJOZXh0dGlDIiwiYWRkcmVzc19jaXR5IjoiQmFyY2Vsb25hLCBTcGFpbiIsImh0aWRvY2lkIjoiWGRkcmJ2ekxkOVV1TkdyVUFBQUFBQT09IiwidXVsZSI6IncrQ0FJUUlDSUZVM0JoYVc0In0=,1
eyJqb2JfdGl0bGUiOiJBZG1pbmlzdHJhZG9yIERlIEJhc2UgRGF0b3MgU3FsIFNlcnZlciIsImNvbXBhbnlfbmFtZSI6IkNzYSBBc3NvY2lhdHMiLCJhZGRyZXNzX2NpdHkiOiJCYXJjZWxvbmEsIFNwYWluIiwiaHRpZG9jaWQiOiJPcTF6ZGVyUXZBWmUtVVEyQUFBQUFBPT0iLCJ1dWxlIjoidytDQUlRSUNJRlUzQmhhVzQifQ==,7
eyJqb2JfdGl0bGUiOiJBZG1pbmlzdHJhZG9yL0EgRGUgQmFzZXMgRGUgRGF0b3MiLCJjb21wYW55X25hbWUiOiJWZXJtb250IFNvbHV0aW9ucyIsImFkZHJlc3NfY2l0eSI6IlZhbGVuY2lhLCBTcGFpbiIsImh0aWRvY2lkIjoiMVJ2ekRuQ3FyWEZCbnZEeUFBQUFBQT09IiwidXVsZSI6IncrQ0FJUUlDSUZVM0JoYVc0In0=,7
eyJqb2JfdGl0bGUiOiJBZG1pbmlzdHJhZG9yIEJhc2UgRGUgRGF0b3MiLCJjb21wYW55X25hbWUiOiJJbmZvcG9ydCIsImFkZHJlc3NfY2l0eSI6IlZhbGVuY2lhLCBTcGFpbiIsImh0aWRvY2lkIjoic0gtMzBvNVZkajVxZl8zaEFBQUFBQT09IiwidXVsZSI6IncrQ0FJUUlDSUZVM0JoYVc0In0=,1
eyJqb2JfdGl0bGUiOiJEYmEgU3FsIFNlcnZlciBBZG1pbmlzdHJhZG9yIEJhc2UgRGUgRGF0b3MiLCJjb21wYW55X25hbWUiOiJBZGVjY28iLCJhZGRyZXNzX2NpdHkiOiJCYXJjZWxvbmEsIFNwYWluIiwiaHRpZG9jaWQiOiJncG9KaUYwYl9UWkZVaDFfQUFBQUFBPT0iLCJ1dWxlIjoidytDQUlRSUNJRlUzQmhhVzQifQ==,1
eyJqb2JfdGl0bGUiOiJBbmFsaXN0YSBzZWd1cmlkYWQiLCJjb21wYW55X25hbWUiOiJDYXMgVHJhaW5pbmciLCJhZGRyZXNzX2NpdHkiOiJNYWRyaWQsIFNwYWluIiwiaHRpZG9jaWQiOiJsZndLTE96VndOMXVuemp2QUFBQUFBPT0iLCJ1dWxlIjoidytDQUlRSUNJRlUzQmhhVzQifQ==,7
eyJqb2JfdGl0bGUiOiJBbmFsaXN0YSBzZWd1cmlkYWQiLCJjb21wYW55X25hbWUiOiJDYXMgVHJhaW5pbmciLCJhZGRyZXNzX2NpdHkiOiJNYWRyaWQsIFNwYWluIiwiaHRpZG9jaWQiOiJsZndLTE96VndOMXVuemp2QUFBQUFBPT0iLCJ1dWxlIjoidytDQUlRSUNJRlUzQmhhVzQifQ==,1
eyJqb2JfdGl0bGUiOiJBbmFsaXN0YSBTZWd1cmlkYWQgU09DLCBoaWJyaWRvIiwiY29tcGFueV9uYW1lIjoiSEFZUyIsImFkZHJlc3NfY2l0eSI6IkJhc3F1ZSBDb3VudHJ5LCBTcGFpbiIsImh0aWRvY2lkIjoid3BoY1hPMkk2WU0wa05ZVkFBQUFBQT09IiwidXVsZSI6IncrQ0FJUUlDSUZVM0JoYVc0In0=,7
eyJqb2JfdGl0bGUiOiJBbmFsaXN0YSBkZSBTZWd1cmlkYWQiLCJjb21wYW55X25hbWUiOiJJTk5PVkFTVVIiLCJhZGRyZXNzX2NpdHkiOiJKYcOpbiwgU3BhaW4iLCJodGlkb2NpZCI6IlVNVVlUZ21DcFRBNUxycnJBQUFBQUE9PSIsInV1bGUiOiJ3K0NBSVFJQ0lGVTNCaGFXNCJ9,7
eyJqb2JfdGl0bGUiOiJBbmFsaXN0YSBkZSBTZWd1cmlkYWQiLCJjb21wYW55X25hbWUiOiJJTk5PVkFTVVIiLCJhZGRyZXNzX2NpdHkiOiJKYcOpbiwgU3BhaW4iLCJodGlkb2NpZCI6IlVNVVlUZ21DcFRBNUxycnJBQUFBQUE9PSIsInV1bGUiOiJ3K0NBSVFJQ0lGVTNCaGFXNCJ9,1
eyJqb2JfdGl0bGUiOiJEZXBhcnRhbWVudG8gZGUgY29udGFiaWxpZGFkIiwiY29tcGFueV9uYW1lIjoiQVYgU2VndXJpZGFkIiwiYWRkcmVzc19jaXR5IjoiVGVycmFzc2EsIFNwYWluIiwiaHRpZG9jaWQiOiJsTXRuUkxnbTRBbTk3bHY2QUFBQUFBPT0iLCJ1dWxlIjoidytDQUlRSUNJRlUzQmhhVzQifQ==,7
eyJqb2JfdGl0bGUiOiJBbmFsaXN0YSBkZSBDb250cm9sIGRlIEdlc3Rpw7NuIiwiY29tcGFueV9uYW1lIjoiUHJvc2VndXIiLCJhZGRyZXNzX2NpdHkiOiJNYWRyaWQsIFNwYWluIiwiaHRpZG9jaWQiOiJzUXJRcnNQZElkRl9adWhnQUFBQUFBPT0iLCJ1dWxlIjoidytDQUlRSUNJRlUzQmhhVzQifQ==,1
eyJqb2JfdGl0bGUiOiJBTkFMSVNUQSBTRU5JT1IgREUgUklFU0dPUyBDSUJFUlNFR1VSSURBRCIsImNvbXBhbnlfbmFtZSI6IkdydXBvIFRFQ0RBVEEgRW5naW5lZXJpbmciLCJhZGRyZXNzX2NpdHkiOiJTcGFpbiIsImh0aWRvY2lkIjoibTViQjM5UFgxYlp5MnU1VEFBQUFBQT09IiwidXVsZSI6IncrQ0FJUUlDSUZVM0JoYVc0In0=,7
eyJqb2JfdGl0bGUiOiJUw6ljbmljby9hIFNpc3RlbWFzIE1pY3Jvc29mdCBCYXN0aW9uYWRvcyIsImNvbXBhbnlfbmFtZSI6Ikl6ZXJ0aXMiLCJhZGRyZXNzX2NpdHkiOiJNYWRyaWQsIFNwYWluIiwiaHRpZG9jaWQiOiJlVDlCc3dIRmgzQldhNTBQQUFBQUFBPT0iLCJ1dWxlIjoidytDQUlRSUNJRlUzQmhhVzQifQ==,7
eyJqb2JfdGl0bGUiOiJUw6ljbmljby9hIGRlIFNpc3RlbWFzIC0gQWRtaW5pc3RyYWNpw7NuIFdpbmRvd3MgeSBHTlUvTGludXgiLCJjb21wYW55X25hbWUiOiJTZXJ2aW5mb3JtIiwiYWRkcmVzc19jaXR5IjoiTWFpcmVuYSBkZWwgQWxqYXJhZmUsIFNwYWluIiwiaHRpZG9jaWQiOiJaMVhzWGZWZTJpOTdiMzhzQUFBQUFBPT0iLCJ1dWxlIjoidytDQUlRSUNJRlUzQmhhVzQifQ==,1
eyJqb2JfdGl0bGUiOiJUw6ljbmljbyBlbiBBZG1pbmlzdHJhY2nDs24gZGUgU2lzdGVtYXMgV2luZG93cyIsImNvbXBhbnlfbmFtZSI6ImlUUmVjcnVpdGVyIiwiYWRkcmVzc19jaXR5IjoiU2V2aWxsZSwgU3BhaW4iLCJodGlkb2NpZCI6IlQyVkZkb1N6SnZMSGpIdXpBQUFBQUE9PSIsInV1bGUiOiJ3K0NBSVFJQ0lGVTNCaGFXNCJ9,7
eyJqb2JfdGl0bGUiOiJBbmFsaXN0YSBQZW9wbGUgRGF0YSIsImNvbXBhbnlfbmFtZSI6Ik11bHRpbmFjaW9uYWwiLCJhZGRyZXNzX2NpdHkiOiJTZXZpbGxlLCBTcGFpbiIsImh0aWRvY2lkIjoidjQ2YjVQUFN2MGJseXk1N0FBQUFBQT09IiwidXVsZSI6IncrQ0FJUUlDSUZVM0JoYVc0In0=,1
eyJqb2JfdGl0bGUiOiJBbmFsaXN0YSBkZSBEYXRvcyBlbiBSZWN1cnNvcyBIdW1hbm9zIiwiY29tcGFueV9uYW1lIjoiRFNNIiwiYWRkcmVzc19jaXR5IjoiQmFyY2Vsb25hLCBTcGFpbiIsImh0aWRvY2lkIjoieHNtZVA3ZzdLc0RfWnFtOEFBQUFBQT09IiwidXVsZSI6IncrQ0FJUUlDSUZVM0JoYVc0In0=,1
eyJqb2JfdGl0bGUiOiJBbmFsaXN0YSBkZSBkYXRvcyAtIFNlY3RvciBGb3JtYWNpw7NuIiwiY29tcGFueV9uYW1lIjoiUlBPIiwiYWRkcmVzc19jaXR5IjoiTWFkcmlkLCBTcGFpbiIsImh0aWRvY2lkIjoiX0t5Q0RnTlV2ZUFKb0tnZ0FBQUFBQT09IiwidXVsZSI6IncrQ0FJUUlDSUZVM0JoYVc0In0=,1
eyJqb2JfdGl0bGUiOiJIUiBBbmFseXRpY3MgKFBlb3BsZSBEYXRhIEFuYXl0aWNzIC0gQnVzaW5lc3MgSW50ZWxsaWdlbmNlKSIsImNvbXBhbnlfbmFtZSI6IkxhIENhc2EgZGUgbGFzIENhcmNhc2FzIiwiYWRkcmVzc19jaXR5IjoiTWFkcmlkLCBTcGFpbiIsImh0aWRvY2lkIjoieXd2a1NpVWVBWlRUWFZiVUFBQUFBQT09IiwidXVsZSI6IncrQ0FJUUlDSUZVM0JoYVc0In0=,1
eyJqb2JfdGl0bGUiOiJBTkFMSVNUQSBQUk9HUkFNQURPUiBDT0JPTCAvIEpBVkEiLCJjb21wYW55X25hbWUiOiJJbmZvcnRlYyBDb25zdWx0b3JlcyIsImFkZHJlc3NfY2l0eSI6Ik1hZHJpZCwgU3BhaW4iLCJodGlkb2NpZCI6InNWSWIwQUdrMG1fSEg1VkpBQUFBQUE9PSIsInV1bGUiOiJ3K0NBSVFJQ0lGVTNCaGFXNCJ9,1
eyJqb2JfdGl0bGUiOiJFc3BlY2lhbGlzdGEgZW4gVGVjbm9sb2fDrWFzIGRlIENvbnRyb2wgZGUgQWNjZXNvIiwiY29tcGFueV9uYW1lIjoiVGVsZWbDs25pY2EiLCJhZGRyZXNzX2NpdHkiOiJNYWRyaWQsIFNwYWluIiwiaHRpZG9jaWQiOiIxUGdkTF9OR1JETVk2ZlVwQUFBQUFBPT0iLCJ1dWxlIjoidytDQUlRSUNJRlUzQmhhVzQifQ==,7
eyJqb2JfdGl0bGUiOiJUw6ljbmljbyBlbiBhZG1pbmlzdHJhY2nDs24geSBzb3BvcnRlIGRlIE1ETSIsImNvbXBhbnlfbmFtZSI6IlNvZnR3YXJlT25lIiwiYWRkcmVzc19jaXR5IjoiTWFkcmlkLCBTcGFpbiIsImh0aWRvY2lkIjoieWZ6WEhqY3lNdDd0dkRBTkFBQUFBQT09IiwidXVsZSI6IncrQ0FJUUlDSUZVM0JoYVc0In0=,1
eyJqb2JfdGl0bGUiOiJUw6ljbmljbyBBZG1pbmlzdHJhZG9yIERCQSBPcmFjbGUiLCJjb21wYW55X25hbWUiOiJBcmVsYW5jZSIsImFkZHJlc3NfY2l0eSI6Ik1hZHJpZCwgU3BhaW4iLCJodGlkb2NpZCI6IjVMdWdvNUZ0a19VaHVpS21BQUFBQUE9PSIsInV1bGUiOiJ3K0NBSVFJQ0lGVTNCaGFXNCJ9,1
eyJqb2JfdGl0bGUiOiJBZG1pbmlzdHJhZG9yL2EgQmFzZXMgZGUgRGF0b3MgT3JhY2xlIiwiY29tcGFueV9uYW1lIjoiUGFnZSBQZXJzb25uZWwgRXNwYcOxYSIsImFkZHJlc3NfY2l0eSI6IkJhcmNlbG9uYSwgU3BhaW4iLCJodGlkb2NpZCI6InkwbFdINko1dW9zVVAweUdBQUFBQUE9PSIsInV1bGUiOiJ3K0NBSVFJQ0lGVTNCaGFXNCJ9,7
eyJqb2JfdGl0bGUiOiJBZG1pbmlzdHJhZG9yL2EgQmFzZXMgZGUgRGF0b3MgT3JhY2xlIiwiY29tcGFueV9uYW1lIjoiUGFnZSBQZXJzb25uZWwgRXNwYcOxYSIsImFkZHJlc3NfY2l0eSI6IkJhcmNlbG9uYSwgU3BhaW4iLCJodGlkb2NpZCI6InkwbFdINko1dW9zVVAweUdBQUFBQUE9PSIsInV1bGUiOiJ3K0NBSVFJQ0lGVTNCaGFXNCJ9,1
eyJqb2JfdGl0bGUiOiJBZG1pbmlzdHJhZG9yIEJhc2UgRGUgRGF0b3MgT3JhY2xlIE1hZHJpZCIsImNvbXBhbnlfbmFtZSI6IlVuc3BlY2lmaWVkIiwiYWRkcmVzc19jaXR5IjoiTWFkcmlkLCBTcGFpbiIsImh0aWRvY2lkIjoiQ01zYzM2aUliaV81RzdjdkFBQUFBQT09IiwidXVsZSI6IncrQ0FJUUlDSUZVM0JoYVc0In0=,1
eyJqb2JfdGl0bGUiOiJEQkEgT1JBQ0xFIiwiY29tcGFueV9uYW1lIjoiSURlbnRpYWwgR2xvYmFsIENvbnN1bHRpbmciLCJhZGRyZXNzX2NpdHkiOiJNYWRyaWQsIFNwYWluIiwiaHRpZG9jaWQiOiJuVV9hQmdfZ1YwVHpjZC1zQUFBQUFBPT0iLCJ1dWxlIjoidytDQUlRSUNJRlUzQmhhVzQifQ==,7
eyJqb2JfdGl0bGUiOiJBZG1pbmlzdHJhZG9yL0EgQmFzZSBEZSBEYXRvcyBPcmFjbGUgSXQgwrcgRXNwYcOxYSDCtyBDb21wbGV0YW1lbnRlIFJlbW90byIsImNvbXBhbnlfbmFtZSI6IlZlcm1vbnQgU29sdXRpb25zIFMuTCIsImFkZHJlc3NfY2l0eSI6Ik1hZHJpZCwgU3BhaW4iLCJodGlkb2NpZCI6IjZRWXpfSXMzbGhETFhUbHBBQUFBQUE9PSIsInV1bGUiOiJ3K0NBSVFJQ0lGVTNCaGFXNCJ9,1
eyJqb2JfdGl0bGUiOiJBZG1pbmlzdHJhZG9yIERiYSBPcmFjbGUsIEhpYnJpZG8gVzc0NyIsImNvbXBhbnlfbmFtZSI6IkFyZWxhbmNlIiwiYWRkcmVzc19jaXR5IjoiQmFyY2Vsb25hLCBTcGFpbiIsImh0aWRvY2lkIjoicTlwenhYQ0dPV1k1Yl9GUkFBQUFBQT09IiwidXVsZSI6IncrQ0FJUUlDSUZVM0JoYVc0In0=,1
eyJqb2JfdGl0bGUiOiJBZG1pbmlzdHJhZG9yIERiYSBPcmFjbGUsIEhpYnJpZG8iLCJjb21wYW55X25hbWUiOiJBcmVsYW5jZSIsImFkZHJlc3NfY2l0eSI6Ik1hZHJpZCwgU3BhaW4iLCJodGlkb2NpZCI6InYzVVk4dnkzYjE4b2FkZjJBQUFBQUE9PSIsInV1bGUiOiJ3K0NBSVFJQ0lGVTNCaGFXNCJ9,1
eyJqb2JfdGl0bGUiOiJUw6ljbmljb3MgZGUgc2lzdGVtYXMgdW5peCAvIGxpbnV4IiwiY29tcGFueV9uYW1lIjoiQXJlbGFuY2UiLCJhZGRyZXNzX2NpdHkiOiJNYWRyaWQsIFNwYWluIiwiaHRpZG9jaWQiOiJSczU1U2pVNUlZRjdkajRNQUFBQUFBPT0iLCJ1dWxlIjoidytDQUlRSUNJRlUzQmhhVzQifQ==,7
eyJqb2JfdGl0bGUiOiJUw4lDTklDTy9BIERFIEFVVE9NQVRJWkFDScOTTiBZIFNJU1RFTUFTIExJTlVYIC0gU0FOVEFOREVSIERJR0lUQUwgU0VSVklDRVMiLCJjb21wYW55X25hbWUiOiJTYW50YW5kZXIgRGlnaXRhbCBTZXJ2aWNlcyIsImFkZHJlc3NfY2l0eSI6IkJvYWRpbGxhIGRlbCBNb250ZSwgU3BhaW4iLCJodGlkb2NpZCI6IlllcHBhVVhJV3FzREVUYjBBQUFBQUE9PSIsInV1bGUiOiJ3K0NBSVFJQ0lGVTNCaGFXNCJ9,7
eyJqb2JfdGl0bGUiOiJRQSBBVVRPTUFUSVpBRE9SIiwiY29tcGFueV9uYW1lIjoiVHNvZnQiLCJhZGRyZXNzX2NpdHkiOiJTcGFpbiIsImh0aWRvY2lkIjoiV0JmWU84U3BzSG1IQi1wTUFBQUFBQT09IiwidXVsZSI6IncrQ0FJUUlDSUZVM0JoYVc0In0=,1
eyJqb2JfdGl0bGUiOiJRQSBBdXRvbWF0aW9uIFRlc3RlciIsImNvbXBhbnlfbmFtZSI6IkV4Y2VsdGljIiwiYWRkcmVzc19jaXR5IjoiU3BhaW4iLCJodGlkb2NpZCI6IkplNTVIYlBabFhXc3Z0SmtBQUFBQUE9PSIsInV1bGUiOiJ3K0NBSVFJQ0lGVTNCaGFXNCJ9,1
eyJqb2JfdGl0bGUiOiJNT0JJTEUgQVVUT01BVElPTiBURVNURVIgUUEiLCJjb21wYW55X25hbWUiOiJJUklVTSIsImFkZHJlc3NfY2l0eSI6IlNwYWluIiwiaHRpZG9jaWQiOiJsamRKZkVOcE5HeGVVWF9PQUFBQUFBPT0iLCJ1dWxlIjoidytDQUlRSUNJRlUzQmhhVzQifQ==,1
eyJqb2JfdGl0bGUiOiJTci4gU0RFVCAoV2ViIC8gTW9iaWxlKSIsImNvbXBhbnlfbmFtZSI6IkNvZ25pemFudCIsImFkZHJlc3NfY2l0eSI6Ik1hZHJpZCwgU3BhaW4iLCJodGlkb2NpZCI6ImJtZnRDTnZEWnNnbmp2RTBBQUFBQUE9PSIsInV1bGUiOiJ3K0NBSVFJQ0lGVTNCaGFXNCJ9,9
eyJqb2JfdGl0bGUiOiJBbmFsaXN0YSBKdW5pb3IgQ2FsaWRhZCBkZWwgRGF0byAtIEdFVE5FVCIsImNvbXBhbnlfbmFtZSI6IlNhbnRhbmRlciIsImFkZHJlc3NfY2l0eSI6IkJvYWRpbGxhIGRlbCBNb250ZSwgU3BhaW4iLCJodGlkb2NpZCI6IlpvRTFSODdYVnl3U1JiRGhBQUFBQUE9PSIsInV1bGUiOiJ3K0NBSVFJQ0lGVTNCaGFXNCJ9,1
eyJqb2JfdGl0bGUiOiJCRUNBUyBUQUxFTlRVTSBURUxFRk9OSUNBIEVTUEHDkUEgQW5hbGlzdGEgZGUgRGF0b3MgZW4gSUEgeSBDYWxpZGFkIiwiY29tcGFueV9uYW1lIjoiVGVsZWbDs25pY2EiLCJhZGRyZXNzX2NpdHkiOiJNYWRyaWQsIFNwYWluIiwiaHRpZG9jaWQiOiJYcFdWOEptbmlBUVYxYmtBQUFBQUFBPT0iLCJ1dWxlIjoidytDQUlRSUNJRlUzQmhhVzQifQ==,1
eyJqb2JfdGl0bGUiOiJDb25zdWx0b3IgR29iaWVybm8geSBDYWxpZGFkIGRlbCBkYXRvIChIw61icmlkbywgTWFkcmlkKSIsImNvbXBhbnlfbmFtZSI6Imtub3dtYWQgbW9vZCIsImFkZHJlc3NfY2l0eSI6Ik1hZHJpZCwgU3BhaW4iLCJodGlkb2NpZCI6ImY0YnpEaGc3Q0plWERKMjVBQUFBQUE9PSIsInV1bGUiOiJ3K0NBSVFJQ0lGVTNCaGFXNCJ9,1
eyJqb2JfdGl0bGUiOiJFc3BlY2lhbGlzdGEgZW4gU29wb3J0ZSBUw6ljbmljbyBkZSBNaWNyb2luZm9ybcOhdGljYSIsImNvbXBhbnlfbmFtZSI6IlNlcmVzY28iLCJhZGRyZXNzX2NpdHkiOiJPdmllZG8sIE11bmljaXBhbGl0eSBvZiBPdmllZG8sIFNwYWluIiwiaHRpZG9jaWQiOiJJOTNkQ3dDRmFoa3hEbnNUQUFBQUFBPT0iLCJ1dWxlIjoidytDQUlRSUNJRlUzQmhhVzQifQ==,1
